（別添）大雨警報・注意報の土壌雨量指数基準値,,,,令和7年5月29日現在,
市町村等をまとめた地域,市町村等,地域メッシュコード（１km格子対応）,土壌雨量指数基準（注意報）,土壌雨量指数基準（警報）,
紀北,和歌山市,51343739,121,－,
紀北,和歌山市,51351184,122,178,
紀北,和歌山市,51351194,123,179,
紀北,和歌山市,51351195,124,180,
紀北,和歌山市,51352078,－,－,
紀北,和歌山市,51352079,129,－,
紀北,和歌山市,51352088,－,－,
紀北,和歌山市,51352089,129,－,
紀北,和歌山市,51352098,129,－,
紀北,和歌山市,51352099,129,－,
紀北,和歌山市,51352104,129,－,
紀北,和歌山市,51352105,122,178,
紀北,和歌山市,51352113,129,－,
紀北,和歌山市,51352114,129,－,
紀北,和歌山市,51352115,122,177,
紀北,和歌山市,51352116,121,176,
紀北,和歌山市,51352117,120,175,
紀北,和歌山市,51352118,126,183,
紀北,和歌山市,51352121,125,182,
紀北,和歌山市,51352122,126,183,
紀北,和歌山市,51352123,126,183,
紀北,和歌山市,51352124,129,188,
紀北,和歌山市,51352125,122,178,
紀北,和歌山市,51352126,121,176,
紀北,和歌山市,51352127,121,176,
紀北,和歌山市,51352128,120,175,
紀北,和歌山市,51352129,120,175,
紀北,和歌山市,51352131,124,180,
紀北,和歌山市,51352132,124,181,
紀北,和歌山市,51352133,125,182,
紀北,和歌山市,51352134,124,180,
紀北,和歌山市,51352135,122,178,
紀北,和歌山市,51352136,121,176,
紀北,和歌山市,51352137,121,176,
紀北,和歌山市,51352138,120,175,
紀北,和歌山市,51352139,120,174,
紀北,和歌山市,51352141,129,－,
紀北,和歌山市,51352142,124,180,
紀北,和歌山市,51352143,124,180,
紀北,和歌山市,51352144,123,179,
紀北,和歌山市,51352145,121,176,
紀北,和歌山市,51352146,122,177,
紀北,和歌山市,51352147,122,－,
紀北,和歌山市,51352148,122,177,
紀北,和歌山市,51352149,120,174,
紀北,和歌山市,51352151,129,－,
紀北,和歌山市,51352152,124,181,
紀北,和歌山市,51352153,129,－,
紀北,和歌山市,51352154,129,－,
紀北,和歌山市,51352155,129,－,
紀北,和歌山市,51352156,121,176,
紀北,和歌山市,51352157,121,176,
紀北,和歌山市,51352158,120,175,
紀北,和歌山市,51352159,120,174,
紀北,和歌山市,51352161,129,187,
紀北,和歌山市,51352162,129,－,
紀北,和歌山市,51352163,129,187,
紀北,和歌山市,51352164,123,179,
紀北,和歌山市,51352165,129,－,
紀北,和歌山市,51352166,121,176,
紀北,和歌山市,51352167,120,174,
紀北,和歌山市,51352168,124,181,
紀北,和歌山市,51352169,120,174,
紀北,和歌山市,51352170,129,－,
紀北,和歌山市,51352171,129,－,
紀北,和歌山市,51352172,129,－,
紀北,和歌山市,51352173,124,180,
紀北,和歌山市,51352174,129,－,
紀北,和歌山市,51352175,129,－,
紀北,和歌山市,51352176,129,－,
紀北,和歌山市,51352177,120,174,
紀北,和歌山市,51352178,120,174,
紀北,和歌山市,51352179,119,173,
紀北,和歌山市,51352180,129,－,
紀北,和歌山市,51352181,129,－,
紀北,和歌山市,51352182,129,－,
紀北,和歌山市,51352183,129,－,
紀北,和歌山市,51352184,129,－,
紀北,和歌山市,51352185,129,－,
紀北,和歌山市,51352186,129,－,
紀北,和歌山市,51352187,120,174,
紀北,和歌山市,51352188,120,174,
紀北,和歌山市,51352189,129,－,
紀北,和歌山市,51352190,129,－,
紀北,和歌山市,51352191,129,－,
紀北,和歌山市,51352192,129,－,
紀北,和歌山市,51352193,129,－,
紀北,和歌山市,51352194,129,－,
紀北,和歌山市,51352195,129,－,
紀北,和歌山市,51352196,129,－,
紀北,和歌山市,51352197,129,－,
紀北,和歌山市,51352198,129,－,
紀北,和歌山市,51352199,129,－,
紀北,和歌山市,51352210,120,174,
紀北,和歌山市,51352211,120,174,
紀北,和歌山市,51352212,120,175,
紀北,和歌山市,51352220,120,174,
紀北,和歌山市,51352221,120,174,
紀北,和歌山市,51352230,120,174,
紀北,和歌山市,51352231,120,174,
紀北,和歌山市,51352232,119,173,
紀北,和歌山市,51352240,120,174,
紀北,和歌山市,51352241,120,174,
紀北,和歌山市,51352242,118,172,
紀北,和歌山市,51352250,120,174,
紀北,和歌山市,51352251,120,174,
紀北,和歌山市,51352260,120,174,
紀北,和歌山市,51352261,119,173,
紀北,和歌山市,51352270,118,172,
紀北,和歌山市,51352271,117,171,
紀北,和歌山市,51352272,117,171,
紀北,和歌山市,51352280,117,170,
紀北,和歌山市,51352281,117,170,
紀北,和歌山市,51352282,122,178,
紀北,和歌山市,51352283,119,173,
紀北,和歌山市,51352284,119,173,
紀北,和歌山市,51352290,129,－,
紀北,和歌山市,51352291,129,－,
紀北,和歌山市,51352292,129,－,
紀北,和歌山市,51352293,129,－,
紀北,和歌山市,51352294,118,172,
紀北,和歌山市,51353007,129,－,
紀北,和歌山市,51353008,129,－,
紀北,和歌山市,51353009,129,－,
紀北,和歌山市,51353014,118,－,
紀北,和歌山市,51353015,118,172,
紀北,和歌山市,51353016,118,172,
紀北,和歌山市,51353017,120,174,
紀北,和歌山市,51353018,120,174,
紀北,和歌山市,51353019,120,174,
紀北,和歌山市,51353025,117,171,
紀北,和歌山市,51353026,118,172,
紀北,和歌山市,51353027,120,174,
紀北,和歌山市,51353028,120,175,
紀北,和歌山市,51353029,121,176,
紀北,和歌山市,51353030,117,170,
紀北,和歌山市,51353031,121,－,
紀北,和歌山市,51353035,117,170,
紀北,和歌山市,51353036,118,172,
紀北,和歌山市,51353037,120,174,
紀北,和歌山市,51353038,120,175,
紀北,和歌山市,51353040,121,176,
紀北,和歌山市,51353041,121,－,
紀北,和歌山市,51353045,116,169,
紀北,和歌山市,51353046,117,170,
紀北,和歌山市,51353047,118,172,
紀北,和歌山市,51353051,121,－,
紀北,和歌山市,51353052,121,－,
紀北,和歌山市,51353053,121,－,
紀北,和歌山市,51353054,121,－,
紀北,和歌山市,51353055,116,169,
紀北,和歌山市,51353056,116,169,
紀北,和歌山市,51353057,117,170,
紀北,和歌山市,51353065,121,－,
紀北,和歌山市,51353066,116,169,
紀北,和歌山市,51353067,116,169,
紀北,和歌山市,51353100,129,－,
紀北,和歌山市,51353101,129,－,
紀北,和歌山市,51353102,129,－,
紀北,和歌山市,51353103,129,－,
紀北,和歌山市,51353104,129,－,
紀北,和歌山市,51353105,129,－,
紀北,和歌山市,51353106,129,－,
紀北,和歌山市,51353107,129,－,
紀北,和歌山市,51353108,129,－,
紀北,和歌山市,51353109,129,－,
紀北,和歌山市,51353110,121,176,
紀北,和歌山市,51353111,122,177,
紀北,和歌山市,51353112,121,176,
紀北,和歌山市,51353113,120,175,
紀北,和歌山市,51353114,120,175,
紀北,和歌山市,51353115,120,175,
紀北,和歌山市,51353116,120,174,
紀北,和歌山市,51353117,120,174,
紀北,和歌山市,51353118,118,172,
紀北,和歌山市,51353119,129,－,
紀北,和歌山市,51353120,122,178,
紀北,和歌山市,51353121,122,178,
紀北,和歌山市,51353122,122,177,
紀北,和歌山市,51353123,120,175,
紀北,和歌山市,51353124,120,174,
紀北,和歌山市,51353125,120,174,
紀北,和歌山市,51353126,120,174,
紀北,和歌山市,51353127,119,173,
紀北,和歌山市,51353128,119,173,
紀北,和歌山市,51353129,117,171,
紀北,和歌山市,51353131,121,176,
紀北,和歌山市,51353133,120,174,
紀北,和歌山市,51353134,120,174,
紀北,和歌山市,51353135,124,180,
紀北,和歌山市,51353136,119,173,
紀北,和歌山市,51353137,118,172,
紀北,和歌山市,51353138,123,179,
紀北,和歌山市,51353139,123,179,
紀北,和歌山市,51353146,118,172,
紀北,和歌山市,51353147,118,172,
紀北,和歌山市,51353148,118,172,
紀北,和歌山市,51353149,122,178,
紀北,和歌山市,51353156,124,180,
紀北,和歌山市,51353157,123,179,
紀北,和歌山市,51353158,123,179,
紀北,和歌山市,51353159,117,170,
紀北,和歌山市,51353167,118,172,
紀北,和歌山市,51353169,122,178,
紀北,和歌山市,51353200,129,－,
紀北,和歌山市,51353201,129,－,
紀北,和歌山市,51353203,129,－,
紀北,和歌山市,51353210,129,－,
紀北,和歌山市,51353211,129,－,
紀北,和歌山市,51353220,117,170,
紀北,和歌山市,51353221,121,176,
紀北,和歌山市,51353230,117,170,
紀北,和歌山市,51353231,117,170,
紀北,和歌山市,51353240,122,177,
紀北,和歌山市,51353241,117,171,
紀北,和歌山市,51353250,117,170,
紀北,和歌山市,51353251,123,179,
紀北,和歌山市,51353260,122,177,
紀北,和歌山市,51353261,116,169,
紀北,和歌山市,51353270,122,177,
紀北,和歌山市,51353271,117,170,
紀北,海南市,51351039,125,182,
紀北,海南市,51351049,129,187,
紀北,海南市,51351059,129,－,
紀北,海南市,51351069,129,－,
紀北,海南市,51351111,126,183,
紀北,海南市,51351112,124,181,
紀北,海南市,51351121,129,187,
紀北,海南市,51351122,126,183,
紀北,海南市,51351123,126,183,
紀北,海南市,51351124,124,181,
紀北,海南市,51351125,124,180,
紀北,海南市,51351126,123,179,
紀北,海南市,51351130,127,185,
紀北,海南市,51351131,129,187,
紀北,海南市,51351132,129,187,
紀北,海南市,51351133,127,185,
紀北,海南市,51351134,126,183,
紀北,海南市,51351135,125,182,
紀北,海南市,51351136,123,179,
紀北,海南市,51351137,124,181,
紀北,海南市,51351138,126,183,
紀北,海南市,51351140,126,183,
紀北,海南市,51351141,127,185,
紀北,海南市,51351142,127,185,
紀北,海南市,51351143,129,187,
紀北,海南市,51351144,127,185,
紀北,海南市,51351145,125,182,
紀北,海南市,51351146,124,181,
紀北,海南市,51351147,124,181,
紀北,海南市,51351148,124,181,
紀北,海南市,51351150,123,179,
紀北,海南市,51351151,124,181,
紀北,海南市,51351152,126,183,
紀北,海南市,51351153,126,183,
紀北,海南市,51351154,126,183,
紀北,海南市,51351155,126,183,
紀北,海南市,51351156,124,180,
紀北,海南市,51351157,124,180,
紀北,海南市,51351158,125,182,
紀北,海南市,51351159,126,183,
紀北,海南市,51351160,122,178,
紀北,海南市,51351161,123,179,
紀北,海南市,51351162,123,179,
紀北,海南市,51351163,124,180,
紀北,海南市,51351164,124,181,
紀北,海南市,51351165,125,182,
紀北,海南市,51351166,124,181,
紀北,海南市,51351167,124,180,
紀北,海南市,51351168,124,180,
紀北,海南市,51351169,124,181,
紀北,海南市,51351174,122,178,
紀北,海南市,51351175,124,180,
紀北,海南市,51351176,125,182,
紀北,海南市,51351177,124,180,
紀北,海南市,51351178,123,179,
紀北,海南市,51351179,126,183,
紀北,海南市,51351185,129,188,
紀北,海南市,51351186,129,－,
紀北,海南市,51351187,129,187,
紀北,海南市,51351188,123,179,
紀北,海南市,51351189,126,183,
紀北,海南市,51351196,124,180,
紀北,海南市,51351197,123,179,
紀北,海南市,51351198,129,187,
紀北,海南市,51351199,129,187,
紀北,海南市,51351240,126,183,
紀北,海南市,51351241,128,186,
紀北,海南市,51351242,129,187,
紀北,海南市,51351250,127,185,
紀北,海南市,51351251,129,187,
紀北,海南市,51351252,129,187,
紀北,海南市,51351260,128,186,
紀北,海南市,51351261,129,188,
紀北,海南市,51351262,133,193,
紀北,海南市,51351263,125,182,
紀北,海南市,51351270,128,186,
紀北,海南市,51351271,129,187,
紀北,海南市,51351272,126,183,
紀北,海南市,51351273,129,187,
紀北,海南市,51351280,127,185,
紀北,海南市,51351281,126,183,
紀北,海南市,51351282,129,187,
紀北,海南市,51351283,126,184,
紀北,海南市,51351290,124,181,
紀北,海南市,51351291,123,179,
紀北,海南市,51351292,122,178,
紀北,海南市,51351293,128,186,
紀北,海南市,51352106,122,178,
紀北,海南市,51352107,122,178,
紀北,海南市,51352108,122,178,
紀北,海南市,51352109,126,184,
紀北,海南市,51352119,120,175,
紀北,海南市,51352200,121,176,
紀北,海南市,51352201,120,175,
紀北,海南市,51352202,121,176,
紀北,海南市,51352203,123,179,
紀北,海南市,51352213,122,177,
紀北,海南市,51352214,122,177,
紀北,海南市,51352222,124,181,
紀北,海南市,51352223,120,174,
紀北,海南市,51352224,120,174,
紀北,海南市,51352233,124,181,
紀北,海南市,51352234,120,174,
紀北,橋本市,51352592,128,186,
紀北,橋本市,51353446,118,172,
紀北,橋本市,51353447,117,171,
紀北,橋本市,51353448,122,178,
紀北,橋本市,51353449,122,178,
紀北,橋本市,51353454,120,174,
紀北,橋本市,51353456,122,178,
紀北,橋本市,51353457,121,176,
紀北,橋本市,51353458,123,179,
紀北,橋本市,51353459,117,170,
紀北,橋本市,51353463,119,173,
紀北,橋本市,51353464,123,179,
紀北,橋本市,51353465,122,177,
紀北,橋本市,51353466,122,177,
紀北,橋本市,51353467,122,178,
紀北,橋本市,51353468,123,179,
紀北,橋本市,51353469,122,178,
紀北,橋本市,51353473,118,172,
紀北,橋本市,51353474,122,178,
紀北,橋本市,51353475,120,175,
紀北,橋本市,51353476,115,168,
紀北,橋本市,51353477,122,178,
紀北,橋本市,51353478,123,179,
紀北,橋本市,51353479,122,178,
紀北,橋本市,51353483,121,176,
紀北,橋本市,51353484,121,176,
紀北,橋本市,51353485,115,168,
紀北,橋本市,51353486,115,167,
紀北,橋本市,51353487,121,176,
紀北,橋本市,51353488,122,177,
紀北,橋本市,51353489,117,170,
紀北,橋本市,51353492,116,169,
紀北,橋本市,51353493,121,176,
紀北,橋本市,51353494,121,176,
紀北,橋本市,51353495,115,168,
紀北,橋本市,51353496,114,166,
紀北,橋本市,51353497,120,174,
紀北,橋本市,51353498,115,167,
紀北,橋本市,51353499,115,167,
紀北,橋本市,51353501,129,187,
紀北,橋本市,51353502,129,188,
紀北,橋本市,51353503,129,188,
紀北,橋本市,51353511,127,185,
紀北,橋本市,51353512,128,186,
紀北,橋本市,51353513,128,186,
紀北,橋本市,51353521,126,183,
紀北,橋本市,51353522,128,－,
紀北,橋本市,51353523,121,176,
紀北,橋本市,51353530,119,173,
紀北,橋本市,51353531,124,181,
紀北,橋本市,51353532,124,180,
紀北,橋本市,51353533,120,174,
紀北,橋本市,51353540,117,171,
紀北,橋本市,51353541,119,173,
紀北,橋本市,51353542,124,181,
紀北,橋本市,51353543,124,180,
紀北,橋本市,51353550,122,178,
紀北,橋本市,51353551,124,180,
紀北,橋本市,51353552,120,174,
紀北,橋本市,51353553,124,180,
紀北,橋本市,51353560,122,178,
紀北,橋本市,51353561,123,179,
紀北,橋本市,51353562,124,180,
紀北,橋本市,51353570,122,177,
紀北,橋本市,51353571,122,178,
紀北,橋本市,51353572,123,179,
紀北,橋本市,51353580,116,169,
紀北,橋本市,51353581,116,169,
紀北,橋本市,51353582,120,175,
紀北,橋本市,51353590,114,166,
紀北,橋本市,51353591,114,166,
紀北,橋本市,51353592,114,166,
紀北,橋本市,51354402,115,167,
紀北,橋本市,51354403,121,176,
紀北,橋本市,51354404,121,176,
紀北,橋本市,51354405,114,166,
紀北,橋本市,51354406,114,166,
紀北,橋本市,51354407,113,165,
紀北,橋本市,51354408,113,165,
紀北,橋本市,51354409,113,165,
紀北,橋本市,51354412,114,166,
紀北,橋本市,51354413,120,174,
紀北,橋本市,51354414,120,174,
紀北,橋本市,51354415,114,166,
紀北,橋本市,51354416,117,171,
紀北,橋本市,51354417,113,165,
紀北,橋本市,51354418,113,165,
紀北,橋本市,51354419,114,166,
紀北,橋本市,51354423,118,172,
紀北,橋本市,51354424,118,172,
紀北,橋本市,51354425,117,171,
紀北,橋本市,51354426,117,171,
紀北,橋本市,51354427,113,164,
紀北,橋本市,51354428,113,164,
紀北,橋本市,51354429,114,166,
紀北,橋本市,51354435,117,171,
紀北,橋本市,51354436,117,170,
紀北,橋本市,51354437,113,164,
紀北,橋本市,51354438,113,164,
紀北,橋本市,51354439,112,163,
紀北,橋本市,51354445,118,172,
紀北,橋本市,51354446,117,170,
紀北,橋本市,51354447,111,162,
紀北,橋本市,51354448,111,162,
紀北,橋本市,51354449,111,162,
紀北,橋本市,51354459,111,162,
紀北,橋本市,51354500,114,166,
紀北,橋本市,51354501,114,166,
紀北,橋本市,51354502,113,165,
紀北,橋本市,51354510,114,166,
紀北,橋本市,51354511,114,166,
紀北,橋本市,51354512,114,166,
紀北,橋本市,51354520,114,166,
紀北,橋本市,51354521,114,166,
紀北,橋本市,51354522,113,164,
紀北,橋本市,51354530,113,164,
紀北,橋本市,51354531,113,164,
紀北,橋本市,51354532,111,162,
紀北,橋本市,51354540,113,164,
紀北,橋本市,51354541,111,162,
紀北,橋本市,51354550,117,170,
紀北,橋本市,51354551,113,164,
紀北,紀の川市,51352228,120,174,
紀北,紀の川市,51352229,120,174,
紀北,紀の川市,51352235,120,174,
紀北,紀の川市,51352236,120,174,
紀北,紀の川市,51352237,120,174,
紀北,紀の川市,51352238,120,174,
紀北,紀の川市,51352239,120,174,
紀北,紀の川市,51352243,119,173,
紀北,紀の川市,51352244,115,167,
紀北,紀の川市,51352245,115,167,
紀北,紀の川市,51352246,120,174,
紀北,紀の川市,51352247,120,174,
紀北,紀の川市,51352248,119,173,
紀北,紀の川市,51352249,120,174,
紀北,紀の川市,51352252,118,172,
紀北,紀の川市,51352253,114,166,
紀北,紀の川市,51352254,115,167,
紀北,紀の川市,51352255,115,168,
紀北,紀の川市,51352256,120,174,
紀北,紀の川市,51352257,120,174,
紀北,紀の川市,51352258,119,173,
紀北,紀の川市,51352259,120,174,
紀北,紀の川市,51352262,118,172,
紀北,紀の川市,51352263,114,166,
紀北,紀の川市,51352264,115,168,
紀北,紀の川市,51352265,115,168,
紀北,紀の川市,51352266,120,175,
紀北,紀の川市,51352267,119,173,
紀北,紀の川市,51352268,119,173,
紀北,紀の川市,51352269,118,172,
紀北,紀の川市,51352273,109,159,
紀北,紀の川市,51352274,114,166,
紀北,紀の川市,51352275,114,166,
紀北,紀の川市,51352276,119,173,
紀北,紀の川市,51352277,120,174,
紀北,紀の川市,51352278,119,173,
紀北,紀の川市,51352279,119,173,
紀北,紀の川市,51352285,119,173,
紀北,紀の川市,51352286,120,174,
紀北,紀の川市,51352287,120,174,
紀北,紀の川市,51352288,120,174,
紀北,紀の川市,51352289,119,173,
紀北,紀の川市,51352296,118,172,
紀北,紀の川市,51352297,129,－,
紀北,紀の川市,51352298,118,172,
紀北,紀の川市,51352299,117,171,
紀北,紀の川市,51352314,129,187,
紀北,紀の川市,51352315,128,186,
紀北,紀の川市,51352320,120,174,
紀北,紀の川市,51352321,120,174,
紀北,紀の川市,51352322,126,183,
紀北,紀の川市,51352323,120,174,
紀北,紀の川市,51352324,122,177,
紀北,紀の川市,51352325,127,185,
紀北,紀の川市,51352326,129,187,
紀北,紀の川市,51352330,120,175,
紀北,紀の川市,51352331,120,175,
紀北,紀の川市,51352332,121,176,
紀北,紀の川市,51352333,120,175,
紀北,紀の川市,51352334,121,176,
紀北,紀の川市,51352335,126,183,
紀北,紀の川市,51352336,126,184,
紀北,紀の川市,51352340,120,174,
紀北,紀の川市,51352341,120,175,
紀北,紀の川市,51352342,121,176,
紀北,紀の川市,51352343,120,175,
紀北,紀の川市,51352344,120,174,
紀北,紀の川市,51352345,121,176,
紀北,紀の川市,51352346,126,184,
紀北,紀の川市,51352347,127,185,
紀北,紀の川市,51352350,120,174,
紀北,紀の川市,51352351,120,174,
紀北,紀の川市,51352352,120,174,
紀北,紀の川市,51352353,120,174,
紀北,紀の川市,51352354,120,174,
紀北,紀の川市,51352355,121,176,
紀北,紀の川市,51352356,122,177,
紀北,紀の川市,51352357,122,178,
紀北,紀の川市,51352358,121,176,
紀北,紀の川市,51352360,119,173,
紀北,紀の川市,51352361,119,173,
紀北,紀の川市,51352362,119,173,
紀北,紀の川市,51352363,119,173,
紀北,紀の川市,51352364,120,174,
紀北,紀の川市,51352365,121,176,
紀北,紀の川市,51352366,122,178,
紀北,紀の川市,51352367,122,177,
紀北,紀の川市,51352368,121,176,
紀北,紀の川市,51352370,118,172,
紀北,紀の川市,51352371,117,171,
紀北,紀の川市,51352372,117,171,
紀北,紀の川市,51352373,118,172,
紀北,紀の川市,51352374,119,173,
紀北,紀の川市,51352375,126,183,
紀北,紀の川市,51352376,122,177,
紀北,紀の川市,51352377,122,178,
紀北,紀の川市,51352378,120,175,
紀北,紀の川市,51352380,117,171,
紀北,紀の川市,51352381,117,170,
紀北,紀の川市,51352382,117,171,
紀北,紀の川市,51352383,118,172,
紀北,紀の川市,51352384,123,179,
紀北,紀の川市,51352385,125,182,
紀北,紀の川市,51352386,122,177,
紀北,紀の川市,51352387,121,176,
紀北,紀の川市,51352388,121,176,
紀北,紀の川市,51352390,117,170,
紀北,紀の川市,51352391,117,170,
紀北,紀の川市,51352392,117,170,
紀北,紀の川市,51352393,117,170,
紀北,紀の川市,51352394,118,172,
紀北,紀の川市,51352395,124,181,
紀北,紀の川市,51352396,120,175,
紀北,紀の川市,51352397,121,176,
紀北,紀の川市,51353207,129,－,
紀北,紀の川市,51353208,129,－,
紀北,紀の川市,51353209,129,－,
紀北,紀の川市,51353217,129,－,
紀北,紀の川市,51353218,129,－,
紀北,紀の川市,51353219,129,－,
紀北,紀の川市,51353227,129,－,
紀北,紀の川市,51353228,122,177,
紀北,紀の川市,51353229,121,176,
紀北,紀の川市,51353237,116,169,
紀北,紀の川市,51353238,121,176,
紀北,紀の川市,51353239,121,176,
紀北,紀の川市,51353247,116,169,
紀北,紀の川市,51353248,116,169,
紀北,紀の川市,51353249,116,169,
紀北,紀の川市,51353257,117,170,
紀北,紀の川市,51353258,116,169,
紀北,紀の川市,51353259,116,169,
紀北,紀の川市,51353267,116,169,
紀北,紀の川市,51353268,116,169,
紀北,紀の川市,51353269,116,169,
紀北,紀の川市,51353276,122,178,
紀北,紀の川市,51353277,120,175,
紀北,紀の川市,51353278,115,168,
紀北,紀の川市,51353279,115,167,
紀北,紀の川市,51353286,121,176,
紀北,紀の川市,51353287,122,－,
紀北,紀の川市,51353288,115,167,
紀北,紀の川市,51353289,115,167,
紀北,紀の川市,51353297,122,－,
紀北,紀の川市,51353298,119,173,
紀北,紀の川市,51353299,115,167,
紀北,紀の川市,51353300,117,170,
紀北,紀の川市,51353301,117,170,
紀北,紀の川市,51353302,117,170,
紀北,紀の川市,51353303,117,171,
紀北,紀の川市,51353304,118,172,
紀北,紀の川市,51353305,119,173,
紀北,紀の川市,51353306,120,174,
紀北,紀の川市,51353310,129,－,
紀北,紀の川市,51353311,129,－,
紀北,紀の川市,51353312,117,171,
紀北,紀の川市,51353313,118,172,
紀北,紀の川市,51353314,119,173,
紀北,紀の川市,51353315,118,172,
紀北,紀の川市,51353316,120,174,
紀北,紀の川市,51353320,129,－,
紀北,紀の川市,51353321,117,170,
紀北,紀の川市,51353322,117,171,
紀北,紀の川市,51353323,123,179,
紀北,紀の川市,51353324,124,181,
紀北,紀の川市,51353325,119,173,
紀北,紀の川市,51353326,117,171,
紀北,紀の川市,51353330,121,176,
紀北,紀の川市,51353331,121,176,
紀北,紀の川市,51353332,117,170,
紀北,紀の川市,51353333,117,170,
紀北,紀の川市,51353334,117,170,
紀北,紀の川市,51353335,117,170,
紀北,紀の川市,51353340,116,169,
紀北,紀の川市,51353341,121,176,
紀北,紀の川市,51353342,115,168,
紀北,紀の川市,51353343,116,169,
紀北,紀の川市,51353344,121,176,
紀北,紀の川市,51353345,117,170,
紀北,紀の川市,51353350,116,169,
紀北,紀の川市,51353351,115,168,
紀北,紀の川市,51353352,115,168,
紀北,紀の川市,51353353,114,166,
紀北,紀の川市,51353354,116,169,
紀北,紀の川市,51353355,111,162,
紀北,紀の川市,51353360,116,169,
紀北,紀の川市,51353361,116,169,
紀北,紀の川市,51353362,115,167,
紀北,紀の川市,51353363,114,166,
紀北,紀の川市,51353364,106,154,
紀北,紀の川市,51353365,106,155,
紀北,紀の川市,51353366,106,154,
紀北,紀の川市,51353370,121,176,
紀北,紀の川市,51353371,122,177,
紀北,紀の川市,51353372,120,174,
紀北,紀の川市,51353373,120,174,
紀北,紀の川市,51353374,109,158,
紀北,紀の川市,51353375,109,159,
紀北,紀の川市,51353376,106,154,
紀北,紀の川市,51353380,116,169,
紀北,紀の川市,51353381,122,177,
紀北,紀の川市,51353382,120,175,
紀北,紀の川市,51353383,119,173,
紀北,紀の川市,51353384,119,173,
紀北,紀の川市,51353385,105,153,
紀北,紀の川市,51353386,104,152,
紀北,紀の川市,51353390,115,168,
紀北,紀の川市,51353391,120,175,
紀北,紀の川市,51353392,120,175,
紀北,紀の川市,51353393,120,174,
紀北,紀の川市,51353394,120,174,
紀北,紀の川市,51353395,115,167,
紀北,紀の川市,51353396,115,167,
紀北,紀の川市,51354303,117,170,
紀北,紀の川市,51354304,122,178,
紀北,紀の川市,51354305,120,175,
紀北,紀の川市,51354314,124,180,
紀北,紀の川市,51354315,122,177,
紀北,岩出市,51352295,119,173,
紀北,岩出市,51353202,129,－,
紀北,岩出市,51353204,129,－,
紀北,岩出市,51353205,129,－,
紀北,岩出市,51353206,129,－,
紀北,岩出市,51353212,129,－,
紀北,岩出市,51353213,129,－,
紀北,岩出市,51353214,129,－,
紀北,岩出市,51353215,129,－,
紀北,岩出市,51353216,129,－,
紀北,岩出市,51353222,122,177,
紀北,岩出市,51353223,122,178,
紀北,岩出市,51353224,129,－,
紀北,岩出市,51353225,129,－,
紀北,岩出市,51353226,129,－,
紀北,岩出市,51353232,117,171,
紀北,岩出市,51353233,117,171,
紀北,岩出市,51353234,117,171,
紀北,岩出市,51353235,121,176,
紀北,岩出市,51353236,115,168,
紀北,岩出市,51353242,119,173,
紀北,岩出市,51353243,119,173,
紀北,岩出市,51353244,117,170,
紀北,岩出市,51353245,115,168,
紀北,岩出市,51353246,116,169,
紀北,岩出市,51353252,123,179,
紀北,岩出市,51353253,123,179,
紀北,岩出市,51353254,122,177,
紀北,岩出市,51353255,117,170,
紀北,岩出市,51353256,117,170,
紀北,岩出市,51353262,117,171,
紀北,岩出市,51353264,117,170,
紀北,岩出市,51353265,117,171,
紀北,岩出市,51353266,122,178,
紀北,岩出市,51353272,117,170,
紀北,岩出市,51353275,117,171,
紀北,紀美野町,51351235,129,187,
紀北,紀美野町,51351236,122,178,
紀北,紀美野町,51351245,124,181,
紀北,紀美野町,51351246,113,164,
紀北,紀美野町,51351247,117,170,
紀北,紀美野町,51351248,121,176,
紀北,紀美野町,51351249,126,183,
紀北,紀美野町,51351254,126,183,
紀北,紀美野町,51351255,124,181,
紀北,紀美野町,51351256,123,179,
紀北,紀美野町,51351257,124,180,
紀北,紀美野町,51351258,125,182,
紀北,紀美野町,51351259,126,183,
紀北,紀美野町,51351264,123,179,
紀北,紀美野町,51351265,122,178,
紀北,紀美野町,51351266,123,179,
紀北,紀美野町,51351267,124,181,
紀北,紀美野町,51351268,124,181,
紀北,紀美野町,51351269,125,182,
紀北,紀美野町,51351274,122,178,
紀北,紀美野町,51351275,122,177,
紀北,紀美野町,51351276,121,176,
紀北,紀美野町,51351277,124,180,
紀北,紀美野町,51351278,124,181,
紀北,紀美野町,51351279,124,181,
紀北,紀美野町,51351284,122,178,
紀北,紀美野町,51351285,122,178,
紀北,紀美野町,51351286,122,177,
紀北,紀美野町,51351287,123,179,
紀北,紀美野町,51351288,122,178,
紀北,紀美野町,51351289,123,179,
紀北,紀美野町,51351294,123,179,
紀北,紀美野町,51351295,123,179,
紀北,紀美野町,51351296,121,176,
紀北,紀美野町,51351297,120,175,
紀北,紀美野町,51351298,122,177,
紀北,紀美野町,51351299,121,176,
紀北,紀美野町,51351342,126,183,
紀北,紀美野町,51351343,126,184,
紀北,紀美野町,51351344,129,187,
紀北,紀美野町,51351350,130,189,
紀北,紀美野町,51351351,130,189,
紀北,紀美野町,51351352,125,182,
紀北,紀美野町,51351353,126,184,
紀北,紀美野町,51351354,127,185,
紀北,紀美野町,51351355,129,187,
紀北,紀美野町,51351360,125,182,
紀北,紀美野町,51351361,131,190,
紀北,紀美野町,51351362,127,185,
紀北,紀美野町,51351363,127,185,
紀北,紀美野町,51351364,127,185,
紀北,紀美野町,51351365,128,186,
紀北,紀美野町,51351366,129,188,
紀北,紀美野町,51351370,125,182,
紀北,紀美野町,51351371,126,183,
紀北,紀美野町,51351372,127,185,
紀北,紀美野町,51351373,127,185,
紀北,紀美野町,51351374,127,185,
紀北,紀美野町,51351375,127,185,
紀北,紀美野町,51351376,129,187,
紀北,紀美野町,51351377,129,187,
紀北,紀美野町,51351380,123,179,
紀北,紀美野町,51351381,129,187,
紀北,紀美野町,51351382,131,190,
紀北,紀美野町,51351383,131,190,
紀北,紀美野町,51351384,126,183,
紀北,紀美野町,51351385,126,183,
紀北,紀美野町,51351386,126,184,
紀北,紀美野町,51351387,127,185,
紀北,紀美野町,51351388,129,187,
紀北,紀美野町,51351390,121,176,
紀北,紀美野町,51351391,122,178,
紀北,紀美野町,51351392,124,180,
紀北,紀美野町,51351393,124,181,
紀北,紀美野町,51351394,129,188,
紀北,紀美野町,51351395,125,182,
紀北,紀美野町,51351396,126,183,
紀北,紀美野町,51351397,127,185,
紀北,紀美野町,51351398,127,185,
紀北,紀美野町,51352204,123,179,
紀北,紀美野町,51352205,121,176,
紀北,紀美野町,51352206,122,177,
紀北,紀美野町,51352207,120,175,
紀北,紀美野町,51352208,120,174,
紀北,紀美野町,51352209,120,174,
紀北,紀美野町,51352215,121,176,
紀北,紀美野町,51352216,121,176,
紀北,紀美野町,51352217,120,174,
紀北,紀美野町,51352218,124,181,
紀北,紀美野町,51352219,125,182,
紀北,紀美野町,51352225,120,175,
紀北,紀美野町,51352226,120,174,
紀北,紀美野町,51352227,120,174,
紀北,紀美野町,51352300,120,174,
紀北,紀美野町,51352301,120,175,
紀北,紀美野町,51352302,122,178,
紀北,紀美野町,51352303,123,179,
紀北,紀美野町,51352304,129,187,
紀北,紀美野町,51352305,129,187,
紀北,紀美野町,51352306,125,182,
紀北,紀美野町,51352307,126,183,
紀北,紀美野町,51352308,126,184,
紀北,紀美野町,51352309,128,186,
紀北,紀美野町,51352310,120,174,
紀北,紀美野町,51352311,126,183,
紀北,紀美野町,51352312,126,184,
紀北,紀美野町,51352313,126,184,
紀北,紀美野町,51352316,129,－,
紀北,紀美野町,51352317,124,181,
紀北,紀美野町,51352318,126,183,
紀北,紀美野町,51352319,126,184,
紀北,紀美野町,51352327,129,187,
紀北,紀美野町,51352328,124,180,
紀北,紀美野町,51352337,128,186,
紀北,紀美野町,51352338,123,179,
紀北,かつらぎ町かつらぎ,51352329,124,181,
紀北,かつらぎ町かつらぎ,51352339,123,179,
紀北,かつらぎ町かつらぎ,51352348,122,178,
紀北,かつらぎ町かつらぎ,51352349,127,185,
紀北,かつらぎ町かつらぎ,51352359,126,183,
紀北,かつらぎ町かつらぎ,51352369,121,176,
紀北,かつらぎ町かつらぎ,51352379,120,175,
紀北,かつらぎ町かつらぎ,51352389,120,175,
紀北,かつらぎ町かつらぎ,51352398,120,175,
紀北,かつらぎ町かつらぎ,51352399,120,175,
紀北,かつらぎ町かつらぎ,51352410,126,184,
紀北,かつらぎ町かつらぎ,51352420,126,183,
紀北,かつらぎ町かつらぎ,51352430,124,181,
紀北,かつらぎ町かつらぎ,51352431,126,183,
紀北,かつらぎ町かつらぎ,51352440,124,180,
紀北,かつらぎ町かつらぎ,51352441,126,183,
紀北,かつらぎ町かつらぎ,51352450,123,179,
紀北,かつらぎ町かつらぎ,51352460,123,179,
紀北,かつらぎ町かつらぎ,51352461,124,181,
紀北,かつらぎ町かつらぎ,51352470,122,177,
紀北,かつらぎ町かつらぎ,51352471,124,180,
紀北,かつらぎ町かつらぎ,51352480,121,176,
紀北,かつらぎ町かつらぎ,51352481,123,179,
紀北,かつらぎ町かつらぎ,51352490,120,175,
紀北,かつらぎ町かつらぎ,51352491,126,184,
紀北,かつらぎ町かつらぎ,51353307,120,175,
紀北,かつらぎ町かつらぎ,51353308,121,176,
紀北,かつらぎ町かつらぎ,51353309,120,175,
紀北,かつらぎ町かつらぎ,51353317,119,173,
紀北,かつらぎ町かつらぎ,51353318,120,174,
紀北,かつらぎ町かつらぎ,51353319,120,174,
紀北,かつらぎ町かつらぎ,51353327,117,171,
紀北,かつらぎ町かつらぎ,51353328,118,172,
紀北,かつらぎ町かつらぎ,51353329,118,172,
紀北,かつらぎ町かつらぎ,51353336,117,170,
紀北,かつらぎ町かつらぎ,51353337,117,170,
紀北,かつらぎ町かつらぎ,51353338,117,170,
紀北,かつらぎ町かつらぎ,51353339,118,172,
紀北,かつらぎ町かつらぎ,51353346,116,169,
紀北,かつらぎ町かつらぎ,51353347,116,169,
紀北,かつらぎ町かつらぎ,51353348,122,178,
紀北,かつらぎ町かつらぎ,51353349,117,171,
紀北,かつらぎ町かつらぎ,51353356,111,162,
紀北,かつらぎ町かつらぎ,51353357,116,169,
紀北,かつらぎ町かつらぎ,51353358,117,170,
紀北,かつらぎ町かつらぎ,51353359,123,179,
紀北,かつらぎ町かつらぎ,51353367,106,154,
紀北,かつらぎ町かつらぎ,51353368,121,176,
紀北,かつらぎ町かつらぎ,51353369,122,178,
紀北,かつらぎ町かつらぎ,51353377,106,155,
紀北,かつらぎ町かつらぎ,51353378,108,157,
紀北,かつらぎ町かつらぎ,51353379,108,157,
紀北,かつらぎ町かつらぎ,51353387,106,155,
紀北,かつらぎ町かつらぎ,51353388,104,151,
紀北,かつらぎ町かつらぎ,51353389,107,156,
紀北,かつらぎ町かつらぎ,51353397,120,175,
紀北,かつらぎ町かつらぎ,51353398,115,168,
紀北,かつらぎ町かつらぎ,51353399,101,147,
紀北,かつらぎ町かつらぎ,51353400,120,174,
紀北,かつらぎ町かつらぎ,51353401,120,175,
紀北,かつらぎ町かつらぎ,51353410,118,172,
紀北,かつらぎ町かつらぎ,51353411,117,171,
紀北,かつらぎ町かつらぎ,51353420,117,171,
紀北,かつらぎ町かつらぎ,51353421,117,170,
紀北,かつらぎ町かつらぎ,51353422,118,172,
紀北,かつらぎ町かつらぎ,51353430,123,179,
紀北,かつらぎ町かつらぎ,51353431,118,172,
紀北,かつらぎ町かつらぎ,51353432,118,172,
紀北,かつらぎ町かつらぎ,51353440,119,173,
紀北,かつらぎ町かつらぎ,51353441,119,173,
紀北,かつらぎ町かつらぎ,51353442,118,172,
紀北,かつらぎ町かつらぎ,51353450,119,173,
紀北,かつらぎ町かつらぎ,51353451,119,173,
紀北,かつらぎ町かつらぎ,51353452,119,173,
紀北,かつらぎ町かつらぎ,51353460,119,173,
紀北,かつらぎ町かつらぎ,51353461,118,172,
紀北,かつらぎ町かつらぎ,51353462,118,172,
紀北,かつらぎ町かつらぎ,51353470,108,157,
紀北,かつらぎ町かつらぎ,51353471,117,170,
紀北,かつらぎ町かつらぎ,51353472,117,171,
紀北,かつらぎ町かつらぎ,51353480,102,148,
紀北,かつらぎ町かつらぎ,51353481,115,168,
紀北,かつらぎ町かつらぎ,51353482,117,170,
紀北,かつらぎ町かつらぎ,51353490,100,146,
紀北,かつらぎ町かつらぎ,51353491,115,167,
紀北,かつらぎ町かつらぎ,51354306,115,167,
紀北,かつらぎ町かつらぎ,51354307,114,166,
紀北,かつらぎ町かつらぎ,51354308,115,167,
紀北,かつらぎ町かつらぎ,51354309,100,146,
紀北,かつらぎ町かつらぎ,51354316,115,167,
紀北,かつらぎ町かつらぎ,51354317,119,173,
紀北,かつらぎ町かつらぎ,51354318,114,166,
紀北,かつらぎ町かつらぎ,51354319,114,166,
紀北,かつらぎ町かつらぎ,51354328,119,173,
紀北,かつらぎ町かつらぎ,51354400,99,144,
紀北,かつらぎ町かつらぎ,51354401,114,166,
紀北,かつらぎ町花園,51351389,129,187,
紀北,かつらぎ町花園,51351399,129,187,
紀北,かつらぎ町花園,51351423,146,213,
紀北,かつらぎ町花園,51351433,144,210,
紀北,かつらぎ町花園,51351434,148,215,
紀北,かつらぎ町花園,51351442,139,202,
紀北,かつらぎ町花園,51351443,142,206,
紀北,かつらぎ町花園,51351444,144,209,
紀北,かつらぎ町花園,51351445,146,213,
紀北,かつらぎ町花園,51351451,138,200,
紀北,かつらぎ町花園,51351452,138,201,
紀北,かつらぎ町花園,51351453,139,202,
紀北,かつらぎ町花園,51351454,140,204,
紀北,かつらぎ町花園,51351455,143,208,
紀北,かつらぎ町花園,51351456,145,211,
紀北,かつらぎ町花園,51351461,136,198,
紀北,かつらぎ町花園,51351462,137,199,
紀北,かつらぎ町花園,51351463,138,200,
紀北,かつらぎ町花園,51351464,138,201,
紀北,かつらぎ町花園,51351465,141,205,
紀北,かつらぎ町花園,51351466,142,207,
紀北,かつらぎ町花園,51351470,132,192,
紀北,かつらぎ町花園,51351471,134,195,
紀北,かつらぎ町花園,51351472,134,195,
紀北,かつらぎ町花園,51351473,135,197,
紀北,かつらぎ町花園,51351474,139,202,
紀北,かつらぎ町花園,51351475,142,206,
紀北,かつらぎ町花園,51351476,143,208,
紀北,かつらぎ町花園,51351480,130,189,
紀北,かつらぎ町花園,51351481,131,190,
紀北,かつらぎ町花園,51351482,132,192,
紀北,かつらぎ町花園,51351483,135,196,
紀北,かつらぎ町花園,51351484,140,203,
紀北,かつらぎ町花園,51351485,143,208,
紀北,かつらぎ町花園,51351486,143,208,
紀北,かつらぎ町花園,51351487,143,208,
紀北,かつらぎ町花園,51351490,129,187,
紀北,かつらぎ町花園,51351491,129,187,
紀北,かつらぎ町花園,51351494,138,200,
紀北,かつらぎ町花園,51351495,143,－,
紀北,かつらぎ町花園,51352400,133,194,
紀北,かつらぎ町花園,51352405,143,－,
紀北,かつらぎ町花園,51352415,134,195,
紀北,九度山町,51352489,113,164,
紀北,九度山町,51352492,124,181,
紀北,九度山町,51352493,126,183,
紀北,九度山町,51352497,124,181,
紀北,九度山町,51352498,124,181,
紀北,九度山町,51352499,131,190,
紀北,九度山町,51353402,122,178,
紀北,九度山町,51353403,118,172,
紀北,九度山町,51353404,123,179,
紀北,九度山町,51353405,117,170,
紀北,九度山町,51353407,115,167,
紀北,九度山町,51353408,129,188,
紀北,九度山町,51353409,130,189,
紀北,九度山町,51353412,120,174,
紀北,九度山町,51353413,120,175,
紀北,九度山町,51353414,120,175,
紀北,九度山町,51353415,115,167,
紀北,九度山町,51353417,113,165,
紀北,九度山町,51353418,130,189,
紀北,九度山町,51353419,129,187,
紀北,九度山町,51353423,119,173,
紀北,九度山町,51353424,120,174,
紀北,九度山町,51353425,115,168,
紀北,九度山町,51353426,111,162,
紀北,九度山町,51353427,112,163,
紀北,九度山町,51353428,123,179,
紀北,九度山町,51353429,122,178,
紀北,九度山町,51353433,119,173,
紀北,九度山町,51353434,115,167,
紀北,九度山町,51353435,114,166,
紀北,九度山町,51353436,110,160,
紀北,九度山町,51353437,109,159,
紀北,九度山町,51353438,120,174,
紀北,九度山町,51353439,120,174,
紀北,九度山町,51353443,119,173,
紀北,九度山町,51353444,120,174,
紀北,九度山町,51353445,119,173,
紀北,九度山町,51353453,120,174,
紀北,九度山町,51353455,119,173,
紀北,九度山町,51353500,135,－,
紀北,九度山町,51353510,122,178,
紀北,九度山町,51353520,121,176,
紀北,高野町,51351492,130,189,
紀北,高野町,51351493,133,193,
紀北,高野町,51351496,140,204,
紀北,高野町,51351497,142,206,
紀北,高野町,51351498,149,－,
紀北,高野町,51351499,149,217,
紀北,高野町,51352401,133,193,
紀北,高野町,51352402,129,187,
紀北,高野町,51352403,131,191,
紀北,高野町,51352404,134,195,
紀北,高野町,51352406,138,200,
紀北,高野町,51352407,140,204,
紀北,高野町,51352408,149,－,
紀北,高野町,51352409,146,213,
紀北,高野町,51352411,128,186,
紀北,高野町,51352412,128,186,
紀北,高野町,51352413,129,187,
紀北,高野町,51352414,131,191,
紀北,高野町,51352416,136,198,
紀北,高野町,51352417,144,210,
紀北,高野町,51352418,141,205,
紀北,高野町,51352419,143,208,
紀北,高野町,51352421,126,183,
紀北,高野町,51352422,131,191,
紀北,高野町,51352423,127,185,
紀北,高野町,51352424,130,189,
紀北,高野町,51352425,139,202,
紀北,高野町,51352426,136,198,
紀北,高野町,51352427,143,208,
紀北,高野町,51352428,140,204,
紀北,高野町,51352429,141,205,
紀北,高野町,51352432,131,191,
紀北,高野町,51352433,132,192,
紀北,高野町,51352434,131,190,
紀北,高野町,51352435,139,202,
紀北,高野町,51352436,143,－,
紀北,高野町,51352437,137,199,
紀北,高野町,51352438,144,209,
紀北,高野町,51352439,146,212,
紀北,高野町,51352442,127,185,
紀北,高野町,51352443,132,192,
紀北,高野町,51352444,130,189,
紀北,高野町,51352445,140,204,
紀北,高野町,51352446,139,202,
紀北,高野町,51352447,139,202,
紀北,高野町,51352448,138,200,
紀北,高野町,51352449,143,208,
紀北,高野町,51352451,125,182,
紀北,高野町,51352452,132,192,
紀北,高野町,51352453,131,191,
紀北,高野町,51352454,129,187,
紀北,高野町,51352455,135,197,
紀北,高野町,51352456,140,204,
紀北,高野町,51352457,140,204,
紀北,高野町,51352458,138,200,
紀北,高野町,51352459,135,197,
紀北,高野町,51352462,130,189,
紀北,高野町,51352463,130,189,
紀北,高野町,51352464,133,194,
紀北,高野町,51352465,131,191,
紀北,高野町,51352466,138,200,
紀北,高野町,51352467,138,200,
紀北,高野町,51352468,136,198,
紀北,高野町,51352469,135,196,
紀北,高野町,51352472,130,189,
紀北,高野町,51352473,130,189,
紀北,高野町,51352474,126,183,
紀北,高野町,51352475,128,186,
紀北,高野町,51352476,131,191,
紀北,高野町,51352477,133,193,
紀北,高野町,51352478,132,192,
紀北,高野町,51352479,120,175,
紀北,高野町,51352482,125,182,
紀北,高野町,51352483,126,183,
紀北,高野町,51352484,125,182,
紀北,高野町,51352485,125,182,
紀北,高野町,51352486,126,183,
紀北,高野町,51352487,131,191,
紀北,高野町,51352488,132,192,
紀北,高野町,51352494,124,180,
紀北,高野町,51352495,123,179,
紀北,高野町,51352496,122,178,
紀北,高野町,51352510,146,212,
紀北,高野町,51352520,146,－,
紀北,高野町,51352530,146,213,
紀北,高野町,51352540,144,210,
紀北,高野町,51352550,137,199,
紀北,高野町,51352556,142,－,
紀北,高野町,51352560,135,196,
紀北,高野町,51352561,137,199,
紀北,高野町,51352562,142,－,
紀北,高野町,51352565,142,207,
紀北,高野町,51352566,141,205,
紀北,高野町,51352567,138,200,
紀北,高野町,51352570,121,176,
紀北,高野町,51352571,139,202,
紀北,高野町,51352572,142,－,
紀北,高野町,51352573,142,－,
紀北,高野町,51352574,142,－,
紀北,高野町,51352575,141,205,
紀北,高野町,51352576,135,196,
紀北,高野町,51352577,143,208,
紀北,高野町,51352580,128,186,
紀北,高野町,51352581,129,188,
紀北,高野町,51352582,135,196,
紀北,高野町,51352583,136,198,
紀北,高野町,51352584,131,191,
紀北,高野町,51352585,134,195,
紀北,高野町,51352586,129,188,
紀北,高野町,51352587,139,202,
紀北,高野町,51352590,135,－,
紀北,高野町,51352591,135,－,
紀北,高野町,51352593,136,－,
紀北,高野町,51352594,130,189,
紀北,高野町,51352595,131,190,
紀北,高野町,51352596,126,183,
紀北,高野町,51352597,130,189,
紀北,高野町,51353406,117,170,
紀北,高野町,51353416,117,170,
紀北,高野町,51353504,122,177,
紀北,高野町,51353505,127,185,
紀北,高野町,51353506,129,187,
紀北,高野町,51353507,129,187,
紀北,高野町,51353514,129,187,
紀北,高野町,51353515,124,181,
紀北,高野町,51353516,126,183,
紀北,高野町,51353524,122,178,
紀北,高野町,51353525,127,185,
紀北,高野町,51353526,123,179,
紀中,有田市,51350079,121,－,
紀中,有田市,51350086,116,171,
紀中,有田市,51350087,116,172,
紀中,有田市,51350088,116,171,
紀中,有田市,51350089,121,178,
紀中,有田市,51350096,129,－,
紀中,有田市,51350097,117,173,
紀中,有田市,51350098,117,173,
紀中,有田市,51350099,122,180,
紀中,有田市,51350170,115,170,
紀中,有田市,51350171,114,169,
紀中,有田市,51350172,115,170,
紀中,有田市,51350173,120,177,
紀中,有田市,51350174,115,170,
紀中,有田市,51350180,116,171,
紀中,有田市,51350181,115,170,
紀中,有田市,51350182,120,177,
紀中,有田市,51350183,121,178,
紀中,有田市,51350184,116,171,
紀中,有田市,51350190,122,180,
紀中,有田市,51350191,116,171,
紀中,有田市,51350192,114,169,
紀中,有田市,51350193,116,171,
紀中,有田市,51350194,116,171,
紀中,有田市,51351007,129,－,
紀中,有田市,51351008,129,－,
紀中,有田市,51351009,123,182,
紀中,有田市,51351017,129,－,
紀中,有田市,51351018,129,－,
紀中,有田市,51351019,123,181,
紀中,有田市,51351028,129,－,
紀中,有田市,51351029,117,173,
紀中,有田市,51351038,129,－,
紀中,有田市,51351100,118,174,
紀中,有田市,51351101,116,171,
紀中,有田市,51351102,116,171,
紀中,有田市,51351103,115,170,
紀中,有田市,51351104,115,170,
紀中,有田市,51351110,122,180,
紀中,有田市,51351113,115,170,
紀中,有田市,51351114,114,169,
紀中,有田市,51351120,118,174,
紀中,御坊市,50355175,122,－,
紀中,御坊市,50355184,122,－,
紀中,御坊市,50355185,121,179,
紀中,御坊市,50355193,122,－,
紀中,御坊市,50355194,121,178,
紀中,御坊市,50355195,122,180,
紀中,御坊市,50356103,122,－,
紀中,御坊市,50356104,117,173,
紀中,御坊市,50356105,122,180,
紀中,御坊市,50356106,120,177,
紀中,御坊市,50356113,117,173,
紀中,御坊市,50356114,119,175,
紀中,御坊市,50356115,124,183,
紀中,御坊市,50356121,115,－,
紀中,御坊市,50356122,115,170,
紀中,御坊市,50356123,117,173,
紀中,御坊市,50356124,124,183,
紀中,御坊市,50356125,125,184,
紀中,御坊市,50356131,115,－,
紀中,御坊市,50356132,114,169,
紀中,御坊市,50356133,117,173,
紀中,御坊市,50356134,124,183,
紀中,御坊市,50356142,115,170,
紀中,御坊市,50356143,117,173,
紀中,御坊市,50356144,119,175,
紀中,御坊市,50356145,121,179,
紀中,御坊市,50356146,123,182,
紀中,御坊市,50356152,116,171,
紀中,御坊市,50356153,116,171,
紀中,御坊市,50356154,118,174,
紀中,御坊市,50356155,121,179,
紀中,御坊市,50356162,129,－,
紀中,御坊市,50356163,122,180,
紀中,御坊市,50356164,123,182,
紀中,御坊市,50356165,125,185,
紀中,御坊市,50356172,129,－,
紀中,御坊市,50356173,129,－,
紀中,御坊市,50356174,120,177,
紀中,御坊市,50356175,122,180,
紀中,御坊市,50356182,119,176,
紀中,御坊市,50356183,129,－,
紀中,御坊市,50356184,129,－,
紀中,御坊市,50356191,119,175,
紀中,御坊市,50356192,120,177,
紀中,御坊市,50356193,122,180,
紀中,御坊市,50357103,122,180,
紀中,御坊市,50357113,122,180,
紀中,御坊市,50357123,120,177,
紀中,御坊市,50357133,120,177,
紀中,湯浅町,51350117,122,180,
紀中,湯浅町,51350118,124,183,
紀中,湯浅町,51350126,120,177,
紀中,湯浅町,51350127,120,177,
紀中,湯浅町,51350128,129,190,
紀中,湯浅町,51350134,121,179,
紀中,湯浅町,51350135,121,178,
紀中,湯浅町,51350136,120,177,
紀中,湯浅町,51350137,119,176,
紀中,湯浅町,51350138,126,186,
紀中,湯浅町,51350142,118,174,
紀中,湯浅町,51350143,119,176,
紀中,湯浅町,51350144,121,178,
紀中,湯浅町,51350145,121,179,
紀中,湯浅町,51350151,120,177,
紀中,湯浅町,51350152,116,171,
紀中,湯浅町,51350153,117,173,
紀中,湯浅町,51350154,118,174,
紀中,湯浅町,51350161,120,177,
紀中,湯浅町,51350162,120,177,
紀中,湯浅町,51350163,120,177,
紀中,湯浅町,51350164,121,178,
紀中,広川町,50357146,127,188,
紀中,広川町,50357147,124,183,
紀中,広川町,50357148,126,186,
紀中,広川町,50357154,121,178,
紀中,広川町,50357155,123,181,
紀中,広川町,50357156,125,184,
紀中,広川町,50357157,127,188,
紀中,広川町,50357158,134,198,
紀中,広川町,50357159,130,192,
紀中,広川町,50357164,122,180,
紀中,広川町,50357165,124,183,
紀中,広川町,50357166,127,187,
紀中,広川町,50357167,131,193,
紀中,広川町,50357168,132,195,
紀中,広川町,50357169,132,195,
紀中,広川町,50357174,121,178,
紀中,広川町,50357175,123,181,
紀中,広川町,50357176,126,186,
紀中,広川町,50357177,129,190,
紀中,広川町,50357178,130,192,
紀中,広川町,50357179,130,192,
紀中,広川町,50357184,125,184,
紀中,広川町,50357185,126,186,
紀中,広川町,50357186,123,181,
紀中,広川町,50357187,129,191,
紀中,広川町,50357188,130,192,
紀中,広川町,50357189,126,186,
紀中,広川町,50357191,117,173,
紀中,広川町,50357192,122,180,
紀中,広川町,50357193,123,181,
紀中,広川町,50357194,124,183,
紀中,広川町,50357195,126,186,
紀中,広川町,50357196,128,189,
紀中,広川町,50357197,127,188,
紀中,広川町,50357198,127,188,
紀中,広川町,50357199,124,183,
紀中,広川町,50357260,136,200,
紀中,広川町,50357270,129,190,
紀中,広川町,50357280,127,187,
紀中,広川町,50357290,125,185,
紀中,広川町,50357291,131,194,
紀中,広川町,51350101,115,170,
紀中,広川町,51350102,115,170,
紀中,広川町,51350103,122,180,
紀中,広川町,51350104,123,182,
紀中,広川町,51350105,127,187,
紀中,広川町,51350106,127,188,
紀中,広川町,51350107,122,180,
紀中,広川町,51350108,128,189,
紀中,広川町,51350109,123,182,
紀中,広川町,51350110,121,－,
紀中,広川町,51350111,120,177,
紀中,広川町,51350112,120,177,
紀中,広川町,51350113,122,180,
紀中,広川町,51350114,124,183,
紀中,広川町,51350115,126,186,
紀中,広川町,51350116,120,177,
紀中,広川町,51350119,125,184,
紀中,広川町,51350120,121,－,
紀中,広川町,51350121,121,178,
紀中,広川町,51350122,122,180,
紀中,広川町,51350123,123,182,
紀中,広川町,51350124,125,185,
紀中,広川町,51350125,125,185,
紀中,広川町,51350132,122,180,
紀中,広川町,51350133,125,184,
紀中,広川町,51350200,125,184,
紀中,広川町,51350201,131,193,
紀中,広川町,51350210,126,186,
紀中,有田川町吉備金屋,51350129,126,186,
紀中,有田川町吉備金屋,51350139,126,186,
紀中,有田川町吉備金屋,51350146,120,177,
紀中,有田川町吉備金屋,51350147,119,176,
紀中,有田川町吉備金屋,51350148,120,177,
紀中,有田川町吉備金屋,51350149,123,182,
紀中,有田川町吉備金屋,51350155,118,174,
紀中,有田川町吉備金屋,51350156,119,176,
紀中,有田川町吉備金屋,51350157,121,178,
紀中,有田川町吉備金屋,51350158,120,177,
紀中,有田川町吉備金屋,51350159,125,185,
紀中,有田川町吉備金屋,51350165,116,172,
紀中,有田川町吉備金屋,51350166,120,177,
紀中,有田川町吉備金屋,51350167,121,178,
紀中,有田川町吉備金屋,51350168,125,185,
紀中,有田川町吉備金屋,51350169,125,184,
紀中,有田川町吉備金屋,51350175,116,171,
紀中,有田川町吉備金屋,51350176,125,－,
紀中,有田川町吉備金屋,51350177,124,183,
紀中,有田川町吉備金屋,51350178,125,184,
紀中,有田川町吉備金屋,51350179,124,183,
紀中,有田川町吉備金屋,51350185,116,171,
紀中,有田川町吉備金屋,51350186,125,－,
紀中,有田川町吉備金屋,51350187,125,－,
紀中,有田川町吉備金屋,51350188,119,176,
紀中,有田川町吉備金屋,51350189,119,175,
紀中,有田川町吉備金屋,51350195,116,171,
紀中,有田川町吉備金屋,51350196,116,172,
紀中,有田川町吉備金屋,51350197,118,174,
紀中,有田川町吉備金屋,51350198,119,175,
紀中,有田川町吉備金屋,51350199,119,175,
紀中,有田川町吉備金屋,51350211,126,186,
紀中,有田川町吉備金屋,51350212,126,186,
紀中,有田川町吉備金屋,51350213,131,194,
紀中,有田川町吉備金屋,51350214,135,199,
紀中,有田川町吉備金屋,51350215,139,205,
紀中,有田川町吉備金屋,51350216,137,202,
紀中,有田川町吉備金屋,51350217,139,205,
紀中,有田川町吉備金屋,51350218,145,214,
紀中,有田川町吉備金屋,51350219,147,217,
紀中,有田川町吉備金屋,51350220,127,188,
紀中,有田川町吉備金屋,51350221,129,190,
紀中,有田川町吉備金屋,51350222,131,193,
紀中,有田川町吉備金屋,51350223,126,186,
紀中,有田川町吉備金屋,51350224,133,196,
紀中,有田川町吉備金屋,51350225,137,202,
紀中,有田川町吉備金屋,51350226,136,200,
紀中,有田川町吉備金屋,51350227,143,211,
紀中,有田川町吉備金屋,51350228,148,－,
紀中,有田川町吉備金屋,51350230,129,190,
紀中,有田川町吉備金屋,51350231,127,188,
紀中,有田川町吉備金屋,51350232,125,185,
紀中,有田川町吉備金屋,51350233,124,183,
紀中,有田川町吉備金屋,51350234,132,195,
紀中,有田川町吉備金屋,51350235,133,197,
紀中,有田川町吉備金屋,51350236,137,202,
紀中,有田川町吉備金屋,51350240,125,185,
紀中,有田川町吉備金屋,51350241,124,183,
紀中,有田川町吉備金屋,51350242,123,181,
紀中,有田川町吉備金屋,51350243,123,181,
紀中,有田川町吉備金屋,51350244,129,190,
紀中,有田川町吉備金屋,51350245,131,193,
紀中,有田川町吉備金屋,51350246,140,－,
紀中,有田川町吉備金屋,51350250,122,180,
紀中,有田川町吉備金屋,51350251,121,179,
紀中,有田川町吉備金屋,51350252,121,179,
紀中,有田川町吉備金屋,51350253,121,179,
紀中,有田川町吉備金屋,51350254,122,180,
紀中,有田川町吉備金屋,51350255,123,182,
紀中,有田川町吉備金屋,51350256,126,186,
紀中,有田川町吉備金屋,51350260,119,176,
紀中,有田川町吉備金屋,51350261,120,177,
紀中,有田川町吉備金屋,51350262,120,177,
紀中,有田川町吉備金屋,51350263,120,177,
紀中,有田川町吉備金屋,51350264,120,177,
紀中,有田川町吉備金屋,51350265,122,180,
紀中,有田川町吉備金屋,51350266,123,181,
紀中,有田川町吉備金屋,51350270,120,177,
紀中,有田川町吉備金屋,51350271,124,183,
紀中,有田川町吉備金屋,51350272,123,181,
紀中,有田川町吉備金屋,51350273,119,175,
紀中,有田川町吉備金屋,51350274,120,177,
紀中,有田川町吉備金屋,51350275,120,177,
紀中,有田川町吉備金屋,51350276,121,179,
紀中,有田川町吉備金屋,51350277,123,182,
紀中,有田川町吉備金屋,51350280,118,174,
紀中,有田川町吉備金屋,51350281,119,175,
紀中,有田川町吉備金屋,51350282,118,174,
紀中,有田川町吉備金屋,51350283,119,175,
紀中,有田川町吉備金屋,51350284,119,176,
紀中,有田川町吉備金屋,51350285,119,176,
紀中,有田川町吉備金屋,51350286,121,178,
紀中,有田川町吉備金屋,51350290,119,175,
紀中,有田川町吉備金屋,51350291,118,174,
紀中,有田川町吉備金屋,51350292,120,177,
紀中,有田川町吉備金屋,51350293,120,177,
紀中,有田川町吉備金屋,51350294,121,178,
紀中,有田川町吉備金屋,51350295,120,177,
紀中,有田川町吉備金屋,51350296,121,179,
紀中,有田川町吉備金屋,51351105,116,171,
紀中,有田川町吉備金屋,51351106,116,171,
紀中,有田川町吉備金屋,51351107,118,174,
紀中,有田川町吉備金屋,51351108,119,176,
紀中,有田川町吉備金屋,51351109,119,176,
紀中,有田川町吉備金屋,51351115,114,168,
紀中,有田川町吉備金屋,51351116,115,170,
紀中,有田川町吉備金屋,51351117,116,172,
紀中,有田川町吉備金屋,51351118,118,174,
紀中,有田川町吉備金屋,51351119,120,177,
紀中,有田川町吉備金屋,51351127,116,171,
紀中,有田川町吉備金屋,51351128,122,180,
紀中,有田川町吉備金屋,51351129,124,183,
紀中,有田川町吉備金屋,51351139,122,180,
紀中,有田川町吉備金屋,51351149,116,172,
紀中,有田川町吉備金屋,51351200,119,176,
紀中,有田川町吉備金屋,51351201,120,177,
紀中,有田川町吉備金屋,51351202,120,177,
紀中,有田川町吉備金屋,51351203,121,178,
紀中,有田川町吉備金屋,51351204,122,180,
紀中,有田川町吉備金屋,51351205,122,180,
紀中,有田川町吉備金屋,51351206,123,181,
紀中,有田川町吉備金屋,51351207,119,176,
紀中,有田川町吉備金屋,51351210,121,178,
紀中,有田川町吉備金屋,51351211,121,178,
紀中,有田川町吉備金屋,51351212,121,178,
紀中,有田川町吉備金屋,51351213,122,180,
紀中,有田川町吉備金屋,51351214,123,182,
紀中,有田川町吉備金屋,51351215,124,183,
紀中,有田川町吉備金屋,51351216,125,185,
紀中,有田川町吉備金屋,51351217,114,169,
紀中,有田川町吉備金屋,51351220,120,177,
紀中,有田川町吉備金屋,51351221,124,183,
紀中,有田川町吉備金屋,51351222,121,178,
紀中,有田川町吉備金屋,51351223,122,180,
紀中,有田川町吉備金屋,51351224,125,184,
紀中,有田川町吉備金屋,51351225,121,179,
紀中,有田川町吉備金屋,51351226,116,172,
紀中,有田川町吉備金屋,51351230,118,174,
紀中,有田川町吉備金屋,51351231,123,181,
紀中,有田川町吉備金屋,51351232,120,177,
紀中,有田川町吉備金屋,51351233,122,180,
紀中,有田川町吉備金屋,51351234,123,182,
紀中,有田川町吉備金屋,51351243,120,177,
紀中,有田川町吉備金屋,51351244,119,176,
紀中,有田川町吉備金屋,51351253,117,173,
紀中,有田川町清水,51350229,148,218,
紀中,有田川町清水,51350237,140,207,
紀中,有田川町清水,51350238,148,－,
紀中,有田川町清水,51350239,148,－,
紀中,有田川町清水,51350247,136,201,
紀中,有田川町清水,51350248,148,－,
紀中,有田川町清水,51350249,140,206,
紀中,有田川町清水,51350257,127,187,
紀中,有田川町清水,51350258,129,190,
紀中,有田川町清水,51350259,132,195,
紀中,有田川町清水,51350267,124,183,
紀中,有田川町清水,51350268,125,185,
紀中,有田川町清水,51350269,129,190,
紀中,有田川町清水,51350278,125,184,
紀中,有田川町清水,51350279,126,186,
紀中,有田川町清水,51350287,124,183,
紀中,有田川町清水,51350288,125,185,
紀中,有田川町清水,51350289,126,186,
紀中,有田川町清水,51350297,119,176,
紀中,有田川町清水,51350298,125,185,
紀中,有田川町清水,51350299,125,185,
紀中,有田川町清水,51350310,149,220,
紀中,有田川町清水,51350311,148,219,
紀中,有田川町清水,51350320,148,218,
紀中,有田川町清水,51350321,140,206,
紀中,有田川町清水,51350322,144,212,
紀中,有田川町清水,51350330,148,－,
紀中,有田川町清水,51350331,136,201,
紀中,有田川町清水,51350332,145,－,
紀中,有田川町清水,51350333,144,212,
紀中,有田川町清水,51350340,142,209,
紀中,有田川町清水,51350341,136,200,
紀中,有田川町清水,51350342,137,202,
紀中,有田川町清水,51350343,138,203,
紀中,有田川町清水,51350344,140,207,
紀中,有田川町清水,51350345,151,223,
紀中,有田川町清水,51350347,161,238,
紀中,有田川町清水,51350348,161,237,
紀中,有田川町清水,51350349,159,235,
紀中,有田川町清水,51350350,135,199,
紀中,有田川町清水,51350351,137,202,
紀中,有田川町清水,51350352,136,201,
紀中,有田川町清水,51350353,136,201,
紀中,有田川町清水,51350354,138,204,
紀中,有田川町清水,51350355,148,218,
紀中,有田川町清水,51350356,155,228,
紀中,有田川町清水,51350357,157,231,
紀中,有田川町清水,51350358,151,223,
紀中,有田川町清水,51350359,157,232,
紀中,有田川町清水,51350360,133,197,
紀中,有田川町清水,51350361,137,202,
紀中,有田川町清水,51350362,136,200,
紀中,有田川町清水,51350363,129,190,
紀中,有田川町清水,51350364,135,199,
紀中,有田川町清水,51350365,141,208,
紀中,有田川町清水,51350366,144,213,
紀中,有田川町清水,51350367,148,218,
紀中,有田川町清水,51350368,148,219,
紀中,有田川町清水,51350369,192,－,
紀中,有田川町清水,51350370,130,192,
紀中,有田川町清水,51350371,132,195,
紀中,有田川町清水,51350372,127,187,
紀中,有田川町清水,51350373,125,185,
紀中,有田川町清水,51350374,132,195,
紀中,有田川町清水,51350375,137,202,
紀中,有田川町清水,51350376,142,209,
紀中,有田川町清水,51350377,144,213,
紀中,有田川町清水,51350378,146,216,
紀中,有田川町清水,51350379,148,218,
紀中,有田川町清水,51350380,126,186,
紀中,有田川町清水,51350381,126,186,
紀中,有田川町清水,51350382,127,188,
紀中,有田川町清水,51350383,133,196,
紀中,有田川町清水,51350384,131,193,
紀中,有田川町清水,51350385,134,198,
紀中,有田川町清水,51350386,137,202,
紀中,有田川町清水,51350387,139,205,
紀中,有田川町清水,51350388,146,215,
紀中,有田川町清水,51350389,148,218,
紀中,有田川町清水,51350390,123,182,
紀中,有田川町清水,51350391,123,181,
紀中,有田川町清水,51350392,124,183,
紀中,有田川町清水,51350393,128,189,
紀中,有田川町清水,51350394,131,193,
紀中,有田川町清水,51350395,131,193,
紀中,有田川町清水,51350396,131,194,
紀中,有田川町清水,51350397,133,196,
紀中,有田川町清水,51350398,135,199,
紀中,有田川町清水,51350399,136,200,
紀中,有田川町清水,51350450,157,232,
紀中,有田川町清水,51350460,192,－,
紀中,有田川町清水,51350461,192,－,
紀中,有田川町清水,51350462,153,225,
紀中,有田川町清水,51350470,148,218,
紀中,有田川町清水,51350471,146,215,
紀中,有田川町清水,51350472,192,－,
紀中,有田川町清水,51350480,148,218,
紀中,有田川町清水,51350481,192,－,
紀中,有田川町清水,51350482,144,212,
紀中,有田川町清水,51350483,150,221,
紀中,有田川町清水,51350490,137,202,
紀中,有田川町清水,51350491,139,205,
紀中,有田川町清水,51350492,140,207,
紀中,有田川町清水,51351208,124,183,
紀中,有田川町清水,51351209,123,181,
紀中,有田川町清水,51351218,113,167,
紀中,有田川町清水,51351219,122,180,
紀中,有田川町清水,51351227,113,167,
紀中,有田川町清水,51351228,111,164,
紀中,有田川町清水,51351229,120,177,
紀中,有田川町清水,51351237,115,170,
紀中,有田川町清水,51351238,114,168,
紀中,有田川町清水,51351239,119,175,
紀中,有田川町清水,51351300,122,180,
紀中,有田川町清水,51351301,122,180,
紀中,有田川町清水,51351302,123,182,
紀中,有田川町清水,51351303,127,188,
紀中,有田川町清水,51351304,131,193,
紀中,有田川町清水,51351305,129,190,
紀中,有田川町清水,51351306,128,189,
紀中,有田川町清水,51351307,133,197,
紀中,有田川町清水,51351308,129,191,
紀中,有田川町清水,51351309,139,－,
紀中,有田川町清水,51351310,122,180,
紀中,有田川町清水,51351311,121,179,
紀中,有田川町清水,51351312,122,180,
紀中,有田川町清水,51351313,125,184,
紀中,有田川町清水,51351314,127,188,
紀中,有田川町清水,51351315,126,186,
紀中,有田川町清水,51351316,125,185,
紀中,有田川町清水,51351317,126,186,
紀中,有田川町清水,51351318,129,190,
紀中,有田川町清水,51351319,139,－,
紀中,有田川町清水,51351320,121,179,
紀中,有田川町清水,51351321,121,178,
紀中,有田川町清水,51351322,120,177,
紀中,有田川町清水,51351323,121,179,
紀中,有田川町清水,51351324,122,180,
紀中,有田川町清水,51351325,123,182,
紀中,有田川町清水,51351326,129,190,
紀中,有田川町清水,51351327,124,183,
紀中,有田川町清水,51351328,126,186,
紀中,有田川町清水,51351329,128,189,
紀中,有田川町清水,51351330,119,175,
紀中,有田川町清水,51351331,119,175,
紀中,有田川町清水,51351332,118,174,
紀中,有田川町清水,51351333,119,175,
紀中,有田川町清水,51351334,119,176,
紀中,有田川町清水,51351335,122,180,
紀中,有田川町清水,51351336,123,181,
紀中,有田川町清水,51351337,124,183,
紀中,有田川町清水,51351338,125,185,
紀中,有田川町清水,51351339,127,188,
紀中,有田川町清水,51351340,116,172,
紀中,有田川町清水,51351341,116,171,
紀中,有田川町清水,51351345,120,177,
紀中,有田川町清水,51351346,122,180,
紀中,有田川町清水,51351347,124,183,
紀中,有田川町清水,51351348,125,185,
紀中,有田川町清水,51351349,126,186,
紀中,有田川町清水,51351356,122,180,
紀中,有田川町清水,51351357,124,183,
紀中,有田川町清水,51351358,124,183,
紀中,有田川町清水,51351359,125,184,
紀中,有田川町清水,51351367,121,179,
紀中,有田川町清水,51351368,121,179,
紀中,有田川町清水,51351369,123,181,
紀中,有田川町清水,51351378,119,176,
紀中,有田川町清水,51351379,121,178,
紀中,有田川町清水,51351400,139,205,
紀中,有田川町清水,51351401,140,－,
紀中,有田川町清水,51351402,138,204,
紀中,有田川町清水,51351403,140,206,
紀中,有田川町清水,51351410,131,193,
紀中,有田川町清水,51351411,133,197,
紀中,有田川町清水,51351412,136,201,
紀中,有田川町清水,51351413,138,204,
紀中,有田川町清水,51351420,131,193,
紀中,有田川町清水,51351421,131,193,
紀中,有田川町清水,51351422,146,－,
紀中,有田川町清水,51351430,127,188,
紀中,有田川町清水,51351431,129,190,
紀中,有田川町清水,51351432,146,－,
紀中,有田川町清水,51351440,127,187,
紀中,有田川町清水,51351441,127,188,
紀中,有田川町清水,51351450,126,186,
紀中,有田川町清水,51351460,125,184,
紀中,美浜町,50356055,113,167,
紀中,美浜町,50356065,115,170,
紀中,美浜町,50356066,115,170,
紀中,美浜町,50356067,115,170,
紀中,美浜町,50356068,116,171,
紀中,美浜町,50356069,129,－,
紀中,美浜町,50356076,116,171,
紀中,美浜町,50356077,116,172,
紀中,美浜町,50356078,118,174,
紀中,美浜町,50356079,118,174,
紀中,美浜町,50356151,129,－,
紀中,美浜町,50356160,129,－,
紀中,美浜町,50356161,129,－,
紀中,美浜町,50356170,118,174,
紀中,美浜町,50356171,129,－,
紀中,美浜町,50356180,118,174,
紀中,美浜町,50356181,119,175,
紀中,日高町,50356054,113,167,
紀中,日高町,50356064,114,169,
紀中,日高町,50356074,116,－,
紀中,日高町,50356075,116,171,
紀中,日高町,50356084,116,－,
紀中,日高町,50356085,116,171,
紀中,日高町,50356086,116,171,
紀中,日高町,50356087,121,179,
紀中,日高町,50356088,121,179,
紀中,日高町,50356089,118,174,
紀中,日高町,50356096,116,171,
紀中,日高町,50356097,116,172,
紀中,日高町,50356098,116,172,
紀中,日高町,50356099,118,174,
紀中,日高町,50356190,118,174,
紀中,日高町,50357005,118,－,
紀中,日高町,50357006,116,171,
紀中,日高町,50357007,118,174,
紀中,日高町,50357008,119,175,
紀中,日高町,50357009,118,174,
紀中,日高町,50357015,116,171,
紀中,日高町,50357016,118,174,
紀中,日高町,50357017,119,175,
紀中,日高町,50357018,121,178,
紀中,日高町,50357019,120,177,
紀中,日高町,50357026,118,174,
紀中,日高町,50357027,118,174,
紀中,日高町,50357028,120,177,
紀中,日高町,50357029,126,186,
紀中,日高町,50357036,118,174,
紀中,日高町,50357037,118,174,
紀中,日高町,50357038,119,176,
紀中,日高町,50357039,121,178,
紀中,日高町,50357100,125,184,
紀中,日高町,50357101,125,185,
紀中,日高町,50357102,121,179,
紀中,日高町,50357110,122,180,
紀中,日高町,50357111,122,180,
紀中,日高町,50357112,122,180,
紀中,日高町,50357120,122,180,
紀中,日高町,50357121,122,180,
紀中,日高町,50357122,122,180,
紀中,日高町,50357130,122,180,
紀中,日高町,50357131,122,180,
紀中,日高町,50357132,122,180,
紀中,日高町,50357141,121,179,
紀中,日高町,50357142,121,178,
紀中,日高町,50357143,121,178,
紀中,日高町,50357151,121,179,
紀中,日高町,50357152,121,178,
紀中,日高町,50357153,121,178,
紀中,日高町,50357162,121,179,
紀中,日高町,50357163,121,178,
紀中,日高町,50357173,120,177,
紀中,由良町,50357046,117,173,
紀中,由良町,50357047,119,175,
紀中,由良町,50357048,125,185,
紀中,由良町,50357049,123,182,
紀中,由良町,50357055,118,－,
紀中,由良町,50357056,118,174,
紀中,由良町,50357057,119,175,
紀中,由良町,50357058,121,179,
紀中,由良町,50357059,124,183,
紀中,由良町,50357066,116,172,
紀中,由良町,50357067,119,176,
紀中,由良町,50357068,121,179,
紀中,由良町,50357069,123,182,
紀中,由良町,50357075,117,173,
紀中,由良町,50357076,118,174,
紀中,由良町,50357077,120,177,
紀中,由良町,50357078,122,180,
紀中,由良町,50357079,123,181,
紀中,由良町,50357087,120,177,
紀中,由良町,50357088,121,179,
紀中,由良町,50357089,122,180,
紀中,由良町,50357097,121,－,
紀中,由良町,50357098,120,177,
紀中,由良町,50357099,120,177,
紀中,由良町,50357140,123,181,
紀中,由良町,50357150,124,183,
紀中,由良町,50357160,124,183,
紀中,由良町,50357161,127,188,
紀中,由良町,50357170,122,180,
紀中,由良町,50357171,122,180,
紀中,由良町,50357172,121,178,
紀中,由良町,50357180,121,179,
紀中,由良町,50357181,120,177,
紀中,由良町,50357182,124,183,
紀中,由良町,50357183,123,182,
紀中,由良町,50357190,118,174,
紀中,由良町,51350100,116,172,
紀中,印南町,50355138,121,178,
紀中,印南町,50355139,122,180,
紀中,印南町,50355148,121,178,
紀中,印南町,50355149,123,181,
紀中,印南町,50355158,126,－,
紀中,印南町,50355159,125,185,
紀中,印南町,50355167,117,173,
紀中,印南町,50355168,119,175,
紀中,印南町,50355169,126,186,
紀中,印南町,50355176,118,174,
紀中,印南町,50355177,120,177,
紀中,印南町,50355178,122,180,
紀中,印南町,50355179,122,180,
紀中,印南町,50355186,120,177,
紀中,印南町,50355187,121,179,
紀中,印南町,50355188,123,181,
紀中,印南町,50355189,122,180,
紀中,印南町,50355196,124,183,
紀中,印南町,50355197,121,178,
紀中,印南町,50355198,122,180,
紀中,印南町,50355199,126,186,
紀中,印南町,50355230,124,183,
紀中,印南町,50355240,126,186,
紀中,印南町,50355250,127,187,
紀中,印南町,50355260,127,187,
紀中,印南町,50355270,122,180,
紀中,印南町,50355271,123,181,
紀中,印南町,50355280,121,179,
紀中,印南町,50355281,128,189,
紀中,印南町,50355282,130,192,
紀中,印南町,50355283,131,194,
紀中,印南町,50355290,122,180,
紀中,印南町,50355291,125,184,
紀中,印南町,50355292,126,186,
紀中,印南町,50355293,133,197,
紀中,印南町,50356107,121,178,
紀中,印南町,50356108,122,180,
紀中,印南町,50356109,123,181,
紀中,印南町,50356116,120,177,
紀中,印南町,50356117,121,179,
紀中,印南町,50356118,123,181,
紀中,印南町,50356119,126,186,
紀中,印南町,50356126,126,186,
紀中,印南町,50356127,124,183,
紀中,印南町,50356128,125,185,
紀中,印南町,50356129,128,189,
紀中,印南町,50356135,121,178,
紀中,印南町,50356136,122,180,
紀中,印南町,50356137,124,183,
紀中,印南町,50356138,127,188,
紀中,印南町,50356139,128,189,
紀中,印南町,50356147,125,185,
紀中,印南町,50356148,126,186,
紀中,印南町,50356149,128,189,
紀中,印南町,50356156,129,190,
紀中,印南町,50356200,124,183,
紀中,印南町,50356201,127,187,
紀中,印南町,50356202,127,188,
紀中,印南町,50356203,131,193,
紀中,印南町,50356204,137,202,
紀中,印南町,50356210,127,188,
紀中,印南町,50356211,129,190,
紀中,印南町,50356212,129,190,
紀中,印南町,50356213,131,193,
紀中,印南町,50356214,132,195,
紀中,印南町,50356220,129,190,
紀中,印南町,50356221,130,192,
紀中,印南町,50356222,130,192,
紀中,印南町,50356223,132,195,
紀中,印南町,50356224,133,196,
紀中,印南町,50356230,129,190,
紀中,印南町,50356231,131,193,
紀中,印南町,50356232,136,201,
紀中,印南町,50356233,138,203,
紀中,印南町,50356234,138,203,
紀中,印南町,50356240,129,191,
紀中,印南町,50356241,136,201,
紀中,印南町,50356242,131,194,
紀中,印南町,50356243,138,203,
紀中,印南町,50356244,137,202,
紀中,印南町,50356245,132,195,
紀中,印南町,50356252,132,195,
紀中,印南町,50356253,131,194,
紀中,印南町,50356254,131,194,
紀中,印南町,50356255,131,194,
紀中,印南町,50356256,134,198,
紀中,印南町,50356257,137,202,
紀中,印南町,50356262,138,203,
紀中,印南町,50356263,137,202,
紀中,印南町,50356264,137,202,
紀中,印南町,50356265,137,202,
紀中,印南町,50356266,135,199,
紀中,印南町,50356267,139,205,
紀中,印南町,50356268,150,221,
紀中,印南町,50356269,148,219,
紀中,印南町,50356274,137,202,
紀中,印南町,50356275,139,205,
紀中,印南町,50356276,142,209,
紀中,印南町,50356277,142,209,
紀中,印南町,50356278,146,215,
紀中,印南町,50356279,148,219,
紀中,印南町,50356285,134,198,
紀中,印南町,50356286,142,210,
紀中,印南町,50356287,140,207,
紀中,印南町,50356288,144,213,
紀中,印南町,50356289,146,215,
紀中,印南町,50356297,140,207,
紀中,印南町,50356298,144,212,
紀中,印南町,50356299,146,215,
紀中,印南町,50356360,149,220,
紀中,印南町,50356361,154,227,
紀中,印南町,50356370,148,219,
紀中,印南町,50356371,153,226,
紀中,印南町,50356380,153,225,
紀中,印南町,50356381,152,224,
紀中,印南町,50356390,152,224,
紀中,印南町,50356391,152,224,
紀中,みなべ町,50354296,109,161,
紀中,みなべ町,50355205,119,176,
紀中,みなべ町,50355206,120,177,
紀中,みなべ町,50355213,125,185,
紀中,みなべ町,50355214,129,190,
紀中,みなべ町,50355215,120,177,
紀中,みなべ町,50355216,121,178,
紀中,みなべ町,50355217,122,180,
紀中,みなべ町,50355222,124,183,
紀中,みなべ町,50355223,121,179,
紀中,みなべ町,50355224,129,190,
紀中,みなべ町,50355225,132,195,
紀中,みなべ町,50355226,128,189,
紀中,みなべ町,50355227,129,190,
紀中,みなべ町,50355231,120,177,
紀中,みなべ町,50355232,120,177,
紀中,みなべ町,50355233,122,180,
紀中,みなべ町,50355234,129,191,
紀中,みなべ町,50355235,133,196,
紀中,みなべ町,50355236,129,190,
紀中,みなべ町,50355237,130,192,
紀中,みなべ町,50355241,122,180,
紀中,みなべ町,50355242,122,180,
紀中,みなべ町,50355243,122,180,
紀中,みなべ町,50355244,129,190,
紀中,みなべ町,50355245,126,186,
紀中,みなべ町,50355246,133,197,
紀中,みなべ町,50355247,129,191,
紀中,みなべ町,50355251,123,182,
紀中,みなべ町,50355252,124,183,
紀中,みなべ町,50355253,123,181,
紀中,みなべ町,50355254,129,190,
紀中,みなべ町,50355255,127,187,
紀中,みなべ町,50355256,128,189,
紀中,みなべ町,50355257,129,190,
紀中,みなべ町,50355261,124,183,
紀中,みなべ町,50355262,124,183,
紀中,みなべ町,50355263,125,184,
紀中,みなべ町,50355264,126,186,
紀中,みなべ町,50355265,127,187,
紀中,みなべ町,50355266,127,188,
紀中,みなべ町,50355267,128,189,
紀中,みなべ町,50355272,129,190,
紀中,みなべ町,50355273,131,193,
紀中,みなべ町,50355274,127,187,
紀中,みなべ町,50355275,127,188,
紀中,みなべ町,50355276,129,190,
紀中,みなべ町,50355277,129,190,
紀中,みなべ町,50355278,130,192,
紀中,みなべ町,50355284,133,197,
紀中,みなべ町,50355285,129,190,
紀中,みなべ町,50355286,129,191,
紀中,みなべ町,50355287,135,199,
紀中,みなべ町,50355288,131,193,
紀中,みなべ町,50355289,131,194,
紀中,みなべ町,50355294,135,199,
紀中,みなべ町,50355295,129,191,
紀中,みなべ町,50355296,129,191,
紀中,みなべ町,50355297,130,192,
紀中,みなべ町,50355298,131,193,
紀中,みなべ町,50355299,138,203,
紀中,みなべ町,50356205,137,202,
紀中,みなべ町,50356206,136,200,
紀中,みなべ町,50356207,132,195,
紀中,みなべ町,50356208,132,195,
紀中,みなべ町,50356209,134,198,
紀中,みなべ町,50356215,137,202,
紀中,みなべ町,50356216,131,194,
紀中,みなべ町,50356217,133,196,
紀中,みなべ町,50356218,134,198,
紀中,みなべ町,50356219,136,201,
紀中,みなべ町,50356225,138,203,
紀中,みなべ町,50356226,133,197,
紀中,みなべ町,50356227,135,199,
紀中,みなべ町,50356228,136,201,
紀中,みなべ町,50356229,138,203,
紀中,みなべ町,50356235,132,195,
紀中,みなべ町,50356236,132,195,
紀中,みなべ町,50356237,135,199,
紀中,みなべ町,50356238,137,202,
紀中,みなべ町,50356239,139,205,
紀中,みなべ町,50356246,133,196,
紀中,みなべ町,50356247,135,199,
紀中,みなべ町,50356248,138,203,
紀中,みなべ町,50356249,141,208,
紀中,みなべ町,50356258,140,207,
紀中,みなべ町,50356259,145,214,
紀中,みなべ町,50356300,136,201,
紀中,みなべ町,50356301,144,212,
紀中,みなべ町,50356302,142,209,
紀中,みなべ町,50356303,142,210,
紀中,みなべ町,50356310,138,203,
紀中,みなべ町,50356311,141,208,
紀中,みなべ町,50356312,144,212,
紀中,みなべ町,50356313,145,214,
紀中,みなべ町,50356314,146,215,
紀中,みなべ町,50356315,146,216,
紀中,みなべ町,50356316,148,219,
紀中,みなべ町,50356320,140,206,
紀中,みなべ町,50356321,143,211,
紀中,みなべ町,50356322,144,213,
紀中,みなべ町,50356323,144,213,
紀中,みなべ町,50356324,146,215,
紀中,みなべ町,50356325,148,218,
紀中,みなべ町,50356330,140,207,
紀中,みなべ町,50356331,144,212,
紀中,みなべ町,50356332,144,213,
紀中,みなべ町,50356333,145,214,
紀中,みなべ町,50356334,152,224,
紀中,みなべ町,50356340,148,219,
紀中,みなべ町,50356341,145,214,
紀中,みなべ町,50356342,146,215,
紀中,みなべ町,50356343,145,214,
紀中,みなべ町,50356350,147,217,
紀中,みなべ町,50356351,147,217,
紀中,みなべ町,50356352,146,215,
紀中,みなべ町,50356353,146,215,
紀中,日高川町川辺,50356157,126,186,
紀中,日高川町川辺,50356158,127,188,
紀中,日高川町川辺,50356159,133,197,
紀中,日高川町川辺,50356166,124,183,
紀中,日高川町川辺,50356167,126,186,
紀中,日高川町川辺,50356168,128,189,
紀中,日高川町川辺,50356169,130,192,
紀中,日高川町川辺,50356176,124,183,
紀中,日高川町川辺,50356177,128,189,
紀中,日高川町川辺,50356178,129,190,
紀中,日高川町川辺,50356179,130,192,
紀中,日高川町川辺,50356185,129,190,
紀中,日高川町川辺,50356186,124,183,
紀中,日高川町川辺,50356187,127,188,
紀中,日高川町川辺,50356188,134,198,
紀中,日高川町川辺,50356189,136,200,
紀中,日高川町川辺,50356194,128,189,
紀中,日高川町川辺,50356195,128,189,
紀中,日高川町川辺,50356196,129,190,
紀中,日高川町川辺,50356197,126,186,
紀中,日高川町川辺,50356198,127,188,
紀中,日高川町川辺,50356199,135,199,
紀中,日高川町川辺,50356250,130,192,
紀中,日高川町川辺,50356251,136,201,
紀中,日高川町川辺,50356260,137,202,
紀中,日高川町川辺,50356261,138,204,
紀中,日高川町川辺,50356270,133,196,
紀中,日高川町川辺,50356271,133,196,
紀中,日高川町川辺,50356272,133,196,
紀中,日高川町川辺,50356273,137,202,
紀中,日高川町川辺,50356280,137,202,
紀中,日高川町川辺,50356281,138,203,
紀中,日高川町川辺,50356282,137,202,
紀中,日高川町川辺,50356290,136,201,
紀中,日高川町川辺,50356291,136,200,
紀中,日高川町川辺,50357104,127,188,
紀中,日高川町川辺,50357105,127,187,
紀中,日高川町川辺,50357106,122,180,
紀中,日高川町川辺,50357107,125,184,
紀中,日高川町川辺,50357108,127,187,
紀中,日高川町川辺,50357109,130,192,
紀中,日高川町川辺,50357114,125,185,
紀中,日高川町川辺,50357115,125,184,
紀中,日高川町川辺,50357116,121,179,
紀中,日高川町川辺,50357117,124,183,
紀中,日高川町川辺,50357118,126,186,
紀中,日高川町川辺,50357119,129,191,
紀中,日高川町川辺,50357124,125,184,
紀中,日高川町川辺,50357125,124,183,
紀中,日高川町川辺,50357126,124,183,
紀中,日高川町川辺,50357127,127,187,
紀中,日高川町川辺,50357128,126,186,
紀中,日高川町川辺,50357129,129,190,
紀中,日高川町川辺,50357134,124,183,
紀中,日高川町川辺,50357135,125,185,
紀中,日高川町川辺,50357136,125,185,
紀中,日高川町川辺,50357137,126,186,
紀中,日高川町川辺,50357138,129,191,
紀中,日高川町川辺,50357139,126,186,
紀中,日高川町川辺,50357144,125,184,
紀中,日高川町川辺,50357145,126,186,
紀中,日高川町川辺,50357149,131,194,
紀中,日高川町川辺,50357200,131,193,
紀中,日高川町川辺,50357210,130,192,
紀中,日高川町川辺,50357211,135,199,
紀中,日高川町川辺,50357220,129,190,
紀中,日高川町川辺,50357221,129,190,
紀中,日高川町川辺,50357230,128,189,
紀中,日高川町川辺,50357240,129,190,
紀中,日高川町中津,50356283,136,201,
紀中,日高川町中津,50356284,137,202,
紀中,日高川町中津,50356292,136,201,
紀中,日高川町中津,50356293,138,203,
紀中,日高川町中津,50356294,139,205,
紀中,日高川町中津,50356295,136,200,
紀中,日高川町中津,50356296,142,210,
紀中,日高川町中津,50357201,135,199,
紀中,日高川町中津,50357202,131,194,
紀中,日高川町中津,50357203,133,196,
紀中,日高川町中津,50357204,136,200,
紀中,日高川町中津,50357205,137,202,
紀中,日高川町中津,50357206,143,211,
紀中,日高川町中津,50357207,146,215,
紀中,日高川町中津,50357208,149,220,
紀中,日高川町中津,50357212,131,193,
紀中,日高川町中津,50357213,134,198,
紀中,日高川町中津,50357214,137,202,
紀中,日高川町中津,50357215,137,202,
紀中,日高川町中津,50357216,142,210,
紀中,日高川町中津,50357217,142,209,
紀中,日高川町中津,50357218,144,213,
紀中,日高川町中津,50357222,130,192,
紀中,日高川町中津,50357223,133,197,
紀中,日高川町中津,50357224,140,207,
紀中,日高川町中津,50357225,136,201,
紀中,日高川町中津,50357226,142,210,
紀中,日高川町中津,50357227,146,215,
紀中,日高川町中津,50357231,129,190,
紀中,日高川町中津,50357232,135,199,
紀中,日高川町中津,50357233,131,194,
紀中,日高川町中津,50357234,133,197,
紀中,日高川町中津,50357235,139,205,
紀中,日高川町中津,50357236,142,209,
紀中,日高川町中津,50357237,139,205,
紀中,日高川町中津,50357241,129,191,
紀中,日高川町中津,50357242,131,194,
紀中,日高川町中津,50357243,131,194,
紀中,日高川町中津,50357244,131,194,
紀中,日高川町中津,50357245,133,196,
紀中,日高川町中津,50357246,136,200,
紀中,日高川町中津,50357247,144,－,
紀中,日高川町中津,50357250,135,199,
紀中,日高川町中津,50357251,131,194,
紀中,日高川町中津,50357252,132,195,
紀中,日高川町中津,50357253,131,194,
紀中,日高川町中津,50357254,131,193,
紀中,日高川町中津,50357255,138,203,
紀中,日高川町中津,50357256,142,209,
紀中,日高川町中津,50357257,143,211,
紀中,日高川町中津,50357261,135,199,
紀中,日高川町中津,50357262,137,202,
紀中,日高川町中津,50357263,131,193,
紀中,日高川町中津,50357264,135,199,
紀中,日高川町中津,50357265,133,196,
紀中,日高川町中津,50357266,136,200,
紀中,日高川町中津,50357267,142,209,
紀中,日高川町中津,50357271,129,190,
紀中,日高川町中津,50357272,129,191,
紀中,日高川町中津,50357273,133,197,
紀中,日高川町中津,50357274,135,－,
紀中,日高川町中津,50357275,131,194,
紀中,日高川町中津,50357276,133,197,
紀中,日高川町中津,50357277,136,200,
紀中,日高川町中津,50357281,127,187,
紀中,日高川町中津,50357282,127,188,
紀中,日高川町中津,50357283,128,189,
紀中,日高川町中津,50357284,133,197,
紀中,日高川町中津,50357285,131,193,
紀中,日高川町中津,50357286,133,196,
紀中,日高川町中津,50357287,135,199,
紀中,日高川町中津,50357292,127,188,
紀中,日高川町中津,50357293,128,189,
紀中,日高川町中津,50357294,133,197,
紀中,日高川町中津,50357295,131,193,
紀中,日高川町中津,50357296,133,197,
紀中,日高川町中津,51350202,132,195,
紀中,日高川町中津,51350203,133,196,
紀中,日高川町中津,51350204,135,199,
紀中,日高川町中津,51350205,133,196,
紀中,日高川町中津,51350206,141,208,
紀中,日高川町中津,51350207,142,210,
紀中,日高川町美山,50357209,150,222,
紀中,日高川町美山,50357219,150,222,
紀中,日高川町美山,50357228,150,－,
紀中,日高川町美山,50357229,150,222,
紀中,日高川町美山,50357238,142,209,
紀中,日高川町美山,50357239,148,218,
紀中,日高川町美山,50357248,144,212,
紀中,日高川町美山,50357249,140,206,
紀中,日高川町美山,50357258,137,202,
紀中,日高川町美山,50357259,138,203,
紀中,日高川町美山,50357268,136,201,
紀中,日高川町美山,50357269,138,203,
紀中,日高川町美山,50357278,137,202,
紀中,日高川町美山,50357279,138,204,
紀中,日高川町美山,50357288,137,202,
紀中,日高川町美山,50357289,139,205,
紀中,日高川町美山,50357297,136,200,
紀中,日高川町美山,50357298,138,203,
紀中,日高川町美山,50357299,145,214,
紀中,日高川町美山,50357300,151,223,
紀中,日高川町美山,50357301,186,－,
紀中,日高川町美山,50357310,146,215,
紀中,日高川町美山,50357311,186,－,
紀中,日高川町美山,50357320,150,221,
紀中,日高川町美山,50357321,150,221,
紀中,日高川町美山,50357322,148,219,
紀中,日高川町美山,50357327,156,230,
紀中,日高川町美山,50357330,143,211,
紀中,日高川町美山,50357331,182,－,
紀中,日高川町美山,50357332,182,－,
紀中,日高川町美山,50357333,146,216,
紀中,日高川町美山,50357334,143,211,
紀中,日高川町美山,50357336,152,224,
紀中,日高川町美山,50357337,155,228,
紀中,日高川町美山,50357338,153,226,
紀中,日高川町美山,50357339,150,221,
紀中,日高川町美山,50357340,141,208,
紀中,日高川町美山,50357341,142,210,
紀中,日高川町美山,50357342,142,209,
紀中,日高川町美山,50357343,141,208,
紀中,日高川町美山,50357344,147,217,
紀中,日高川町美山,50357345,146,215,
紀中,日高川町美山,50357346,152,224,
紀中,日高川町美山,50357347,157,232,
紀中,日高川町美山,50357348,157,231,
紀中,日高川町美山,50357349,153,225,
紀中,日高川町美山,50357350,141,208,
紀中,日高川町美山,50357351,142,209,
紀中,日高川町美山,50357352,140,207,
紀中,日高川町美山,50357353,145,214,
紀中,日高川町美山,50357354,146,215,
紀中,日高川町美山,50357355,150,221,
紀中,日高川町美山,50357356,150,221,
紀中,日高川町美山,50357357,155,228,
紀中,日高川町美山,50357358,157,231,
紀中,日高川町美山,50357359,156,230,
紀中,日高川町美山,50357360,139,205,
紀中,日高川町美山,50357361,145,214,
紀中,日高川町美山,50357362,139,205,
紀中,日高川町美山,50357363,139,205,
紀中,日高川町美山,50357364,140,206,
紀中,日高川町美山,50357365,144,212,
紀中,日高川町美山,50357366,148,218,
紀中,日高川町美山,50357367,153,225,
紀中,日高川町美山,50357368,155,228,
紀中,日高川町美山,50357369,162,239,
紀中,日高川町美山,50357370,139,205,
紀中,日高川町美山,50357371,139,205,
紀中,日高川町美山,50357372,139,205,
紀中,日高川町美山,50357373,139,205,
紀中,日高川町美山,50357374,140,207,
紀中,日高川町美山,50357375,144,212,
紀中,日高川町美山,50357376,148,219,
紀中,日高川町美山,50357377,153,225,
紀中,日高川町美山,50357378,157,231,
紀中,日高川町美山,50357379,160,236,
紀中,日高川町美山,50357380,139,205,
紀中,日高川町美山,50357381,144,212,
紀中,日高川町美山,50357382,139,205,
紀中,日高川町美山,50357383,144,213,
紀中,日高川町美山,50357384,146,215,
紀中,日高川町美山,50357385,150,222,
紀中,日高川町美山,50357386,157,231,
紀中,日高川町美山,50357387,155,229,
紀中,日高川町美山,50357388,170,－,
紀中,日高川町美山,50357389,163,241,
紀中,日高川町美山,50357390,146,216,
紀中,日高川町美山,50357391,142,210,
紀中,日高川町美山,50357392,141,208,
紀中,日高川町美山,50357393,140,207,
紀中,日高川町美山,50357394,143,211,
紀中,日高川町美山,50357395,155,228,
紀中,日高川町美山,50357396,161,237,
紀中,日高川町美山,50357397,161,237,
紀中,日高川町美山,50357398,168,248,
紀中,日高川町美山,50357399,170,251,
紀中,日高川町美山,50357440,151,223,
紀中,日高川町美山,50357441,200,－,
紀中,日高川町美山,50357450,155,228,
紀中,日高川町美山,50357451,155,228,
紀中,日高川町美山,50357452,156,230,
紀中,日高川町美山,50357460,158,233,
紀中,日高川町美山,50357461,158,233,
紀中,日高川町美山,50357462,159,234,
紀中,日高川町美山,50357463,165,243,
紀中,日高川町美山,50357470,162,239,
紀中,日高川町美山,50357471,162,239,
紀中,日高川町美山,50357472,161,237,
紀中,日高川町美山,50357480,170,250,
紀中,日高川町美山,50357481,171,252,
紀中,日高川町美山,50357482,204,－,
紀中,日高川町美山,50357490,204,－,
紀中,日高川町美山,50357491,204,－,
紀中,日高川町美山,50357492,204,－,
紀中,日高川町美山,51350208,144,212,
紀中,日高川町美山,51350209,146,216,
紀中,日高川町美山,51350300,148,218,
紀中,日高川町美山,51350301,144,212,
紀中,日高川町美山,51350302,142,209,
紀中,日高川町美山,51350303,142,209,
紀中,日高川町美山,51350304,157,－,
紀中,日高川町美山,51350305,157,232,
紀中,日高川町美山,51350306,163,241,
紀中,日高川町美山,51350307,167,247,
紀中,日高川町美山,51350308,169,249,
紀中,日高川町美山,51350309,169,249,
紀中,日高川町美山,51350312,146,215,
紀中,日高川町美山,51350313,142,209,
紀中,日高川町美山,51350314,146,215,
紀中,日高川町美山,51350315,157,231,
紀中,日高川町美山,51350316,157,232,
紀中,日高川町美山,51350317,165,243,
紀中,日高川町美山,51350318,166,245,
紀中,日高川町美山,51350319,165,243,
紀中,日高川町美山,51350323,145,214,
紀中,日高川町美山,51350324,148,219,
紀中,日高川町美山,51350325,155,228,
紀中,日高川町美山,51350326,154,227,
紀中,日高川町美山,51350327,163,240,
紀中,日高川町美山,51350328,163,241,
紀中,日高川町美山,51350329,163,240,
紀中,日高川町美山,51350334,147,217,
紀中,日高川町美山,51350335,153,225,
紀中,日高川町美山,51350336,158,233,
紀中,日高川町美山,51350337,163,240,
紀中,日高川町美山,51350338,163,240,
紀中,日高川町美山,51350339,161,238,
紀中,日高川町美山,51350346,157,231,
紀中,日高川町美山,51350400,170,250,
紀中,日高川町美山,51350401,204,－,
紀中,日高川町美山,51350402,204,－,
紀中,日高川町美山,51350410,165,244,
紀中,日高川町美山,51350411,164,242,
紀中,日高川町美山,51350412,166,245,
紀中,日高川町美山,51350420,204,－,
紀中,日高川町美山,51350421,204,－,
紀中,日高川町美山,51350430,204,－,
紀中,日高川町美山,51350440,159,234,
田辺・西牟婁,田辺市田辺,50354277,160,－,
田辺・西牟婁,田辺市田辺,50354278,158,211,
田辺・西牟婁,田辺市田辺,50354279,165,－,
田辺・西牟婁,田辺市田辺,50354287,160,－,
田辺・西牟婁,田辺市田辺,50354288,160,214,
田辺・西牟婁,田辺市田辺,50354289,156,209,
田辺・西牟婁,田辺市田辺,50354297,146,195,
田辺・西牟婁,田辺市田辺,50354298,154,206,
田辺・西牟婁,田辺市田辺,50354299,157,210,
田辺・西牟婁,田辺市田辺,50354321,157,210,
田辺・西牟婁,田辺市田辺,50354330,154,206,
田辺・西牟婁,田辺市田辺,50354331,157,210,
田辺・西牟婁,田辺市田辺,50354340,155,207,
田辺・西牟婁,田辺市田辺,50354341,157,210,
田辺・西牟婁,田辺市田辺,50354350,162,－,
田辺・西牟婁,田辺市田辺,50354351,157,210,
田辺・西牟婁,田辺市田辺,50354352,157,210,
田辺・西牟婁,田辺市田辺,50354360,162,217,
田辺・西牟婁,田辺市田辺,50354361,152,203,
田辺・西牟婁,田辺市田辺,50354362,157,210,
田辺・西牟婁,田辺市田辺,50354363,159,213,
田辺・西牟婁,田辺市田辺,50354370,165,221,
田辺・西牟婁,田辺市田辺,50354371,159,213,
田辺・西牟婁,田辺市田辺,50354372,159,213,
田辺・西牟婁,田辺市田辺,50354373,159,213,
田辺・西牟婁,田辺市田辺,50354374,163,218,
田辺・西牟婁,田辺市田辺,50354380,161,215,
田辺・西牟婁,田辺市田辺,50354381,170,227,
田辺・西牟婁,田辺市田辺,50354382,168,224,
田辺・西牟婁,田辺市田辺,50354383,166,222,
田辺・西牟婁,田辺市田辺,50354384,162,217,
田辺・西牟婁,田辺市田辺,50354390,162,216,
田辺・西牟婁,田辺市田辺,50354391,165,220,
田辺・西牟婁,田辺市田辺,50354392,162,217,
田辺・西牟婁,田辺市田辺,50354393,161,215,
田辺・西牟婁,田辺市田辺,50354394,162,216,
田辺・西牟婁,田辺市田辺,50354395,165,220,
田辺・西牟婁,田辺市田辺,50355207,147,197,
田辺・西牟婁,田辺市田辺,50355208,154,206,
田辺・西牟婁,田辺市田辺,50355209,157,210,
田辺・西牟婁,田辺市田辺,50355218,150,200,
田辺・西牟婁,田辺市田辺,50355219,157,210,
田辺・西牟婁,田辺市田辺,50355228,158,211,
田辺・西牟婁,田辺市田辺,50355229,158,211,
田辺・西牟婁,田辺市田辺,50355238,157,210,
田辺・西牟婁,田辺市田辺,50355239,156,209,
田辺・西牟婁,田辺市田辺,50355248,157,210,
田辺・西牟婁,田辺市田辺,50355249,157,210,
田辺・西牟婁,田辺市田辺,50355258,157,210,
田辺・西牟婁,田辺市田辺,50355259,147,196,
田辺・西牟婁,田辺市田辺,50355268,157,210,
田辺・西牟婁,田辺市田辺,50355269,160,214,
田辺・西牟婁,田辺市田辺,50355279,161,215,
田辺・西牟婁,田辺市田辺,50355300,162,216,
田辺・西牟婁,田辺市田辺,50355301,165,220,
田辺・西牟婁,田辺市田辺,50355302,163,218,
田辺・西牟婁,田辺市田辺,50355303,162,216,
田辺・西牟婁,田辺市田辺,50355304,163,218,
田辺・西牟婁,田辺市田辺,50355305,146,195,
田辺・西牟婁,田辺市田辺,50355306,165,221,
田辺・西牟婁,田辺市田辺,50355310,159,213,
田辺・西牟婁,田辺市田辺,50355311,162,216,
田辺・西牟婁,田辺市田辺,50355312,162,216,
田辺・西牟婁,田辺市田辺,50355313,163,218,
田辺・西牟婁,田辺市田辺,50355314,168,224,
田辺・西牟婁,田辺市田辺,50355315,150,201,
田辺・西牟婁,田辺市田辺,50355316,171,229,
田辺・西牟婁,田辺市田辺,50355320,158,211,
田辺・西牟婁,田辺市田辺,50355321,159,213,
田辺・西牟婁,田辺市田辺,50355322,161,215,
田辺・西牟婁,田辺市田辺,50355323,165,220,
田辺・西牟婁,田辺市田辺,50355324,164,219,
田辺・西牟婁,田辺市田辺,50355325,161,215,
田辺・西牟婁,田辺市田辺,50355326,175,234,
田辺・西牟婁,田辺市田辺,50355327,175,234,
田辺・西牟婁,田辺市田辺,50355330,150,201,
田辺・西牟婁,田辺市田辺,50355331,159,212,
田辺・西牟婁,田辺市田辺,50355332,162,217,
田辺・西牟婁,田辺市田辺,50355333,168,224,
田辺・西牟婁,田辺市田辺,50355334,173,231,
田辺・西牟婁,田辺市田辺,50355335,163,218,
田辺・西牟婁,田辺市田辺,50355336,177,236,
田辺・西牟婁,田辺市田辺,50355340,146,195,
田辺・西牟婁,田辺市田辺,50355341,154,206,
田辺・西牟婁,田辺市田辺,50355342,159,212,
田辺・西牟婁,田辺市田辺,50355343,176,235,
田辺・西牟婁,田辺市田辺,50355344,174,232,
田辺・西牟婁,田辺市田辺,50355345,170,227,
田辺・西牟婁,田辺市田辺,50355346,184,246,
田辺・西牟婁,田辺市田辺,50355347,178,238,
田辺・西牟婁,田辺市田辺,50355350,161,215,
田辺・西牟婁,田辺市田辺,50355351,163,218,
田辺・西牟婁,田辺市田辺,50355352,166,222,
田辺・西牟婁,田辺市田辺,50355353,173,231,
田辺・西牟婁,田辺市田辺,50355354,176,235,
田辺・西牟婁,田辺市田辺,50355355,171,228,
田辺・西牟婁,田辺市田辺,50355356,177,237,
田辺・西牟婁,田辺市田辺,50355357,185,247,
田辺・西牟婁,田辺市田辺,50355360,165,220,
田辺・西牟婁,田辺市田辺,50355361,165,221,
田辺・西牟婁,田辺市田辺,50355362,166,222,
田辺・西牟婁,田辺市田辺,50355363,171,228,
田辺・西牟婁,田辺市田辺,50355364,168,224,
田辺・西牟婁,田辺市田辺,50355365,175,234,
田辺・西牟婁,田辺市田辺,50355366,177,237,
田辺・西牟婁,田辺市田辺,50355367,179,239,
田辺・西牟婁,田辺市田辺,50355370,164,219,
田辺・西牟婁,田辺市田辺,50355371,165,221,
田辺・西牟婁,田辺市田辺,50355372,165,221,
田辺・西牟婁,田辺市田辺,50355373,168,225,
田辺・西牟婁,田辺市田辺,50355374,172,230,
田辺・西牟婁,田辺市田辺,50355375,174,233,
田辺・西牟婁,田辺市田辺,50355376,177,236,
田辺・西牟婁,田辺市田辺,50355377,180,241,
田辺・西牟婁,田辺市田辺,50355380,163,218,
田辺・西牟婁,田辺市田辺,50355381,165,220,
田辺・西牟婁,田辺市田辺,50355382,165,221,
田辺・西牟婁,田辺市田辺,50355383,168,225,
田辺・西牟婁,田辺市田辺,50355384,171,229,
田辺・西牟婁,田辺市田辺,50355385,174,232,
田辺・西牟婁,田辺市田辺,50355386,178,238,
田辺・西牟婁,田辺市田辺,50355387,189,252,
田辺・西牟婁,田辺市田辺,50355390,169,226,
田辺・西牟婁,田辺市田辺,50355391,165,221,
田辺・西牟婁,田辺市田辺,50355392,168,225,
田辺・西牟婁,田辺市田辺,50355393,170,227,
田辺・西牟婁,田辺市田辺,50355394,173,231,
田辺・西牟婁,田辺市田辺,50355395,176,235,
田辺・西牟婁,田辺市田辺,50355396,180,240,
田辺・西牟婁,田辺市田辺,50356304,176,235,
田辺・西牟婁,田辺市田辺,50356305,177,236,
田辺・西牟婁,田辺市田辺,50356306,180,241,
田辺・西牟婁,田辺市龍神,50356326,180,241,
田辺・西牟婁,田辺市龍神,50356335,184,－,
田辺・西牟婁,田辺市龍神,50356336,182,243,
田辺・西牟婁,田辺市龍神,50356337,189,252,
田辺・西牟婁,田辺市龍神,50356344,178,238,
田辺・西牟婁,田辺市龍神,50356345,184,246,
田辺・西牟婁,田辺市龍神,50356346,180,240,
田辺・西牟婁,田辺市龍神,50356347,188,251,
田辺・西牟婁,田辺市龍神,50356348,200,－,
田辺・西牟婁,田辺市龍神,50356349,200,－,
田辺・西牟婁,田辺市龍神,50356354,184,246,
田辺・西牟婁,田辺市龍神,50356355,185,247,
田辺・西牟婁,田辺市龍神,50356356,180,241,
田辺・西牟婁,田辺市龍神,50356357,181,242,
田辺・西牟婁,田辺市龍神,50356358,192,256,
田辺・西牟婁,田辺市龍神,50356359,194,259,
田辺・西牟婁,田辺市龍神,50356362,180,－,
田辺・西牟婁,田辺市龍神,50356363,177,237,
田辺・西牟婁,田辺市龍神,50356364,177,236,
田辺・西牟婁,田辺市龍神,50356365,177,237,
田辺・西牟婁,田辺市龍神,50356366,180,241,
田辺・西牟婁,田辺市龍神,50356367,189,253,
田辺・西牟婁,田辺市龍神,50356368,184,246,
田辺・西牟婁,田辺市龍神,50356369,187,250,
田辺・西牟婁,田辺市龍神,50356372,180,240,
田辺・西牟婁,田辺市龍神,50356373,179,239,
田辺・西牟婁,田辺市龍神,50356374,179,239,
田辺・西牟婁,田辺市龍神,50356375,178,238,
田辺・西牟婁,田辺市龍神,50356376,186,249,
田辺・西牟婁,田辺市龍神,50356377,182,243,
田辺・西牟婁,田辺市龍神,50356378,184,246,
田辺・西牟婁,田辺市龍神,50356379,186,249,
田辺・西牟婁,田辺市龍神,50356382,189,－,
田辺・西牟婁,田辺市龍神,50356383,189,－,
田辺・西牟婁,田辺市龍神,50356384,182,243,
田辺・西牟婁,田辺市龍神,50356385,181,242,
田辺・西牟婁,田辺市龍神,50356386,180,241,
田辺・西牟婁,田辺市龍神,50356387,180,241,
田辺・西牟婁,田辺市龍神,50356388,181,242,
田辺・西牟婁,田辺市龍神,50356389,183,244,
田辺・西牟婁,田辺市龍神,50356392,186,248,
田辺・西牟婁,田辺市龍神,50356393,189,252,
田辺・西牟婁,田辺市龍神,50356394,184,246,
田辺・西牟婁,田辺市龍神,50356395,185,247,
田辺・西牟婁,田辺市龍神,50356396,182,243,
田辺・西牟婁,田辺市龍神,50356397,179,239,
田辺・西牟婁,田辺市龍神,50356398,178,238,
田辺・西牟婁,田辺市龍神,50356399,180,240,
田辺・西牟婁,田辺市龍神,50356440,200,－,
田辺・西牟婁,田辺市龍神,50356441,200,－,
田辺・西牟婁,田辺市龍神,50356442,191,255,
田辺・西牟婁,田辺市龍神,50356443,196,262,
田辺・西牟婁,田辺市龍神,50356450,200,－,
田辺・西牟婁,田辺市龍神,50356451,198,264,
田辺・西牟婁,田辺市龍神,50356452,200,267,
田辺・西牟婁,田辺市龍神,50356453,204,273,
田辺・西牟婁,田辺市龍神,50356454,200,267,
田辺・西牟婁,田辺市龍神,50356460,188,251,
田辺・西牟婁,田辺市龍神,50356461,177,237,
田辺・西牟婁,田辺市龍神,50356462,194,259,
田辺・西牟婁,田辺市龍神,50356463,197,263,
田辺・西牟婁,田辺市龍神,50356464,198,264,
田辺・西牟婁,田辺市龍神,50356465,197,263,
田辺・西牟婁,田辺市龍神,50356470,174,233,
田辺・西牟婁,田辺市龍神,50356471,183,245,
田辺・西牟婁,田辺市龍神,50356472,193,258,
田辺・西牟婁,田辺市龍神,50356473,196,262,
田辺・西牟婁,田辺市龍神,50356474,196,262,
田辺・西牟婁,田辺市龍神,50356475,198,264,
田辺・西牟婁,田辺市龍神,50356476,206,275,
田辺・西牟婁,田辺市龍神,50356480,165,220,
田辺・西牟婁,田辺市龍神,50356481,173,231,
田辺・西牟婁,田辺市龍神,50356482,189,253,
田辺・西牟婁,田辺市龍神,50356483,192,257,
田辺・西牟婁,田辺市龍神,50356484,196,262,
田辺・西牟婁,田辺市龍神,50356485,200,267,
田辺・西牟婁,田辺市龍神,50356486,208,278,
田辺・西牟婁,田辺市龍神,50356487,212,283,
田辺・西牟婁,田辺市龍神,50356490,180,241,
田辺・西牟婁,田辺市龍神,50356491,189,252,
田辺・西牟婁,田辺市龍神,50356492,185,247,
田辺・西牟婁,田辺市龍神,50356493,196,262,
田辺・西牟婁,田辺市龍神,50356494,195,260,
田辺・西牟婁,田辺市龍神,50356495,206,275,
田辺・西牟婁,田辺市龍神,50356496,210,280,
田辺・西牟婁,田辺市龍神,50356497,206,275,
田辺・西牟婁,田辺市龍神,50356498,210,281,
田辺・西牟婁,田辺市龍神,50357302,185,247,
田辺・西牟婁,田辺市龍神,50357303,180,241,
田辺・西牟婁,田辺市龍神,50357304,184,246,
田辺・西牟婁,田辺市龍神,50357305,184,246,
田辺・西牟婁,田辺市龍神,50357306,183,244,
田辺・西牟婁,田辺市龍神,50357307,186,249,
田辺・西牟婁,田辺市龍神,50357308,178,238,
田辺・西牟婁,田辺市龍神,50357309,178,238,
田辺・西牟婁,田辺市龍神,50357312,184,246,
田辺・西牟婁,田辺市龍神,50357313,179,239,
田辺・西牟婁,田辺市龍神,50357314,180,241,
田辺・西牟婁,田辺市龍神,50357315,182,243,
田辺・西牟婁,田辺市龍神,50357316,189,252,
田辺・西牟婁,田辺市龍神,50357317,188,251,
田辺・西牟婁,田辺市龍神,50357318,186,249,
田辺・西牟婁,田辺市龍神,50357319,186,249,
田辺・西牟婁,田辺市龍神,50357323,182,243,
田辺・西牟婁,田辺市龍神,50357324,177,236,
田辺・西牟婁,田辺市龍神,50357325,180,240,
田辺・西牟婁,田辺市龍神,50357326,189,－,
田辺・西牟婁,田辺市龍神,50357328,189,252,
田辺・西牟婁,田辺市龍神,50357329,181,242,
田辺・西牟婁,田辺市龍神,50357335,179,239,
田辺・西牟婁,田辺市龍神,50357400,179,239,
田辺・西牟婁,田辺市龍神,50357401,180,240,
田辺・西牟婁,田辺市龍神,50357402,182,243,
田辺・西牟婁,田辺市龍神,50357403,187,250,
田辺・西牟婁,田辺市龍神,50357404,192,257,
田辺・西牟婁,田辺市龍神,50357405,204,273,
田辺・西牟婁,田辺市龍神,50357406,208,278,
田辺・西牟婁,田辺市龍神,50357407,204,272,
田辺・西牟婁,田辺市龍神,50357408,208,278,
田辺・西牟婁,田辺市龍神,50357410,180,240,
田辺・西牟婁,田辺市龍神,50357411,186,248,
田辺・西牟婁,田辺市龍神,50357412,183,245,
田辺・西牟婁,田辺市龍神,50357413,194,259,
田辺・西牟婁,田辺市龍神,50357414,192,257,
田辺・西牟婁,田辺市龍神,50357415,196,262,
田辺・西牟婁,田辺市龍神,50357416,198,265,
田辺・西牟婁,田辺市龍神,50357417,202,270,
田辺・西牟婁,田辺市龍神,50357418,206,275,
田辺・西牟婁,田辺市龍神,50357420,187,250,
田辺・西牟婁,田辺市龍神,50357421,189,252,
田辺・西牟婁,田辺市龍神,50357422,192,257,
田辺・西牟婁,田辺市龍神,50357423,191,255,
田辺・西牟婁,田辺市龍神,50357424,195,260,
田辺・西牟婁,田辺市龍神,50357425,196,262,
田辺・西牟婁,田辺市龍神,50357426,197,263,
田辺・西牟婁,田辺市龍神,50357427,212,－,
田辺・西牟婁,田辺市龍神,50357428,205,274,
田辺・西牟婁,田辺市龍神,50357430,189,252,
田辺・西牟婁,田辺市龍神,50357431,200,－,
田辺・西牟婁,田辺市龍神,50357432,200,－,
田辺・西牟婁,田辺市龍神,50357433,200,－,
田辺・西牟婁,田辺市龍神,50357434,196,262,
田辺・西牟婁,田辺市龍神,50357435,202,270,
田辺・西牟婁,田辺市龍神,50357436,196,262,
田辺・西牟婁,田辺市龍神,50357437,201,268,
田辺・西牟婁,田辺市龍神,50357438,212,283,
田辺・西牟婁,田辺市龍神,50357442,200,－,
田辺・西牟婁,田辺市龍神,50357443,200,267,
田辺・西牟婁,田辺市龍神,50357444,195,261,
田辺・西牟婁,田辺市龍神,50357445,195,261,
田辺・西牟婁,田辺市龍神,50357446,201,269,
田辺・西牟婁,田辺市龍神,50357447,206,275,
田辺・西牟婁,田辺市龍神,50357448,219,－,
田辺・西牟婁,田辺市龍神,50357449,219,293,
田辺・西牟婁,田辺市龍神,50357453,193,258,
田辺・西牟婁,田辺市龍神,50357454,196,262,
田辺・西牟婁,田辺市龍神,50357455,195,261,
田辺・西牟婁,田辺市龍神,50357456,195,260,
田辺・西牟婁,田辺市龍神,50357457,204,273,
田辺・西牟婁,田辺市龍神,50357458,219,－,
田辺・西牟婁,田辺市龍神,50357459,209,279,
田辺・西牟婁,田辺市龍神,50357464,197,263,
田辺・西牟婁,田辺市龍神,50357465,195,261,
田辺・西牟婁,田辺市龍神,50357466,193,258,
田辺・西牟婁,田辺市龍神,50357467,201,269,
田辺・西牟婁,田辺市龍神,50357468,200,267,
田辺・西牟婁,田辺市龍神,50357469,204,273,
田辺・西牟婁,田辺市龍神,50357473,204,－,
田辺・西牟婁,田辺市龍神,50357474,195,261,
田辺・西牟婁,田辺市龍神,50357475,194,259,
田辺・西牟婁,田辺市龍神,50357476,200,267,
田辺・西牟婁,田辺市龍神,50357477,201,268,
田辺・西牟婁,田辺市龍神,50357478,205,274,
田辺・西牟婁,田辺市龍神,50357479,213,－,
田辺・西牟婁,田辺市龍神,50357483,204,272,
田辺・西牟婁,田辺市龍神,50357484,194,259,
田辺・西牟婁,田辺市龍神,50357485,192,257,
田辺・西牟婁,田辺市龍神,50357486,199,266,
田辺・西牟婁,田辺市龍神,50357487,201,269,
田辺・西牟婁,田辺市龍神,50357488,207,276,
田辺・西牟婁,田辺市龍神,50357489,205,274,
田辺・西牟婁,田辺市龍神,50357493,198,265,
田辺・西牟婁,田辺市龍神,50357494,195,261,
田辺・西牟婁,田辺市龍神,50357495,194,259,
田辺・西牟婁,田辺市龍神,50357496,195,260,
田辺・西牟婁,田辺市龍神,50357497,198,265,
田辺・西牟婁,田辺市龍神,50357498,204,273,
田辺・西牟婁,田辺市龍神,50357499,208,278,
田辺・西牟婁,田辺市龍神,50357540,219,292,
田辺・西牟婁,田辺市龍神,50357550,217,290,
田辺・西牟婁,田辺市龍神,50357560,213,285,
田辺・西牟婁,田辺市龍神,50357570,205,274,
田辺・西牟婁,田辺市龍神,50357580,207,276,
田辺・西牟婁,田辺市龍神,51350403,201,268,
田辺・西牟婁,田辺市龍神,51350404,197,263,
田辺・西牟婁,田辺市龍神,51350405,203,271,
田辺・西牟婁,田辺市龍神,51350406,198,265,
田辺・西牟婁,田辺市龍神,51350407,202,270,
田辺・西牟婁,田辺市龍神,51350408,208,－,
田辺・西牟婁,田辺市龍神,51350409,208,278,
田辺・西牟婁,田辺市龍神,51350413,201,268,
田辺・西牟婁,田辺市龍神,51350414,198,265,
田辺・西牟婁,田辺市龍神,51350415,206,－,
田辺・西牟婁,田辺市龍神,51350416,206,275,
田辺・西牟婁,田辺市龍神,51350417,204,273,
田辺・西牟婁,田辺市龍神,51350418,208,278,
田辺・西牟婁,田辺市龍神,51350422,204,273,
田辺・西牟婁,田辺市龍神,51350423,204,273,
田辺・西牟婁,田辺市龍神,51350424,196,262,
田辺・西牟婁,田辺市龍神,51350425,203,271,
田辺・西牟婁,田辺市龍神,51350426,200,267,
田辺・西牟婁,田辺市龍神,51350431,204,－,
田辺・西牟婁,田辺市龍神,51350432,204,－,
田辺・西牟婁,田辺市龍神,51350433,204,－,
田辺・西牟婁,田辺市龍神,51350434,195,261,
田辺・西牟婁,田辺市龍神,51350435,197,263,
田辺・西牟婁,田辺市龍神,51350436,199,266,
田辺・西牟婁,田辺市龍神,51350437,201,268,
田辺・西牟婁,田辺市龍神,51350441,194,259,
田辺・西牟婁,田辺市龍神,51350442,187,250,
田辺・西牟婁,田辺市龍神,51350443,189,252,
田辺・西牟婁,田辺市龍神,51350444,192,257,
田辺・西牟婁,田辺市龍神,51350445,196,262,
田辺・西牟婁,田辺市龍神,51350446,204,272,
田辺・西牟婁,田辺市龍神,51350447,198,264,
田辺・西牟婁,田辺市龍神,51350451,192,256,
田辺・西牟婁,田辺市龍神,51350452,191,255,
田辺・西牟婁,田辺市龍神,51350453,186,248,
田辺・西牟婁,田辺市龍神,51350454,196,262,
田辺・西牟婁,田辺市龍神,51350455,192,256,
田辺・西牟婁,田辺市龍神,51350456,199,266,
田辺・西牟婁,田辺市龍神,51350463,182,243,
田辺・西牟婁,田辺市龍神,51350464,192,256,
田辺・西牟婁,田辺市龍神,51350465,193,258,
田辺・西牟婁,田辺市龍神,51350466,196,262,
田辺・西牟婁,田辺市龍神,51350473,186,248,
田辺・西牟婁,田辺市龍神,51350474,189,253,
田辺・西牟婁,田辺市中辺路,50354399,178,238,
田辺・西牟婁,田辺市中辺路,50355309,177,236,
田辺・西牟婁,田辺市中辺路,50355318,173,231,
田辺・西牟婁,田辺市中辺路,50355319,177,237,
田辺・西牟婁,田辺市中辺路,50355328,174,233,
田辺・西牟婁,田辺市中辺路,50355329,177,236,
田辺・西牟婁,田辺市中辺路,50355337,177,237,
田辺・西牟婁,田辺市中辺路,50355338,177,237,
田辺・西牟婁,田辺市中辺路,50355339,177,237,
田辺・西牟婁,田辺市中辺路,50355348,178,238,
田辺・西牟婁,田辺市中辺路,50355349,178,238,
田辺・西牟婁,田辺市中辺路,50355358,179,239,
田辺・西牟婁,田辺市中辺路,50355359,180,240,
田辺・西牟婁,田辺市中辺路,50355368,179,239,
田辺・西牟婁,田辺市中辺路,50355369,180,240,
田辺・西牟婁,田辺市中辺路,50355378,180,241,
田辺・西牟婁,田辺市中辺路,50355379,180,240,
田辺・西牟婁,田辺市中辺路,50355388,183,245,
田辺・西牟婁,田辺市中辺路,50355389,180,241,
田辺・西牟婁,田辺市中辺路,50355397,190,254,
田辺・西牟婁,田辺市中辺路,50355398,184,246,
田辺・西牟婁,田辺市中辺路,50355399,182,243,
田辺・西牟婁,田辺市中辺路,50355400,184,246,
田辺・西牟婁,田辺市中辺路,50355401,190,254,
田辺・西牟婁,田辺市中辺路,50355410,182,243,
田辺・西牟婁,田辺市中辺路,50355411,187,250,
田辺・西牟婁,田辺市中辺路,50355412,190,254,
田辺・西牟婁,田辺市中辺路,50355420,179,239,
田辺・西牟婁,田辺市中辺路,50355421,184,246,
田辺・西牟婁,田辺市中辺路,50355422,186,248,
田辺・西牟婁,田辺市中辺路,50355423,191,255,
田辺・西牟婁,田辺市中辺路,50355424,195,261,
田辺・西牟婁,田辺市中辺路,50355425,198,265,
田辺・西牟婁,田辺市中辺路,50355430,179,239,
田辺・西牟婁,田辺市中辺路,50355431,183,244,
田辺・西牟婁,田辺市中辺路,50355432,187,250,
田辺・西牟婁,田辺市中辺路,50355433,192,256,
田辺・西牟婁,田辺市中辺路,50355434,196,262,
田辺・西牟婁,田辺市中辺路,50355435,198,264,
田辺・西牟婁,田辺市中辺路,50355436,200,267,
田辺・西牟婁,田辺市中辺路,50355440,182,243,
田辺・西牟婁,田辺市中辺路,50355441,184,246,
田辺・西牟婁,田辺市中辺路,50355442,188,251,
田辺・西牟婁,田辺市中辺路,50355443,190,254,
田辺・西牟婁,田辺市中辺路,50355444,192,257,
田辺・西牟婁,田辺市中辺路,50355445,194,259,
田辺・西牟婁,田辺市中辺路,50355446,197,263,
田辺・西牟婁,田辺市中辺路,50355447,198,265,
田辺・西牟婁,田辺市中辺路,50355450,183,244,
田辺・西牟婁,田辺市中辺路,50355451,186,249,
田辺・西牟婁,田辺市中辺路,50355452,187,250,
田辺・西牟婁,田辺市中辺路,50355453,186,249,
田辺・西牟婁,田辺市中辺路,50355454,189,252,
田辺・西牟婁,田辺市中辺路,50355455,190,254,
田辺・西牟婁,田辺市中辺路,50355456,194,259,
田辺・西牟婁,田辺市中辺路,50355457,196,262,
田辺・西牟婁,田辺市中辺路,50355458,199,266,
田辺・西牟婁,田辺市中辺路,50355459,213,－,
田辺・西牟婁,田辺市中辺路,50355460,180,241,
田辺・西牟婁,田辺市中辺路,50355461,183,245,
田辺・西牟婁,田辺市中辺路,50355462,184,246,
田辺・西牟婁,田辺市中辺路,50355463,184,246,
田辺・西牟婁,田辺市中辺路,50355464,186,248,
田辺・西牟婁,田辺市中辺路,50355465,188,251,
田辺・西牟婁,田辺市中辺路,50355466,192,257,
田辺・西牟婁,田辺市中辺路,50355467,196,262,
田辺・西牟婁,田辺市中辺路,50355468,198,265,
田辺・西牟婁,田辺市中辺路,50355469,201,269,
田辺・西牟婁,田辺市中辺路,50355470,177,237,
田辺・西牟婁,田辺市中辺路,50355471,180,241,
田辺・西牟婁,田辺市中辺路,50355472,189,252,
田辺・西牟婁,田辺市中辺路,50355473,183,245,
田辺・西牟婁,田辺市中辺路,50355474,185,247,
田辺・西牟婁,田辺市中辺路,50355475,189,252,
田辺・西牟婁,田辺市中辺路,50355476,192,257,
田辺・西牟婁,田辺市中辺路,50355477,198,265,
田辺・西牟婁,田辺市中辺路,50355478,201,269,
田辺・西牟婁,田辺市中辺路,50355479,204,272,
田辺・西牟婁,田辺市中辺路,50355480,177,237,
田辺・西牟婁,田辺市中辺路,50355481,177,236,
田辺・西牟婁,田辺市中辺路,50355482,179,239,
田辺・西牟婁,田辺市中辺路,50355483,182,243,
田辺・西牟婁,田辺市中辺路,50355484,186,248,
田辺・西牟婁,田辺市中辺路,50355485,188,251,
田辺・西牟婁,田辺市中辺路,50355486,192,257,
田辺・西牟婁,田辺市中辺路,50355487,200,267,
田辺・西牟婁,田辺市中辺路,50355488,204,272,
田辺・西牟婁,田辺市中辺路,50355489,204,273,
田辺・西牟婁,田辺市中辺路,50355490,177,237,
田辺・西牟婁,田辺市中辺路,50355491,177,236,
田辺・西牟婁,田辺市中辺路,50355492,177,236,
田辺・西牟婁,田辺市中辺路,50355493,180,241,
田辺・西牟婁,田辺市中辺路,50355494,182,243,
田辺・西牟婁,田辺市中辺路,50355495,185,247,
田辺・西牟婁,田辺市中辺路,50355496,206,－,
田辺・西牟婁,田辺市中辺路,50355497,206,－,
田辺・西牟婁,田辺市中辺路,50355498,201,269,
田辺・西牟婁,田辺市中辺路,50355499,204,272,
田辺・西牟婁,田辺市中辺路,50355570,205,274,
田辺・西牟婁,田辺市中辺路,50355571,208,278,
田辺・西牟婁,田辺市中辺路,50355580,206,275,
田辺・西牟婁,田辺市中辺路,50355581,210,281,
田辺・西牟婁,田辺市中辺路,50355582,213,285,
田辺・西牟婁,田辺市中辺路,50355583,212,283,
田辺・西牟婁,田辺市中辺路,50355585,206,275,
田辺・西牟婁,田辺市中辺路,50355590,207,277,
田辺・西牟婁,田辺市中辺路,50355591,215,287,
田辺・西牟婁,田辺市中辺路,50355592,219,293,
田辺・西牟婁,田辺市中辺路,50355593,216,288,
田辺・西牟婁,田辺市中辺路,50355594,219,－,
田辺・西牟婁,田辺市中辺路,50355595,207,276,
田辺・西牟婁,田辺市中辺路,50356307,190,254,
田辺・西牟婁,田辺市中辺路,50356308,184,246,
田辺・西牟婁,田辺市中辺路,50356309,189,252,
田辺・西牟婁,田辺市中辺路,50356317,189,252,
田辺・西牟婁,田辺市中辺路,50356318,182,243,
田辺・西牟婁,田辺市中辺路,50356319,200,－,
田辺・西牟婁,田辺市中辺路,50356327,181,242,
田辺・西牟婁,田辺市中辺路,50356328,183,244,
田辺・西牟婁,田辺市中辺路,50356329,200,－,
田辺・西牟婁,田辺市中辺路,50356338,200,－,
田辺・西牟婁,田辺市中辺路,50356339,200,－,
田辺・西牟婁,田辺市中辺路,50356400,185,247,
田辺・西牟婁,田辺市中辺路,50356401,177,236,
田辺・西牟婁,田辺市中辺路,50356402,177,237,
田辺・西牟婁,田辺市中辺路,50356403,179,239,
田辺・西牟婁,田辺市中辺路,50356404,181,242,
田辺・西牟婁,田辺市中辺路,50356405,183,245,
田辺・西牟婁,田辺市中辺路,50356406,189,252,
田辺・西牟婁,田辺市中辺路,50356407,206,－,
田辺・西牟婁,田辺市中辺路,50356408,206,275,
田辺・西牟婁,田辺市中辺路,50356409,203,271,
田辺・西牟婁,田辺市中辺路,50356410,180,240,
田辺・西牟婁,田辺市中辺路,50356411,200,－,
田辺・西牟婁,田辺市中辺路,50356412,186,249,
田辺・西牟婁,田辺市中辺路,50356413,181,242,
田辺・西牟婁,田辺市中辺路,50356414,185,247,
田辺・西牟婁,田辺市中辺路,50356415,197,－,
田辺・西牟婁,田辺市中辺路,50356416,190,254,
田辺・西牟婁,田辺市中辺路,50356417,206,－,
田辺・西牟婁,田辺市中辺路,50356418,197,263,
田辺・西牟婁,田辺市中辺路,50356419,203,271,
田辺・西牟婁,田辺市中辺路,50356420,200,－,
田辺・西牟婁,田辺市中辺路,50356421,200,－,
田辺・西牟婁,田辺市中辺路,50356422,183,245,
田辺・西牟婁,田辺市中辺路,50356423,186,248,
田辺・西牟婁,田辺市中辺路,50356424,192,257,
田辺・西牟婁,田辺市中辺路,50356425,197,263,
田辺・西牟婁,田辺市中辺路,50356426,195,261,
田辺・西牟婁,田辺市中辺路,50356427,194,259,
田辺・西牟婁,田辺市中辺路,50356428,198,264,
田辺・西牟婁,田辺市中辺路,50356429,204,273,
田辺・西牟婁,田辺市中辺路,50356430,200,－,
田辺・西牟婁,田辺市中辺路,50356431,200,－,
田辺・西牟婁,田辺市中辺路,50356432,189,252,
田辺・西牟婁,田辺市中辺路,50356433,192,257,
田辺・西牟婁,田辺市中辺路,50356434,201,268,
田辺・西牟婁,田辺市中辺路,50356435,204,273,
田辺・西牟婁,田辺市中辺路,50356436,200,267,
田辺・西牟婁,田辺市中辺路,50356437,197,263,
田辺・西牟婁,田辺市中辺路,50356438,200,267,
田辺・西牟婁,田辺市中辺路,50356439,205,274,
田辺・西牟婁,田辺市中辺路,50356444,204,－,
田辺・西牟婁,田辺市中辺路,50356445,204,－,
田辺・西牟婁,田辺市中辺路,50356446,200,267,
田辺・西牟婁,田辺市中辺路,50356447,200,267,
田辺・西牟婁,田辺市中辺路,50356448,203,271,
田辺・西牟婁,田辺市中辺路,50356449,212,－,
田辺・西牟婁,田辺市中辺路,50356455,200,267,
田辺・西牟婁,田辺市中辺路,50356456,198,264,
田辺・西牟婁,田辺市中辺路,50356457,201,268,
田辺・西牟婁,田辺市中辺路,50356458,207,276,
田辺・西牟婁,田辺市中辺路,50356459,212,283,
田辺・西牟婁,田辺市中辺路,50356466,204,273,
田辺・西牟婁,田辺市中辺路,50356467,201,268,
田辺・西牟婁,田辺市中辺路,50356468,208,278,
田辺・西牟婁,田辺市中辺路,50356469,225,－,
田辺・西牟婁,田辺市中辺路,50356477,210,281,
田辺・西牟婁,田辺市中辺路,50356478,217,290,
田辺・西牟婁,田辺市中辺路,50356479,225,300,
田辺・西牟婁,田辺市中辺路,50356500,218,－,
田辺・西牟婁,田辺市中辺路,50356501,218,291,
田辺・西牟婁,田辺市中辺路,50356502,222,297,
田辺・西牟婁,田辺市中辺路,50356503,219,293,
田辺・西牟婁,田辺市中辺路,50356504,212,283,
田辺・西牟婁,田辺市中辺路,50356505,219,－,
田辺・西牟婁,田辺市中辺路,50356510,218,－,
田辺・西牟婁,田辺市中辺路,50356511,216,289,
田辺・西牟婁,田辺市中辺路,50356512,220,294,
田辺・西牟婁,田辺市中辺路,50356513,218,291,
田辺・西牟婁,田辺市中辺路,50356514,211,282,
田辺・西牟婁,田辺市中辺路,50356515,206,275,
田辺・西牟婁,田辺市中辺路,50356520,218,－,
田辺・西牟婁,田辺市中辺路,50356521,214,286,
田辺・西牟婁,田辺市中辺路,50356523,220,－,
田辺・西牟婁,田辺市中辺路,50356524,220,－,
田辺・西牟婁,田辺市中辺路,50356530,210,280,
田辺・西牟婁,田辺市中辺路,50356531,213,285,
田辺・西牟婁,田辺市中辺路,50356533,213,285,
田辺・西牟婁,田辺市中辺路,50356540,212,283,
田辺・西牟婁,田辺市中辺路,50356541,215,287,
田辺・西牟婁,田辺市大塔,50353487,208,278,
田辺・西牟婁,田辺市大塔,50353488,210,281,
田辺・西牟婁,田辺市大塔,50353489,211,282,
田辺・西牟婁,田辺市大塔,50353494,197,263,
田辺・西牟婁,田辺市大塔,50353495,196,262,
田辺・西牟婁,田辺市大塔,50353496,207,277,
田辺・西牟婁,田辺市大塔,50353497,207,277,
田辺・西牟婁,田辺市大塔,50353498,211,282,
田辺・西牟婁,田辺市大塔,50353499,213,285,
田辺・西牟婁,田辺市大塔,50353580,213,285,
田辺・西牟婁,田辺市大塔,50353581,216,288,
田辺・西牟婁,田辺市大塔,50353590,216,288,
田辺・西牟婁,田辺市大塔,50353591,219,293,
田辺・西牟婁,田辺市大塔,50354349,190,254,
田辺・西牟婁,田辺市大塔,50354359,182,243,
田辺・西牟婁,田辺市大塔,50354369,183,245,
田辺・西牟婁,田辺市大塔,50354378,177,236,
田辺・西牟婁,田辺市大塔,50354379,183,244,
田辺・西牟婁,田辺市大塔,50354389,180,241,
田辺・西牟婁,田辺市大塔,50354405,196,262,
田辺・西牟婁,田辺市大塔,50354406,207,276,
田辺・西牟婁,田辺市大塔,50354407,204,273,
田辺・西牟婁,田辺市大塔,50354408,214,－,
田辺・西牟婁,田辺市大塔,50354409,212,283,
田辺・西牟婁,田辺市大塔,50354414,192,257,
田辺・西牟婁,田辺市大塔,50354415,196,262,
田辺・西牟婁,田辺市大塔,50354416,198,264,
田辺・西牟婁,田辺市大塔,50354417,204,272,
田辺・西牟婁,田辺市大塔,50354418,208,278,
田辺・西牟婁,田辺市大塔,50354419,214,286,
田辺・西牟婁,田辺市大塔,50354424,193,258,
田辺・西牟婁,田辺市大塔,50354425,196,262,
田辺・西牟婁,田辺市大塔,50354426,199,266,
田辺・西牟婁,田辺市大塔,50354427,204,272,
田辺・西牟婁,田辺市大塔,50354428,208,278,
田辺・西牟婁,田辺市大塔,50354429,215,287,
田辺・西牟婁,田辺市大塔,50354432,195,－,
田辺・西牟婁,田辺市大塔,50354433,189,252,
田辺・西牟婁,田辺市大塔,50354434,202,270,
田辺・西牟婁,田辺市大塔,50354435,199,266,
田辺・西牟婁,田辺市大塔,50354436,202,270,
田辺・西牟婁,田辺市大塔,50354437,205,274,
田辺・西牟婁,田辺市大塔,50354438,211,282,
田辺・西牟婁,田辺市大塔,50354439,219,292,
田辺・西牟婁,田辺市大塔,50354440,192,257,
田辺・西牟婁,田辺市大塔,50354441,195,－,
田辺・西牟婁,田辺市大塔,50354442,187,250,
田辺・西牟婁,田辺市大塔,50354443,191,255,
田辺・西牟婁,田辺市大塔,50354444,196,262,
田辺・西牟婁,田辺市大塔,50354445,201,268,
田辺・西牟婁,田辺市大塔,50354446,204,272,
田辺・西牟婁,田辺市大塔,50354447,208,278,
田辺・西牟婁,田辺市大塔,50354448,216,288,
田辺・西牟婁,田辺市大塔,50354449,224,299,
田辺・西牟婁,田辺市大塔,50354450,186,248,
田辺・西牟婁,田辺市大塔,50354451,195,260,
田辺・西牟婁,田辺市大塔,50354452,189,252,
田辺・西牟婁,田辺市大塔,50354453,192,257,
田辺・西牟婁,田辺市大塔,50354454,197,263,
田辺・西牟婁,田辺市大塔,50354455,201,269,
田辺・西牟婁,田辺市大塔,50354456,205,274,
田辺・西牟婁,田辺市大塔,50354457,210,280,
田辺・西牟婁,田辺市大塔,50354458,218,291,
田辺・西牟婁,田辺市大塔,50354459,224,299,
田辺・西牟婁,田辺市大塔,50354460,187,250,
田辺・西牟婁,田辺市大塔,50354461,189,252,
田辺・西牟婁,田辺市大塔,50354462,190,254,
田辺・西牟婁,田辺市大塔,50354463,193,258,
田辺・西牟婁,田辺市大塔,50354464,196,262,
田辺・西牟婁,田辺市大塔,50354465,200,267,
田辺・西牟婁,田辺市大塔,50354466,204,273,
田辺・西牟婁,田辺市大塔,50354467,212,283,
田辺・西牟婁,田辺市大塔,50354468,219,293,
田辺・西牟婁,田辺市大塔,50354469,227,303,
田辺・西牟婁,田辺市大塔,50354470,187,250,
田辺・西牟婁,田辺市大塔,50354471,189,252,
田辺・西牟婁,田辺市大塔,50354472,192,257,
田辺・西牟婁,田辺市大塔,50354473,197,263,
田辺・西牟婁,田辺市大塔,50354474,198,265,
田辺・西牟婁,田辺市大塔,50354475,199,266,
田辺・西牟婁,田辺市大塔,50354476,206,275,
田辺・西牟婁,田辺市大塔,50354477,216,288,
田辺・西牟婁,田辺市大塔,50354478,222,297,
田辺・西牟婁,田辺市大塔,50354479,228,304,
田辺・西牟婁,田辺市大塔,50354480,184,246,
田辺・西牟婁,田辺市大塔,50354481,190,254,
田辺・西牟婁,田辺市大塔,50354482,195,261,
田辺・西牟婁,田辺市大塔,50354483,201,269,
田辺・西牟婁,田辺市大塔,50354484,201,268,
田辺・西牟婁,田辺市大塔,50354485,200,267,
田辺・西牟婁,田辺市大塔,50354486,205,274,
田辺・西牟婁,田辺市大塔,50354487,216,289,
田辺・西牟婁,田辺市大塔,50354488,225,301,
田辺・西牟婁,田辺市大塔,50354489,243,－,
田辺・西牟婁,田辺市大塔,50354490,184,246,
田辺・西牟婁,田辺市大塔,50354491,191,255,
田辺・西牟婁,田辺市大塔,50354492,200,267,
田辺・西牟婁,田辺市大塔,50354493,204,273,
田辺・西牟婁,田辺市大塔,50354494,201,269,
田辺・西牟婁,田辺市大塔,50354495,200,267,
田辺・西牟婁,田辺市大塔,50354496,204,273,
田辺・西牟婁,田辺市大塔,50354497,216,289,
田辺・西牟婁,田辺市大塔,50354498,226,302,
田辺・西牟婁,田辺市大塔,50354499,228,304,
田辺・西牟婁,田辺市大塔,50354500,224,299,
田辺・西牟婁,田辺市大塔,50354501,229,－,
田辺・西牟婁,田辺市大塔,50354510,219,292,
田辺・西牟婁,田辺市大塔,50354511,222,297,
田辺・西牟婁,田辺市大塔,50354520,228,304,
田辺・西牟婁,田辺市大塔,50354521,229,－,
田辺・西牟婁,田辺市大塔,50354530,224,299,
田辺・西牟婁,田辺市大塔,50354531,228,304,
田辺・西牟婁,田辺市大塔,50354532,229,306,
田辺・西牟婁,田辺市大塔,50354533,228,304,
田辺・西牟婁,田辺市大塔,50354534,225,301,
田辺・西牟婁,田辺市大塔,50354540,228,304,
田辺・西牟婁,田辺市大塔,50354541,231,308,
田辺・西牟婁,田辺市大塔,50354542,242,323,
田辺・西牟婁,田辺市大塔,50354543,233,311,
田辺・西牟婁,田辺市大塔,50354544,231,308,
田辺・西牟婁,田辺市大塔,50354550,228,305,
田辺・西牟婁,田辺市大塔,50354551,232,310,
田辺・西牟婁,田辺市大塔,50354552,236,315,
田辺・西牟婁,田辺市大塔,50354553,235,314,
田辺・西牟婁,田辺市大塔,50354554,232,310,
田辺・西牟婁,田辺市大塔,50354555,231,308,
田辺・西牟婁,田辺市大塔,50354560,231,309,
田辺・西牟婁,田辺市大塔,50354561,234,313,
田辺・西牟婁,田辺市大塔,50354562,252,－,
田辺・西牟婁,田辺市大塔,50354563,252,－,
田辺・西牟婁,田辺市大塔,50354564,252,－,
田辺・西牟婁,田辺市大塔,50354565,252,－,
田辺・西牟婁,田辺市大塔,50354566,252,－,
田辺・西牟婁,田辺市大塔,50354570,240,320,
田辺・西牟婁,田辺市大塔,50354571,243,324,
田辺・西牟婁,田辺市大塔,50354572,252,－,
田辺・西牟婁,田辺市大塔,50354573,252,－,
田辺・西牟婁,田辺市大塔,50354574,252,－,
田辺・西牟婁,田辺市大塔,50354575,236,315,
田辺・西牟婁,田辺市大塔,50354576,252,－,
田辺・西牟婁,田辺市大塔,50354580,243,－,
田辺・西牟婁,田辺市大塔,50354581,243,324,
田辺・西牟婁,田辺市大塔,50354582,252,－,
田辺・西牟婁,田辺市大塔,50354583,252,－,
田辺・西牟婁,田辺市大塔,50354584,252,336,
田辺・西牟婁,田辺市大塔,50354585,247,330,
田辺・西牟婁,田辺市大塔,50354590,230,307,
田辺・西牟婁,田辺市大塔,50354591,234,312,
田辺・西牟婁,田辺市大塔,50354592,236,315,
田辺・西牟婁,田辺市大塔,50354593,242,323,
田辺・西牟婁,田辺市大塔,50354594,252,337,
田辺・西牟婁,田辺市大塔,50354595,242,323,
田辺・西牟婁,田辺市大塔,50355402,196,262,
田辺・西牟婁,田辺市大塔,50355403,200,267,
田辺・西牟婁,田辺市大塔,50355404,198,265,
田辺・西牟婁,田辺市大塔,50355405,197,263,
田辺・西牟婁,田辺市大塔,50355406,201,269,
田辺・西牟婁,田辺市大塔,50355407,212,283,
田辺・西牟婁,田辺市大塔,50355408,220,294,
田辺・西牟婁,田辺市大塔,50355409,224,299,
田辺・西牟婁,田辺市大塔,50355413,193,258,
田辺・西牟婁,田辺市大塔,50355414,200,－,
田辺・西牟婁,田辺市大塔,50355415,198,264,
田辺・西牟婁,田辺市大塔,50355416,201,268,
田辺・西牟婁,田辺市大塔,50355417,206,275,
田辺・西牟婁,田辺市大塔,50355418,214,286,
田辺・西牟婁,田辺市大塔,50355419,218,291,
田辺・西牟婁,田辺市大塔,50355426,201,268,
田辺・西牟婁,田辺市大塔,50355427,204,272,
田辺・西牟婁,田辺市大塔,50355428,208,278,
田辺・西牟婁,田辺市大塔,50355429,219,292,
田辺・西牟婁,田辺市大塔,50355437,201,269,
田辺・西牟婁,田辺市大塔,50355438,206,275,
田辺・西牟婁,田辺市大塔,50355439,210,280,
田辺・西牟婁,田辺市大塔,50355448,203,271,
田辺・西牟婁,田辺市大塔,50355449,213,285,
田辺・西牟婁,田辺市大塔,50355500,226,302,
田辺・西牟婁,田辺市大塔,50355501,228,304,
田辺・西牟婁,田辺市大塔,50355502,231,309,
田辺・西牟婁,田辺市大塔,50355503,237,316,
田辺・西牟婁,田辺市大塔,50355504,249,332,
田辺・西牟婁,田辺市大塔,50355510,222,296,
田辺・西牟婁,田辺市大塔,50355511,231,－,
田辺・西牟婁,田辺市大塔,50355512,228,304,
田辺・西牟婁,田辺市大塔,50355513,249,－,
田辺・西牟婁,田辺市大塔,50355520,231,－,
田辺・西牟婁,田辺市大塔,50355521,231,－,
田辺・西牟婁,田辺市大塔,50355522,222,296,
田辺・西牟婁,田辺市大塔,50355523,249,－,
田辺・西牟婁,田辺市大塔,50355530,212,283,
田辺・西牟婁,田辺市大塔,50355531,214,286,
田辺・西牟婁,田辺市大塔,50355532,219,292,
田辺・西牟婁,田辺市大塔,50355533,249,－,
田辺・西牟婁,田辺市大塔,50355540,207,276,
田辺・西牟婁,田辺市大塔,50355541,218,291,
田辺・西牟婁,田辺市大塔,50355542,217,290,
田辺・西牟婁,田辺市大塔,50355550,206,275,
田辺・西牟婁,田辺市大塔,50355551,210,280,
田辺・西牟婁,田辺市大塔,50355552,215,287,
田辺・西牟婁,田辺市大塔,50355560,204,273,
田辺・西牟婁,田辺市大塔,50355561,209,279,
田辺・西牟婁,田辺市本宮,50354577,252,－,
田辺・西牟婁,田辺市本宮,50354586,233,311,
田辺・西牟婁,田辺市本宮,50354587,239,319,
田辺・西牟婁,田辺市本宮,50354588,252,－,
田辺・西牟婁,田辺市本宮,50354589,252,－,
田辺・西牟婁,田辺市本宮,50354596,243,325,
田辺・西牟婁,田辺市本宮,50354597,237,316,
田辺・西牟婁,田辺市本宮,50354598,252,－,
田辺・西牟婁,田辺市本宮,50354599,224,299,
田辺・西牟婁,田辺市本宮,50355505,244,326,
田辺・西牟婁,田辺市本宮,50355506,238,318,
田辺・西牟婁,田辺市本宮,50355507,234,312,
田辺・西牟婁,田辺市本宮,50355508,252,－,
田辺・西牟婁,田辺市本宮,50355509,252,－,
田辺・西牟婁,田辺市本宮,50355514,240,320,
田辺・西牟婁,田辺市本宮,50355515,235,314,
田辺・西牟婁,田辺市本宮,50355516,231,309,
田辺・西牟婁,田辺市本宮,50355517,228,305,
田辺・西牟婁,田辺市本宮,50355518,252,－,
田辺・西牟婁,田辺市本宮,50355519,252,－,
田辺・西牟婁,田辺市本宮,50355524,222,297,
田辺・西牟婁,田辺市本宮,50355525,249,－,
田辺・西牟婁,田辺市本宮,50355526,249,－,
田辺・西牟婁,田辺市本宮,50355527,222,296,
田辺・西牟婁,田辺市本宮,50355528,219,292,
田辺・西牟婁,田辺市本宮,50355529,211,282,
田辺・西牟婁,田辺市本宮,50355534,249,－,
田辺・西牟婁,田辺市本宮,50355535,249,－,
田辺・西牟婁,田辺市本宮,50355536,249,－,
田辺・西牟婁,田辺市本宮,50355537,219,292,
田辺・西牟婁,田辺市本宮,50355538,219,292,
田辺・西牟婁,田辺市本宮,50355539,219,293,
田辺・西牟婁,田辺市本宮,50355543,249,－,
田辺・西牟婁,田辺市本宮,50355544,249,－,
田辺・西牟婁,田辺市本宮,50355545,249,－,
田辺・西牟婁,田辺市本宮,50355546,249,－,
田辺・西牟婁,田辺市本宮,50355547,249,－,
田辺・西牟婁,田辺市本宮,50355548,221,295,
田辺・西牟婁,田辺市本宮,50355549,218,291,
田辺・西牟婁,田辺市本宮,50355553,218,291,
田辺・西牟婁,田辺市本宮,50355554,218,291,
田辺・西牟婁,田辺市本宮,50355555,213,285,
田辺・西牟婁,田辺市本宮,50355556,249,－,
田辺・西牟婁,田辺市本宮,50355557,210,281,
田辺・西牟婁,田辺市本宮,50355558,216,289,
田辺・西牟婁,田辺市本宮,50355559,221,295,
田辺・西牟婁,田辺市本宮,50355562,213,284,
田辺・西牟婁,田辺市本宮,50355563,214,286,
田辺・西牟婁,田辺市本宮,50355564,215,287,
田辺・西牟婁,田辺市本宮,50355565,249,－,
田辺・西牟婁,田辺市本宮,50355566,207,276,
田辺・西牟婁,田辺市本宮,50355567,208,278,
田辺・西牟婁,田辺市本宮,50355568,212,283,
田辺・西牟婁,田辺市本宮,50355569,215,287,
田辺・西牟婁,田辺市本宮,50355572,212,283,
田辺・西牟婁,田辺市本宮,50355573,212,283,
田辺・西牟婁,田辺市本宮,50355574,211,282,
田辺・西牟婁,田辺市本宮,50355575,206,275,
田辺・西牟婁,田辺市本宮,50355576,204,273,
田辺・西牟婁,田辺市本宮,50355577,204,273,
田辺・西牟婁,田辺市本宮,50355578,205,274,
田辺・西牟婁,田辺市本宮,50355579,207,277,
田辺・西牟婁,田辺市本宮,50355584,208,278,
田辺・西牟婁,田辺市本宮,50355586,203,271,
田辺・西牟婁,田辺市本宮,50355587,203,271,
田辺・西牟婁,田辺市本宮,50355588,200,267,
田辺・西牟婁,田辺市本宮,50355589,200,267,
田辺・西牟婁,田辺市本宮,50355596,204,273,
田辺・西牟婁,田辺市本宮,50355597,202,270,
田辺・西牟婁,田辺市本宮,50355598,200,267,
田辺・西牟婁,田辺市本宮,50355599,201,268,
田辺・西牟婁,田辺市本宮,50355610,213,284,
田辺・西牟婁,田辺市本宮,50355620,210,281,
田辺・西牟婁,田辺市本宮,50355621,219,－,
田辺・西牟婁,田辺市本宮,50355622,219,－,
田辺・西牟婁,田辺市本宮,50355623,219,－,
田辺・西牟婁,田辺市本宮,50355630,219,－,
田辺・西牟婁,田辺市本宮,50355631,219,－,
田辺・西牟婁,田辺市本宮,50355632,209,279,
田辺・西牟婁,田辺市本宮,50355633,219,－,
田辺・西牟婁,田辺市本宮,50355640,216,288,
田辺・西牟婁,田辺市本宮,50355641,210,281,
田辺・西牟婁,田辺市本宮,50355642,208,278,
田辺・西牟婁,田辺市本宮,50355643,208,278,
田辺・西牟婁,田辺市本宮,50355644,219,－,
田辺・西牟婁,田辺市本宮,50355650,217,290,
田辺・西牟婁,田辺市本宮,50355651,210,281,
田辺・西牟婁,田辺市本宮,50355652,213,－,
田辺・西牟婁,田辺市本宮,50355653,213,285,
田辺・西牟婁,田辺市本宮,50355654,213,285,
田辺・西牟婁,田辺市本宮,50355655,214,286,
田辺・西牟婁,田辺市本宮,50355660,212,283,
田辺・西牟婁,田辺市本宮,50355661,207,277,
田辺・西牟婁,田辺市本宮,50355662,204,272,
田辺・西牟婁,田辺市本宮,50355663,204,273,
田辺・西牟婁,田辺市本宮,50355664,212,283,
田辺・西牟婁,田辺市本宮,50355665,214,－,
田辺・西牟婁,田辺市本宮,50355670,204,273,
田辺・西牟婁,田辺市本宮,50355671,203,271,
田辺・西牟婁,田辺市本宮,50355672,201,269,
田辺・西牟婁,田辺市本宮,50355673,210,280,
田辺・西牟婁,田辺市本宮,50355674,214,－,
田辺・西牟婁,田辺市本宮,50355675,214,－,
田辺・西牟婁,田辺市本宮,50355680,201,268,
田辺・西牟婁,田辺市本宮,50355681,202,270,
田辺・西牟婁,田辺市本宮,50355682,201,269,
田辺・西牟婁,田辺市本宮,50355683,201,269,
田辺・西牟婁,田辺市本宮,50355684,207,277,
田辺・西牟婁,田辺市本宮,50355685,208,278,
田辺・西牟婁,田辺市本宮,50355690,204,273,
田辺・西牟婁,田辺市本宮,50355691,206,275,
田辺・西牟婁,田辺市本宮,50355692,204,272,
田辺・西牟婁,田辺市本宮,50355693,208,278,
田辺・西牟婁,田辺市本宮,50355694,205,274,
田辺・西牟婁,田辺市本宮,50356506,204,273,
田辺・西牟婁,田辺市本宮,50356507,202,270,
田辺・西牟婁,田辺市本宮,50356508,198,265,
田辺・西牟婁,田辺市本宮,50356509,201,268,
田辺・西牟婁,田辺市本宮,50356516,210,280,
田辺・西牟婁,田辺市本宮,50356517,210,－,
田辺・西牟婁,田辺市本宮,50356518,198,265,
田辺・西牟婁,田辺市本宮,50356519,199,266,
田辺・西牟婁,田辺市本宮,50356522,216,289,
田辺・西牟婁,田辺市本宮,50356525,204,273,
田辺・西牟婁,田辺市本宮,50356526,209,279,
田辺・西牟婁,田辺市本宮,50356527,200,267,
田辺・西牟婁,田辺市本宮,50356528,198,265,
田辺・西牟婁,田辺市本宮,50356529,196,262,
田辺・西牟婁,田辺市本宮,50356532,215,287,
田辺・西牟婁,田辺市本宮,50356534,209,279,
田辺・西牟婁,田辺市本宮,50356535,205,274,
田辺・西牟婁,田辺市本宮,50356536,202,270,
田辺・西牟婁,田辺市本宮,50356537,201,268,
田辺・西牟婁,田辺市本宮,50356538,199,266,
田辺・西牟婁,田辺市本宮,50356539,196,262,
田辺・西牟婁,田辺市本宮,50356542,216,288,
田辺・西牟婁,田辺市本宮,50356543,213,285,
田辺・西牟婁,田辺市本宮,50356544,209,279,
田辺・西牟婁,田辺市本宮,50356545,213,284,
田辺・西牟婁,田辺市本宮,50356546,209,279,
田辺・西牟婁,田辺市本宮,50356547,209,279,
田辺・西牟婁,田辺市本宮,50356548,201,268,
田辺・西牟婁,田辺市本宮,50356549,208,－,
田辺・西牟婁,田辺市本宮,50356552,217,290,
田辺・西牟婁,田辺市本宮,50356553,215,287,
田辺・西牟婁,田辺市本宮,50356554,224,－,
田辺・西牟婁,田辺市本宮,50356555,212,283,
田辺・西牟婁,田辺市本宮,50356556,209,279,
田辺・西牟婁,田辺市本宮,50356557,208,278,
田辺・西牟婁,田辺市本宮,50356558,208,278,
田辺・西牟婁,田辺市本宮,50356559,208,－,
田辺・西牟婁,田辺市本宮,50356563,224,299,
田辺・西牟婁,田辺市本宮,50356564,212,283,
田辺・西牟婁,田辺市本宮,50356565,213,284,
田辺・西牟婁,田辺市本宮,50356566,217,－,
田辺・西牟婁,田辺市本宮,50356567,217,－,
田辺・西牟婁,田辺市本宮,50356568,202,270,
田辺・西牟婁,田辺市本宮,50356569,205,274,
田辺・西牟婁,田辺市本宮,50356573,227,303,
田辺・西牟婁,田辺市本宮,50356574,213,284,
田辺・西牟婁,田辺市本宮,50356575,216,289,
田辺・西牟婁,田辺市本宮,50356576,217,290,
田辺・西牟婁,田辺市本宮,50356577,214,286,
田辺・西牟婁,田辺市本宮,50356578,217,－,
田辺・西牟婁,田辺市本宮,50356600,204,273,
田辺・西牟婁,田辺市本宮,50356601,208,278,
田辺・西牟婁,田辺市本宮,50356602,204,273,
田辺・西牟婁,田辺市本宮,50356603,198,264,
田辺・西牟婁,田辺市本宮,50356610,201,269,
田辺・西牟婁,田辺市本宮,50356611,203,271,
田辺・西牟婁,田辺市本宮,50356612,201,269,
田辺・西牟婁,田辺市本宮,50356620,196,262,
田辺・西牟婁,田辺市本宮,50356621,197,263,
田辺・西牟婁,田辺市本宮,50356622,196,262,
田辺・西牟婁,田辺市本宮,50356630,194,259,
田辺・西牟婁,田辺市本宮,50356631,192,257,
田辺・西牟婁,田辺市本宮,50356632,193,258,
田辺・西牟婁,田辺市本宮,50356633,196,262,
田辺・西牟婁,田辺市本宮,50356640,193,258,
田辺・西牟婁,田辺市本宮,50356641,198,265,
田辺・西牟婁,田辺市本宮,50356642,193,258,
田辺・西牟婁,田辺市本宮,50356643,196,262,
田辺・西牟婁,田辺市本宮,50356650,193,258,
田辺・西牟婁,田辺市本宮,50356651,192,257,
田辺・西牟婁,田辺市本宮,50356652,194,259,
田辺・西牟婁,田辺市本宮,50356653,200,－,
田辺・西牟婁,田辺市本宮,50356661,195,261,
田辺・西牟婁,田辺市本宮,50356662,200,－,
田辺・西牟婁,田辺市本宮,50356663,200,－,
田辺・西牟婁,白浜町,50352355,162,－,
田辺・西牟婁,白浜町,50352356,159,213,
田辺・西牟婁,白浜町,50352365,162,216,
田辺・西牟婁,白浜町,50352366,162,216,
田辺・西牟婁,白浜町,50352367,157,210,
田辺・西牟婁,白浜町,50352374,162,－,
田辺・西牟婁,白浜町,50352375,159,212,
田辺・西牟婁,白浜町,50352376,165,220,
田辺・西牟婁,白浜町,50352377,165,220,
田辺・西牟婁,白浜町,50352383,162,217,
田辺・西牟婁,白浜町,50352384,159,212,
田辺・西牟婁,白浜町,50352385,159,213,
田辺・西牟婁,白浜町,50352386,159,213,
田辺・西牟婁,白浜町,50352387,166,222,
田辺・西牟婁,白浜町,50352392,165,－,
田辺・西牟婁,白浜町,50352393,157,210,
田辺・西牟婁,白浜町,50352394,159,212,
田辺・西牟婁,白浜町,50352395,167,223,
田辺・西牟婁,白浜町,50352396,160,214,
田辺・西牟婁,白浜町,50352397,160,214,
田辺・西牟婁,白浜町,50352398,162,216,
田辺・西牟婁,白浜町,50353287,153,－,
田辺・西牟婁,白浜町,50353288,151,202,
田辺・西牟婁,白浜町,50353289,159,213,
田辺・西牟婁,白浜町,50353296,148,198,
田辺・西牟婁,白浜町,50353297,150,201,
田辺・西牟婁,白浜町,50353298,153,204,
田辺・西牟婁,白浜町,50353299,154,206,
田辺・西牟婁,白浜町,50353301,158,211,
田辺・西牟婁,白浜町,50353302,155,207,
田辺・西牟婁,白浜町,50353303,165,220,
田辺・西牟婁,白浜町,50353304,165,221,
田辺・西牟婁,白浜町,50353305,168,225,
田辺・西牟婁,白浜町,50353306,168,224,
田辺・西牟婁,白浜町,50353307,162,216,
田辺・西牟婁,白浜町,50353308,165,221,
田辺・西牟婁,白浜町,50353310,158,－,
田辺・西牟婁,白浜町,50353311,153,204,
田辺・西牟婁,白浜町,50353312,156,209,
田辺・西牟婁,白浜町,50353313,166,222,
田辺・西牟婁,白浜町,50353314,167,223,
田辺・西牟婁,白浜町,50353315,170,227,
田辺・西牟婁,白浜町,50353316,171,229,
田辺・西牟婁,白浜町,50353317,165,221,
田辺・西牟婁,白浜町,50353318,176,235,
田辺・西牟婁,白浜町,50353320,152,203,
田辺・西牟婁,白浜町,50353321,155,207,
田辺・西牟婁,白浜町,50353322,159,212,
田辺・西牟婁,白浜町,50353323,161,215,
田辺・西牟婁,白浜町,50353324,174,－,
田辺・西牟婁,白浜町,50353325,171,229,
田辺・西牟婁,白浜町,50353326,167,223,
田辺・西牟婁,白浜町,50353327,169,226,
田辺・西牟婁,白浜町,50353328,180,240,
田辺・西牟婁,白浜町,50353329,184,－,
田辺・西牟婁,白浜町,50353331,156,209,
田辺・西牟婁,白浜町,50353332,161,215,
田辺・西牟婁,白浜町,50353333,164,219,
田辺・西牟婁,白浜町,50353334,174,232,
田辺・西牟婁,白浜町,50353335,174,233,
田辺・西牟婁,白浜町,50353336,168,225,
田辺・西牟婁,白浜町,50353337,171,228,
田辺・西牟婁,白浜町,50353338,180,240,
田辺・西牟婁,白浜町,50353339,179,239,
田辺・西牟婁,白浜町,50353341,156,208,
田辺・西牟婁,白浜町,50353342,161,215,
田辺・西牟婁,白浜町,50353343,172,230,
田辺・西牟婁,白浜町,50353344,176,235,
田辺・西牟婁,白浜町,50353345,176,235,
田辺・西牟婁,白浜町,50353346,170,227,
田辺・西牟婁,白浜町,50353347,177,236,
田辺・西牟婁,白浜町,50353348,173,231,
田辺・西牟婁,白浜町,50353349,177,237,
田辺・西牟婁,白浜町,50353351,154,206,
田辺・西牟婁,白浜町,50353352,159,213,
田辺・西牟婁,白浜町,50353353,171,228,
田辺・西牟婁,白浜町,50353354,176,235,
田辺・西牟婁,白浜町,50353355,177,236,
田辺・西牟婁,白浜町,50353356,177,236,
田辺・西牟婁,白浜町,50353357,171,228,
田辺・西牟婁,白浜町,50353358,180,241,
田辺・西牟婁,白浜町,50353359,192,－,
田辺・西牟婁,白浜町,50353361,154,206,
田辺・西牟婁,白浜町,50353362,159,213,
田辺・西牟婁,白浜町,50353363,171,229,
田辺・西牟婁,白浜町,50353364,175,234,
田辺・西牟婁,白浜町,50353365,177,237,
田辺・西牟婁,白浜町,50353366,177,237,
田辺・西牟婁,白浜町,50353367,171,229,
田辺・西牟婁,白浜町,50353368,177,236,
田辺・西牟婁,白浜町,50353369,189,252,
田辺・西牟婁,白浜町,50353370,160,214,
田辺・西牟婁,白浜町,50353371,162,－,
田辺・西牟婁,白浜町,50353372,161,215,
田辺・西牟婁,白浜町,50353373,165,220,
田辺・西牟婁,白浜町,50353374,175,234,
田辺・西牟婁,白浜町,50353375,177,236,
田辺・西牟婁,白浜町,50353376,179,239,
田辺・西牟婁,白浜町,50353377,173,231,
田辺・西牟婁,白浜町,50353378,177,236,
田辺・西牟婁,白浜町,50353379,182,243,
田辺・西牟婁,白浜町,50353380,162,216,
田辺・西牟婁,白浜町,50353381,158,211,
田辺・西牟婁,白浜町,50353382,162,216,
田辺・西牟婁,白浜町,50353383,165,220,
田辺・西牟婁,白浜町,50353384,174,232,
田辺・西牟婁,白浜町,50353385,177,236,
田辺・西牟婁,白浜町,50353386,179,239,
田辺・西牟婁,白浜町,50353387,189,－,
田辺・西牟婁,白浜町,50353388,189,－,
田辺・西牟婁,白浜町,50353389,183,244,
田辺・西牟婁,白浜町,50353390,157,210,
田辺・西牟婁,白浜町,50353391,158,211,
田辺・西牟婁,白浜町,50353392,162,216,
田辺・西牟婁,白浜町,50353393,163,218,
田辺・西牟婁,白浜町,50353394,166,222,
田辺・西牟婁,白浜町,50353395,175,234,
田辺・西牟婁,白浜町,50353396,189,－,
田辺・西牟婁,白浜町,50353397,183,244,
田辺・西牟婁,白浜町,50353398,186,248,
田辺・西牟婁,白浜町,50353399,189,253,
田辺・西牟婁,白浜町,50353430,184,246,
田辺・西牟婁,白浜町,50353431,188,251,
田辺・西牟婁,白浜町,50353440,192,257,
田辺・西牟婁,白浜町,50353441,199,266,
田辺・西牟婁,白浜町,50353450,188,251,
田辺・西牟婁,白浜町,50353451,200,267,
田辺・西牟婁,白浜町,50353452,201,268,
田辺・西牟婁,白浜町,50353457,212,－,
田辺・西牟婁,白浜町,50353459,216,－,
田辺・西牟婁,白浜町,50353460,186,249,
田辺・西牟婁,白浜町,50353461,196,262,
田辺・西牟婁,白浜町,50353462,200,267,
田辺・西牟婁,白浜町,50353463,201,－,
田辺・西牟婁,白浜町,50353464,200,267,
田辺・西牟婁,白浜町,50353465,202,270,
田辺・西牟婁,白浜町,50353466,204,273,
田辺・西牟婁,白浜町,50353467,206,275,
田辺・西牟婁,白浜町,50353468,207,277,
田辺・西牟婁,白浜町,50353469,207,277,
田辺・西牟婁,白浜町,50353470,187,250,
田辺・西牟婁,白浜町,50353471,197,263,
田辺・西牟婁,白浜町,50353472,193,258,
田辺・西牟婁,白浜町,50353473,196,262,
田辺・西牟婁,白浜町,50353474,198,265,
田辺・西牟婁,白浜町,50353475,201,268,
田辺・西牟婁,白浜町,50353476,204,273,
田辺・西牟婁,白浜町,50353477,205,274,
田辺・西牟婁,白浜町,50353478,211,－,
田辺・西牟婁,白浜町,50353479,210,281,
田辺・西牟婁,白浜町,50353480,186,249,
田辺・西牟婁,白浜町,50353481,192,257,
田辺・西牟婁,白浜町,50353482,197,263,
田辺・西牟婁,白浜町,50353483,199,266,
田辺・西牟婁,白浜町,50353484,199,266,
田辺・西牟婁,白浜町,50353485,200,267,
田辺・西牟婁,白浜町,50353486,203,271,
田辺・西牟婁,白浜町,50353490,187,250,
田辺・西牟婁,白浜町,50353491,193,258,
田辺・西牟婁,白浜町,50353492,198,265,
田辺・西牟婁,白浜町,50353493,197,263,
田辺・西牟婁,白浜町,50353550,213,285,
田辺・西牟婁,白浜町,50353560,216,289,
田辺・西牟婁,白浜町,50353561,209,279,
田辺・西牟婁,白浜町,50353570,210,280,
田辺・西牟婁,白浜町,50353571,212,283,
田辺・西牟婁,白浜町,50353572,209,279,
田辺・西牟婁,白浜町,50353582,215,287,
田辺・西牟婁,白浜町,50354206,149,199,
田辺・西牟婁,白浜町,50354207,153,204,
田辺・西牟婁,白浜町,50354208,153,204,
田辺・西牟婁,白浜町,50354209,153,204,
田辺・西牟婁,白浜町,50354216,150,201,
田辺・西牟婁,白浜町,50354217,153,204,
田辺・西牟婁,白浜町,50354218,153,204,
田辺・西牟婁,白浜町,50354219,153,204,
田辺・西牟婁,白浜町,50354226,153,－,
田辺・西牟婁,白浜町,50354227,153,204,
田辺・西牟婁,白浜町,50354228,152,203,
田辺・西牟婁,白浜町,50354229,152,203,
田辺・西牟婁,白浜町,50354236,150,200,
田辺・西牟婁,白浜町,50354237,150,201,
田辺・西牟婁,白浜町,50354238,152,203,
田辺・西牟婁,白浜町,50354239,155,－,
田辺・西牟婁,白浜町,50354300,156,208,
田辺・西牟婁,白浜町,50354301,157,210,
田辺・西牟婁,白浜町,50354302,168,224,
田辺・西牟婁,白浜町,50354303,161,215,
田辺・西牟婁,白浜町,50354304,164,219,
田辺・西牟婁,白浜町,50354305,174,232,
田辺・西牟婁,白浜町,50354306,178,238,
田辺・西牟婁,白浜町,50354310,153,204,
田辺・西牟婁,白浜町,50354311,157,210,
田辺・西牟婁,白浜町,50354312,160,214,
田辺・西牟婁,白浜町,50354313,168,225,
田辺・西牟婁,白浜町,50354314,170,227,
田辺・西牟婁,白浜町,50354320,153,205,
田辺・西牟婁,白浜町,50354400,186,249,
田辺・西牟婁,白浜町,50354401,198,265,
田辺・西牟婁,白浜町,50354402,201,269,
田辺・西牟婁,白浜町,50354403,196,262,
田辺・西牟婁,白浜町,50354404,194,259,
田辺・西牟婁,白浜町,50354410,195,260,
田辺・西牟婁,白浜町,50354411,189,252,
田辺・西牟婁,白浜町,50354412,190,254,
田辺・西牟婁,白浜町,50354413,192,257,
田辺・西牟婁,白浜町,50354420,186,249,
田辺・西牟婁,白浜町,50354421,185,247,
田辺・西牟婁,白浜町,50354422,195,－,
田辺・西牟婁,白浜町,50354423,189,252,
田辺・西牟婁,白浜町,50354431,186,249,
田辺・西牟婁,上富田町,50354307,177,236,
田辺・西牟婁,上富田町,50354308,189,252,
田辺・西牟婁,上富田町,50354309,192,256,
田辺・西牟婁,上富田町,50354315,174,233,
田辺・西牟婁,上富田町,50354316,173,231,
田辺・西牟婁,上富田町,50354317,179,239,
田辺・西牟婁,上富田町,50354318,186,248,
田辺・西牟婁,上富田町,50354319,186,249,
田辺・西牟婁,上富田町,50354322,160,214,
田辺・西牟婁,上富田町,50354323,163,218,
田辺・西牟婁,上富田町,50354324,165,220,
田辺・西牟婁,上富田町,50354325,167,223,
田辺・西牟婁,上富田町,50354326,173,231,
田辺・西牟婁,上富田町,50354327,180,241,
田辺・西牟婁,上富田町,50354328,186,248,
田辺・西牟婁,上富田町,50354329,189,252,
田辺・西牟婁,上富田町,50354332,160,214,
田辺・西牟婁,上富田町,50354333,164,219,
田辺・西牟婁,上富田町,50354334,167,223,
田辺・西牟婁,上富田町,50354335,168,225,
田辺・西牟婁,上富田町,50354336,171,228,
田辺・西牟婁,上富田町,50354337,177,237,
田辺・西牟婁,上富田町,50354338,184,246,
田辺・西牟婁,上富田町,50354339,186,249,
田辺・西牟婁,上富田町,50354342,159,213,
田辺・西牟婁,上富田町,50354343,162,217,
田辺・西牟婁,上富田町,50354344,165,220,
田辺・西牟婁,上富田町,50354345,165,220,
田辺・西牟婁,上富田町,50354346,169,226,
田辺・西牟婁,上富田町,50354347,173,231,
田辺・西牟婁,上富田町,50354348,177,237,
田辺・西牟婁,上富田町,50354353,160,214,
田辺・西牟婁,上富田町,50354354,163,218,
田辺・西牟婁,上富田町,50354355,165,220,
田辺・西牟婁,上富田町,50354356,168,224,
田辺・西牟婁,上富田町,50354357,171,229,
田辺・西牟婁,上富田町,50354358,175,234,
田辺・西牟婁,上富田町,50354364,162,217,
田辺・西牟婁,上富田町,50354365,166,222,
田辺・西牟婁,上富田町,50354366,168,225,
田辺・西牟婁,上富田町,50354367,171,228,
田辺・西牟婁,上富田町,50354368,177,237,
田辺・西牟婁,上富田町,50354375,168,225,
田辺・西牟婁,上富田町,50354376,168,225,
田辺・西牟婁,上富田町,50354377,171,229,
田辺・西牟婁,上富田町,50354385,167,223,
田辺・西牟婁,上富田町,50354386,167,223,
田辺・西牟婁,上富田町,50354387,169,226,
田辺・西牟婁,上富田町,50354388,173,231,
田辺・西牟婁,上富田町,50354396,165,221,
田辺・西牟婁,上富田町,50354397,168,224,
田辺・西牟婁,上富田町,50354398,173,231,
田辺・西牟婁,上富田町,50354430,186,249,
田辺・西牟婁,上富田町,50355307,168,225,
田辺・西牟婁,上富田町,50355308,172,230,
田辺・西牟婁,上富田町,50355317,171,229,
田辺・西牟婁,すさみ町,50351497,148,－,
田辺・西牟婁,すさみ町,50352349,149,199,
田辺・西牟婁,すさみ町,50352357,153,204,
田辺・西牟婁,すさみ町,50352358,153,205,
田辺・西牟婁,すさみ町,50352359,154,206,
田辺・西牟婁,すさみ町,50352368,156,209,
田辺・西牟婁,すさみ町,50352369,158,211,
田辺・西牟婁,すさみ町,50352378,159,213,
田辺・西牟婁,すさみ町,50352379,161,215,
田辺・西牟婁,すさみ町,50352388,167,223,
田辺・西牟婁,すさみ町,50352389,162,217,
田辺・西牟婁,すさみ町,50352399,165,221,
田辺・西牟婁,すさみ町,50352406,148,198,
田辺・西牟婁,すさみ町,50352407,148,198,
田辺・西牟婁,すさみ町,50352408,148,198,
田辺・西牟婁,すさみ町,50352409,148,198,
田辺・西牟婁,すさみ町,50352413,152,－,
田辺・西牟婁,すさみ町,50352414,149,199,
田辺・西牟婁,すさみ町,50352415,150,200,
田辺・西牟婁,すさみ町,50352416,150,200,
田辺・西牟婁,すさみ町,50352417,150,200,
田辺・西牟婁,すさみ町,50352418,151,202,
田辺・西牟婁,すさみ町,50352419,151,202,
田辺・西牟婁,すさみ町,50352420,149,－,
田辺・西牟婁,すさみ町,50352421,147,197,
田辺・西牟婁,すさみ町,50352422,149,199,
田辺・西牟婁,すさみ町,50352423,150,201,
田辺・西牟婁,すさみ町,50352424,152,203,
田辺・西牟婁,すさみ町,50352425,153,204,
田辺・西牟婁,すさみ町,50352426,153,204,
田辺・西牟婁,すさみ町,50352427,153,204,
田辺・西牟婁,すさみ町,50352428,156,208,
田辺・西牟婁,すさみ町,50352429,157,210,
田辺・西牟婁,すさみ町,50352430,148,198,
田辺・西牟婁,すさみ町,50352431,149,199,
田辺・西牟婁,すさみ町,50352432,152,203,
田辺・西牟婁,すさみ町,50352433,153,205,
田辺・西牟婁,すさみ町,50352434,162,217,
田辺・西牟婁,すさみ町,50352435,165,220,
田辺・西牟婁,すさみ町,50352436,165,220,
田辺・西牟婁,すさみ町,50352437,165,220,
田辺・西牟婁,すさみ町,50352438,160,214,
田辺・西牟婁,すさみ町,50352439,168,224,
田辺・西牟婁,すさみ町,50352440,150,201,
田辺・西牟婁,すさみ町,50352441,153,204,
田辺・西牟婁,すさみ町,50352442,155,207,
田辺・西牟婁,すさみ町,50352443,158,211,
田辺・西牟婁,すさみ町,50352444,167,223,
田辺・西牟婁,すさみ町,50352445,169,226,
田辺・西牟婁,すさみ町,50352446,171,228,
田辺・西牟婁,すさみ町,50352447,170,227,
田辺・西牟婁,すさみ町,50352448,172,230,
田辺・西牟婁,すさみ町,50352449,168,224,
田辺・西牟婁,すさみ町,50352450,154,206,
田辺・西牟婁,すさみ町,50352451,161,215,
田辺・西牟婁,すさみ町,50352452,165,220,
田辺・西牟婁,すさみ町,50352453,167,223,
田辺・西牟婁,すさみ町,50352454,172,230,
田辺・西牟婁,すさみ町,50352455,174,233,
田辺・西牟婁,すさみ町,50352456,169,226,
田辺・西牟婁,すさみ町,50352457,171,229,
田辺・西牟婁,すさみ町,50352458,172,230,
田辺・西牟婁,すさみ町,50352459,173,231,
田辺・西牟婁,すさみ町,50352460,159,212,
田辺・西牟婁,すさみ町,50352461,159,213,
田辺・西牟婁,すさみ町,50352462,162,216,
田辺・西牟婁,すさみ町,50352463,166,222,
田辺・西牟婁,すさみ町,50352464,171,228,
田辺・西牟婁,すさみ町,50352465,180,241,
田辺・西牟婁,すさみ町,50352466,177,237,
田辺・西牟婁,すさみ町,50352467,179,239,
田辺・西牟婁,すさみ町,50352468,185,247,
田辺・西牟婁,すさみ町,50352469,179,239,
田辺・西牟婁,すさみ町,50352470,162,217,
田辺・西牟婁,すさみ町,50352471,165,220,
田辺・西牟婁,すさみ町,50352472,167,223,
田辺・西牟婁,すさみ町,50352473,171,229,
田辺・西牟婁,すさみ町,50352474,177,236,
田辺・西牟婁,すさみ町,50352475,182,243,
田辺・西牟婁,すさみ町,50352476,185,247,
田辺・西牟婁,すさみ町,50352477,186,248,
田辺・西牟婁,すさみ町,50352478,186,248,
田辺・西牟婁,すさみ町,50352479,186,249,
田辺・西牟婁,すさみ町,50352480,165,221,
田辺・西牟婁,すさみ町,50352481,168,225,
田辺・西牟婁,すさみ町,50352482,171,229,
田辺・西牟婁,すさみ町,50352483,183,245,
田辺・西牟婁,すさみ町,50352484,189,253,
田辺・西牟婁,すさみ町,50352485,189,252,
田辺・西牟婁,すさみ町,50352486,192,257,
田辺・西牟婁,すさみ町,50352487,192,257,
田辺・西牟婁,すさみ町,50352488,194,259,
田辺・西牟婁,すさみ町,50352489,195,260,
田辺・西牟婁,すさみ町,50352490,176,235,
田辺・西牟婁,すさみ町,50352491,173,231,
田辺・西牟婁,すさみ町,50352492,192,－,
田辺・西牟婁,すさみ町,50352493,182,243,
田辺・西牟婁,すさみ町,50352494,186,249,
田辺・西牟婁,すさみ町,50352495,192,257,
田辺・西牟婁,すさみ町,50352496,196,262,
田辺・西牟婁,すさみ町,50352497,198,265,
田辺・西牟婁,すさみ町,50352498,198,265,
田辺・西牟婁,すさみ町,50352499,198,265,
田辺・西牟婁,すさみ町,50352500,150,200,
田辺・西牟婁,すさみ町,50352510,153,204,
田辺・西牟婁,すさみ町,50352520,158,211,
田辺・西牟婁,すさみ町,50352550,173,231,
田辺・西牟婁,すさみ町,50352560,179,239,
田辺・西牟婁,すさみ町,50352590,198,265,
田辺・西牟婁,すさみ町,50352591,195,261,
田辺・西牟婁,すさみ町,50352592,198,－,
田辺・西牟婁,すさみ町,50353309,168,225,
田辺・西牟婁,すさみ町,50353319,174,232,
田辺・西牟婁,すさみ町,50353400,173,231,
田辺・西牟婁,すさみ町,50353401,176,235,
田辺・西牟婁,すさみ町,50353402,180,241,
田辺・西牟婁,すさみ町,50353403,192,257,
田辺・西牟婁,すさみ町,50353404,198,265,
田辺・西牟婁,すさみ町,50353405,196,262,
田辺・西牟婁,すさみ町,50353406,200,267,
田辺・西牟婁,すさみ町,50353407,200,267,
田辺・西牟婁,すさみ町,50353408,203,271,
田辺・西牟婁,すさみ町,50353409,202,270,
田辺・西牟婁,すさみ町,50353410,177,237,
田辺・西牟婁,すさみ町,50353411,180,241,
田辺・西牟婁,すさみ町,50353412,190,254,
田辺・西牟婁,すさみ町,50353413,194,259,
田辺・西牟婁,すさみ町,50353414,192,257,
田辺・西牟婁,すさみ町,50353415,197,263,
田辺・西牟婁,すさみ町,50353416,200,267,
田辺・西牟婁,すさみ町,50353417,202,270,
田辺・西牟婁,すさみ町,50353418,203,271,
田辺・西牟婁,すさみ町,50353419,204,272,
田辺・西牟婁,すさみ町,50353420,180,240,
田辺・西牟婁,すさみ町,50353421,184,246,
田辺・西牟婁,すさみ町,50353422,186,249,
田辺・西牟婁,すさみ町,50353423,190,254,
田辺・西牟婁,すさみ町,50353424,194,259,
田辺・西牟婁,すさみ町,50353425,199,266,
田辺・西牟婁,すさみ町,50353426,212,－,
田辺・西牟婁,すさみ町,50353427,204,272,
田辺・西牟婁,すさみ町,50353428,204,272,
田辺・西牟婁,すさみ町,50353429,210,281,
田辺・西牟婁,すさみ町,50353432,198,264,
田辺・西牟婁,すさみ町,50353433,200,267,
田辺・西牟婁,すさみ町,50353434,204,273,
田辺・西牟婁,すさみ町,50353435,210,280,
田辺・西牟婁,すさみ町,50353436,212,283,
田辺・西牟婁,すさみ町,50353437,212,－,
田辺・西牟婁,すさみ町,50353438,212,283,
田辺・西牟婁,すさみ町,50353439,210,281,
田辺・西牟婁,すさみ町,50353442,201,268,
田辺・西牟婁,すさみ町,50353443,195,261,
田辺・西牟婁,すさみ町,50353444,205,274,
田辺・西牟婁,すさみ町,50353445,204,273,
田辺・西牟婁,すさみ町,50353446,204,273,
田辺・西牟婁,すさみ町,50353447,206,275,
田辺・西牟婁,すさみ町,50353448,212,283,
田辺・西牟婁,すさみ町,50353449,216,－,
田辺・西牟婁,すさみ町,50353453,196,262,
田辺・西牟婁,すさみ町,50353454,199,266,
田辺・西牟婁,すさみ町,50353455,204,272,
田辺・西牟婁,すさみ町,50353456,206,275,
田辺・西牟婁,すさみ町,50353458,205,274,
田辺・西牟婁,すさみ町,50353500,201,269,
田辺・西牟婁,すさみ町,50353501,198,264,
田辺・西牟婁,すさみ町,50353502,195,261,
田辺・西牟婁,すさみ町,50353510,201,269,
田辺・西牟婁,すさみ町,50353511,207,276,
田辺・西牟婁,すさみ町,50353512,196,262,
田辺・西牟婁,すさみ町,50353520,201,269,
田辺・西牟婁,すさみ町,50353521,206,275,
田辺・西牟婁,すさみ町,50353522,204,272,
田辺・西牟婁,すさみ町,50353530,210,280,
田辺・西牟婁,すさみ町,50353531,216,－,
田辺・西牟婁,すさみ町,50353540,216,－,
田辺・西牟婁,すさみ町,50353541,210,280,
新宮・東牟婁,新宮市,50354569,221,295,
新宮・東牟婁,新宮市,50354578,252,－,
新宮・東牟婁,新宮市,50354579,221,295,
新宮・東牟婁,新宮市,50354635,202,270,
新宮・東牟婁,新宮市,50354636,213,－,
新宮・東牟婁,新宮市,50354640,207,276,
新宮・東牟婁,新宮市,50354641,222,－,
新宮・東牟婁,新宮市,50354642,222,－,
新宮・東牟婁,新宮市,50354643,210,280,
新宮・東牟婁,新宮市,50354644,213,285,
新宮・東牟婁,新宮市,50354645,210,280,
新宮・東牟婁,新宮市,50354646,207,276,
新宮・東牟婁,新宮市,50354650,207,277,
新宮・東牟婁,新宮市,50354651,222,－,
新宮・東牟婁,新宮市,50354652,222,－,
新宮・東牟婁,新宮市,50354653,222,－,
新宮・東牟婁,新宮市,50354654,219,293,
新宮・東牟婁,新宮市,50354655,215,287,
新宮・東牟婁,新宮市,50354656,212,283,
新宮・東牟婁,新宮市,50354657,213,285,
新宮・東牟婁,新宮市,50354660,218,291,
新宮・東牟婁,新宮市,50354661,209,279,
新宮・東牟婁,新宮市,50354662,222,－,
新宮・東牟婁,新宮市,50354663,222,－,
新宮・東牟婁,新宮市,50354664,222,－,
新宮・東牟婁,新宮市,50354665,222,296,
新宮・東牟婁,新宮市,50354666,219,293,
新宮・東牟婁,新宮市,50354667,214,286,
新宮・東牟婁,新宮市,50354669,210,280,
新宮・東牟婁,新宮市,50354670,213,285,
新宮・東牟婁,新宮市,50354671,213,284,
新宮・東牟婁,新宮市,50354672,222,－,
新宮・東牟婁,新宮市,50354673,222,－,
新宮・東牟婁,新宮市,50354674,222,－,
新宮・東牟婁,新宮市,50354675,211,282,
新宮・東牟婁,新宮市,50354676,210,280,
新宮・東牟婁,新宮市,50354677,216,289,
新宮・東牟婁,新宮市,50354678,216,289,
新宮・東牟婁,新宮市,50354679,213,285,
新宮・東牟婁,新宮市,50354680,213,285,
新宮・東牟婁,新宮市,50354681,215,287,
新宮・東牟婁,新宮市,50354682,211,282,
新宮・東牟婁,新宮市,50354683,222,－,
新宮・東牟婁,新宮市,50354684,222,－,
新宮・東牟婁,新宮市,50354685,205,274,
新宮・東牟婁,新宮市,50354686,216,－,
新宮・東牟婁,新宮市,50354687,216,289,
新宮・東牟婁,新宮市,50354688,217,290,
新宮・東牟婁,新宮市,50354689,213,285,
新宮・東牟婁,新宮市,50354690,210,280,
新宮・東牟婁,新宮市,50354691,211,282,
新宮・東牟婁,新宮市,50354692,210,280,
新宮・東牟婁,新宮市,50354693,222,－,
新宮・東牟婁,新宮市,50354694,222,－,
新宮・東牟婁,新宮市,50354695,213,284,
新宮・東牟婁,新宮市,50354696,216,289,
新宮・東牟婁,新宮市,50354697,213,285,
新宮・東牟婁,新宮市,50354698,213,284,
新宮・東牟婁,新宮市,50354699,215,287,
新宮・東牟婁,新宮市,50354707,168,224,
新宮・東牟婁,新宮市,50354708,173,－,
新宮・東牟婁,新宮市,50354716,171,229,
新宮・東牟婁,新宮市,50354717,171,229,
新宮・東牟婁,新宮市,50354718,173,－,
新宮・東牟婁,新宮市,50354719,173,－,
新宮・東牟婁,新宮市,50354722,198,－,
新宮・東牟婁,新宮市,50354723,198,－,
新宮・東牟婁,新宮市,50354725,171,229,
新宮・東牟婁,新宮市,50354726,173,231,
新宮・東牟婁,新宮市,50354727,173,231,
新宮・東牟婁,新宮市,50354728,171,229,
新宮・東牟婁,新宮市,50354729,166,222,
新宮・東牟婁,新宮市,50354732,198,－,
新宮・東牟婁,新宮市,50354733,198,－,
新宮・東牟婁,新宮市,50354734,181,242,
新宮・東牟婁,新宮市,50354735,179,239,
新宮・東牟婁,新宮市,50354736,177,237,
新宮・東牟婁,新宮市,50354737,171,229,
新宮・東牟婁,新宮市,50354738,170,227,
新宮・東牟婁,新宮市,50354739,165,221,
新宮・東牟婁,新宮市,50354741,198,264,
新宮・東牟婁,新宮市,50354742,192,257,
新宮・東牟婁,新宮市,50354743,189,252,
新宮・東牟婁,新宮市,50354744,198,－,
新宮・東牟婁,新宮市,50354745,198,－,
新宮・東牟婁,新宮市,50354746,178,238,
新宮・東牟婁,新宮市,50354747,177,236,
新宮・東牟婁,新宮市,50354748,168,225,
新宮・東牟婁,新宮市,50354749,167,223,
新宮・東牟婁,新宮市,50354750,204,273,
新宮・東牟婁,新宮市,50354751,213,－,
新宮・東牟婁,新宮市,50354752,189,253,
新宮・東牟婁,新宮市,50354753,183,245,
新宮・東牟婁,新宮市,50354754,198,－,
新宮・東牟婁,新宮市,50354755,198,－,
新宮・東牟婁,新宮市,50354756,178,238,
新宮・東牟婁,新宮市,50354757,177,237,
新宮・東牟婁,新宮市,50354758,171,229,
新宮・東牟婁,新宮市,50354759,170,227,
新宮・東牟婁,新宮市,50354760,213,－,
新宮・東牟婁,新宮市,50354761,199,266,
新宮・東牟婁,新宮市,50354762,196,262,
新宮・東牟婁,新宮市,50354763,189,253,
新宮・東牟婁,新宮市,50354764,198,－,
新宮・東牟婁,新宮市,50354765,181,242,
新宮・東牟婁,新宮市,50354766,180,240,
新宮・東牟婁,新宮市,50354767,174,232,
新宮・東牟婁,新宮市,50354768,174,232,
新宮・東牟婁,新宮市,50354769,173,231,
新宮・東牟婁,新宮市,50354770,213,－,
新宮・東牟婁,新宮市,50354771,201,268,
新宮・東牟婁,新宮市,50354772,199,266,
新宮・東牟婁,新宮市,50354773,192,256,
新宮・東牟婁,新宮市,50354774,182,243,
新宮・東牟婁,新宮市,50354775,175,234,
新宮・東牟婁,新宮市,50354778,173,231,
新宮・東牟婁,新宮市,50354779,171,229,
新宮・東牟婁,新宮市,50354780,210,280,
新宮・東牟婁,新宮市,50354781,213,－,
新宮・東牟婁,新宮市,50354782,195,261,
新宮・東牟婁,新宮市,50354783,188,251,
新宮・東牟婁,新宮市,50354784,182,243,
新宮・東牟婁,新宮市,50354790,208,278,
新宮・東牟婁,新宮市,50354791,202,270,
新宮・東牟婁,新宮市,50354792,191,255,
新宮・東牟婁,新宮市,50354793,186,248,
新宮・東牟婁,新宮市,50354794,180,240,
新宮・東牟婁,新宮市,50355600,204,273,
新宮・東牟婁,新宮市,50355601,219,－,
新宮・東牟婁,新宮市,50355602,203,271,
新宮・東牟婁,新宮市,50355603,213,284,
新宮・東牟婁,新宮市,50355604,211,282,
新宮・東牟婁,新宮市,50355605,222,－,
新宮・東牟婁,新宮市,50355606,214,286,
新宮・東牟婁,新宮市,50355607,221,295,
新宮・東牟婁,新宮市,50355608,216,289,
新宮・東牟婁,新宮市,50355609,216,289,
新宮・東牟婁,新宮市,50355611,219,－,
新宮・東牟婁,新宮市,50355612,219,－,
新宮・東牟婁,新宮市,50355613,209,279,
新宮・東牟婁,新宮市,50355614,208,278,
新宮・東牟婁,新宮市,50355615,214,286,
新宮・東牟婁,新宮市,50355616,216,289,
新宮・東牟婁,新宮市,50355617,225,300,
新宮・東牟婁,新宮市,50355618,228,304,
新宮・東牟婁,新宮市,50355619,217,290,
新宮・東牟婁,新宮市,50355624,205,274,
新宮・東牟婁,新宮市,50355625,211,282,
新宮・東牟婁,新宮市,50355626,225,－,
新宮・東牟婁,新宮市,50355627,217,290,
新宮・東牟婁,新宮市,50355628,219,293,
新宮・東牟婁,新宮市,50355629,213,284,
新宮・東牟婁,新宮市,50355634,219,－,
新宮・東牟婁,新宮市,50355635,206,275,
新宮・東牟婁,新宮市,50355636,210,281,
新宮・東牟婁,新宮市,50355637,205,274,
新宮・東牟婁,新宮市,50355638,204,273,
新宮・東牟婁,新宮市,50355639,207,277,
新宮・東牟婁,新宮市,50355645,202,270,
新宮・東牟婁,新宮市,50355646,201,269,
新宮・東牟婁,新宮市,50355647,197,263,
新宮・東牟婁,新宮市,50355648,199,266,
新宮・東牟婁,新宮市,50355649,207,－,
新宮・東牟婁,新宮市,50355656,201,268,
新宮・東牟婁,新宮市,50355657,203,271,
新宮・東牟婁,新宮市,50355658,201,269,
新宮・東牟婁,新宮市,50355659,202,270,
新宮・東牟婁,新宮市,50355666,198,264,
新宮・東牟婁,新宮市,50355667,195,260,
新宮・東牟婁,新宮市,50355668,201,268,
新宮・東牟婁,新宮市,50355669,202,270,
新宮・東牟婁,新宮市,50355676,195,260,
新宮・東牟婁,新宮市,50355677,192,256,
新宮・東牟婁,新宮市,50355678,197,263,
新宮・東牟婁,新宮市,50355686,197,263,
新宮・東牟婁,新宮市,50355687,198,265,
新宮・東牟婁,新宮市,50355688,194,259,
新宮・東牟婁,新宮市,50355695,197,263,
新宮・東牟婁,新宮市,50355696,202,270,
新宮・東牟婁,新宮市,50355697,198,265,
新宮・東牟婁,新宮市,50355698,195,261,
新宮・東牟婁,新宮市,50355700,207,276,
新宮・東牟婁,新宮市,50355701,217,－,
新宮・東牟婁,新宮市,50355702,186,249,
新宮・東牟婁,新宮市,50355703,182,243,
新宮・東牟婁,新宮市,50355704,178,238,
新宮・東牟婁,新宮市,50355710,217,－,
新宮・東牟婁,新宮市,50355711,217,－,
新宮・東牟婁,新宮市,50355712,193,258,
新宮・東牟婁,新宮市,50355713,181,242,
新宮・東牟婁,新宮市,50355720,217,－,
新宮・東牟婁,新宮市,50355721,217,－,
新宮・東牟婁,新宮市,50355730,204,273,
新宮・東牟婁,新宮市,50355731,198,265,
新宮・東牟婁,新宮市,50355740,204,273,
新宮・東牟婁,新宮市,50355741,192,256,
新宮・東牟婁,新宮市,50355750,200,267,
新宮・東牟婁,新宮市,50355751,192,257,
新宮・東牟婁,新宮市,50356604,184,246,
新宮・東牟婁,新宮市,50356605,190,254,
新宮・東牟婁,新宮市,50356606,197,263,
新宮・東牟婁,新宮市,50356607,202,270,
新宮・東牟婁,新宮市,50356613,184,246,
新宮・東牟婁,新宮市,50356614,183,245,
新宮・東牟婁,新宮市,50356615,189,252,
新宮・東牟婁,新宮市,50356616,194,259,
新宮・東牟婁,新宮市,50356617,197,263,
新宮・東牟婁,新宮市,50356618,194,259,
新宮・東牟婁,新宮市,50356623,184,246,
新宮・東牟婁,新宮市,50356624,186,248,
新宮・東牟婁,新宮市,50356625,197,－,
新宮・東牟婁,新宮市,50356626,197,－,
新宮・東牟婁,新宮市,50356627,196,262,
新宮・東牟婁,新宮市,50356628,189,252,
新宮・東牟婁,新宮市,50356634,186,249,
新宮・東牟婁,新宮市,50356635,195,261,
新宮・東牟婁,新宮市,50356636,194,259,
新宮・東牟婁,新宮市,50356637,186,248,
新宮・東牟婁,新宮市,50356644,200,－,
新宮・東牟婁,新宮市,50356645,200,267,
新宮・東牟婁,新宮市,50356646,197,263,
新宮・東牟婁,新宮市,50356647,194,259,
新宮・東牟婁,新宮市,50356648,184,246,
新宮・東牟婁,新宮市,50356654,193,258,
新宮・東牟婁,新宮市,50356655,198,265,
新宮・東牟婁,新宮市,50356656,201,269,
新宮・東牟婁,新宮市,50356657,195,261,
新宮・東牟婁,新宮市,50356664,193,258,
新宮・東牟婁,新宮市,50356665,197,263,
新宮・東牟婁,新宮市,50356666,201,269,
新宮・東牟婁,新宮市,50356667,197,263,
新宮・東牟婁,新宮市,50356674,192,257,
新宮・東牟婁,新宮市,50356675,194,259,
新宮・東牟婁,新宮市,50356676,198,265,
新宮・東牟婁,新宮市,50356677,201,－,
新宮・東牟婁,新宮市,50356679,191,255,
新宮・東牟婁,新宮市,50356689,189,252,
新宮・東牟婁,新宮市,50356699,188,251,
新宮・東牟婁,新宮市,50356741,196,262,
新宮・東牟婁,新宮市,50356751,200,267,
新宮・東牟婁,新宮市,50356760,200,－,
新宮・東牟婁,新宮市,50356770,194,259,
新宮・東牟婁,新宮市,50364050,167,223,
新宮・東牟婁,新宮市,50364060,173,－,
新宮・東牟婁,那智勝浦町,50352752,160,－,
新宮・東牟婁,那智勝浦町,50352761,159,213,
新宮・東牟婁,那智勝浦町,50352762,159,213,
新宮・東牟婁,那智勝浦町,50352763,160,－,
新宮・東牟婁,那智勝浦町,50352771,162,216,
新宮・東牟婁,那智勝浦町,50352772,160,214,
新宮・東牟婁,那智勝浦町,50352773,160,－,
新宮・東牟婁,那智勝浦町,50352781,166,222,
新宮・東牟婁,那智勝浦町,50352782,160,214,
新宮・東牟婁,那智勝浦町,50352783,157,210,
新宮・東牟婁,那智勝浦町,50352784,156,208,
新宮・東牟婁,那智勝浦町,50352785,157,－,
新宮・東牟婁,那智勝浦町,50352790,165,220,
新宮・東牟婁,那智勝浦町,50352791,159,212,
新宮・東牟婁,那智勝浦町,50352792,159,212,
新宮・東牟婁,那智勝浦町,50352793,157,210,
新宮・東牟婁,那智勝浦町,50352794,157,210,
新宮・東牟婁,那智勝浦町,50353606,187,－,
新宮・東牟婁,那智勝浦町,50353607,187,－,
新宮・東牟婁,那智勝浦町,50353608,165,220,
新宮・東牟婁,那智勝浦町,50353609,158,211,
新宮・東牟婁,那智勝浦町,50353616,168,225,
新宮・東牟婁,那智勝浦町,50353617,162,217,
新宮・東牟婁,那智勝浦町,50353618,187,－,
新宮・東牟婁,那智勝浦町,50353619,160,214,
新宮・東牟婁,那智勝浦町,50353626,172,230,
新宮・東牟婁,那智勝浦町,50353627,165,220,
新宮・東牟婁,那智勝浦町,50353628,165,220,
新宮・東牟婁,那智勝浦町,50353629,163,218,
新宮・東牟婁,那智勝浦町,50353636,175,234,
新宮・東牟婁,那智勝浦町,50353637,177,237,
新宮・東牟婁,那智勝浦町,50353638,168,225,
新宮・東牟婁,那智勝浦町,50353639,167,223,
新宮・東牟婁,那智勝浦町,50353646,178,238,
新宮・東牟婁,那智勝浦町,50353647,180,240,
新宮・東牟婁,那智勝浦町,50353648,172,230,
新宮・東牟婁,那智勝浦町,50353649,179,－,
新宮・東牟婁,那智勝浦町,50353655,180,241,
新宮・東牟婁,那智勝浦町,50353656,180,240,
新宮・東牟婁,那智勝浦町,50353657,179,239,
新宮・東牟婁,那智勝浦町,50353658,172,230,
新宮・東牟婁,那智勝浦町,50353659,179,－,
新宮・東牟婁,那智勝浦町,50353664,185,247,
新宮・東牟婁,那智勝浦町,50353665,182,243,
新宮・東牟婁,那智勝浦町,50353666,180,241,
新宮・東牟婁,那智勝浦町,50353667,178,238,
新宮・東牟婁,那智勝浦町,50353668,179,－,
新宮・東牟婁,那智勝浦町,50353669,179,－,
新宮・東牟婁,那智勝浦町,50353674,189,252,
新宮・東牟婁,那智勝浦町,50353675,177,237,
新宮・東牟婁,那智勝浦町,50353676,176,235,
新宮・東牟婁,那智勝浦町,50353677,175,234,
新宮・東牟婁,那智勝浦町,50353678,173,231,
新宮・東牟婁,那智勝浦町,50353679,171,228,
新宮・東牟婁,那智勝浦町,50353684,191,255,
新宮・東牟婁,那智勝浦町,50353685,189,252,
新宮・東牟婁,那智勝浦町,50353686,186,248,
新宮・東牟婁,那智勝浦町,50353687,178,238,
新宮・東牟婁,那智勝浦町,50353688,176,235,
新宮・東牟婁,那智勝浦町,50353689,172,230,
新宮・東牟婁,那智勝浦町,50353694,192,257,
新宮・東牟婁,那智勝浦町,50353695,190,254,
新宮・東牟婁,那智勝浦町,50353696,183,244,
新宮・東牟婁,那智勝浦町,50353697,183,245,
新宮・東牟婁,那智勝浦町,50353698,181,242,
新宮・東牟婁,那智勝浦町,50353699,178,238,
新宮・東牟婁,那智勝浦町,50353700,159,213,
新宮・東牟婁,那智勝浦町,50353701,160,214,
新宮・東牟婁,那智勝浦町,50353702,159,213,
新宮・東牟婁,那智勝浦町,50353703,158,211,
新宮・東牟婁,那智勝浦町,50353704,141,188,
新宮・東牟婁,那智勝浦町,50353710,160,214,
新宮・東牟婁,那智勝浦町,50353711,162,216,
新宮・東牟婁,那智勝浦町,50353712,159,213,
新宮・東牟婁,那智勝浦町,50353713,141,188,
新宮・東牟婁,那智勝浦町,50353720,168,225,
新宮・東牟婁,那智勝浦町,50353721,163,218,
新宮・東牟婁,那智勝浦町,50353722,165,221,
新宮・東牟婁,那智勝浦町,50353723,157,210,
新宮・東牟婁,那智勝浦町,50353724,157,210,
新宮・東牟婁,那智勝浦町,50353730,169,226,
新宮・東牟婁,那智勝浦町,50353731,162,216,
新宮・東牟婁,那智勝浦町,50353732,160,214,
新宮・東牟婁,那智勝浦町,50353733,159,212,
新宮・東牟婁,那智勝浦町,50353735,167,－,
新宮・東牟婁,那智勝浦町,50353740,171,228,
新宮・東牟婁,那智勝浦町,50353741,167,223,
新宮・東牟婁,那智勝浦町,50353742,159,213,
新宮・東牟婁,那智勝浦町,50353743,159,213,
新宮・東牟婁,那智勝浦町,50353744,160,214,
新宮・東牟婁,那智勝浦町,50353745,161,215,
新宮・東牟婁,那智勝浦町,50353746,167,223,
新宮・東牟婁,那智勝浦町,50353750,171,229,
新宮・東牟婁,那智勝浦町,50353751,162,216,
新宮・東牟婁,那智勝浦町,50353752,160,214,
新宮・東牟婁,那智勝浦町,50353753,161,215,
新宮・東牟婁,那智勝浦町,50353754,163,218,
新宮・東牟婁,那智勝浦町,50353755,165,220,
新宮・東牟婁,那智勝浦町,50353756,162,217,
新宮・東牟婁,那智勝浦町,50353760,165,221,
新宮・東牟婁,那智勝浦町,50353761,163,218,
新宮・東牟婁,那智勝浦町,50353762,167,223,
新宮・東牟婁,那智勝浦町,50353763,161,215,
新宮・東牟婁,那智勝浦町,50353764,162,217,
新宮・東牟婁,那智勝浦町,50353765,162,216,
新宮・東牟婁,那智勝浦町,50353766,168,224,
新宮・東牟婁,那智勝浦町,50353770,168,225,
新宮・東牟婁,那智勝浦町,50353771,168,224,
新宮・東牟婁,那智勝浦町,50353772,171,229,
新宮・東牟婁,那智勝浦町,50353773,163,218,
新宮・東牟婁,那智勝浦町,50353774,162,216,
新宮・東牟婁,那智勝浦町,50353775,161,215,
新宮・東牟婁,那智勝浦町,50353776,159,213,
新宮・東牟婁,那智勝浦町,50353778,160,－,
新宮・東牟婁,那智勝浦町,50353780,171,229,
新宮・東牟婁,那智勝浦町,50353781,172,230,
新宮・東牟婁,那智勝浦町,50353782,170,227,
新宮・東牟婁,那智勝浦町,50353783,167,223,
新宮・東牟婁,那智勝浦町,50353784,164,219,
新宮・東牟婁,那智勝浦町,50353785,162,216,
新宮・東牟婁,那智勝浦町,50353786,162,216,
新宮・東牟婁,那智勝浦町,50353787,160,214,
新宮・東牟婁,那智勝浦町,50353788,159,213,
新宮・東牟婁,那智勝浦町,50353790,175,234,
新宮・東牟婁,那智勝浦町,50353791,176,235,
新宮・東牟婁,那智勝浦町,50353792,174,232,
新宮・東牟婁,那智勝浦町,50353793,170,227,
新宮・東牟婁,那智勝浦町,50353794,174,233,
新宮・東牟婁,那智勝浦町,50353795,166,222,
新宮・東牟婁,那智勝浦町,50353796,165,221,
新宮・東牟婁,那智勝浦町,50353797,163,218,
新宮・東牟婁,那智勝浦町,50353798,160,214,
新宮・東牟婁,那智勝浦町,50353799,173,－,
新宮・東牟婁,那智勝浦町,50354604,194,259,
新宮・東牟婁,那智勝浦町,50354605,186,249,
新宮・東牟婁,那智勝浦町,50354606,188,251,
新宮・東牟婁,那智勝浦町,50354607,190,254,
新宮・東牟婁,那智勝浦町,50354608,186,248,
新宮・東牟婁,那智勝浦町,50354609,182,243,
新宮・東牟婁,那智勝浦町,50354613,222,－,
新宮・東牟婁,那智勝浦町,50354614,195,261,
新宮・東牟婁,那智勝浦町,50354615,190,254,
新宮・東牟婁,那智勝浦町,50354616,200,267,
新宮・東牟婁,那智勝浦町,50354617,195,260,
新宮・東牟婁,那智勝浦町,50354618,190,254,
新宮・東牟婁,那智勝浦町,50354619,185,247,
新宮・東牟婁,那智勝浦町,50354622,222,－,
新宮・東牟婁,那智勝浦町,50354623,222,－,
新宮・東牟婁,那智勝浦町,50354624,200,267,
新宮・東牟婁,那智勝浦町,50354625,193,258,
新宮・東牟婁,那智勝浦町,50354626,204,272,
新宮・東牟婁,那智勝浦町,50354627,204,272,
新宮・東牟婁,那智勝浦町,50354628,192,257,
新宮・東牟婁,那智勝浦町,50354629,196,262,
新宮・東牟婁,那智勝浦町,50354632,222,－,
新宮・東牟婁,那智勝浦町,50354633,204,272,
新宮・東牟婁,那智勝浦町,50354634,207,277,
新宮・東牟婁,那智勝浦町,50354637,204,273,
新宮・東牟婁,那智勝浦町,50354638,202,270,
新宮・東牟婁,那智勝浦町,50354639,200,267,
新宮・東牟婁,那智勝浦町,50354647,213,－,
新宮・東牟婁,那智勝浦町,50354648,205,274,
新宮・東牟婁,那智勝浦町,50354649,210,－,
新宮・東牟婁,那智勝浦町,50354658,210,280,
新宮・東牟婁,那智勝浦町,50354659,208,278,
新宮・東牟婁,那智勝浦町,50354668,213,284,
新宮・東牟婁,那智勝浦町,50354700,177,237,
新宮・東牟婁,那智勝浦町,50354701,178,238,
新宮・東牟婁,那智勝浦町,50354702,174,233,
新宮・東牟婁,那智勝浦町,50354703,179,239,
新宮・東牟婁,那智勝浦町,50354704,176,235,
新宮・東牟婁,那智勝浦町,50354705,168,225,
新宮・東牟婁,那智勝浦町,50354706,170,227,
新宮・東牟婁,那智勝浦町,50354710,189,252,
新宮・東牟婁,那智勝浦町,50354711,187,250,
新宮・東牟婁,那智勝浦町,50354712,183,245,
新宮・東牟婁,那智勝浦町,50354713,180,240,
新宮・東牟婁,那智勝浦町,50354714,176,235,
新宮・東牟婁,那智勝浦町,50354715,170,227,
新宮・東牟婁,那智勝浦町,50354720,193,258,
新宮・東牟婁,那智勝浦町,50354721,192,256,
新宮・東牟婁,那智勝浦町,50354724,180,240,
新宮・東牟婁,那智勝浦町,50354730,198,265,
新宮・東牟婁,那智勝浦町,50354731,196,262,
新宮・東牟婁,那智勝浦町,50354740,202,270,
新宮・東牟婁,太地町,50352795,156,208,
新宮・東牟婁,太地町,50352796,154,206,
新宮・東牟婁,太地町,50353705,157,210,
新宮・東牟婁,太地町,50353706,157,210,
新宮・東牟婁,太地町,50353714,141,189,
新宮・東牟婁,太地町,50353715,159,213,
新宮・東牟婁,太地町,50353716,159,212,
新宮・東牟婁,太地町,50353725,160,214,
新宮・東牟婁,太地町,50353734,159,212,
新宮・東牟婁,古座川町,50352529,149,199,
新宮・東牟婁,古座川町,50352534,153,204,
新宮・東牟婁,古座川町,50352535,154,206,
新宮・東牟婁,古座川町,50352536,154,206,
新宮・東牟婁,古座川町,50352537,153,204,
新宮・東牟婁,古座川町,50352538,157,210,
新宮・東牟婁,古座川町,50352539,152,203,
新宮・東牟婁,古座川町,50352543,158,211,
新宮・東牟婁,古座川町,50352544,159,213,
新宮・東牟婁,古座川町,50352545,166,－,
新宮・東牟婁,古座川町,50352546,159,212,
新宮・東牟婁,古座川町,50352547,157,210,
新宮・東牟婁,古座川町,50352548,155,207,
新宮・東牟婁,古座川町,50352549,154,206,
新宮・東牟婁,古座川町,50352553,164,219,
新宮・東牟婁,古座川町,50352554,165,221,
新宮・東牟婁,古座川町,50352555,166,222,
新宮・東牟婁,古座川町,50352556,165,220,
新宮・東牟婁,古座川町,50352557,162,216,
新宮・東牟婁,古座川町,50352558,159,213,
新宮・東牟婁,古座川町,50352559,164,219,
新宮・東牟婁,古座川町,50352563,169,226,
新宮・東牟婁,古座川町,50352564,171,229,
新宮・東牟婁,古座川町,50352565,171,229,
新宮・東牟婁,古座川町,50352566,170,227,
新宮・東牟婁,古座川町,50352567,167,223,
新宮・東牟婁,古座川町,50352568,163,218,
新宮・東牟婁,古座川町,50352569,161,215,
新宮・東牟婁,古座川町,50352572,180,240,
新宮・東牟婁,古座川町,50352573,174,232,
新宮・東牟婁,古座川町,50352574,174,233,
新宮・東牟婁,古座川町,50352575,174,232,
新宮・東牟婁,古座川町,50352576,172,230,
新宮・東牟婁,古座川町,50352577,170,227,
新宮・東牟婁,古座川町,50352578,168,224,
新宮・東牟婁,古座川町,50352579,171,229,
新宮・東牟婁,古座川町,50352581,180,240,
新宮・東牟婁,古座川町,50352582,185,247,
新宮・東牟婁,古座川町,50352583,177,236,
新宮・東牟婁,古座川町,50352584,177,236,
新宮・東牟婁,古座川町,50352585,175,234,
新宮・東牟婁,古座川町,50352586,174,232,
新宮・東牟婁,古座川町,50352587,172,230,
新宮・東牟婁,古座川町,50352588,171,228,
新宮・東牟婁,古座川町,50352589,175,234,
新宮・東牟婁,古座川町,50352593,180,241,
新宮・東牟婁,古座川町,50352594,179,239,
新宮・東牟婁,古座川町,50352595,177,237,
新宮・東牟婁,古座川町,50352596,183,244,
新宮・東牟婁,古座川町,50352597,175,234,
新宮・東牟婁,古座川町,50352598,180,241,
新宮・東牟婁,古座川町,50352599,172,230,
新宮・東牟婁,古座川町,50352630,151,202,
新宮・東牟婁,古座川町,50352631,152,203,
新宮・東牟婁,古座川町,50352632,153,205,
新宮・東牟婁,古座川町,50352633,162,217,
新宮・東牟婁,古座川町,50352635,160,214,
新宮・東牟婁,古座川町,50352640,154,206,
新宮・東牟婁,古座川町,50352641,154,206,
新宮・東牟婁,古座川町,50352642,154,206,
新宮・東牟婁,古座川町,50352643,156,208,
新宮・東牟婁,古座川町,50352644,158,211,
新宮・東牟婁,古座川町,50352645,159,212,
新宮・東牟婁,古座川町,50352646,159,212,
新宮・東牟婁,古座川町,50352650,157,210,
新宮・東牟婁,古座川町,50352651,157,210,
新宮・東牟婁,古座川町,50352652,156,209,
新宮・東牟婁,古座川町,50352653,156,209,
新宮・東牟婁,古座川町,50352654,157,210,
新宮・東牟婁,古座川町,50352655,157,210,
新宮・東牟婁,古座川町,50352656,156,209,
新宮・東牟婁,古座川町,50352660,165,221,
新宮・東牟婁,古座川町,50352661,165,221,
新宮・東牟婁,古座川町,50352662,159,212,
新宮・東牟婁,古座川町,50352663,165,220,
新宮・東牟婁,古座川町,50352664,163,218,
新宮・東牟婁,古座川町,50352665,157,210,
新宮・東牟婁,古座川町,50352670,170,227,
新宮・東牟婁,古座川町,50352671,163,218,
新宮・東牟婁,古座川町,50352672,161,215,
新宮・東牟婁,古座川町,50352673,165,221,
新宮・東牟婁,古座川町,50352674,165,221,
新宮・東牟婁,古座川町,50352675,159,213,
新宮・東牟婁,古座川町,50352676,157,210,
新宮・東牟婁,古座川町,50352680,173,231,
新宮・東牟婁,古座川町,50352681,165,221,
新宮・東牟婁,古座川町,50352682,164,219,
新宮・東牟婁,古座川町,50352683,168,225,
新宮・東牟婁,古座川町,50352684,167,223,
新宮・東牟婁,古座川町,50352685,160,214,
新宮・東牟婁,古座川町,50352686,158,211,
新宮・東牟婁,古座川町,50352690,171,228,
新宮・東牟婁,古座川町,50352691,187,－,
新宮・東牟婁,古座川町,50352692,187,－,
新宮・東牟婁,古座川町,50352693,171,228,
新宮・東牟婁,古座川町,50352694,168,225,
新宮・東牟婁,古座川町,50352695,161,215,
新宮・東牟婁,古座川町,50352696,187,－,
新宮・東牟婁,古座川町,50353503,183,244,
新宮・東牟婁,古座川町,50353504,181,242,
新宮・東牟婁,古座川町,50353505,180,240,
新宮・東牟婁,古座川町,50353506,179,239,
新宮・東牟婁,古座川町,50353507,184,246,
新宮・東牟婁,古座川町,50353508,183,245,
新宮・東牟婁,古座川町,50353509,175,234,
新宮・東牟婁,古座川町,50353513,184,246,
新宮・東牟婁,古座川町,50353514,184,－,
新宮・東牟婁,古座川町,50353515,181,242,
新宮・東牟婁,古座川町,50353516,180,240,
新宮・東牟婁,古座川町,50353517,186,248,
新宮・東牟婁,古座川町,50353518,186,248,
新宮・東牟婁,古座川町,50353519,184,246,
新宮・東牟婁,古座川町,50353523,183,245,
新宮・東牟婁,古座川町,50353524,182,243,
新宮・東牟婁,古座川町,50353525,181,242,
新宮・東牟婁,古座川町,50353526,189,－,
新宮・東牟婁,古座川町,50353527,187,250,
新宮・東牟婁,古座川町,50353528,180,240,
新宮・東牟婁,古座川町,50353529,180,240,
新宮・東牟婁,古座川町,50353532,192,257,
新宮・東牟婁,古座川町,50353533,185,247,
新宮・東牟婁,古座川町,50353534,183,244,
新宮・東牟婁,古座川町,50353535,181,242,
新宮・東牟婁,古座川町,50353536,189,252,
新宮・東牟婁,古座川町,50353537,187,250,
新宮・東牟婁,古座川町,50353538,180,241,
新宮・東牟婁,古座川町,50353539,180,241,
新宮・東牟婁,古座川町,50353542,189,252,
新宮・東牟婁,古座川町,50353543,186,248,
新宮・東牟婁,古座川町,50353544,185,247,
新宮・東牟婁,古座川町,50353545,186,248,
新宮・東牟婁,古座川町,50353546,183,245,
新宮・東牟婁,古座川町,50353547,183,245,
新宮・東牟婁,古座川町,50353548,183,244,
新宮・東牟婁,古座川町,50353549,180,240,
新宮・東牟婁,古座川町,50353551,193,258,
新宮・東牟婁,古座川町,50353552,191,255,
新宮・東牟婁,古座川町,50353553,189,252,
新宮・東牟婁,古座川町,50353554,194,－,
新宮・東牟婁,古座川町,50353555,190,254,
新宮・東牟婁,古座川町,50353556,189,253,
新宮・東牟婁,古座川町,50353557,187,250,
新宮・東牟婁,古座川町,50353558,208,－,
新宮・東牟婁,古座川町,50353559,182,243,
新宮・東牟婁,古座川町,50353562,201,268,
新宮・東牟婁,古座川町,50353563,192,257,
新宮・東牟婁,古座川町,50353564,192,256,
新宮・東牟婁,古座川町,50353565,194,259,
新宮・東牟婁,古座川町,50353566,194,259,
新宮・東牟婁,古座川町,50353567,190,254,
新宮・東牟婁,古座川町,50353568,194,259,
新宮・東牟婁,古座川町,50353569,208,－,
新宮・東牟婁,古座川町,50353573,196,262,
新宮・東牟婁,古座川町,50353574,195,261,
新宮・東牟婁,古座川町,50353575,195,261,
新宮・東牟婁,古座川町,50353576,194,259,
新宮・東牟婁,古座川町,50353577,191,255,
新宮・東牟婁,古座川町,50353578,187,250,
新宮・東牟婁,古座川町,50353579,208,－,
新宮・東牟婁,古座川町,50353583,198,265,
新宮・東牟婁,古座川町,50353584,197,263,
新宮・東牟婁,古座川町,50353585,195,261,
新宮・東牟婁,古座川町,50353586,195,261,
新宮・東牟婁,古座川町,50353587,193,258,
新宮・東牟婁,古座川町,50353588,191,255,
新宮・東牟婁,古座川町,50353589,208,－,
新宮・東牟婁,古座川町,50353592,205,274,
新宮・東牟婁,古座川町,50353593,201,269,
新宮・東牟婁,古座川町,50353594,198,265,
新宮・東牟婁,古座川町,50353595,197,263,
新宮・東牟婁,古座川町,50353596,198,265,
新宮・東牟婁,古座川町,50353597,200,267,
新宮・東牟婁,古座川町,50353598,208,－,
新宮・東牟婁,古座川町,50353599,208,－,
新宮・東牟婁,古座川町,50353600,174,233,
新宮・東牟婁,古座川町,50353601,175,234,
新宮・東牟婁,古座川町,50353602,178,238,
新宮・東牟婁,古座川町,50353603,187,－,
新宮・東牟婁,古座川町,50353604,165,221,
新宮・東牟婁,古座川町,50353605,187,－,
新宮・東牟婁,古座川町,50353610,185,247,
新宮・東牟婁,古座川町,50353611,180,240,
新宮・東牟婁,古座川町,50353612,182,243,
新宮・東牟婁,古座川町,50353613,187,－,
新宮・東牟婁,古座川町,50353614,173,231,
新宮・東牟婁,古座川町,50353615,187,－,
新宮・東牟婁,古座川町,50353620,186,248,
新宮・東牟婁,古座川町,50353621,180,240,
新宮・東牟婁,古座川町,50353622,183,245,
新宮・東牟婁,古座川町,50353623,187,－,
新宮・東牟婁,古座川町,50353624,176,235,
新宮・東牟婁,古座川町,50353625,187,－,
新宮・東牟婁,古座川町,50353630,178,238,
新宮・東牟婁,古座川町,50353631,184,246,
新宮・東牟婁,古座川町,50353632,182,243,
新宮・東牟婁,古座川町,50353633,187,－,
新宮・東牟婁,古座川町,50353634,187,－,
新宮・東牟婁,古座川町,50353635,187,－,
新宮・東牟婁,古座川町,50353640,179,239,
新宮・東牟婁,古座川町,50353641,208,－,
新宮・東牟婁,古座川町,50353642,177,237,
新宮・東牟婁,古座川町,50353643,187,－,
新宮・東牟婁,古座川町,50353644,187,－,
新宮・東牟婁,古座川町,50353645,187,－,
新宮・東牟婁,古座川町,50353650,183,244,
新宮・東牟婁,古座川町,50353651,208,－,
新宮・東牟婁,古座川町,50353652,179,239,
新宮・東牟婁,古座川町,50353653,187,－,
新宮・東牟婁,古座川町,50353654,187,－,
新宮・東牟婁,古座川町,50353660,208,－,
新宮・東牟婁,古座川町,50353661,208,－,
新宮・東牟婁,古座川町,50353662,186,249,
新宮・東牟婁,古座川町,50353663,187,250,
新宮・東牟婁,古座川町,50353670,208,－,
新宮・東牟婁,古座川町,50353671,208,－,
新宮・東牟婁,古座川町,50353672,183,244,
新宮・東牟婁,古座川町,50353673,188,251,
新宮・東牟婁,古座川町,50353680,208,－,
新宮・東牟婁,古座川町,50353681,192,256,
新宮・東牟婁,古座川町,50353682,191,255,
新宮・東牟婁,古座川町,50353683,222,－,
新宮・東牟婁,古座川町,50353690,208,－,
新宮・東牟婁,古座川町,50353691,194,259,
新宮・東牟婁,古座川町,50353692,222,－,
新宮・東牟婁,古座川町,50353693,222,－,
新宮・東牟婁,古座川町,50354502,208,278,
新宮・東牟婁,古座川町,50354503,205,274,
新宮・東牟婁,古座川町,50354504,200,267,
新宮・東牟婁,古座川町,50354505,201,268,
新宮・東牟婁,古座川町,50354506,202,270,
新宮・東牟婁,古座川町,50354507,205,274,
新宮・東牟婁,古座川町,50354508,208,278,
新宮・東牟婁,古座川町,50354509,208,－,
新宮・東牟婁,古座川町,50354512,229,－,
新宮・東牟婁,古座川町,50354513,208,278,
新宮・東牟婁,古座川町,50354514,204,273,
新宮・東牟婁,古座川町,50354515,204,273,
新宮・東牟婁,古座川町,50354516,204,273,
新宮・東牟婁,古座川町,50354517,204,272,
新宮・東牟婁,古座川町,50354518,202,270,
新宮・東牟婁,古座川町,50354519,205,274,
新宮・東牟婁,古座川町,50354522,229,－,
新宮・東牟婁,古座川町,50354523,229,－,
新宮・東牟婁,古座川町,50354524,208,278,
新宮・東牟婁,古座川町,50354525,207,276,
新宮・東牟婁,古座川町,50354526,252,－,
新宮・東牟婁,古座川町,50354527,211,282,
新宮・東牟婁,古座川町,50354528,203,271,
新宮・東牟婁,古座川町,50354529,209,279,
新宮・東牟婁,古座川町,50354535,209,279,
新宮・東牟婁,古座川町,50354536,252,－,
新宮・東牟婁,古座川町,50354537,213,285,
新宮・東牟婁,古座川町,50354538,213,284,
新宮・東牟婁,古座川町,50354539,204,273,
新宮・東牟婁,古座川町,50354545,213,284,
新宮・東牟婁,古座川町,50354546,252,－,
新宮・東牟婁,古座川町,50354547,211,282,
新宮・東牟婁,古座川町,50354548,217,290,
新宮・東牟婁,古座川町,50354549,208,278,
新宮・東牟婁,古座川町,50354556,252,－,
新宮・東牟婁,古座川町,50354557,252,－,
新宮・東牟婁,古座川町,50354558,219,293,
新宮・東牟婁,古座川町,50354559,209,279,
新宮・東牟婁,古座川町,50354567,252,－,
新宮・東牟婁,古座川町,50354568,252,－,
新宮・東牟婁,古座川町,50354600,200,267,
新宮・東牟婁,古座川町,50354601,198,264,
新宮・東牟婁,古座川町,50354602,222,－,
新宮・東牟婁,古座川町,50354603,222,－,
新宮・東牟婁,古座川町,50354610,202,270,
新宮・東牟婁,古座川町,50354611,201,268,
新宮・東牟婁,古座川町,50354612,222,－,
新宮・東牟婁,古座川町,50354620,207,277,
新宮・東牟婁,古座川町,50354621,222,－,
新宮・東牟婁,古座川町,50354630,209,279,
新宮・東牟婁,古座川町,50354631,222,－,
新宮・東牟婁,北山村,50357712,198,－,
新宮・東牟婁,北山村,50357722,198,－,
新宮・東牟婁,北山村,50357723,185,247,
新宮・東牟婁,北山村,50357726,191,255,
新宮・東牟婁,北山村,50357727,194,259,
新宮・東牟婁,北山村,50357731,198,－,
新宮・東牟婁,北山村,50357732,198,－,
新宮・東牟婁,北山村,50357733,198,－,
新宮・東牟婁,北山村,50357734,184,246,
新宮・東牟婁,北山村,50357735,186,248,
新宮・東牟婁,北山村,50357736,188,251,
新宮・東牟婁,北山村,50357737,189,252,
新宮・東牟婁,北山村,50357742,198,－,
新宮・東牟婁,北山村,50357743,198,－,
新宮・東牟婁,北山村,50357744,198,－,
新宮・東牟婁,北山村,50357745,186,248,
新宮・東牟婁,北山村,50357746,186,248,
新宮・東牟婁,北山村,50357747,193,258,
新宮・東牟婁,北山村,50357753,198,－,
新宮・東牟婁,北山村,50357754,189,252,
新宮・東牟婁,北山村,50357755,186,249,
新宮・東牟婁,北山村,50357756,195,－,
新宮・東牟婁,北山村,50357757,188,251,
新宮・東牟婁,北山村,50357759,193,258,
新宮・東牟婁,北山村,50357763,198,－,
新宮・東牟婁,北山村,50357764,197,263,
新宮・東牟婁,北山村,50357765,189,252,
新宮・東牟婁,北山村,50357766,195,－,
新宮・東牟婁,北山村,50357767,189,252,
新宮・東牟婁,北山村,50357768,191,255,
新宮・東牟婁,北山村,50357769,191,255,
新宮・東牟婁,北山村,50357774,198,265,
新宮・東牟婁,北山村,50357776,189,253,
新宮・東牟婁,北山村,50357777,195,261,
新宮・東牟婁,北山村,50357778,195,260,
新宮・東牟婁,北山村,50357779,196,262,
新宮・東牟婁,北山村,50357788,196,－,
新宮・東牟婁,北山村,50357789,188,251,
新宮・東牟婁,北山村,50357799,196,－,
新宮・東牟婁,北山村,50367060,196,－,
新宮・東牟婁,北山村,50367070,196,－,
新宮・東牟婁,串本町,50351576,141,188,
新宮・東牟婁,串本町,50351577,144,－,
新宮・東牟婁,串本町,50351578,144,－,
新宮・東牟婁,串本町,50351579,143,191,
新宮・東牟婁,串本町,50351583,141,188,
新宮・東牟婁,串本町,50351584,141,188,
新宮・東牟婁,串本町,50351585,141,189,
新宮・東牟婁,串本町,50351586,142,190,
新宮・東牟婁,串本町,50351587,143,191,
新宮・東牟婁,串本町,50351588,144,192,
新宮・東牟婁,串本町,50351589,144,192,
新宮・東牟婁,串本町,50351592,143,191,
新宮・東牟婁,串本町,50351593,144,192,
新宮・東牟婁,串本町,50351594,143,191,
新宮・東牟婁,串本町,50351595,143,191,
新宮・東牟婁,串本町,50351596,143,191,
新宮・東牟婁,串本町,50351597,144,192,
新宮・東牟婁,串本町,50351598,144,193,
新宮・東牟婁,串本町,50351599,144,193,
新宮・東牟婁,串本町,50351620,146,195,
新宮・東牟婁,串本町,50351621,146,195,
新宮・東牟婁,串本町,50351622,146,－,
新宮・東牟婁,串本町,50351623,146,－,
新宮・東牟婁,串本町,50351630,151,202,
新宮・東牟婁,串本町,50351631,144,193,
新宮・東牟婁,串本町,50351632,141,189,
新宮・東牟婁,串本町,50351633,141,188,
新宮・東牟婁,串本町,50351636,150,－,
新宮・東牟婁,串本町,50351640,150,200,
新宮・東牟婁,串本町,50351641,148,198,
新宮・東牟婁,串本町,50351642,144,192,
新宮・東牟婁,串本町,50351643,143,191,
新宮・東牟婁,串本町,50351645,148,198,
新宮・東牟婁,串本町,50351646,149,199,
新宮・東牟婁,串本町,50351647,150,－,
新宮・東牟婁,串本町,50351651,149,199,
新宮・東牟婁,串本町,50351652,147,197,
新宮・東牟婁,串本町,50351653,146,195,
新宮・東牟婁,串本町,50351654,144,193,
新宮・東牟婁,串本町,50351655,152,－,
新宮・東牟婁,串本町,50351656,150,201,
新宮・東牟婁,串本町,50351657,150,200,
新宮・東牟婁,串本町,50351658,149,199,
新宮・東牟婁,串本町,50351661,147,197,
新宮・東牟婁,串本町,50351662,149,199,
新宮・東牟婁,串本町,50351663,154,206,
新宮・東牟婁,串本町,50351664,146,195,
新宮・東牟婁,串本町,50351665,151,202,
新宮・東牟婁,串本町,50351666,152,203,
新宮・東牟婁,串本町,50351667,152,203,
新宮・東牟婁,串本町,50351668,150,201,
新宮・東牟婁,串本町,50351670,143,191,
新宮・東牟婁,串本町,50351671,146,195,
新宮・東牟婁,串本町,50351672,149,199,
新宮・東牟婁,串本町,50351673,148,198,
新宮・東牟婁,串本町,50351674,147,196,
新宮・東牟婁,串本町,50351675,147,197,
新宮・東牟婁,串本町,50351676,152,－,
新宮・東牟婁,串本町,50351677,152,－,
新宮・東牟婁,串本町,50351680,144,193,
新宮・東牟婁,串本町,50351681,146,195,
新宮・東牟婁,串本町,50351682,146,195,
新宮・東牟婁,串本町,50351683,147,197,
新宮・東牟婁,串本町,50351690,144,193,
新宮・東牟婁,串本町,50351691,146,195,
新宮・東牟婁,串本町,50351692,147,196,
新宮・東牟婁,串本町,50351693,147,197,
新宮・東牟婁,串本町,50352501,143,191,
新宮・東牟婁,串本町,50352502,146,195,
新宮・東牟婁,串本町,50352503,146,195,
新宮・東牟婁,串本町,50352504,149,199,
新宮・東牟婁,串本町,50352505,156,－,
新宮・東牟婁,串本町,50352506,150,200,
新宮・東牟婁,串本町,50352507,145,194,
新宮・東牟婁,串本町,50352508,151,202,
新宮・東牟婁,串本町,50352509,151,202,
新宮・東牟婁,串本町,50352511,152,203,
新宮・東牟婁,串本町,50352512,147,197,
新宮・東牟婁,串本町,50352513,153,204,
新宮・東牟婁,串本町,50352514,151,202,
新宮・東牟婁,串本町,50352515,156,－,
新宮・東牟婁,串本町,50352516,153,204,
新宮・東牟婁,串本町,50352517,147,197,
新宮・東牟婁,串本町,50352518,147,196,
新宮・東牟婁,串本町,50352519,147,197,
新宮・東牟婁,串本町,50352521,149,199,
新宮・東牟婁,串本町,50352522,149,199,
新宮・東牟婁,串本町,50352523,155,207,
新宮・東牟婁,串本町,50352524,155,207,
新宮・東牟婁,串本町,50352525,156,208,
新宮・東牟婁,串本町,50352526,155,207,
新宮・東牟婁,串本町,50352527,157,－,
新宮・東牟婁,串本町,50352528,149,199,
新宮・東牟婁,串本町,50352530,160,214,
新宮・東牟婁,串本町,50352531,154,206,
新宮・東牟婁,串本町,50352532,154,206,
新宮・東牟婁,串本町,50352533,159,212,
新宮・東牟婁,串本町,50352540,165,220,
新宮・東牟婁,串本町,50352541,158,211,
新宮・東牟婁,串本町,50352542,158,211,
新宮・東牟婁,串本町,50352551,163,218,
新宮・東牟婁,串本町,50352552,163,218,
新宮・東牟婁,串本町,50352561,174,233,
新宮・東牟婁,串本町,50352562,174,233,
新宮・東牟婁,串本町,50352570,174,233,
新宮・東牟婁,串本町,50352571,174,233,
新宮・東牟婁,串本町,50352580,182,243,
新宮・東牟婁,串本町,50352600,152,203,
新宮・東牟婁,串本町,50352601,153,205,
新宮・東牟婁,串本町,50352602,154,206,
新宮・東牟婁,串本町,50352603,149,199,
新宮・東牟婁,串本町,50352604,150,200,
新宮・東牟婁,串本町,50352605,150,201,
新宮・東牟婁,串本町,50352610,158,－,
新宮・東牟婁,串本町,50352611,158,－,
新宮・東牟婁,串本町,50352612,156,209,
新宮・東牟婁,串本町,50352613,158,211,
新宮・東牟婁,串本町,50352614,153,205,
新宮・東牟婁,串本町,50352615,153,205,
新宮・東牟婁,串本町,50352616,154,206,
新宮・東牟婁,串本町,50352617,153,204,
新宮・東牟婁,串本町,50352620,154,206,
新宮・東牟婁,串本町,50352621,156,208,
新宮・東牟婁,串本町,50352622,158,211,
新宮・東牟婁,串本町,50352623,161,215,
新宮・東牟婁,串本町,50352624,157,210,
新宮・東牟婁,串本町,50352625,158,211,
新宮・東牟婁,串本町,50352626,157,210,
新宮・東牟婁,串本町,50352627,154,206,
新宮・東牟婁,串本町,50352628,152,203,
新宮・東牟婁,串本町,50352634,159,213,
新宮・東牟婁,串本町,50352636,159,212,
新宮・東牟婁,串本町,50352637,155,207,
新宮・東牟婁,串本町,50352638,152,203,
新宮・東牟婁,串本町,50352639,151,202,
新宮・東牟婁,串本町,50352647,161,215,
新宮・東牟婁,串本町,50352648,157,210,
新宮・東牟婁,串本町,50352649,150,201,
新宮・東牟婁,串本町,50352657,161,215,
新宮・東牟婁,串本町,50352658,158,211,
新宮・東牟婁,串本町,50352659,152,203,
新宮・東牟婁,串本町,50352666,163,218,
新宮・東牟婁,串本町,50352667,162,216,
新宮・東牟婁,串本町,50352668,159,213,
新宮・東牟婁,串本町,50352669,160,214,
新宮・東牟婁,串本町,50352677,163,218,
新宮・東牟婁,串本町,50352678,160,214,
新宮・東牟婁,串本町,50352679,162,216,
新宮・東牟婁,串本町,50352687,187,－,
新宮・東牟婁,串本町,50352688,162,217,
新宮・東牟婁,串本町,50352689,163,218,
新宮・東牟婁,串本町,50352697,187,－,
新宮・東牟婁,串本町,50352698,163,218,
新宮・東牟婁,串本町,50352699,163,218,
新宮・東牟婁,串本町,50352730,151,202,
新宮・東牟婁,串本町,50352740,150,201,
新宮・東牟婁,串本町,50352741,152,203,
新宮・東牟婁,串本町,50352750,153,204,
新宮・東牟婁,串本町,50352751,155,207,
新宮・東牟婁,串本町,50352760,162,217,
新宮・東牟婁,串本町,50352770,165,221,
新宮・東牟婁,串本町,50352780,165,220,
