i•Ê“Yj‘å‰JŒx•ñE’ˆÓ•ñ‚Ì“yë‰J—ÊŽw”Šî€’l,,,,—ß˜a8”N3ŒŽ17“úŒ»Ý,
Žs’¬‘º“™‚ð‚Ü‚Æ‚ß‚½’nˆæ,Žs’¬‘º“™,’nˆæƒƒbƒVƒ…ƒR[ƒhi‚PkmŠiŽq‘Î‰žj,“yë‰J—ÊŽw”Šî€i’ˆÓ•ñj,“yë‰J—ÊŽw”Šî€iŒx•ñj,
ã_,_ŒËŽs“Œ“å‹æ,52350179,112,165,
ã_,_ŒËŽs“Œ“å‹æ,52350210,120,|,
ã_,_ŒËŽs“Œ“å‹æ,52350211,120,|,
ã_,_ŒËŽs“Œ“å‹æ,52350212,120,|,
ã_,_ŒËŽs“Œ“å‹æ,52350213,120,|,
ã_,_ŒËŽs“Œ“å‹æ,52350220,120,|,
ã_,_ŒËŽs“Œ“å‹æ,52350221,120,|,
ã_,_ŒËŽs“Œ“å‹æ,52350222,120,|,
ã_,_ŒËŽs“Œ“å‹æ,52350223,120,|,
ã_,_ŒËŽs“Œ“å‹æ,52350230,120,|,
ã_,_ŒËŽs“Œ“å‹æ,52350231,120,|,
ã_,_ŒËŽs“Œ“å‹æ,52350232,120,|,
ã_,_ŒËŽs“Œ“å‹æ,52350233,120,|,
ã_,_ŒËŽs“Œ“å‹æ,52350240,120,|,
ã_,_ŒËŽs“Œ“å‹æ,52350241,120,|,
ã_,_ŒËŽs“Œ“å‹æ,52350242,120,|,
ã_,_ŒËŽs“Œ“å‹æ,52350243,120,|,
ã_,_ŒËŽs“Œ“å‹æ,52350244,120,|,
ã_,_ŒËŽs“Œ“å‹æ,52350250,120,|,
ã_,_ŒËŽs“Œ“å‹æ,52350251,120,|,
ã_,_ŒËŽs“Œ“å‹æ,52350252,120,|,
ã_,_ŒËŽs“Œ“å‹æ,52350253,120,|,
ã_,_ŒËŽs“Œ“å‹æ,52350260,120,|,
ã_,_ŒËŽs“Œ“å‹æ,52350261,120,|,
ã_,_ŒËŽs“Œ“å‹æ,52350262,120,|,
ã_,_ŒËŽs“Œ“å‹æ,52350263,120,|,
ã_,_ŒËŽs“Œ“å‹æ,52350270,106,157,
ã_,_ŒËŽs“Œ“å‹æ,52350271,115,170,
ã_,_ŒËŽs“Œ“å‹æ,52350272,115,170,
ã_,_ŒËŽs“Œ“å‹æ,52350273,114,168,
ã_,_ŒËŽs“Œ“å‹æ,52350280,115,170,
ã_,_ŒËŽs“Œ“å‹æ,52350281,110,162,
ã_,_ŒËŽs“Œ“å‹æ,52350282,119,175,
ã_,_ŒËŽs“Œ“å‹æ,52350291,119,176,
ã_,_ŒËŽs“Œ“å‹æ,52350292,119,175,
ã_,_ŒËŽs“Œ“å‹æ,52351201,129,190,
ã_,_ŒËŽs“Œ“å‹æ,52351211,133,196,
ã_,_ŒËŽs“Œ“å‹æ,52351221,133,196,
ã_,_ŒËŽs“å‹æ,52350137,120,|,
ã_,_ŒËŽs“å‹æ,52350138,120,|,
ã_,_ŒËŽs“å‹æ,52350139,120,|,
ã_,_ŒËŽs“å‹æ,52350147,120,|,
ã_,_ŒËŽs“å‹æ,52350148,120,|,
ã_,_ŒËŽs“å‹æ,52350149,120,|,
ã_,_ŒËŽs“å‹æ,52350157,120,|,
ã_,_ŒËŽs“å‹æ,52350158,120,|,
ã_,_ŒËŽs“å‹æ,52350159,120,|,
ã_,_ŒËŽs“å‹æ,52350166,118,174,
ã_,_ŒËŽs“å‹æ,52350167,112,165,
ã_,_ŒËŽs“å‹æ,52350168,109,161,
ã_,_ŒËŽs“å‹æ,52350169,108,160,
ã_,_ŒËŽs“å‹æ,52350176,122,180,
ã_,_ŒËŽs“å‹æ,52350177,116,171,
ã_,_ŒËŽs“å‹æ,52350178,114,168,
ã_,_ŒËŽs“å‹æ,52350186,125,184,
ã_,_ŒËŽs“å‹æ,52350187,125,184,
ã_,_ŒËŽs“å‹æ,52350188,123,182,
ã_,_ŒËŽs“å‹æ,52350189,116,172,
ã_,_ŒËŽs“å‹æ,52350196,128,189,
ã_,_ŒËŽs“å‹æ,52350197,134,198,
ã_,_ŒËŽs“å‹æ,52350198,136,201,
ã_,_ŒËŽs“å‹æ,52350199,129,190,
ã_,_ŒËŽs“å‹æ,52350290,116,171,
ã_,_ŒËŽs“å‹æ,52351106,128,189,
ã_,_ŒËŽs“å‹æ,52351107,137,202,
ã_,_ŒËŽs“å‹æ,52351108,141,208,
ã_,_ŒËŽs“å‹æ,52351109,141,208,
ã_,_ŒËŽs“å‹æ,52351118,140,207,
ã_,_ŒËŽs“å‹æ,52351119,143,211,
ã_,_ŒËŽs“å‹æ,52351200,132,195,
ã_,_ŒËŽs“å‹æ,52351210,143,|,
ã_,_ŒËŽs•ºŒÉ‹æ,51357173,120,|,
ã_,_ŒËŽs•ºŒÉ‹æ,51357174,120,|,
ã_,_ŒËŽs•ºŒÉ‹æ,51357183,120,|,
ã_,_ŒËŽs•ºŒÉ‹æ,51357184,120,|,
ã_,_ŒËŽs•ºŒÉ‹æ,51357193,120,|,
ã_,_ŒËŽs•ºŒÉ‹æ,51357194,120,|,
ã_,_ŒËŽs•ºŒÉ‹æ,52350103,120,|,
ã_,_ŒËŽs•ºŒÉ‹æ,52350104,120,|,
ã_,_ŒËŽs•ºŒÉ‹æ,52350112,99,146,
ã_,_ŒËŽs•ºŒÉ‹æ,52350113,102,151,
ã_,_ŒËŽs•ºŒÉ‹æ,52350122,99,146,
ã_,_ŒËŽs•ºŒÉ‹æ,52350123,104,153,
ã_,_ŒËŽs•ºŒÉ‹æ,52350131,104,154,
ã_,_ŒËŽs•ºŒÉ‹æ,52350132,105,155,
ã_,_ŒËŽs•ºŒÉ‹æ,52350133,114,168,
ã_,_ŒËŽs•ºŒÉ‹æ,52350142,107,158,
ã_,_ŒËŽs•ºŒÉ‹æ,52350143,111,164,
ã_,_ŒËŽs’·“c‹æ,51357171,120,|,
ã_,_ŒËŽs’·“c‹æ,51357172,120,|,
ã_,_ŒËŽs’·“c‹æ,51357181,120,|,
ã_,_ŒËŽs’·“c‹æ,51357182,120,|,
ã_,_ŒËŽs’·“c‹æ,51357191,102,150,
ã_,_ŒËŽs’·“c‹æ,51357192,120,|,
ã_,_ŒËŽs’·“c‹æ,52350100,98,145,
ã_,_ŒËŽs’·“c‹æ,52350101,97,144,
ã_,_ŒËŽs’·“c‹æ,52350102,120,|,
ã_,_ŒËŽs’·“c‹æ,52350110,103,152,
ã_,_ŒËŽs’·“c‹æ,52350111,103,152,
ã_,_ŒËŽs’·“c‹æ,52350120,104,153,
ã_,_ŒËŽs’·“c‹æ,52350121,104,153,
ã_,_ŒËŽs{–‹æ,51357068,102,150,
ã_,_ŒËŽs{–‹æ,51357069,120,|,
ã_,_ŒËŽs{–‹æ,51357078,94,139,
ã_,_ŒËŽs{–‹æ,51357079,120,|,
ã_,_ŒËŽs{–‹æ,51357088,98,145,
ã_,_ŒËŽs{–‹æ,51357089,99,146,
ã_,_ŒËŽs{–‹æ,51357097,97,143,
ã_,_ŒËŽs{–‹æ,51357098,90,133,
ã_,_ŒËŽs{–‹æ,51357099,102,151,
ã_,_ŒËŽs{–‹æ,51357160,120,|,
ã_,_ŒËŽs{–‹æ,51357161,120,|,
ã_,_ŒËŽs{–‹æ,51357170,120,|,
ã_,_ŒËŽs{–‹æ,51357180,120,|,
ã_,_ŒËŽs{–‹æ,51357190,102,151,
ã_,_ŒËŽs{–‹æ,52350006,96,142,
ã_,_ŒËŽs{–‹æ,52350007,93,137,
ã_,_ŒËŽs{–‹æ,52350008,97,144,
ã_,_ŒËŽs{–‹æ,52350009,99,146,
ã_,_ŒËŽs{–‹æ,52350016,89,131,
ã_,_ŒËŽs{–‹æ,52350017,97,|,
ã_,_ŒËŽs{–‹æ,52350018,93,138,
ã_,_ŒËŽs{–‹æ,52350019,102,151,
ã_,_ŒËŽs{–‹æ,52350025,92,136,
ã_,_ŒËŽs{–‹æ,52350026,92,136,
ã_,_ŒËŽs{–‹æ,52350027,93,138,
ã_,_ŒËŽs{–‹æ,52350028,97,144,
ã_,_ŒËŽs{–‹æ,52350029,104,153,
ã_,_ŒËŽs{–‹æ,52350037,93,138,
ã_,_ŒËŽs{–‹æ,52350038,102,151,
ã_,_ŒËŽs{–‹æ,52350048,100,148,
ã_,_ŒËŽs‚…‹æ,51357043,127,|,
ã_,_ŒËŽs‚…‹æ,51357044,127,|,
ã_,_ŒËŽs‚…‹æ,51357052,127,|,
ã_,_ŒËŽs‚…‹æ,51357053,127,|,
ã_,_ŒËŽs‚…‹æ,51357054,88,130,
ã_,_ŒËŽs‚…‹æ,51357055,91,135,
ã_,_ŒËŽs‚…‹æ,51357056,92,136,
ã_,_ŒËŽs‚…‹æ,51357061,127,|,
ã_,_ŒËŽs‚…‹æ,51357062,90,133,
ã_,_ŒËŽs‚…‹æ,51357063,87,129,
ã_,_ŒËŽs‚…‹æ,51357064,88,130,
ã_,_ŒËŽs‚…‹æ,51357065,91,135,
ã_,_ŒËŽs‚…‹æ,51357066,89,131,
ã_,_ŒËŽs‚…‹æ,51357067,94,139,
ã_,_ŒËŽs‚…‹æ,51357072,91,134,
ã_,_ŒËŽs‚…‹æ,51357073,87,129,
ã_,_ŒËŽs‚…‹æ,51357074,91,135,
ã_,_ŒËŽs‚…‹æ,51357075,92,136,
ã_,_ŒËŽs‚…‹æ,51357076,93,137,
ã_,_ŒËŽs‚…‹æ,51357077,98,145,
ã_,_ŒËŽs‚…‹æ,51357082,91,134,
ã_,_ŒËŽs‚…‹æ,51357083,84,124,
ã_,_ŒËŽs‚…‹æ,51357084,83,123,
ã_,_ŒËŽs‚…‹æ,51357085,92,136,
ã_,_ŒËŽs‚…‹æ,51357086,93,137,
ã_,_ŒËŽs‚…‹æ,51357087,97,144,
ã_,_ŒËŽs‚…‹æ,51357093,91,135,
ã_,_ŒËŽs‚…‹æ,51357094,105,|,
ã_,_ŒËŽs‚…‹æ,51357095,96,142,
ã_,_ŒËŽs‚…‹æ,51357096,95,141,
ã_,_ŒËŽs‚…‹æ,52350004,105,|,
ã_,_ŒËŽs‚…‹æ,52350005,96,142,
ã_,_ŒËŽs–k‹æ,52350039,104,153,
ã_,_ŒËŽs–k‹æ,52350049,104,153,
ã_,_ŒËŽs–k‹æ,52350058,105,|,
ã_,_ŒËŽs–k‹æ,52350059,105,155,
ã_,_ŒËŽs–k‹æ,52350067,105,|,
ã_,_ŒËŽs–k‹æ,52350068,105,|,
ã_,_ŒËŽs–k‹æ,52350069,96,142,
ã_,_ŒËŽs–k‹æ,52350077,105,|,
ã_,_ŒËŽs–k‹æ,52350078,99,146,
ã_,_ŒËŽs–k‹æ,52350079,102,151,
ã_,_ŒËŽs–k‹æ,52350088,99,146,
ã_,_ŒËŽs–k‹æ,52350089,93,138,
ã_,_ŒËŽs–k‹æ,52350097,103,152,
ã_,_ŒËŽs–k‹æ,52350098,98,145,
ã_,_ŒËŽs–k‹æ,52350099,119,|,
ã_,_ŒËŽs–k‹æ,52350130,101,149,
ã_,_ŒËŽs–k‹æ,52350140,106,156,
ã_,_ŒËŽs–k‹æ,52350141,106,156,
ã_,_ŒËŽs–k‹æ,52350150,106,157,
ã_,_ŒËŽs–k‹æ,52350151,112,166,
ã_,_ŒËŽs–k‹æ,52350152,119,175,
ã_,_ŒËŽs–k‹æ,52350153,119,176,
ã_,_ŒËŽs–k‹æ,52350160,106,156,
ã_,_ŒËŽs–k‹æ,52350161,112,166,
ã_,_ŒËŽs–k‹æ,52350162,116,172,
ã_,_ŒËŽs–k‹æ,52350163,122,180,
ã_,_ŒËŽs–k‹æ,52350170,100,148,
ã_,_ŒËŽs–k‹æ,52350171,112,166,
ã_,_ŒËŽs–k‹æ,52350172,121,178,
ã_,_ŒËŽs–k‹æ,52350173,123,181,
ã_,_ŒËŽs–k‹æ,52350174,123,181,
ã_,_ŒËŽs–k‹æ,52350180,95,140,
ã_,_ŒËŽs–k‹æ,52350181,106,157,
ã_,_ŒËŽs–k‹æ,52350182,120,177,
ã_,_ŒËŽs–k‹æ,52350183,119,175,
ã_,_ŒËŽs–k‹æ,52350184,125,184,
ã_,_ŒËŽs–k‹æ,52350185,125,184,
ã_,_ŒËŽs–k‹æ,52350190,98,145,
ã_,_ŒËŽs–k‹æ,52350191,104,153,
ã_,_ŒËŽs–k‹æ,52350192,119,175,
ã_,_ŒËŽs–k‹æ,52350193,123,181,
ã_,_ŒËŽs–k‹æ,52350194,121,178,
ã_,_ŒËŽs–k‹æ,52350195,131,193,
ã_,_ŒËŽs–k‹æ,52351007,102,151,
ã_,_ŒËŽs–k‹æ,52351008,102,150,
ã_,_ŒËŽs–k‹æ,52351009,97,143,
ã_,_ŒËŽs–k‹æ,52351016,99,146,
ã_,_ŒËŽs–k‹æ,52351017,99,147,
ã_,_ŒËŽs–k‹æ,52351018,101,149,
ã_,_ŒËŽs–k‹æ,52351019,97,143,
ã_,_ŒËŽs–k‹æ,52351026,102,151,
ã_,_ŒËŽs–k‹æ,52351027,98,145,
ã_,_ŒËŽs–k‹æ,52351028,95,140,
ã_,_ŒËŽs–k‹æ,52351029,96,142,
ã_,_ŒËŽs–k‹æ,52351037,127,|,
ã_,_ŒËŽs–k‹æ,52351038,95,140,
ã_,_ŒËŽs–k‹æ,52351039,127,|,
ã_,_ŒËŽs–k‹æ,52351048,127,|,
ã_,_ŒËŽs–k‹æ,52351049,127,|,
ã_,_ŒËŽs–k‹æ,52351057,104,153,
ã_,_ŒËŽs–k‹æ,52351058,92,136,
ã_,_ŒËŽs–k‹æ,52351059,96,142,
ã_,_ŒËŽs–k‹æ,52351066,104,153,
ã_,_ŒËŽs–k‹æ,52351067,104,154,
ã_,_ŒËŽs–k‹æ,52351068,97,143,
ã_,_ŒËŽs–k‹æ,52351069,97,143,
ã_,_ŒËŽs–k‹æ,52351076,104,153,
ã_,_ŒËŽs–k‹æ,52351077,105,155,
ã_,_ŒËŽs–k‹æ,52351078,106,156,
ã_,_ŒËŽs–k‹æ,52351079,97,144,
ã_,_ŒËŽs–k‹æ,52351087,99,147,
ã_,_ŒËŽs–k‹æ,52351088,93,137,
ã_,_ŒËŽs–k‹æ,52351089,88,130,
ã_,_ŒËŽs–k‹æ,52351097,125,|,
ã_,_ŒËŽs–k‹æ,52351098,83,123,
ã_,_ŒËŽs–k‹æ,52351099,82,122,
ã_,_ŒËŽs–k‹æ,52351100,119,|,
ã_,_ŒËŽs–k‹æ,52351101,119,|,
ã_,_ŒËŽs–k‹æ,52351102,116,172,
ã_,_ŒËŽs–k‹æ,52351103,121,179,
ã_,_ŒËŽs–k‹æ,52351104,129,190,
ã_,_ŒËŽs–k‹æ,52351105,131,193,
ã_,_ŒËŽs–k‹æ,52351110,97,144,
ã_,_ŒËŽs–k‹æ,52351111,95,141,
ã_,_ŒËŽs–k‹æ,52351112,111,164,
ã_,_ŒËŽs–k‹æ,52351113,125,185,
ã_,_ŒËŽs–k‹æ,52351114,127,188,
ã_,_ŒËŽs–k‹æ,52351115,129,191,
ã_,_ŒËŽs–k‹æ,52351116,131,193,
ã_,_ŒËŽs–k‹æ,52351117,136,200,
ã_,_ŒËŽs–k‹æ,52351120,96,142,
ã_,_ŒËŽs–k‹æ,52351121,98,145,
ã_,_ŒËŽs–k‹æ,52351122,110,162,
ã_,_ŒËŽs–k‹æ,52351123,119,175,
ã_,_ŒËŽs–k‹æ,52351124,126,186,
ã_,_ŒËŽs–k‹æ,52351125,129,191,
ã_,_ŒËŽs–k‹æ,52351126,133,196,
ã_,_ŒËŽs–k‹æ,52351127,136,200,
ã_,_ŒËŽs–k‹æ,52351128,133,196,
ã_,_ŒËŽs–k‹æ,52351129,132,195,
ã_,_ŒËŽs–k‹æ,52351130,95,141,
ã_,_ŒËŽs–k‹æ,52351131,93,138,
ã_,_ŒËŽs–k‹æ,52351132,102,151,
ã_,_ŒËŽs–k‹æ,52351133,105,155,
ã_,_ŒËŽs–k‹æ,52351134,118,174,
ã_,_ŒËŽs–k‹æ,52351135,134,198,
ã_,_ŒËŽs–k‹æ,52351136,133,196,
ã_,_ŒËŽs–k‹æ,52351137,137,202,
ã_,_ŒËŽs–k‹æ,52351138,130,192,
ã_,_ŒËŽs–k‹æ,52351139,128,189,
ã_,_ŒËŽs–k‹æ,52351140,99,147,
ã_,_ŒËŽs–k‹æ,52351141,95,141,
ã_,_ŒËŽs–k‹æ,52351142,92,136,
ã_,_ŒËŽs–k‹æ,52351143,97,144,
ã_,_ŒËŽs–k‹æ,52351144,109,161,
ã_,_ŒËŽs–k‹æ,52351145,119,175,
ã_,_ŒËŽs–k‹æ,52351146,121,178,
ã_,_ŒËŽs–k‹æ,52351147,130,192,
ã_,_ŒËŽs–k‹æ,52351148,125,184,
ã_,_ŒËŽs–k‹æ,52351149,122,180,
ã_,_ŒËŽs–k‹æ,52351150,96,142,
ã_,_ŒËŽs–k‹æ,52351151,119,|,
ã_,_ŒËŽs–k‹æ,52351152,119,|,
ã_,_ŒËŽs–k‹æ,52351153,119,|,
ã_,_ŒËŽs–k‹æ,52351154,119,|,
ã_,_ŒËŽs–k‹æ,52351155,110,162,
ã_,_ŒËŽs–k‹æ,52351156,116,172,
ã_,_ŒËŽs–k‹æ,52351157,121,179,
ã_,_ŒËŽs–k‹æ,52351158,123,182,
ã_,_ŒËŽs–k‹æ,52351159,123,182,
ã_,_ŒËŽs–k‹æ,52351160,100,148,
ã_,_ŒËŽs–k‹æ,52351161,95,141,
ã_,_ŒËŽs–k‹æ,52351162,91,135,
ã_,_ŒËŽs–k‹æ,52351163,119,|,
ã_,_ŒËŽs–k‹æ,52351164,96,142,
ã_,_ŒËŽs–k‹æ,52351165,102,151,
ã_,_ŒËŽs–k‹æ,52351166,115,170,
ã_,_ŒËŽs–k‹æ,52351167,121,178,
ã_,_ŒËŽs–k‹æ,52351168,125,184,
ã_,_ŒËŽs–k‹æ,52351169,121,178,
ã_,_ŒËŽs–k‹æ,52351170,96,142,
ã_,_ŒËŽs–k‹æ,52351171,99,146,
ã_,_ŒËŽs–k‹æ,52351172,91,134,
ã_,_ŒËŽs–k‹æ,52351173,90,133,
ã_,_ŒËŽs–k‹æ,52351174,87,129,
ã_,_ŒËŽs–k‹æ,52351175,104,154,
ã_,_ŒËŽs–k‹æ,52351176,102,151,
ã_,_ŒËŽs–k‹æ,52351177,110,162,
ã_,_ŒËŽs–k‹æ,52351178,117,173,
ã_,_ŒËŽs–k‹æ,52351180,87,129,
ã_,_ŒËŽs–k‹æ,52351181,90,133,
ã_,_ŒËŽs–k‹æ,52351182,99,|,
ã_,_ŒËŽs–k‹æ,52351183,90,133,
ã_,_ŒËŽs–k‹æ,52351184,86,127,
ã_,_ŒËŽs–k‹æ,52351185,90,133,
ã_,_ŒËŽs–k‹æ,52351186,111,|,
ã_,_ŒËŽs–k‹æ,52351187,105,155,
ã_,_ŒËŽs–k‹æ,52351188,111,164,
ã_,_ŒËŽs–k‹æ,52351190,82,121,
ã_,_ŒËŽs–k‹æ,52351191,85,126,
ã_,_ŒËŽs–k‹æ,52351192,93,138,
ã_,_ŒËŽs–k‹æ,52351193,89,132,
ã_,_ŒËŽs–k‹æ,52351194,89,132,
ã_,_ŒËŽs–k‹æ,52351195,111,|,
ã_,_ŒËŽs–k‹æ,52351196,94,139,
ã_,_ŒËŽs–k‹æ,52351197,111,|,
ã_,_ŒËŽs–k‹æ,52351220,137,202,
ã_,_ŒËŽs–k‹æ,52351230,129,190,
ã_,_ŒËŽs–k‹æ,52351231,126,186,
ã_,_ŒËŽs–k‹æ,52351240,122,180,
ã_,_ŒËŽs–k‹æ,52351241,126,186,
ã_,_ŒËŽs–k‹æ,52351250,123,182,
ã_,_ŒËŽs–k‹æ,52351251,126,186,
ã_,_ŒËŽs–k‹æ,52351260,117,173,
ã_,_ŒËŽs–k‹æ,52352008,86,127,
ã_,_ŒËŽs–k‹æ,52352009,82,121,
ã_,_ŒËŽs–k‹æ,52352102,85,126,
ã_,_ŒËŽs–k‹æ,52352103,85,126,
ã_,_ŒËŽs–k‹æ,52352104,85,125,
ã_,_ŒËŽs–k‹æ,52352105,85,126,
ã_,_ŒËŽs–k‹æ,52352106,89,132,
ã_,_ŒËŽs–k‹æ,52352107,94,139,
ã_,_ŒËŽs–k‹æ,52352108,99,146,
ã_,_ŒËŽs–k‹æ,52352113,85,125,
ã_,_ŒËŽs–k‹æ,52352114,84,124,
ã_,_ŒËŽs–k‹æ,52352115,93,|,
ã_,_ŒËŽs–k‹æ,52352116,91,135,
ã_,_ŒËŽs–k‹æ,52352117,85,125,
ã_,_ŒËŽs–k‹æ,52352118,89,132,
ã_,_ŒËŽs–k‹æ,52352123,93,137,
ã_,_ŒËŽs–k‹æ,52352124,89,131,
ã_,_ŒËŽs–k‹æ,52352125,87,129,
ã_,_ŒËŽs–k‹æ,52352126,93,|,
ã_,_ŒËŽs–k‹æ,52352127,91,135,
ã_,_ŒËŽs–k‹æ,52352128,89,131,
ã_,_ŒËŽs–k‹æ,52352129,93,138,
ã_,_ŒËŽs–k‹æ,52352133,101,149,
ã_,_ŒËŽs–k‹æ,52352134,92,136,
ã_,_ŒËŽs–k‹æ,52352135,93,|,
ã_,_ŒËŽs–k‹æ,52352136,93,|,
ã_,_ŒËŽs–k‹æ,52352137,92,136,
ã_,_ŒËŽs–k‹æ,52352138,96,142,
ã_,_ŒËŽs–k‹æ,52352139,93,138,
ã_,_ŒËŽs–k‹æ,52352143,101,149,
ã_,_ŒËŽs–k‹æ,52352144,93,137,
ã_,_ŒËŽs–k‹æ,52352145,88,130,
ã_,_ŒËŽs–k‹æ,52352146,89,131,
ã_,_ŒËŽs–k‹æ,52352147,93,137,
ã_,_ŒËŽs–k‹æ,52352148,93,137,
ã_,_ŒËŽs–k‹æ,52352149,97,143,
ã_,_ŒËŽs–k‹æ,52352153,101,149,
ã_,_ŒËŽs–k‹æ,52352154,107,|,
ã_,_ŒËŽs–k‹æ,52352155,93,137,
ã_,_ŒËŽs–k‹æ,52352163,89,131,
ã_,_ŒËŽs–k‹æ,52352164,101,149,
ã_,_ŒËŽs–k‹æ,52352210,111,|,
ã_,_ŒËŽs–k‹æ,52352220,99,146,
ã_,_ŒËŽs–k‹æ,52352221,106,156,
ã_,_ŒËŽs–k‹æ,52352222,111,164,
ã_,_ŒËŽs–k‹æ,52352230,93,138,
ã_,_ŒËŽs–k‹æ,52352231,99,147,
ã_,_ŒËŽs–k‹æ,52352232,101,149,
ã_,_ŒËŽs–k‹æ,52352240,94,139,
ã_,_ŒËŽs–k‹æ,52352241,95,140,
ã_,_ŒËŽs–k‹æ,52352242,116,|,
ã_,_ŒËŽs–k‹æ,52352250,90,133,
ã_,_ŒËŽs–k‹æ,52352251,116,|,
ã_,_ŒËŽs–k‹æ,52352252,116,|,
ã_,_ŒËŽs’†‰›‹æ,51357156,|,|,
ã_,_ŒËŽs’†‰›‹æ,51357157,|,|,
ã_,_ŒËŽs’†‰›‹æ,51357158,|,|,
ã_,_ŒËŽs’†‰›‹æ,51357159,|,|,
ã_,_ŒËŽs’†‰›‹æ,51357166,120,|,
ã_,_ŒËŽs’†‰›‹æ,51357167,120,|,
ã_,_ŒËŽs’†‰›‹æ,51357168,120,|,
ã_,_ŒËŽs’†‰›‹æ,51357169,120,|,
ã_,_ŒËŽs’†‰›‹æ,51357178,120,|,
ã_,_ŒËŽs’†‰›‹æ,51357186,120,|,
ã_,_ŒËŽs’†‰›‹æ,51357187,120,|,
ã_,_ŒËŽs’†‰›‹æ,51357188,120,|,
ã_,_ŒËŽs’†‰›‹æ,51357189,120,|,
ã_,_ŒËŽs’†‰›‹æ,51357196,120,|,
ã_,_ŒËŽs’†‰›‹æ,51357197,120,|,
ã_,_ŒËŽs’†‰›‹æ,51357198,120,|,
ã_,_ŒËŽs’†‰›‹æ,51357199,120,|,
ã_,_ŒËŽs’†‰›‹æ,52350105,120,|,
ã_,_ŒËŽs’†‰›‹æ,52350106,120,|,
ã_,_ŒËŽs’†‰›‹æ,52350107,120,|,
ã_,_ŒËŽs’†‰›‹æ,52350108,120,|,
ã_,_ŒËŽs’†‰›‹æ,52350114,120,|,
ã_,_ŒËŽs’†‰›‹æ,52350115,120,|,
ã_,_ŒËŽs’†‰›‹æ,52350116,120,|,
ã_,_ŒËŽs’†‰›‹æ,52350117,120,|,
ã_,_ŒËŽs’†‰›‹æ,52350118,120,|,
ã_,_ŒËŽs’†‰›‹æ,52350124,102,151,
ã_,_ŒËŽs’†‰›‹æ,52350125,120,|,
ã_,_ŒËŽs’†‰›‹æ,52350126,120,|,
ã_,_ŒËŽs’†‰›‹æ,52350127,120,|,
ã_,_ŒËŽs’†‰›‹æ,52350134,99,147,
ã_,_ŒËŽs’†‰›‹æ,52350135,104,153,
ã_,_ŒËŽs’†‰›‹æ,52350136,120,|,
ã_,_ŒËŽs’†‰›‹æ,52350144,111,164,
ã_,_ŒËŽs’†‰›‹æ,52350145,114,169,
ã_,_ŒËŽs’†‰›‹æ,52350146,120,|,
ã_,_ŒËŽs’†‰›‹æ,52350154,119,175,
ã_,_ŒËŽs’†‰›‹æ,52350155,116,172,
ã_,_ŒËŽs’†‰›‹æ,52350156,110,163,
ã_,_ŒËŽs’†‰›‹æ,52350164,121,178,
ã_,_ŒËŽs’†‰›‹æ,52350165,119,175,
ã_,_ŒËŽs’†‰›‹æ,52350175,121,179,
ã_,_ŒËŽs¼‹æ,51347798,147,|,
ã_,_ŒËŽs¼‹æ,51347799,147,|,
ã_,_ŒËŽs¼‹æ,51357090,90,133,
ã_,_ŒËŽs¼‹æ,51357091,90,133,
ã_,_ŒËŽs¼‹æ,51357092,91,135,
ã_,_ŒËŽs¼‹æ,52340708,89,131,
ã_,_ŒËŽs¼‹æ,52340709,89,131,
ã_,_ŒËŽs¼‹æ,52340717,147,|,
ã_,_ŒËŽs¼‹æ,52340718,147,|,
ã_,_ŒËŽs¼‹æ,52340719,147,|,
ã_,_ŒËŽs¼‹æ,52340727,83,123,
ã_,_ŒËŽs¼‹æ,52340728,84,124,
ã_,_ŒËŽs¼‹æ,52340729,147,|,
ã_,_ŒËŽs¼‹æ,52340737,84,124,
ã_,_ŒËŽs¼‹æ,52340738,147,|,
ã_,_ŒËŽs¼‹æ,52340739,89,131,
ã_,_ŒËŽs¼‹æ,52340744,147,|,
ã_,_ŒËŽs¼‹æ,52340747,80,118,
ã_,_ŒËŽs¼‹æ,52340748,84,124,
ã_,_ŒËŽs¼‹æ,52340749,147,|,
ã_,_ŒËŽs¼‹æ,52340753,147,|,
ã_,_ŒËŽs¼‹æ,52340754,147,|,
ã_,_ŒËŽs¼‹æ,52340755,147,|,
ã_,_ŒËŽs¼‹æ,52340757,80,118,
ã_,_ŒËŽs¼‹æ,52340758,84,124,
ã_,_ŒËŽs¼‹æ,52340759,89,131,
ã_,_ŒËŽs¼‹æ,52340763,147,|,
ã_,_ŒËŽs¼‹æ,52340764,147,|,
ã_,_ŒËŽs¼‹æ,52340765,147,|,
ã_,_ŒËŽs¼‹æ,52340766,147,|,
ã_,_ŒËŽs¼‹æ,52340767,80,118,
ã_,_ŒËŽs¼‹æ,52340768,147,|,
ã_,_ŒËŽs¼‹æ,52340769,85,126,
ã_,_ŒËŽs¼‹æ,52340775,147,|,
ã_,_ŒËŽs¼‹æ,52340776,147,|,
ã_,_ŒËŽs¼‹æ,52340777,147,|,
ã_,_ŒËŽs¼‹æ,52340778,147,|,
ã_,_ŒËŽs¼‹æ,52340779,85,126,
ã_,_ŒËŽs¼‹æ,52340786,147,|,
ã_,_ŒËŽs¼‹æ,52340787,147,|,
ã_,_ŒËŽs¼‹æ,52340788,147,|,
ã_,_ŒËŽs¼‹æ,52340789,85,126,
ã_,_ŒËŽs¼‹æ,52340797,147,|,
ã_,_ŒËŽs¼‹æ,52340798,147,|,
ã_,_ŒËŽs¼‹æ,52340799,85,126,
ã_,_ŒËŽs¼‹æ,52341707,147,|,
ã_,_ŒËŽs¼‹æ,52341708,147,|,
ã_,_ŒËŽs¼‹æ,52341709,147,|,
ã_,_ŒËŽs¼‹æ,52341717,147,|,
ã_,_ŒËŽs¼‹æ,52341718,79,117,
ã_,_ŒËŽs¼‹æ,52341719,84,124,
ã_,_ŒËŽs¼‹æ,52341729,84,124,
ã_,_ŒËŽs¼‹æ,52350000,90,133,
ã_,_ŒËŽs¼‹æ,52350001,95,|,
ã_,_ŒËŽs¼‹æ,52350002,87,129,
ã_,_ŒËŽs¼‹æ,52350003,91,135,
ã_,_ŒËŽs¼‹æ,52350010,94,139,
ã_,_ŒËŽs¼‹æ,52350011,90,133,
ã_,_ŒËŽs¼‹æ,52350012,95,140,
ã_,_ŒËŽs¼‹æ,52350013,105,|,
ã_,_ŒËŽs¼‹æ,52350014,91,134,
ã_,_ŒËŽs¼‹æ,52350015,96,142,
ã_,_ŒËŽs¼‹æ,52350020,90,133,
ã_,_ŒËŽs¼‹æ,52350021,95,140,
ã_,_ŒËŽs¼‹æ,52350022,95,140,
ã_,_ŒËŽs¼‹æ,52350023,95,141,
ã_,_ŒËŽs¼‹æ,52350024,105,|,
ã_,_ŒËŽs¼‹æ,52350030,90,133,
ã_,_ŒËŽs¼‹æ,52350031,95,140,
ã_,_ŒËŽs¼‹æ,52350032,95,140,
ã_,_ŒËŽs¼‹æ,52350033,105,|,
ã_,_ŒËŽs¼‹æ,52350034,95,141,
ã_,_ŒËŽs¼‹æ,52350035,92,136,
ã_,_ŒËŽs¼‹æ,52350036,92,136,
ã_,_ŒËŽs¼‹æ,52350040,89,132,
ã_,_ŒËŽs¼‹æ,52350041,91,134,
ã_,_ŒËŽs¼‹æ,52350042,105,|,
ã_,_ŒËŽs¼‹æ,52350043,95,141,
ã_,_ŒËŽs¼‹æ,52350044,105,|,
ã_,_ŒËŽs¼‹æ,52350045,95,141,
ã_,_ŒËŽs¼‹æ,52350046,96,142,
ã_,_ŒËŽs¼‹æ,52350047,95,140,
ã_,_ŒËŽs¼‹æ,52350050,90,133,
ã_,_ŒËŽs¼‹æ,52350051,95,140,
ã_,_ŒËŽs¼‹æ,52350052,95,140,
ã_,_ŒËŽs¼‹æ,52350053,105,|,
ã_,_ŒËŽs¼‹æ,52350054,99,147,
ã_,_ŒËŽs¼‹æ,52350055,105,|,
ã_,_ŒËŽs¼‹æ,52350056,97,143,
ã_,_ŒËŽs¼‹æ,52350057,97,144,
ã_,_ŒËŽs¼‹æ,52350060,90,133,
ã_,_ŒËŽs¼‹æ,52350061,104,|,
ã_,_ŒËŽs¼‹æ,52350062,95,140,
ã_,_ŒËŽs¼‹æ,52350063,99,147,
ã_,_ŒËŽs¼‹æ,52350064,100,148,
ã_,_ŒËŽs¼‹æ,52350065,100,148,
ã_,_ŒËŽs¼‹æ,52350066,105,|,
ã_,_ŒËŽs¼‹æ,52350070,91,134,
ã_,_ŒËŽs¼‹æ,52350071,104,|,
ã_,_ŒËŽs¼‹æ,52350072,104,|,
ã_,_ŒËŽs¼‹æ,52350073,104,|,
ã_,_ŒËŽs¼‹æ,52350074,99,147,
ã_,_ŒËŽs¼‹æ,52350075,100,148,
ã_,_ŒËŽs¼‹æ,52350076,97,144,
ã_,_ŒËŽs¼‹æ,52350080,90,133,
ã_,_ŒËŽs¼‹æ,52350081,95,140,
ã_,_ŒËŽs¼‹æ,52350082,95,140,
ã_,_ŒËŽs¼‹æ,52350083,104,|,
ã_,_ŒËŽs¼‹æ,52350084,104,153,
ã_,_ŒËŽs¼‹æ,52350085,101,149,
ã_,_ŒËŽs¼‹æ,52350086,102,151,
ã_,_ŒËŽs¼‹æ,52350087,105,|,
ã_,_ŒËŽs¼‹æ,52350090,90,133,
ã_,_ŒËŽs¼‹æ,52350091,95,140,
ã_,_ŒËŽs¼‹æ,52350092,95,140,
ã_,_ŒËŽs¼‹æ,52350093,99,146,
ã_,_ŒËŽs¼‹æ,52350094,104,153,
ã_,_ŒËŽs¼‹æ,52350095,101,149,
ã_,_ŒËŽs¼‹æ,52350096,103,152,
ã_,_ŒËŽs¼‹æ,52351000,93,138,
ã_,_ŒËŽs¼‹æ,52351001,93,138,
ã_,_ŒËŽs¼‹æ,52351002,94,139,
ã_,_ŒËŽs¼‹æ,52351003,95,140,
ã_,_ŒËŽs¼‹æ,52351004,103,152,
ã_,_ŒËŽs¼‹æ,52351005,105,155,
ã_,_ŒËŽs¼‹æ,52351006,101,149,
ã_,_ŒËŽs¼‹æ,52351010,93,137,
ã_,_ŒËŽs¼‹æ,52351011,89,132,
ã_,_ŒËŽs¼‹æ,52351012,94,139,
ã_,_ŒËŽs¼‹æ,52351013,94,139,
ã_,_ŒËŽs¼‹æ,52351014,98,145,
ã_,_ŒËŽs¼‹æ,52351015,127,|,
ã_,“òèŽs,52350219,120,|,
ã_,“òèŽs,52350229,120,|,
ã_,“òèŽs,52350310,120,|,
ã_,“òèŽs,52350311,120,|,
ã_,“òèŽs,52350320,120,|,
ã_,“òèŽs,52350321,120,|,
ã_,“òèŽs,52350330,120,|,
ã_,“òèŽs,52350331,120,|,
ã_,“òèŽs,52350332,120,|,
ã_,“òèŽs,52350340,120,|,
ã_,“òèŽs,52350341,120,|,
ã_,“òèŽs,52350342,120,|,
ã_,“òèŽs,52350343,120,|,
ã_,“òèŽs,52350350,120,|,
ã_,“òèŽs,52350351,120,|,
ã_,“òèŽs,52350352,120,|,
ã_,“òèŽs,52350353,120,|,
ã_,“òèŽs,52350354,120,|,
ã_,“òèŽs,52350361,120,|,
ã_,“òèŽs,52350362,120,|,
ã_,“òèŽs,52350363,120,|,
ã_,“òèŽs,52350364,120,|,
ã_,“òèŽs,52350365,120,|,
ã_,“òèŽs,52350370,120,|,
ã_,“òèŽs,52350371,120,|,
ã_,“òèŽs,52350372,120,|,
ã_,“òèŽs,52350373,120,|,
ã_,“òèŽs,52350374,120,|,
ã_,“òèŽs,52350375,120,|,
ã_,“òèŽs,52350380,120,|,
ã_,“òèŽs,52350381,120,|,
ã_,“òèŽs,52350382,120,|,
ã_,“òèŽs,52350383,120,|,
ã_,“òèŽs,52350384,120,|,
ã_,“òèŽs,52350385,120,|,
ã_,“òèŽs,52350386,120,|,
ã_,“òèŽs,52350390,120,|,
ã_,“òèŽs,52350391,120,|,
ã_,“òèŽs,52350392,120,|,
ã_,“òèŽs,52350393,120,|,
ã_,“òèŽs,52350394,120,|,
ã_,“òèŽs,52350395,120,|,
ã_,“òèŽs,52350396,120,|,
ã_,“òèŽs,52351300,120,|,
ã_,“òèŽs,52351301,120,|,
ã_,“òèŽs,52351302,120,|,
ã_,“òèŽs,52351303,120,|,
ã_,“òèŽs,52351304,120,|,
ã_,“òèŽs,52351305,120,|,
ã_,“òèŽs,52351306,120,|,
ã_,“òèŽs,52351310,120,|,
ã_,“òèŽs,52351311,120,|,
ã_,“òèŽs,52351313,120,|,
ã_,“òèŽs,52351314,120,|,
ã_,“òèŽs,52351315,120,|,
ã_,“òèŽs,52351320,120,|,
ã_,“òèŽs,52351325,120,|,
ã_,¼‹{Žs,52350228,120,|,
ã_,¼‹{Žs,52350238,120,|,
ã_,¼‹{Žs,52350239,120,|,
ã_,¼‹{Žs,52350247,120,|,
ã_,¼‹{Žs,52350248,120,|,
ã_,¼‹{Žs,52350249,120,|,
ã_,¼‹{Žs,52350256,120,|,
ã_,¼‹{Žs,52350257,120,|,
ã_,¼‹{Žs,52350258,120,|,
ã_,¼‹{Žs,52350259,120,|,
ã_,¼‹{Žs,52350266,120,|,
ã_,¼‹{Žs,52350267,120,|,
ã_,¼‹{Žs,52350268,120,|,
ã_,¼‹{Žs,52350269,120,|,
ã_,¼‹{Žs,52350276,120,|,
ã_,¼‹{Žs,52350277,120,|,
ã_,¼‹{Žs,52350278,120,|,
ã_,¼‹{Žs,52350279,120,|,
ã_,¼‹{Žs,52350286,120,|,
ã_,¼‹{Žs,52350287,120,|,
ã_,¼‹{Žs,52350288,120,|,
ã_,¼‹{Žs,52350289,120,|,
ã_,¼‹{Žs,52350295,105,155,
ã_,¼‹{Žs,52350296,120,|,
ã_,¼‹{Žs,52350297,120,|,
ã_,¼‹{Žs,52350298,120,|,
ã_,¼‹{Žs,52350299,120,|,
ã_,¼‹{Žs,52350360,120,|,
ã_,¼‹{Žs,52351179,120,177,
ã_,¼‹{Žs,52351189,114,168,
ã_,¼‹{Žs,52351198,104,153,
ã_,¼‹{Žs,52351199,110,162,
ã_,¼‹{Žs,52351205,116,171,
ã_,¼‹{Žs,52351206,114,168,
ã_,¼‹{Žs,52351207,99,146,
ã_,¼‹{Žs,52351208,96,142,
ã_,¼‹{Žs,52351209,120,|,
ã_,¼‹{Žs,52351214,117,173,
ã_,¼‹{Žs,52351215,110,162,
ã_,¼‹{Žs,52351216,107,158,
ã_,¼‹{Žs,52351217,112,165,
ã_,¼‹{Žs,52351218,97,144,
ã_,¼‹{Žs,52351219,120,|,
ã_,¼‹{Žs,52351224,119,175,
ã_,¼‹{Žs,52351225,111,164,
ã_,¼‹{Žs,52351226,107,158,
ã_,¼‹{Žs,52351227,99,146,
ã_,¼‹{Žs,52351228,105,155,
ã_,¼‹{Žs,52351229,120,|,
ã_,¼‹{Žs,52351233,123,182,
ã_,¼‹{Žs,52351234,119,176,
ã_,¼‹{Žs,52351235,115,170,
ã_,¼‹{Žs,52351236,110,163,
ã_,¼‹{Žs,52351242,127,188,
ã_,¼‹{Žs,52351243,126,186,
ã_,¼‹{Žs,52351244,129,191,
ã_,¼‹{Žs,52351252,128,189,
ã_,¼‹{Žs,52351253,127,188,
ã_,¼‹{Žs,52351261,123,182,
ã_,¼‹{Žs,52351262,126,186,
ã_,¼‹{Žs,52351263,125,184,
ã_,¼‹{Žs,52351264,125,184,
ã_,¼‹{Žs,52351270,116,171,
ã_,¼‹{Žs,52351271,116,172,
ã_,¼‹{Žs,52351272,115,170,
ã_,¼‹{Žs,52351273,114,169,
ã_,¼‹{Žs,52351274,117,173,
ã_,¼‹{Žs,52351275,119,175,
ã_,¼‹{Žs,52351276,112,166,
ã_,¼‹{Žs,52351280,110,162,
ã_,¼‹{Žs,52351281,107,158,
ã_,¼‹{Žs,52351282,108,159,
ã_,¼‹{Žs,52351283,109,161,
ã_,¼‹{Žs,52351284,110,162,
ã_,¼‹{Žs,52351285,116,171,
ã_,¼‹{Žs,52351286,119,176,
ã_,¼‹{Žs,52351290,107,158,
ã_,¼‹{Žs,52351291,104,153,
ã_,¼‹{Žs,52351292,109,161,
ã_,¼‹{Žs,52351293,111,164,
ã_,¼‹{Žs,52351294,110,162,
ã_,¼‹{Žs,52351295,115,170,
ã_,¼‹{Žs,52352109,108,160,
ã_,¼‹{Žs,52352119,111,|,
ã_,¼‹{Žs,52352200,111,|,
ã_,¼‹{Žs,52352201,107,158,
ã_,¼‹{Žs,52352202,108,159,
ã_,¼‹{Žs,52352203,114,168,
ã_,¼‹{Žs,52352204,111,164,
ã_,¼‹{Žs,52352205,112,166,
ã_,¼‹{Žs,52352211,111,164,
ã_,¼‹{Žs,52352212,112,165,
ã_,¼‹{Žs,52352213,118,174,
ã_,¼‹{Žs,52352214,114,168,
ã_,¼‹{Žs,52352223,112,166,
ã_,¼‹{Žs,52352224,114,168,
ã_,ˆ°‰®Žs,52350245,120,|,
ã_,ˆ°‰®Žs,52350254,120,|,
ã_,ˆ°‰®Žs,52350255,120,|,
ã_,ˆ°‰®Žs,52350264,120,|,
ã_,ˆ°‰®Žs,52350265,120,|,
ã_,ˆ°‰®Žs,52350274,120,|,
ã_,ˆ°‰®Žs,52350275,120,|,
ã_,ˆ°‰®Žs,52350283,111,164,
ã_,ˆ°‰®Žs,52350284,109,161,
ã_,ˆ°‰®Žs,52350285,103,152,
ã_,ˆ°‰®Žs,52350293,121,178,
ã_,ˆ°‰®Žs,52350294,112,165,
ã_,ˆ°‰®Žs,52351202,127,187,
ã_,ˆ°‰®Žs,52351203,118,174,
ã_,ˆ°‰®Žs,52351204,114,169,
ã_,ˆ°‰®Žs,52351212,130,192,
ã_,ˆ°‰®Žs,52351213,122,180,
ã_,ˆ°‰®Žs,52351222,126,186,
ã_,ˆ°‰®Žs,52351223,123,181,
ã_,ˆ°‰®Žs,52351232,126,186,
ã_,ˆÉ’OŽs,52351312,120,|,
ã_,ˆÉ’OŽs,52351321,120,|,
ã_,ˆÉ’OŽs,52351322,120,|,
ã_,ˆÉ’OŽs,52351323,120,|,
ã_,ˆÉ’OŽs,52351324,120,|,
ã_,ˆÉ’OŽs,52351330,120,|,
ã_,ˆÉ’OŽs,52351331,120,|,
ã_,ˆÉ’OŽs,52351332,120,|,
ã_,ˆÉ’OŽs,52351333,120,|,
ã_,ˆÉ’OŽs,52351334,120,|,
ã_,ˆÉ’OŽs,52351335,120,|,
ã_,ˆÉ’OŽs,52351340,120,|,
ã_,ˆÉ’OŽs,52351341,120,|,
ã_,ˆÉ’OŽs,52351342,120,|,
ã_,ˆÉ’OŽs,52351343,116,172,
ã_,ˆÉ’OŽs,52351344,120,|,
ã_,ˆÉ’OŽs,52351350,120,|,
ã_,ˆÉ’OŽs,52351351,120,|,
ã_,ˆÉ’OŽs,52351352,113,167,
ã_,ˆÉ’OŽs,52351353,111,164,
ã_,ˆÉ’OŽs,52351354,120,|,
ã_,ˆÉ’OŽs,52351360,120,|,
ã_,ˆÉ’OŽs,52351361,120,|,
ã_,ˆÉ’OŽs,52351370,120,|,
ã_,•ó’ËŽs,52351237,107,158,
ã_,•ó’ËŽs,52351238,105,155,
ã_,•ó’ËŽs,52351239,120,|,
ã_,•ó’ËŽs,52351245,116,171,
ã_,•ó’ËŽs,52351246,105,155,
ã_,•ó’ËŽs,52351247,99,146,
ã_,•ó’ËŽs,52351248,97,144,
ã_,•ó’ËŽs,52351249,120,|,
ã_,•ó’ËŽs,52351254,137,202,
ã_,•ó’ËŽs,52351255,119,176,
ã_,•ó’ËŽs,52351256,106,156,
ã_,•ó’ËŽs,52351257,104,154,
ã_,•ó’ËŽs,52351258,104,153,
ã_,•ó’ËŽs,52351259,116,171,
ã_,•ó’ËŽs,52351265,124,183,
ã_,•ó’ËŽs,52351266,106,157,
ã_,•ó’ËŽs,52351267,110,162,
ã_,•ó’ËŽs,52351268,120,|,
ã_,•ó’ËŽs,52351269,120,|,
ã_,•ó’ËŽs,52351277,107,158,
ã_,•ó’ËŽs,52351278,110,162,
ã_,•ó’ËŽs,52351279,108,159,
ã_,•ó’ËŽs,52351287,111,164,
ã_,•ó’ËŽs,52351288,112,166,
ã_,•ó’ËŽs,52351289,111,164,
ã_,•ó’ËŽs,52351296,119,175,
ã_,•ó’ËŽs,52351297,111,164,
ã_,•ó’ËŽs,52351298,108,160,
ã_,•ó’ËŽs,52351299,107,158,
ã_,•ó’ËŽs,52351371,120,|,
ã_,•ó’ËŽs,52351380,120,177,
ã_,•ó’ËŽs,52351381,114,168,
ã_,•ó’ËŽs,52351390,111,164,
ã_,•ó’ËŽs,52351391,115,170,
ã_,•ó’ËŽs,52352206,112,165,
ã_,•ó’ËŽs,52352207,116,171,
ã_,•ó’ËŽs,52352208,114,168,
ã_,•ó’ËŽs,52352209,109,161,
ã_,•ó’ËŽs,52352215,119,|,
ã_,•ó’ËŽs,52352216,110,163,
ã_,•ó’ËŽs,52352217,115,170,
ã_,•ó’ËŽs,52352218,114,169,
ã_,•ó’ËŽs,52352219,114,169,
ã_,•ó’ËŽs,52352225,119,|,
ã_,•ó’ËŽs,52352226,119,|,
ã_,•ó’ËŽs,52352227,111,164,
ã_,•ó’ËŽs,52352228,115,170,
ã_,•ó’ËŽs,52352229,116,171,
ã_,•ó’ËŽs,52352233,111,164,
ã_,•ó’ËŽs,52352234,113,167,
ã_,•ó’ËŽs,52352235,114,169,
ã_,•ó’ËŽs,52352236,114,169,
ã_,•ó’ËŽs,52352237,119,176,
ã_,•ó’ËŽs,52352238,125,184,
ã_,•ó’ËŽs,52352243,116,|,
ã_,•ó’ËŽs,52352244,108,160,
ã_,•ó’ËŽs,52352245,114,168,
ã_,•ó’ËŽs,52352246,114,169,
ã_,•ó’ËŽs,52352247,114,169,
ã_,•ó’ËŽs,52352253,116,|,
ã_,•ó’ËŽs,52352254,108,159,
ã_,•ó’ËŽs,52352255,108,160,
ã_,•ó’ËŽs,52352256,113,167,
ã_,•ó’ËŽs,52352262,116,|,
ã_,•ó’ËŽs,52352263,116,|,
ã_,•ó’ËŽs,52352264,102,151,
ã_,•ó’ËŽs,52352265,108,160,
ã_,•ó’ËŽs,52352266,113,167,
ã_,•ó’ËŽs,52352272,116,|,
ã_,•ó’ËŽs,52352273,116,|,
ã_,•ó’ËŽs,52352274,102,150,
ã_,•ó’ËŽs,52352275,108,159,
ã_,•ó’ËŽs,52352282,113,167,
ã_,•ó’ËŽs,52352283,114,169,
ã_,•ó’ËŽs,52352284,116,171,
ã_,•ó’ËŽs,52352285,104,153,
ã_,•ó’ËŽs,52352286,114,|,
ã_,•ó’ËŽs,52352292,112,166,
ã_,•ó’ËŽs,52352293,114,168,
ã_,•ó’ËŽs,52352294,115,170,
ã_,•ó’ËŽs,52352295,112,165,
ã_,•ó’ËŽs,52352296,114,|,
ã_,•ó’ËŽs,52352300,108,160,
ã_,•ó’ËŽs,52352301,108,159,
ã_,•ó’ËŽs,52352302,111,164,
ã_,•ó’ËŽs,52352310,115,170,
ã_,•ó’ËŽs,52353202,112,166,
ã_,•ó’ËŽs,52353203,114,168,
ã_,•ó’ËŽs,52353204,115,170,
ã_,•ó’ËŽs,52353205,107,158,
ã_,•ó’ËŽs,52353206,104,153,
ã_,•ó’ËŽs,52353215,111,164,
ã_,•ó’ËŽs,52353225,110,162,
ã_,•ó’ËŽs,52353235,110,162,
ã_,•ó’ËŽs,52353244,112,166,
ã_,ì¼Žs,52351362,104,153,
ã_,ì¼Žs,52351363,120,|,
ã_,ì¼Žs,52351372,104,153,
ã_,ì¼Žs,52351382,109,161,
ã_,ì¼Žs,52351392,114,169,
ã_,ì¼Žs,52351393,110,162,
ã_,ì¼Žs,52352239,126,186,
ã_,ì¼Žs,52352249,116,171,
ã_,ì¼Žs,52352303,106,157,
ã_,ì¼Žs,52352311,119,176,
ã_,ì¼Žs,52352312,113,167,
ã_,ì¼Žs,52352313,112,166,
ã_,ì¼Žs,52352320,126,186,
ã_,ì¼Žs,52352321,121,178,
ã_,ì¼Žs,52352322,121,178,
ã_,ì¼Žs,52352323,120,177,
ã_,ì¼Žs,52352330,122,180,
ã_,ì¼Žs,52352331,117,173,
ã_,ì¼Žs,52352332,122,180,
ã_,ì¼Žs,52352333,116,171,
ã_,ì¼Žs,52352334,116,172,
ã_,ì¼Žs,52352340,121,179,
ã_,ì¼Žs,52352341,123,181,
ã_,ì¼Žs,52352342,122,180,
ã_,ì¼Žs,52352343,121,179,
ã_,ì¼Žs,52352344,127,187,
ã_,ì¼Žs,52352351,122,180,
ã_,ì¼Žs,52352352,122,180,
ã_,ì¼Žs,52352353,126,186,
ã_,ì¼Žs,52352354,127,187,
ã_,ì¼Žs,52352360,121,179,
ã_,ì¼Žs,52352361,121,178,
ã_,ì¼Žs,52352362,127,|,
ã_,ì¼Žs,52352363,127,|,
ã_,ì¼Žs,52352364,126,186,
ã_,ì¼Žs,52352371,127,|,
ã_,ì¼Žs,52352372,121,178,
ã_,ì¼Žs,52352373,121,178,
ã_,ì¼Žs,52352374,126,186,
ã_,ì¼Žs,52352381,122,180,
ã_,ì¼Žs,52352382,121,179,
ã_,ì¼Žs,52352383,122,180,
ã_,ì¼Žs,52352392,121,179,
ã_,ì¼Žs,52352393,121,179,
ã_,ì¼Žs,52353303,116,172,
ã_,ì¼Žs,52353304,121,179,
ã_,ì¼Žs,52353305,121,178,
ã_,ì¼Žs,52353306,126,186,
ã_,ì¼Žs,52353313,116,172,
ã_,ì¼Žs,52353314,121,179,
ã_,ì¼Žs,52353315,116,171,
ã_,ŽO“cŽs,52352156,107,|,
ã_,ŽO“cŽs,52352157,107,|,
ã_,ŽO“cŽs,52352158,105,155,
ã_,ŽO“cŽs,52352159,105,155,
ã_,ŽO“cŽs,52352165,107,|,
ã_,ŽO“cŽs,52352166,106,157,
ã_,ŽO“cŽs,52352167,106,157,
ã_,ŽO“cŽs,52352168,106,156,
ã_,ŽO“cŽs,52352169,106,156,
ã_,ŽO“cŽs,52352173,100,148,
ã_,ŽO“cŽs,52352174,105,155,
ã_,ŽO“cŽs,52352175,106,156,
ã_,ŽO“cŽs,52352176,107,158,
ã_,ŽO“cŽs,52352177,106,157,
ã_,ŽO“cŽs,52352178,106,157,
ã_,ŽO“cŽs,52352179,106,156,
ã_,ŽO“cŽs,52352183,101,149,
ã_,ŽO“cŽs,52352184,100,148,
ã_,ŽO“cŽs,52352185,107,|,
ã_,ŽO“cŽs,52352186,106,156,
ã_,ŽO“cŽs,52352187,106,157,
ã_,ŽO“cŽs,52352188,106,156,
ã_,ŽO“cŽs,52352189,106,156,
ã_,ŽO“cŽs,52352192,101,149,
ã_,ŽO“cŽs,52352193,100,148,
ã_,ŽO“cŽs,52352194,107,|,
ã_,ŽO“cŽs,52352195,105,155,
ã_,ŽO“cŽs,52352196,105,155,
ã_,ŽO“cŽs,52352197,105,155,
ã_,ŽO“cŽs,52352198,116,|,
ã_,ŽO“cŽs,52352199,116,|,
ã_,ŽO“cŽs,52352260,102,150,
ã_,ŽO“cŽs,52352261,103,152,
ã_,ŽO“cŽs,52352270,102,151,
ã_,ŽO“cŽs,52352271,116,|,
ã_,ŽO“cŽs,52352280,116,|,
ã_,ŽO“cŽs,52352281,116,|,
ã_,ŽO“cŽs,52352290,111,164,
ã_,ŽO“cŽs,52352291,112,165,
ã_,ŽO“cŽs,52353019,104,154,
ã_,ŽO“cŽs,52353028,105,155,
ã_,ŽO“cŽs,52353029,104,154,
ã_,ŽO“cŽs,52353038,104,154,
ã_,ŽO“cŽs,52353039,104,154,
ã_,ŽO“cŽs,52353048,104,154,
ã_,ŽO“cŽs,52353049,105,155,
ã_,ŽO“cŽs,52353102,97,144,
ã_,ŽO“cŽs,52353103,101,149,
ã_,ŽO“cŽs,52353104,101,149,
ã_,ŽO“cŽs,52353105,105,155,
ã_,ŽO“cŽs,52353106,105,155,
ã_,ŽO“cŽs,52353107,106,156,
ã_,ŽO“cŽs,52353108,105,155,
ã_,ŽO“cŽs,52353109,106,157,
ã_,ŽO“cŽs,52353112,130,|,
ã_,ŽO“cŽs,52353113,101,149,
ã_,ŽO“cŽs,52353114,101,149,
ã_,ŽO“cŽs,52353115,102,150,
ã_,ŽO“cŽs,52353116,106,157,
ã_,ŽO“cŽs,52353117,106,156,
ã_,ŽO“cŽs,52353118,106,156,
ã_,ŽO“cŽs,52353119,106,156,
ã_,ŽO“cŽs,52353120,100,148,
ã_,ŽO“cŽs,52353122,130,|,
ã_,ŽO“cŽs,52353123,101,149,
ã_,ŽO“cŽs,52353124,106,156,
ã_,ŽO“cŽs,52353125,130,|,
ã_,ŽO“cŽs,52353126,130,|,
ã_,ŽO“cŽs,52353127,130,|,
ã_,ŽO“cŽs,52353128,106,156,
ã_,ŽO“cŽs,52353129,106,156,
ã_,ŽO“cŽs,52353130,101,149,
ã_,ŽO“cŽs,52353131,130,|,
ã_,ŽO“cŽs,52353132,130,|,
ã_,ŽO“cŽs,52353133,130,|,
ã_,ŽO“cŽs,52353134,130,|,
ã_,ŽO“cŽs,52353135,106,157,
ã_,ŽO“cŽs,52353136,102,150,
ã_,ŽO“cŽs,52353137,106,156,
ã_,ŽO“cŽs,52353138,106,157,
ã_,ŽO“cŽs,52353139,106,156,
ã_,ŽO“cŽs,52353140,104,154,
ã_,ŽO“cŽs,52353141,105,155,
ã_,ŽO“cŽs,52353142,105,155,
ã_,ŽO“cŽs,52353143,106,156,
ã_,ŽO“cŽs,52353144,130,|,
ã_,ŽO“cŽs,52353145,115,170,
ã_,ŽO“cŽs,52353146,115,170,
ã_,ŽO“cŽs,52353147,116,171,
ã_,ŽO“cŽs,52353148,116,171,
ã_,ŽO“cŽs,52353149,116,171,
ã_,ŽO“cŽs,52353151,104,154,
ã_,ŽO“cŽs,52353152,105,155,
ã_,ŽO“cŽs,52353153,106,156,
ã_,ŽO“cŽs,52353154,102,150,
ã_,ŽO“cŽs,52353155,105,155,
ã_,ŽO“cŽs,52353156,106,156,
ã_,ŽO“cŽs,52353157,97,144,
ã_,ŽO“cŽs,52353158,116,171,
ã_,ŽO“cŽs,52353159,117,173,
ã_,ŽO“cŽs,52353161,105,155,
ã_,ŽO“cŽs,52353162,105,155,
ã_,ŽO“cŽs,52353163,106,156,
ã_,ŽO“cŽs,52353164,106,156,
ã_,ŽO“cŽs,52353165,116,171,
ã_,ŽO“cŽs,52353166,116,171,
ã_,ŽO“cŽs,52353167,116,172,
ã_,ŽO“cŽs,52353168,116,172,
ã_,ŽO“cŽs,52353169,117,173,
ã_,ŽO“cŽs,52353171,105,155,
ã_,ŽO“cŽs,52353172,105,155,
ã_,ŽO“cŽs,52353173,106,156,
ã_,ŽO“cŽs,52353174,106,156,
ã_,ŽO“cŽs,52353175,116,171,
ã_,ŽO“cŽs,52353176,97,144,
ã_,ŽO“cŽs,52353177,116,172,
ã_,ŽO“cŽs,52353178,116,172,
ã_,ŽO“cŽs,52353179,117,173,
ã_,ŽO“cŽs,52353181,106,156,
ã_,ŽO“cŽs,52353182,106,156,
ã_,ŽO“cŽs,52353183,106,157,
ã_,ŽO“cŽs,52353184,106,156,
ã_,ŽO“cŽs,52353185,116,171,
ã_,ŽO“cŽs,52353186,116,171,
ã_,ŽO“cŽs,52353187,117,173,
ã_,ŽO“cŽs,52353188,117,173,
ã_,ŽO“cŽs,52353189,117,173,
ã_,ŽO“cŽs,52353193,107,158,
ã_,ŽO“cŽs,52353194,107,158,
ã_,ŽO“cŽs,52353195,116,172,
ã_,ŽO“cŽs,52353196,117,173,
ã_,ŽO“cŽs,52353197,118,174,
ã_,ŽO“cŽs,52353198,114,168,
ã_,ŽO“cŽs,52353199,113,167,
ã_,ŽO“cŽs,52353200,111,164,
ã_,ŽO“cŽs,52353201,111,164,
ã_,ŽO“cŽs,52353210,111,164,
ã_,ŽO“cŽs,52353211,112,165,
ã_,ŽO“cŽs,52353212,112,165,
ã_,ŽO“cŽs,52353213,113,167,
ã_,ŽO“cŽs,52353214,114,168,
ã_,ŽO“cŽs,52353220,111,164,
ã_,ŽO“cŽs,52353221,111,164,
ã_,ŽO“cŽs,52353222,112,165,
ã_,ŽO“cŽs,52353223,112,166,
ã_,ŽO“cŽs,52353224,114,168,
ã_,ŽO“cŽs,52353230,110,163,
ã_,ŽO“cŽs,52353231,111,164,
ã_,ŽO“cŽs,52353232,112,166,
ã_,ŽO“cŽs,52353233,108,159,
ã_,ŽO“cŽs,52353234,112,166,
ã_,ŽO“cŽs,52353240,111,164,
ã_,ŽO“cŽs,52353241,111,164,
ã_,ŽO“cŽs,52353242,112,165,
ã_,ŽO“cŽs,52353243,112,166,
ã_,ŽO“cŽs,52353250,111,164,
ã_,ŽO“cŽs,52353251,112,165,
ã_,ŽO“cŽs,52353252,112,166,
ã_,ŽO“cŽs,52353253,112,166,
ã_,ŽO“cŽs,52353260,112,166,
ã_,ŽO“cŽs,52353261,112,166,
ã_,ŽO“cŽs,52353262,112,166,
ã_,ŽO“cŽs,52353263,114,168,
ã_,ŽO“cŽs,52353270,112,166,
ã_,ŽO“cŽs,52353271,112,166,
ã_,ŽO“cŽs,52353272,112,166,
ã_,ŽO“cŽs,52353273,114,|,
ã_,ŽO“cŽs,52353280,112,166,
ã_,ŽO“cŽs,52353281,108,159,
ã_,ŽO“cŽs,52353282,113,167,
ã_,ŽO“cŽs,52353283,113,167,
ã_,ŽO“cŽs,52353284,105,155,
ã_,ŽO“cŽs,52353290,108,160,
ã_,ŽO“cŽs,52353291,108,160,
ã_,ŽO“cŽs,52353292,108,160,
ã_,ŽO“cŽs,52353293,109,161,
ã_,ŽO“cŽs,52354104,108,159,
ã_,ŽO“cŽs,52354105,107,158,
ã_,ŽO“cŽs,52354106,112,166,
ã_,ŽO“cŽs,52354107,115,170,
ã_,ŽO“cŽs,52354108,118,|,
ã_,ŽO“cŽs,52354109,110,163,
ã_,ŽO“cŽs,52354115,108,159,
ã_,ŽO“cŽs,52354116,110,162,
ã_,ŽO“cŽs,52354117,103,152,
ã_,ŽO“cŽs,52354118,108,160,
ã_,ŽO“cŽs,52354119,107,158,
ã_,ŽO“cŽs,52354125,107,158,
ã_,ŽO“cŽs,52354126,110,|,
ã_,ŽO“cŽs,52354127,110,162,
ã_,ŽO“cŽs,52354128,102,151,
ã_,ŽO“cŽs,52354129,110,162,
ã_,ŽO“cŽs,52354137,108,160,
ã_,ŽO“cŽs,52354138,113,167,
ã_,ŽO“cŽs,52354139,108,160,
ã_,ŽO“cŽs,52354200,109,161,
ã_,ŽO“cŽs,52354201,108,160,
ã_,ŽO“cŽs,52354202,108,160,
ã_,ŽO“cŽs,52354210,110,162,
ã_,ŽO“cŽs,52354211,114,168,
ã_,ŽO“cŽs,52354212,109,161,
ã_,’––¼ì’¬,52352248,114,169,
ã_,’––¼ì’¬,52352257,114,169,
ã_,’––¼ì’¬,52352258,115,170,
ã_,’––¼ì’¬,52352259,121,178,
ã_,’––¼ì’¬,52352267,110,162,
ã_,’––¼ì’¬,52352268,115,170,
ã_,’––¼ì’¬,52352269,121,179,
ã_,’––¼ì’¬,52352276,114,|,
ã_,’––¼ì’¬,52352277,110,162,
ã_,’––¼ì’¬,52352278,116,171,
ã_,’––¼ì’¬,52352279,116,172,
ã_,’––¼ì’¬,52352287,110,163,
ã_,’––¼ì’¬,52352288,115,170,
ã_,’––¼ì’¬,52352289,116,172,
ã_,’––¼ì’¬,52352297,114,169,
ã_,’––¼ì’¬,52352298,111,164,
ã_,’––¼ì’¬,52352299,112,165,
ã_,’––¼ì’¬,52352350,121,179,
ã_,’––¼ì’¬,52352370,117,173,
ã_,’––¼ì’¬,52352380,116,171,
ã_,’––¼ì’¬,52352390,116,172,
ã_,’––¼ì’¬,52352391,116,171,
ã_,’––¼ì’¬,52353207,105,155,
ã_,’––¼ì’¬,52353208,110,162,
ã_,’––¼ì’¬,52353209,110,163,
ã_,’––¼ì’¬,52353216,102,151,
ã_,’––¼ì’¬,52353217,104,154,
ã_,’––¼ì’¬,52353218,110,162,
ã_,’––¼ì’¬,52353219,114,169,
ã_,’––¼ì’¬,52353226,102,151,
ã_,’––¼ì’¬,52353227,104,153,
ã_,’––¼ì’¬,52353228,105,155,
ã_,’––¼ì’¬,52353229,110,162,
ã_,’––¼ì’¬,52353236,110,163,
ã_,’––¼ì’¬,52353237,116,171,
ã_,’––¼ì’¬,52353238,112,165,
ã_,’––¼ì’¬,52353239,108,160,
ã_,’––¼ì’¬,52353245,112,166,
ã_,’––¼ì’¬,52353246,114,169,
ã_,’––¼ì’¬,52353247,115,170,
ã_,’––¼ì’¬,52353248,116,|,
ã_,’––¼ì’¬,52353249,107,158,
ã_,’––¼ì’¬,52353254,91,135,
ã_,’––¼ì’¬,52353255,112,166,
ã_,’––¼ì’¬,52353256,113,167,
ã_,’––¼ì’¬,52353257,114,168,
ã_,’––¼ì’¬,52353264,114,168,
ã_,’––¼ì’¬,52353265,114,168,
ã_,’––¼ì’¬,52353266,114,168,
ã_,’––¼ì’¬,52353267,114,168,
ã_,’––¼ì’¬,52353274,114,168,
ã_,’––¼ì’¬,52353275,114,169,
ã_,’––¼ì’¬,52353276,114,168,
ã_,’––¼ì’¬,52353277,113,167,
ã_,’––¼ì’¬,52353285,114,169,
ã_,’––¼ì’¬,52353286,114,169,
ã_,’––¼ì’¬,52353287,114,168,
ã_,’––¼ì’¬,52353294,108,160,
ã_,’––¼ì’¬,52353295,108,160,
ã_,’––¼ì’¬,52353296,105,155,
ã_,’––¼ì’¬,52353297,114,168,
ã_,’––¼ì’¬,52353300,111,164,
ã_,’––¼ì’¬,52353301,116,171,
ã_,’––¼ì’¬,52353302,116,171,
ã_,’––¼ì’¬,52353310,110,163,
ã_,’––¼ì’¬,52353311,116,172,
ã_,’––¼ì’¬,52353312,117,173,
ã_,’––¼ì’¬,52353320,115,170,
ã_,’––¼ì’¬,52353321,116,171,
ã_,’––¼ì’¬,52353322,117,173,
ã_,’––¼ì’¬,52353330,114,169,
ã_,’––¼ì’¬,52353340,110,162,
ã_,’––¼ì’¬,52354203,104,153,
ã_,’––¼ì’¬,52354204,108,160,
ã_,’––¼ì’¬,52354205,112,166,
ã_,’––¼ì’¬,52354206,108,160,
ã_,’––¼ì’¬,52354207,108,160,
ã_,’––¼ì’¬,52354213,114,169,
ã_,’––¼ì’¬,52354215,108,159,
ã_,’––¼ì’¬,52354216,108,159,
ã_,’––¼ì’¬,52354217,108,160,
ã_,’––¼ì’¬,52354226,108,159,
ã_,’––¼ì’¬,52354227,108,160,
–k”d’O”g,¼˜eŽs,52343752,104,154,
–k”d’O”g,¼˜eŽs,52343753,104,153,
–k”d’O”g,¼˜eŽs,52343754,103,152,
–k”d’O”g,¼˜eŽs,52343755,95,140,
–k”d’O”g,¼˜eŽs,52343756,95,140,
–k”d’O”g,¼˜eŽs,52343757,91,135,
–k”d’O”g,¼˜eŽs,52343758,99,146,
–k”d’O”g,¼˜eŽs,52343759,97,144,
–k”d’O”g,¼˜eŽs,52343761,106,156,
–k”d’O”g,¼˜eŽs,52343762,110,162,
–k”d’O”g,¼˜eŽs,52343763,114,169,
–k”d’O”g,¼˜eŽs,52343764,108,160,
–k”d’O”g,¼˜eŽs,52343765,99,146,
–k”d’O”g,¼˜eŽs,52343766,99,146,
–k”d’O”g,¼˜eŽs,52343767,96,142,
–k”d’O”g,¼˜eŽs,52343768,99,146,
–k”d’O”g,¼˜eŽs,52343769,103,152,
–k”d’O”g,¼˜eŽs,52343771,106,156,
–k”d’O”g,¼˜eŽs,52343772,106,156,
–k”d’O”g,¼˜eŽs,52343773,102,150,
–k”d’O”g,¼˜eŽs,52343774,109,161,
–k”d’O”g,¼˜eŽs,52343775,95,140,
–k”d’O”g,¼˜eŽs,52343776,99,146,
–k”d’O”g,¼˜eŽs,52343777,104,|,
–k”d’O”g,¼˜eŽs,52343778,104,153,
–k”d’O”g,¼˜eŽs,52343779,104,153,
–k”d’O”g,¼˜eŽs,52343784,110,163,
–k”d’O”g,¼˜eŽs,52343785,91,135,
–k”d’O”g,¼˜eŽs,52343786,95,140,
–k”d’O”g,¼˜eŽs,52343787,95,141,
–k”d’O”g,¼˜eŽs,52343788,96,142,
–k”d’O”g,¼˜eŽs,52343789,100,148,
–k”d’O”g,¼˜eŽs,52343794,111,164,
–k”d’O”g,¼˜eŽs,52343795,93,137,
–k”d’O”g,¼˜eŽs,52343796,92,136,
–k”d’O”g,¼˜eŽs,52343797,92,136,
–k”d’O”g,¼˜eŽs,52343798,92,136,
–k”d’O”g,¼˜eŽs,52343799,97,143,
–k”d’O”g,¼˜eŽs,52344704,112,165,
–k”d’O”g,¼˜eŽs,52344705,102,150,
–k”d’O”g,¼˜eŽs,52344706,101,149,
–k”d’O”g,¼˜eŽs,52344707,100,148,
–k”d’O”g,¼˜eŽs,52344708,99,147,
–k”d’O”g,¼˜eŽs,52344709,105,|,
–k”d’O”g,¼˜eŽs,52344715,102,151,
–k”d’O”g,¼˜eŽs,52344716,102,150,
–k”d’O”g,¼˜eŽs,52344717,100,148,
–k”d’O”g,¼˜eŽs,52344718,99,146,
–k”d’O”g,¼˜eŽs,52344719,99,146,
–k”d’O”g,¼˜eŽs,52344725,107,158,
–k”d’O”g,¼˜eŽs,52344726,102,150,
–k”d’O”g,¼˜eŽs,52344727,104,154,
–k”d’O”g,¼˜eŽs,52344728,99,147,
–k”d’O”g,¼˜eŽs,52344729,99,146,
–k”d’O”g,¼˜eŽs,52344736,97,144,
–k”d’O”g,¼˜eŽs,52344737,100,148,
–k”d’O”g,¼˜eŽs,52344738,99,147,
–k”d’O”g,¼˜eŽs,52344739,99,146,
–k”d’O”g,¼˜eŽs,52344747,101,149,
–k”d’O”g,¼˜eŽs,52344748,100,148,
–k”d’O”g,¼˜eŽs,52344749,95,140,
–k”d’O”g,¼˜eŽs,52344758,101,149,
–k”d’O”g,¼˜eŽs,52344759,101,149,
–k”d’O”g,¼˜eŽs,52344767,112,166,
–k”d’O”g,¼˜eŽs,52344768,107,158,
–k”d’O”g,¼˜eŽs,52344769,106,157,
–k”d’O”g,¼˜eŽs,52344778,112,166,
–k”d’O”g,¼˜eŽs,52344779,108,160,
–k”d’O”g,¼˜eŽs,52353060,145,|,
–k”d’O”g,¼˜eŽs,52353061,145,|,
–k”d’O”g,¼˜eŽs,52353062,108,160,
–k”d’O”g,¼˜eŽs,52353070,108,160,
–k”d’O”g,¼˜eŽs,52353071,108,160,
–k”d’O”g,¼˜eŽs,52353072,108,160,
–k”d’O”g,¼˜eŽs,52353073,108,160,
–k”d’O”g,¼˜eŽs,52353080,108,160,
–k”d’O”g,¼˜eŽs,52353081,108,160,
–k”d’O”g,¼˜eŽs,52353082,108,160,
–k”d’O”g,¼˜eŽs,52353083,108,160,
–k”d’O”g,¼˜eŽs,52353090,105,155,
–k”d’O”g,¼˜eŽs,52353091,109,161,
–k”d’O”g,¼˜eŽs,52353092,133,|,
–k”d’O”g,¼˜eŽs,52353093,133,|,
–k”d’O”g,¼˜eŽs,52354000,96,142,
–k”d’O”g,¼˜eŽs,52354001,105,155,
–k”d’O”g,¼˜eŽs,52354002,105,155,
–k”d’O”g,¼˜eŽs,52354003,101,149,
–k”d’O”g,¼˜eŽs,52354010,100,148,
–k”d’O”g,¼˜eŽs,52354011,100,148,
–k”d’O”g,¼˜eŽs,52354012,100,148,
–k”d’O”g,¼˜eŽs,52354013,100,148,
–k”d’O”g,¼˜eŽs,52354014,100,148,
–k”d’O”g,¼˜eŽs,52354020,99,146,
–k”d’O”g,¼˜eŽs,52354021,99,147,
–k”d’O”g,¼˜eŽs,52354022,99,146,
–k”d’O”g,¼˜eŽs,52354023,99,147,
–k”d’O”g,¼˜eŽs,52354024,99,147,
–k”d’O”g,¼˜eŽs,52354030,99,146,
–k”d’O”g,¼˜eŽs,52354031,99,147,
–k”d’O”g,¼˜eŽs,52354032,99,146,
–k”d’O”g,¼˜eŽs,52354033,95,140,
–k”d’O”g,¼˜eŽs,52354034,104,153,
–k”d’O”g,¼˜eŽs,52354035,96,142,
–k”d’O”g,¼˜eŽs,52354040,99,146,
–k”d’O”g,¼˜eŽs,52354041,99,147,
–k”d’O”g,¼˜eŽs,52354042,99,146,
–k”d’O”g,¼˜eŽs,52354043,99,146,
–k”d’O”g,¼˜eŽs,52354044,104,153,
–k”d’O”g,¼˜eŽs,52354045,100,148,
–k”d’O”g,¼˜eŽs,52354046,101,149,
–k”d’O”g,¼˜eŽs,52354050,100,148,
–k”d’O”g,¼˜eŽs,52354051,99,147,
–k”d’O”g,¼˜eŽs,52354052,99,147,
–k”d’O”g,¼˜eŽs,52354053,104,153,
–k”d’O”g,¼˜eŽs,52354054,104,153,
–k”d’O”g,¼˜eŽs,52354055,108,160,
–k”d’O”g,¼˜eŽs,52354056,105,155,
–k”d’O”g,¼˜eŽs,52354057,101,149,
–k”d’O”g,¼˜eŽs,52354060,102,150,
–k”d’O”g,¼˜eŽs,52354061,101,149,
–k”d’O”g,¼˜eŽs,52354062,101,149,
–k”d’O”g,¼˜eŽs,52354067,106,156,
–k”d’O”g,¼˜eŽs,52354070,108,159,
–k”d’O”g,¼˜eŽs,52354071,104,153,
–k”d’O”g,¼˜eŽs,52354080,108,160,
–k”d’O”g,¼˜eŽs,52354081,108,160,
–k”d’O”g,’O”gŽÂŽRŽs,52353058,129,|,
–k”d’O”g,’O”gŽÂŽRŽs,52353059,105,155,
–k”d’O”g,’O”gŽÂŽRŽs,52353067,99,147,
–k”d’O”g,’O”gŽÂŽRŽs,52353068,109,161,
–k”d’O”g,’O”gŽÂŽRŽs,52353069,105,155,
–k”d’O”g,’O”gŽÂŽRŽs,52353078,110,162,
–k”d’O”g,’O”gŽÂŽRŽs,52353079,105,155,
–k”d’O”g,’O”gŽÂŽRŽs,52353087,106,156,
–k”d’O”g,’O”gŽÂŽRŽs,52353088,110,163,
–k”d’O”g,’O”gŽÂŽRŽs,52353089,105,155,
–k”d’O”g,’O”gŽÂŽRŽs,52353096,106,157,
–k”d’O”g,’O”gŽÂŽRŽs,52353097,107,158,
–k”d’O”g,’O”gŽÂŽRŽs,52353098,106,156,
–k”d’O”g,’O”gŽÂŽRŽs,52353099,106,156,
–k”d’O”g,’O”gŽÂŽRŽs,52353150,105,155,
–k”d’O”g,’O”gŽÂŽRŽs,52353160,105,155,
–k”d’O”g,’O”gŽÂŽRŽs,52353170,106,156,
–k”d’O”g,’O”gŽÂŽRŽs,52353180,101,149,
–k”d’O”g,’O”gŽÂŽRŽs,52353190,102,150,
–k”d’O”g,’O”gŽÂŽRŽs,52353191,103,152,
–k”d’O”g,’O”gŽÂŽRŽs,52353192,107,158,
–k”d’O”g,’O”gŽÂŽRŽs,52354005,97,143,
–k”d’O”g,’O”gŽÂŽRŽs,52354006,99,146,
–k”d’O”g,’O”gŽÂŽRŽs,52354007,99,146,
–k”d’O”g,’O”gŽÂŽRŽs,52354008,97,144,
–k”d’O”g,’O”gŽÂŽRŽs,52354009,102,150,
–k”d’O”g,’O”gŽÂŽRŽs,52354015,96,142,
–k”d’O”g,’O”gŽÂŽRŽs,52354016,97,144,
–k”d’O”g,’O”gŽÂŽRŽs,52354017,98,145,
–k”d’O”g,’O”gŽÂŽRŽs,52354018,97,144,
–k”d’O”g,’O”gŽÂŽRŽs,52354019,97,144,
–k”d’O”g,’O”gŽÂŽRŽs,52354025,96,142,
–k”d’O”g,’O”gŽÂŽRŽs,52354026,97,143,
–k”d’O”g,’O”gŽÂŽRŽs,52354027,97,143,
–k”d’O”g,’O”gŽÂŽRŽs,52354028,97,143,
–k”d’O”g,’O”gŽÂŽRŽs,52354029,97,143,
–k”d’O”g,’O”gŽÂŽRŽs,52354036,96,142,
–k”d’O”g,’O”gŽÂŽRŽs,52354037,96,142,
–k”d’O”g,’O”gŽÂŽRŽs,52354038,97,143,
–k”d’O”g,’O”gŽÂŽRŽs,52354039,97,144,
–k”d’O”g,’O”gŽÂŽRŽs,52354047,97,143,
–k”d’O”g,’O”gŽÂŽRŽs,52354048,97,144,
–k”d’O”g,’O”gŽÂŽRŽs,52354049,97,144,
–k”d’O”g,’O”gŽÂŽRŽs,52354058,102,150,
–k”d’O”g,’O”gŽÂŽRŽs,52354059,107,|,
–k”d’O”g,’O”gŽÂŽRŽs,52354068,102,150,
–k”d’O”g,’O”gŽÂŽRŽs,52354069,97,144,
–k”d’O”g,’O”gŽÂŽRŽs,52354100,102,151,
–k”d’O”g,’O”gŽÂŽRŽs,52354101,104,153,
–k”d’O”g,’O”gŽÂŽRŽs,52354102,108,160,
–k”d’O”g,’O”gŽÂŽRŽs,52354103,108,160,
–k”d’O”g,’O”gŽÂŽRŽs,52354110,107,158,
–k”d’O”g,’O”gŽÂŽRŽs,52354111,104,153,
–k”d’O”g,’O”gŽÂŽRŽs,52354112,108,160,
–k”d’O”g,’O”gŽÂŽRŽs,52354113,108,159,
–k”d’O”g,’O”gŽÂŽRŽs,52354114,104,153,
–k”d’O”g,’O”gŽÂŽRŽs,52354120,107,158,
–k”d’O”g,’O”gŽÂŽRŽs,52354121,107,158,
–k”d’O”g,’O”gŽÂŽRŽs,52354122,103,152,
–k”d’O”g,’O”gŽÂŽRŽs,52354123,98,145,
–k”d’O”g,’O”gŽÂŽRŽs,52354124,98,145,
–k”d’O”g,’O”gŽÂŽRŽs,52354130,106,157,
–k”d’O”g,’O”gŽÂŽRŽs,52354131,107,158,
–k”d’O”g,’O”gŽÂŽRŽs,52354132,108,159,
–k”d’O”g,’O”gŽÂŽRŽs,52354133,112,165,
–k”d’O”g,’O”gŽÂŽRŽs,52354134,107,158,
–k”d’O”g,’O”gŽÂŽRŽs,52354135,99,146,
–k”d’O”g,’O”gŽÂŽRŽs,52354136,99,146,
–k”d’O”g,’O”gŽÂŽRŽs,52354140,106,157,
–k”d’O”g,’O”gŽÂŽRŽs,52354141,107,158,
–k”d’O”g,’O”gŽÂŽRŽs,52354142,107,158,
–k”d’O”g,’O”gŽÂŽRŽs,52354143,107,158,
–k”d’O”g,’O”gŽÂŽRŽs,52354144,107,158,
–k”d’O”g,’O”gŽÂŽRŽs,52354145,103,152,
–k”d’O”g,’O”gŽÂŽRŽs,52354146,102,151,
–k”d’O”g,’O”gŽÂŽRŽs,52354147,107,158,
–k”d’O”g,’O”gŽÂŽRŽs,52354148,107,158,
–k”d’O”g,’O”gŽÂŽRŽs,52354149,98,145,
–k”d’O”g,’O”gŽÂŽRŽs,52354150,107,158,
–k”d’O”g,’O”gŽÂŽRŽs,52354151,107,158,
–k”d’O”g,’O”gŽÂŽRŽs,52354152,107,158,
–k”d’O”g,’O”gŽÂŽRŽs,52354153,107,158,
–k”d’O”g,’O”gŽÂŽRŽs,52354154,107,158,
–k”d’O”g,’O”gŽÂŽRŽs,52354155,107,158,
–k”d’O”g,’O”gŽÂŽRŽs,52354156,107,158,
–k”d’O”g,’O”gŽÂŽRŽs,52354157,107,158,
–k”d’O”g,’O”gŽÂŽRŽs,52354158,90,133,
–k”d’O”g,’O”gŽÂŽRŽs,52354159,93,138,
–k”d’O”g,’O”gŽÂŽRŽs,52354160,102,151,
–k”d’O”g,’O”gŽÂŽRŽs,52354161,107,158,
–k”d’O”g,’O”gŽÂŽRŽs,52354162,107,158,
–k”d’O”g,’O”gŽÂŽRŽs,52354163,107,158,
–k”d’O”g,’O”gŽÂŽRŽs,52354164,106,157,
–k”d’O”g,’O”gŽÂŽRŽs,52354165,102,151,
–k”d’O”g,’O”gŽÂŽRŽs,52354166,102,151,
–k”d’O”g,’O”gŽÂŽRŽs,52354167,102,150,
–k”d’O”g,’O”gŽÂŽRŽs,52354168,102,150,
–k”d’O”g,’O”gŽÂŽRŽs,52354169,93,138,
–k”d’O”g,’O”gŽÂŽRŽs,52354170,107,158,
–k”d’O”g,’O”gŽÂŽRŽs,52354171,102,151,
–k”d’O”g,’O”gŽÂŽRŽs,52354172,102,151,
–k”d’O”g,’O”gŽÂŽRŽs,52354173,102,151,
–k”d’O”g,’O”gŽÂŽRŽs,52354174,106,157,
–k”d’O”g,’O”gŽÂŽRŽs,52354175,102,151,
–k”d’O”g,’O”gŽÂŽRŽs,52354176,102,151,
–k”d’O”g,’O”gŽÂŽRŽs,52354177,102,151,
–k”d’O”g,’O”gŽÂŽRŽs,52354178,102,150,
–k”d’O”g,’O”gŽÂŽRŽs,52354179,97,143,
–k”d’O”g,’O”gŽÂŽRŽs,52354180,102,151,
–k”d’O”g,’O”gŽÂŽRŽs,52354181,107,158,
–k”d’O”g,’O”gŽÂŽRŽs,52354182,107,158,
–k”d’O”g,’O”gŽÂŽRŽs,52354183,106,157,
–k”d’O”g,’O”gŽÂŽRŽs,52354184,106,156,
–k”d’O”g,’O”gŽÂŽRŽs,52354185,102,151,
–k”d’O”g,’O”gŽÂŽRŽs,52354186,102,151,
–k”d’O”g,’O”gŽÂŽRŽs,52354187,98,145,
–k”d’O”g,’O”gŽÂŽRŽs,52354188,93,138,
–k”d’O”g,’O”gŽÂŽRŽs,52354189,102,|,
–k”d’O”g,’O”gŽÂŽRŽs,52354190,107,158,
–k”d’O”g,’O”gŽÂŽRŽs,52354191,107,158,
–k”d’O”g,’O”gŽÂŽRŽs,52354192,106,157,
–k”d’O”g,’O”gŽÂŽRŽs,52354193,106,157,
–k”d’O”g,’O”gŽÂŽRŽs,52354194,90,133,
–k”d’O”g,’O”gŽÂŽRŽs,52354195,106,|,
–k”d’O”g,’O”gŽÂŽRŽs,52354196,99,146,
–k”d’O”g,’O”gŽÂŽRŽs,52354197,102,|,
–k”d’O”g,’O”gŽÂŽRŽs,52354198,100,148,
–k”d’O”g,’O”gŽÂŽRŽs,52354199,102,|,
–k”d’O”g,’O”gŽÂŽRŽs,52354214,96,142,
–k”d’O”g,’O”gŽÂŽRŽs,52354220,109,161,
–k”d’O”g,’O”gŽÂŽRŽs,52354221,114,168,
–k”d’O”g,’O”gŽÂŽRŽs,52354222,110,162,
–k”d’O”g,’O”gŽÂŽRŽs,52354223,106,157,
–k”d’O”g,’O”gŽÂŽRŽs,52354224,106,156,
–k”d’O”g,’O”gŽÂŽRŽs,52354225,99,147,
–k”d’O”g,’O”gŽÂŽRŽs,52354230,108,160,
–k”d’O”g,’O”gŽÂŽRŽs,52354231,108,160,
–k”d’O”g,’O”gŽÂŽRŽs,52354232,102,151,
–k”d’O”g,’O”gŽÂŽRŽs,52354233,112,165,
–k”d’O”g,’O”gŽÂŽRŽs,52354234,106,157,
–k”d’O”g,’O”gŽÂŽRŽs,52354235,99,147,
–k”d’O”g,’O”gŽÂŽRŽs,52354236,99,146,
–k”d’O”g,’O”gŽÂŽRŽs,52354240,107,158,
–k”d’O”g,’O”gŽÂŽRŽs,52354241,104,153,
–k”d’O”g,’O”gŽÂŽRŽs,52354242,105,155,
–k”d’O”g,’O”gŽÂŽRŽs,52354243,101,149,
–k”d’O”g,’O”gŽÂŽRŽs,52354244,105,155,
–k”d’O”g,’O”gŽÂŽRŽs,52354245,99,146,
–k”d’O”g,’O”gŽÂŽRŽs,52354246,99,146,
–k”d’O”g,’O”gŽÂŽRŽs,52354250,102,151,
–k”d’O”g,’O”gŽÂŽRŽs,52354251,107,158,
–k”d’O”g,’O”gŽÂŽRŽs,52354252,95,140,
–k”d’O”g,’O”gŽÂŽRŽs,52354253,104,153,
–k”d’O”g,’O”gŽÂŽRŽs,52354254,104,153,
–k”d’O”g,’O”gŽÂŽRŽs,52354255,99,146,
–k”d’O”g,’O”gŽÂŽRŽs,52354256,103,152,
–k”d’O”g,’O”gŽÂŽRŽs,52354257,107,158,
–k”d’O”g,’O”gŽÂŽRŽs,52354260,93,138,
–k”d’O”g,’O”gŽÂŽRŽs,52354261,106,157,
–k”d’O”g,’O”gŽÂŽRŽs,52354262,111,164,
–k”d’O”g,’O”gŽÂŽRŽs,52354263,102,151,
–k”d’O”g,’O”gŽÂŽRŽs,52354264,107,158,
–k”d’O”g,’O”gŽÂŽRŽs,52354265,103,152,
–k”d’O”g,’O”gŽÂŽRŽs,52354266,99,146,
–k”d’O”g,’O”gŽÂŽRŽs,52354267,95,140,
–k”d’O”g,’O”gŽÂŽRŽs,52354268,94,139,
–k”d’O”g,’O”gŽÂŽRŽs,52354269,106,|,
–k”d’O”g,’O”gŽÂŽRŽs,52354270,93,138,
–k”d’O”g,’O”gŽÂŽRŽs,52354271,101,149,
–k”d’O”g,’O”gŽÂŽRŽs,52354272,106,157,
–k”d’O”g,’O”gŽÂŽRŽs,52354273,107,158,
–k”d’O”g,’O”gŽÂŽRŽs,52354274,102,151,
–k”d’O”g,’O”gŽÂŽRŽs,52354275,99,146,
–k”d’O”g,’O”gŽÂŽRŽs,52354276,99,146,
–k”d’O”g,’O”gŽÂŽRŽs,52354277,99,146,
–k”d’O”g,’O”gŽÂŽRŽs,52354278,106,|,
–k”d’O”g,’O”gŽÂŽRŽs,52354279,106,157,
–k”d’O”g,’O”gŽÂŽRŽs,52354280,89,131,
–k”d’O”g,’O”gŽÂŽRŽs,52354281,93,137,
–k”d’O”g,’O”gŽÂŽRŽs,52354282,89,132,
–k”d’O”g,’O”gŽÂŽRŽs,52354283,90,133,
–k”d’O”g,’O”gŽÂŽRŽs,52354284,97,144,
–k”d’O”g,’O”gŽÂŽRŽs,52354285,99,146,
–k”d’O”g,’O”gŽÂŽRŽs,52354286,95,141,
–k”d’O”g,’O”gŽÂŽRŽs,52354287,96,142,
–k”d’O”g,’O”gŽÂŽRŽs,52354288,98,145,
–k”d’O”g,’O”gŽÂŽRŽs,52354289,93,138,
–k”d’O”g,’O”gŽÂŽRŽs,52354290,89,132,
–k”d’O”g,’O”gŽÂŽRŽs,52354291,93,137,
–k”d’O”g,’O”gŽÂŽRŽs,52354292,89,132,
–k”d’O”g,’O”gŽÂŽRŽs,52354293,90,133,
–k”d’O”g,’O”gŽÂŽRŽs,52354294,95,140,
–k”d’O”g,’O”gŽÂŽRŽs,52354295,99,146,
–k”d’O”g,’O”gŽÂŽRŽs,52354296,99,146,
–k”d’O”g,’O”gŽÂŽRŽs,52354297,99,146,
–k”d’O”g,’O”gŽÂŽRŽs,52354298,95,140,
–k”d’O”g,’O”gŽÂŽRŽs,52354299,97,144,
–k”d’O”g,’O”gŽÂŽRŽs,52354380,96,142,
–k”d’O”g,’O”gŽÂŽRŽs,52354390,97,143,
–k”d’O”g,’O”gŽÂŽRŽs,52354391,92,136,
–k”d’O”g,’O”gŽÂŽRŽs,52355009,102,151,
–k”d’O”g,’O”gŽÂŽRŽs,52355019,102,151,
–k”d’O”g,’O”gŽÂŽRŽs,52355029,95,140,
–k”d’O”g,’O”gŽÂŽRŽs,52355039,91,134,
–k”d’O”g,’O”gŽÂŽRŽs,52355100,106,157,
–k”d’O”g,’O”gŽÂŽRŽs,52355101,107,158,
–k”d’O”g,’O”gŽÂŽRŽs,52355102,106,157,
–k”d’O”g,’O”gŽÂŽRŽs,52355103,93,138,
–k”d’O”g,’O”gŽÂŽRŽs,52355104,90,133,
–k”d’O”g,’O”gŽÂŽRŽs,52355105,91,134,
–k”d’O”g,’O”gŽÂŽRŽs,52355106,98,145,
–k”d’O”g,’O”gŽÂŽRŽs,52355107,97,144,
–k”d’O”g,’O”gŽÂŽRŽs,52355108,100,148,
–k”d’O”g,’O”gŽÂŽRŽs,52355109,101,149,
–k”d’O”g,’O”gŽÂŽRŽs,52355110,111,164,
–k”d’O”g,’O”gŽÂŽRŽs,52355111,102,151,
–k”d’O”g,’O”gŽÂŽRŽs,52355112,107,158,
–k”d’O”g,’O”gŽÂŽRŽs,52355113,90,133,
–k”d’O”g,’O”gŽÂŽRŽs,52355114,91,134,
–k”d’O”g,’O”gŽÂŽRŽs,52355115,93,138,
–k”d’O”g,’O”gŽÂŽRŽs,52355116,97,144,
–k”d’O”g,’O”gŽÂŽRŽs,52355117,96,142,
–k”d’O”g,’O”gŽÂŽRŽs,52355118,100,148,
–k”d’O”g,’O”gŽÂŽRŽs,52355119,93,138,
–k”d’O”g,’O”gŽÂŽRŽs,52355120,107,158,
–k”d’O”g,’O”gŽÂŽRŽs,52355121,107,158,
–k”d’O”g,’O”gŽÂŽRŽs,52355122,103,152,
–k”d’O”g,’O”gŽÂŽRŽs,52355123,95,140,
–k”d’O”g,’O”gŽÂŽRŽs,52355124,95,140,
–k”d’O”g,’O”gŽÂŽRŽs,52355125,106,157,
–k”d’O”g,’O”gŽÂŽRŽs,52355126,106,157,
–k”d’O”g,’O”gŽÂŽRŽs,52355127,97,143,
–k”d’O”g,’O”gŽÂŽRŽs,52355128,105,155,
–k”d’O”g,’O”gŽÂŽRŽs,52355129,105,155,
–k”d’O”g,’O”gŽÂŽRŽs,52355130,108,159,
–k”d’O”g,’O”gŽÂŽRŽs,52355131,108,159,
–k”d’O”g,’O”gŽÂŽRŽs,52355132,99,147,
–k”d’O”g,’O”gŽÂŽRŽs,52355133,99,147,
–k”d’O”g,’O”gŽÂŽRŽs,52355134,91,135,
–k”d’O”g,’O”gŽÂŽRŽs,52355135,108,159,
–k”d’O”g,’O”gŽÂŽRŽs,52355136,108,159,
–k”d’O”g,’O”gŽÂŽRŽs,52355137,107,158,
–k”d’O”g,’O”gŽÂŽRŽs,52355138,94,139,
–k”d’O”g,’O”gŽÂŽRŽs,52355139,106,157,
–k”d’O”g,’O”gŽÂŽRŽs,52355140,103,152,
–k”d’O”g,’O”gŽÂŽRŽs,52355141,104,153,
–k”d’O”g,’O”gŽÂŽRŽs,52355142,96,142,
–k”d’O”g,’O”gŽÂŽRŽs,52355143,96,142,
–k”d’O”g,’O”gŽÂŽRŽs,52355144,96,142,
–k”d’O”g,’O”gŽÂŽRŽs,52355145,108,160,
–k”d’O”g,’O”gŽÂŽRŽs,52355146,108,160,
–k”d’O”g,’O”gŽÂŽRŽs,52355147,108,159,
–k”d’O”g,’O”gŽÂŽRŽs,52355148,108,|,
–k”d’O”g,’O”gŽÂŽRŽs,52355149,108,|,
–k”d’O”g,’O”gŽÂŽRŽs,52355152,104,154,
–k”d’O”g,’O”gŽÂŽRŽs,52355156,108,160,
–k”d’O”g,’O”gŽÂŽRŽs,52355157,99,147,
–k”d’O”g,’O”gŽÂŽRŽs,52355158,99,146,
–k”d’O”g,’O”gŽÂŽRŽs,52355159,99,146,
–k”d’O”g,’O”gŽÂŽRŽs,52355167,108,160,
–k”d’O”g,’O”gŽÂŽRŽs,52355168,100,148,
–k”d’O”g,’O”gŽÂŽRŽs,52355169,100,148,
–k”d’O”g,’O”gŽÂŽRŽs,52355178,100,148,
–k”d’O”g,’O”gŽÂŽRŽs,52355179,100,148,
–k”d’O”g,’O”gŽÂŽRŽs,52355188,100,148,
–k”d’O”g,’O”gŽÂŽRŽs,52355189,100,148,
–k”d’O”g,’O”gŽÂŽRŽs,52355198,100,148,
–k”d’O”g,’O”gŽÂŽRŽs,52355199,99,147,
–k”d’O”g,’O”gŽÂŽRŽs,52355200,90,133,
–k”d’O”g,’O”gŽÂŽRŽs,52355201,89,132,
–k”d’O”g,’O”gŽÂŽRŽs,52355202,93,138,
–k”d’O”g,’O”gŽÂŽRŽs,52355203,93,138,
–k”d’O”g,’O”gŽÂŽRŽs,52355204,95,140,
–k”d’O”g,’O”gŽÂŽRŽs,52355205,91,135,
–k”d’O”g,’O”gŽÂŽRŽs,52355206,90,133,
–k”d’O”g,’O”gŽÂŽRŽs,52355207,110,|,
–k”d’O”g,’O”gŽÂŽRŽs,52355208,110,|,
–k”d’O”g,’O”gŽÂŽRŽs,52355209,89,132,
–k”d’O”g,’O”gŽÂŽRŽs,52355210,89,132,
–k”d’O”g,’O”gŽÂŽRŽs,52355211,89,132,
–k”d’O”g,’O”gŽÂŽRŽs,52355212,89,132,
–k”d’O”g,’O”gŽÂŽRŽs,52355213,93,138,
–k”d’O”g,’O”gŽÂŽRŽs,52355214,90,133,
–k”d’O”g,’O”gŽÂŽRŽs,52355215,111,164,
–k”d’O”g,’O”gŽÂŽRŽs,52355216,110,163,
–k”d’O”g,’O”gŽÂŽRŽs,52355217,90,133,
–k”d’O”g,’O”gŽÂŽRŽs,52355218,110,|,
–k”d’O”g,’O”gŽÂŽRŽs,52355219,110,|,
–k”d’O”g,’O”gŽÂŽRŽs,52355220,89,132,
–k”d’O”g,’O”gŽÂŽRŽs,52355221,89,132,
–k”d’O”g,’O”gŽÂŽRŽs,52355222,90,133,
–k”d’O”g,’O”gŽÂŽRŽs,52355223,90,133,
–k”d’O”g,’O”gŽÂŽRŽs,52355224,107,158,
–k”d’O”g,’O”gŽÂŽRŽs,52355225,102,151,
–k”d’O”g,’O”gŽÂŽRŽs,52355226,102,150,
–k”d’O”g,’O”gŽÂŽRŽs,52355227,95,140,
–k”d’O”g,’O”gŽÂŽRŽs,52355228,102,151,
–k”d’O”g,’O”gŽÂŽRŽs,52355229,95,140,
–k”d’O”g,’O”gŽÂŽRŽs,52355230,90,133,
–k”d’O”g,’O”gŽÂŽRŽs,52355231,90,133,
–k”d’O”g,’O”gŽÂŽRŽs,52355232,99,|,
–k”d’O”g,’O”gŽÂŽRŽs,52355233,94,139,
–k”d’O”g,’O”gŽÂŽRŽs,52355234,102,151,
–k”d’O”g,’O”gŽÂŽRŽs,52355235,102,151,
–k”d’O”g,’O”gŽÂŽRŽs,52355236,103,152,
–k”d’O”g,’O”gŽÂŽRŽs,52355237,91,135,
–k”d’O”g,’O”gŽÂŽRŽs,52355238,104,153,
–k”d’O”g,’O”gŽÂŽRŽs,52355239,95,141,
–k”d’O”g,’O”gŽÂŽRŽs,52355240,95,141,
–k”d’O”g,’O”gŽÂŽRŽs,52355241,95,140,
–k”d’O”g,’O”gŽÂŽRŽs,52355242,99,|,
–k”d’O”g,’O”gŽÂŽRŽs,52355243,99,146,
–k”d’O”g,’O”gŽÂŽRŽs,52355244,91,135,
–k”d’O”g,’O”gŽÂŽRŽs,52355245,103,152,
–k”d’O”g,’O”gŽÂŽRŽs,52355246,104,153,
–k”d’O”g,’O”gŽÂŽRŽs,52355247,104,153,
–k”d’O”g,’O”gŽÂŽRŽs,52355248,104,153,
–k”d’O”g,’O”gŽÂŽRŽs,52355249,104,153,
–k”d’O”g,’O”gŽÂŽRŽs,52355250,88,130,
–k”d’O”g,’O”gŽÂŽRŽs,52355251,99,|,
–k”d’O”g,’O”gŽÂŽRŽs,52355252,99,|,
–k”d’O”g,’O”gŽÂŽRŽs,52355253,99,|,
–k”d’O”g,’O”gŽÂŽRŽs,52355254,87,129,
–k”d’O”g,’O”gŽÂŽRŽs,52355255,91,135,
–k”d’O”g,’O”gŽÂŽRŽs,52355256,103,152,
–k”d’O”g,’O”gŽÂŽRŽs,52355257,104,153,
–k”d’O”g,’O”gŽÂŽRŽs,52355258,91,135,
–k”d’O”g,’O”gŽÂŽRŽs,52355259,104,|,
–k”d’O”g,’O”gŽÂŽRŽs,52355260,88,130,
–k”d’O”g,’O”gŽÂŽRŽs,52355261,91,135,
–k”d’O”g,’O”gŽÂŽRŽs,52355262,99,147,
–k”d’O”g,’O”gŽÂŽRŽs,52355263,99,147,
–k”d’O”g,’O”gŽÂŽRŽs,52355264,91,135,
–k”d’O”g,’O”gŽÂŽRŽs,52355265,104,153,
–k”d’O”g,’O”gŽÂŽRŽs,52355266,103,152,
–k”d’O”g,’O”gŽÂŽRŽs,52355270,92,136,
–k”d’O”g,’O”gŽÂŽRŽs,52355271,96,142,
–k”d’O”g,’O”gŽÂŽRŽs,52355272,99,147,
–k”d’O”g,’O”gŽÂŽRŽs,52355275,87,129,
–k”d’O”g,’O”gŽÂŽRŽs,52355276,104,153,
–k”d’O”g,’O”gŽÂŽRŽs,52355280,99,147,
–k”d’O”g,’O”gŽÂŽRŽs,52355281,96,142,
–k”d’O”g,’O”gŽÂŽRŽs,52355282,100,|,
–k”d’O”g,’O”gŽÂŽRŽs,52355290,92,136,
–k”d’O”g,’O”gŽÂŽRŽs,52355291,96,142,
–k”d’O”g,’O”gŽÂŽRŽs,52355292,100,148,
–k”d’O”g,’O”gŽÂŽRŽs,52355300,89,131,
–k”d’O”g,’O”gŽÂŽRŽs,52355301,88,130,
–k”d’O”g,’O”gŽÂŽRŽs,52355310,89,132,
–k”d’O”g,’O”gŽÂŽRŽs,52355311,89,131,
–k”d’O”g,’O”gŽÂŽRŽs,52355320,94,139,
–k”d’O”g,’O”gŽÂŽRŽs,52355330,95,140,
–k”d’O”g,’O”gŽÂŽRŽs,52355340,91,135,
–k”d’O”g,’O”gŽÂŽRŽs,52355350,104,|,
–k”d’O”g,’O”gŽÂŽRŽs,52356108,100,148,
–k”d’O”g,’O”gŽÂŽRŽs,52356109,101,149,
–k”d’O”g,’O”gŽÂŽRŽs,52356200,96,142,
–k”d’O”g,’O”gŽÂŽRŽs,52356201,97,144,
–k”d’O”g,’O”gŽÂŽRŽs,52356202,100,148,
–k”d’O”g,’O”gŽs,52344786,119,|,
–k”d’O”g,’O”gŽs,52344787,119,|,
–k”d’O”g,’O”gŽs,52344788,104,153,
–k”d’O”g,’O”gŽs,52344789,100,148,
–k”d’O”g,’O”gŽs,52344796,113,167,
–k”d’O”g,’O”gŽs,52344797,114,168,
–k”d’O”g,’O”gŽs,52344798,105,155,
–k”d’O”g,’O”gŽs,52344799,101,149,
–k”d’O”g,’O”gŽs,52345706,109,161,
–k”d’O”g,’O”gŽs,52345707,114,169,
–k”d’O”g,’O”gŽs,52345708,116,171,
–k”d’O”g,’O”gŽs,52345709,116,171,
–k”d’O”g,’O”gŽs,52345715,114,168,
–k”d’O”g,’O”gŽs,52345716,120,177,
–k”d’O”g,’O”gŽs,52345717,115,170,
–k”d’O”g,’O”gŽs,52345718,122,180,
–k”d’O”g,’O”gŽs,52345719,123,181,
–k”d’O”g,’O”gŽs,52345725,115,170,
–k”d’O”g,’O”gŽs,52345726,120,177,
–k”d’O”g,’O”gŽs,52345727,120,177,
–k”d’O”g,’O”gŽs,52345728,116,172,
–k”d’O”g,’O”gŽs,52345729,123,|,
–k”d’O”g,’O”gŽs,52345735,116,171,
–k”d’O”g,’O”gŽs,52345736,120,|,
–k”d’O”g,’O”gŽs,52345737,120,177,
–k”d’O”g,’O”gŽs,52345738,116,171,
–k”d’O”g,’O”gŽs,52345739,121,179,
–k”d’O”g,’O”gŽs,52345745,116,172,
–k”d’O”g,’O”gŽs,52345746,120,|,
–k”d’O”g,’O”gŽs,52345747,120,|,
–k”d’O”g,’O”gŽs,52345748,115,170,
–k”d’O”g,’O”gŽs,52345749,116,171,
–k”d’O”g,’O”gŽs,52345755,119,176,
–k”d’O”g,’O”gŽs,52345756,120,|,
–k”d’O”g,’O”gŽs,52345757,120,|,
–k”d’O”g,’O”gŽs,52345758,116,171,
–k”d’O”g,’O”gŽs,52345759,117,173,
–k”d’O”g,’O”gŽs,52345766,110,162,
–k”d’O”g,’O”gŽs,52345767,120,|,
–k”d’O”g,’O”gŽs,52345768,120,|,
–k”d’O”g,’O”gŽs,52345769,120,|,
–k”d’O”g,’O”gŽs,52345777,120,|,
–k”d’O”g,’O”gŽs,52345778,120,|,
–k”d’O”g,’O”gŽs,52345779,120,|,
–k”d’O”g,’O”gŽs,52345786,110,163,
–k”d’O”g,’O”gŽs,52345787,120,|,
–k”d’O”g,’O”gŽs,52345788,120,|,
–k”d’O”g,’O”gŽs,52345789,120,|,
–k”d’O”g,’O”gŽs,52345796,110,162,
–k”d’O”g,’O”gŽs,52345797,109,161,
–k”d’O”g,’O”gŽs,52345798,113,167,
–k”d’O”g,’O”gŽs,52345799,113,167,
–k”d’O”g,’O”gŽs,52346706,110,162,
–k”d’O”g,’O”gŽs,52346707,108,160,
–k”d’O”g,’O”gŽs,52346708,112,166,
–k”d’O”g,’O”gŽs,52346709,113,167,
–k”d’O”g,’O”gŽs,52346716,110,162,
–k”d’O”g,’O”gŽs,52346717,113,|,
–k”d’O”g,’O”gŽs,52346718,113,167,
–k”d’O”g,’O”gŽs,52346719,112,166,
–k”d’O”g,’O”gŽs,52346726,110,162,
–k”d’O”g,’O”gŽs,52346727,110,162,
–k”d’O”g,’O”gŽs,52346728,108,160,
–k”d’O”g,’O”gŽs,52346729,111,164,
–k”d’O”g,’O”gŽs,52346736,114,169,
–k”d’O”g,’O”gŽs,52346737,109,161,
–k”d’O”g,’O”gŽs,52346738,108,160,
–k”d’O”g,’O”gŽs,52346739,107,158,
–k”d’O”g,’O”gŽs,52346746,114,169,
–k”d’O”g,’O”gŽs,52346747,110,162,
–k”d’O”g,’O”gŽs,52346748,107,158,
–k”d’O”g,’O”gŽs,52346749,107,158,
–k”d’O”g,’O”gŽs,52346753,111,164,
–k”d’O”g,’O”gŽs,52346756,116,|,
–k”d’O”g,’O”gŽs,52346757,110,162,
–k”d’O”g,’O”gŽs,52346758,116,|,
–k”d’O”g,’O”gŽs,52346759,108,159,
–k”d’O”g,’O”gŽs,52346763,110,162,
–k”d’O”g,’O”gŽs,52346764,112,165,
–k”d’O”g,’O”gŽs,52346765,104,153,
–k”d’O”g,’O”gŽs,52346766,114,168,
–k”d’O”g,’O”gŽs,52346767,116,|,
–k”d’O”g,’O”gŽs,52346768,116,|,
–k”d’O”g,’O”gŽs,52346769,116,|,
–k”d’O”g,’O”gŽs,52346772,109,161,
–k”d’O”g,’O”gŽs,52346773,128,|,
–k”d’O”g,’O”gŽs,52346774,107,158,
–k”d’O”g,’O”gŽs,52346775,107,158,
–k”d’O”g,’O”gŽs,52346776,112,166,
–k”d’O”g,’O”gŽs,52346777,113,167,
–k”d’O”g,’O”gŽs,52346778,114,168,
–k”d’O”g,’O”gŽs,52346779,108,160,
–k”d’O”g,’O”gŽs,52346782,128,|,
–k”d’O”g,’O”gŽs,52346783,110,162,
–k”d’O”g,’O”gŽs,52346784,106,157,
–k”d’O”g,’O”gŽs,52346785,107,158,
–k”d’O”g,’O”gŽs,52346786,112,166,
–k”d’O”g,’O”gŽs,52346787,113,167,
–k”d’O”g,’O”gŽs,52346788,110,163,
–k”d’O”g,’O”gŽs,52346789,114,169,
–k”d’O”g,’O”gŽs,52346792,128,|,
–k”d’O”g,’O”gŽs,52346793,109,161,
–k”d’O”g,’O”gŽs,52346794,110,162,
–k”d’O”g,’O”gŽs,52346795,102,151,
–k”d’O”g,’O”gŽs,52346796,112,166,
–k”d’O”g,’O”gŽs,52346797,110,162,
–k”d’O”g,’O”gŽs,52346798,111,164,
–k”d’O”g,’O”gŽs,52346799,115,170,
–k”d’O”g,’O”gŽs,52347702,100,148,
–k”d’O”g,’O”gŽs,52347703,101,149,
–k”d’O”g,’O”gŽs,52347704,101,149,
–k”d’O”g,’O”gŽs,52347705,102,151,
–k”d’O”g,’O”gŽs,52347706,112,165,
–k”d’O”g,’O”gŽs,52347707,114,169,
–k”d’O”g,’O”gŽs,52347708,110,163,
–k”d’O”g,’O”gŽs,52347709,110,163,
–k”d’O”g,’O”gŽs,52347713,100,148,
–k”d’O”g,’O”gŽs,52347714,101,149,
–k”d’O”g,’O”gŽs,52347715,106,157,
–k”d’O”g,’O”gŽs,52347716,107,158,
–k”d’O”g,’O”gŽs,52347717,112,166,
–k”d’O”g,’O”gŽs,52347718,108,160,
–k”d’O”g,’O”gŽs,52347719,112,166,
–k”d’O”g,’O”gŽs,52347723,99,147,
–k”d’O”g,’O”gŽs,52347724,100,148,
–k”d’O”g,’O”gŽs,52347725,110,162,
–k”d’O”g,’O”gŽs,52347726,110,163,
–k”d’O”g,’O”gŽs,52347727,111,164,
–k”d’O”g,’O”gŽs,52347728,111,164,
–k”d’O”g,’O”gŽs,52347729,111,164,
–k”d’O”g,’O”gŽs,52347734,99,147,
–k”d’O”g,’O”gŽs,52347735,109,161,
–k”d’O”g,’O”gŽs,52347736,110,162,
–k”d’O”g,’O”gŽs,52347737,110,162,
–k”d’O”g,’O”gŽs,52347738,110,163,
–k”d’O”g,’O”gŽs,52347739,110,163,
–k”d’O”g,’O”gŽs,52347744,99,146,
–k”d’O”g,’O”gŽs,52347745,109,161,
–k”d’O”g,’O”gŽs,52347746,110,162,
–k”d’O”g,’O”gŽs,52347747,110,162,
–k”d’O”g,’O”gŽs,52347748,114,169,
–k”d’O”g,’O”gŽs,52347749,114,169,
–k”d’O”g,’O”gŽs,52347755,108,160,
–k”d’O”g,’O”gŽs,52347756,108,160,
–k”d’O”g,’O”gŽs,52347757,109,161,
–k”d’O”g,’O”gŽs,52347765,103,152,
–k”d’O”g,’O”gŽs,52354063,105,155,
–k”d’O”g,’O”gŽs,52354064,104,154,
–k”d’O”g,’O”gŽs,52354065,109,161,
–k”d’O”g,’O”gŽs,52354066,105,155,
–k”d’O”g,’O”gŽs,52354072,97,144,
–k”d’O”g,’O”gŽs,52354073,106,156,
–k”d’O”g,’O”gŽs,52354074,105,155,
–k”d’O”g,’O”gŽs,52354075,105,155,
–k”d’O”g,’O”gŽs,52354076,105,155,
–k”d’O”g,’O”gŽs,52354077,101,149,
–k”d’O”g,’O”gŽs,52354078,105,155,
–k”d’O”g,’O”gŽs,52354079,102,151,
–k”d’O”g,’O”gŽs,52354082,99,146,
–k”d’O”g,’O”gŽs,52354083,98,145,
–k”d’O”g,’O”gŽs,52354084,97,143,
–k”d’O”g,’O”gŽs,52354085,101,149,
–k”d’O”g,’O”gŽs,52354086,106,156,
–k”d’O”g,’O”gŽs,52354087,102,151,
–k”d’O”g,’O”gŽs,52354088,102,150,
–k”d’O”g,’O”gŽs,52354089,106,156,
–k”d’O”g,’O”gŽs,52354090,101,149,
–k”d’O”g,’O”gŽs,52354091,104,154,
–k”d’O”g,’O”gŽs,52354092,99,146,
–k”d’O”g,’O”gŽs,52354093,97,144,
–k”d’O”g,’O”gŽs,52354094,101,149,
–k”d’O”g,’O”gŽs,52354095,101,149,
–k”d’O”g,’O”gŽs,52354096,102,151,
–k”d’O”g,’O”gŽs,52354097,104,153,
–k”d’O”g,’O”gŽs,52354098,104,153,
–k”d’O”g,’O”gŽs,52354099,102,151,
–k”d’O”g,’O”gŽs,52355000,110,162,
–k”d’O”g,’O”gŽs,52355001,108,160,
–k”d’O”g,’O”gŽs,52355002,103,152,
–k”d’O”g,’O”gŽs,52355003,102,151,
–k”d’O”g,’O”gŽs,52355004,101,149,
–k”d’O”g,’O”gŽs,52355005,102,151,
–k”d’O”g,’O”gŽs,52355006,104,153,
–k”d’O”g,’O”gŽs,52355007,105,155,
–k”d’O”g,’O”gŽs,52355008,104,154,
–k”d’O”g,’O”gŽs,52355010,116,171,
–k”d’O”g,’O”gŽs,52355011,114,168,
–k”d’O”g,’O”gŽs,52355012,103,152,
–k”d’O”g,’O”gŽs,52355013,97,144,
–k”d’O”g,’O”gŽs,52355014,101,149,
–k”d’O”g,’O”gŽs,52355015,106,156,
–k”d’O”g,’O”gŽs,52355016,102,151,
–k”d’O”g,’O”gŽs,52355017,104,153,
–k”d’O”g,’O”gŽs,52355018,104,153,
–k”d’O”g,’O”gŽs,52355020,121,179,
–k”d’O”g,’O”gŽs,52355021,120,177,
–k”d’O”g,’O”gŽs,52355022,112,166,
–k”d’O”g,’O”gŽs,52355023,102,151,
–k”d’O”g,’O”gŽs,52355024,97,143,
–k”d’O”g,’O”gŽs,52355025,93,138,
–k”d’O”g,’O”gŽs,52355026,102,150,
–k”d’O”g,’O”gŽs,52355027,90,133,
–k”d’O”g,’O”gŽs,52355028,90,133,
–k”d’O”g,’O”gŽs,52355030,121,179,
–k”d’O”g,’O”gŽs,52355031,126,186,
–k”d’O”g,’O”gŽs,52355032,126,|,
–k”d’O”g,’O”gŽs,52355033,112,166,
–k”d’O”g,’O”gŽs,52355034,102,151,
–k”d’O”g,’O”gŽs,52355035,98,145,
–k”d’O”g,’O”gŽs,52355036,94,139,
–k”d’O”g,’O”gŽs,52355037,90,133,
–k”d’O”g,’O”gŽs,52355038,93,138,
–k”d’O”g,’O”gŽs,52355040,121,178,
–k”d’O”g,’O”gŽs,52355041,121,179,
–k”d’O”g,’O”gŽs,52355042,126,186,
–k”d’O”g,’O”gŽs,52355043,110,162,
–k”d’O”g,’O”gŽs,52355044,109,161,
–k”d’O”g,’O”gŽs,52355045,110,162,
–k”d’O”g,’O”gŽs,52355046,110,162,
–k”d’O”g,’O”gŽs,52355047,101,149,
–k”d’O”g,’O”gŽs,52355048,95,140,
–k”d’O”g,’O”gŽs,52355049,98,145,
–k”d’O”g,’O”gŽs,52355050,117,173,
–k”d’O”g,’O”gŽs,52355051,122,180,
–k”d’O”g,’O”gŽs,52355052,122,180,
–k”d’O”g,’O”gŽs,52355053,116,171,
–k”d’O”g,’O”gŽs,52355054,110,163,
–k”d’O”g,’O”gŽs,52355055,108,159,
–k”d’O”g,’O”gŽs,52355056,107,158,
–k”d’O”g,’O”gŽs,52355057,106,157,
–k”d’O”g,’O”gŽs,52355058,101,149,
–k”d’O”g,’O”gŽs,52355059,100,148,
–k”d’O”g,’O”gŽs,52355060,118,174,
–k”d’O”g,’O”gŽs,52355061,119,175,
–k”d’O”g,’O”gŽs,52355062,119,175,
–k”d’O”g,’O”gŽs,52355063,118,174,
–k”d’O”g,’O”gŽs,52355064,116,172,
–k”d’O”g,’O”gŽs,52355065,112,166,
–k”d’O”g,’O”gŽs,52355066,108,159,
–k”d’O”g,’O”gŽs,52355067,107,158,
–k”d’O”g,’O”gŽs,52355068,102,150,
–k”d’O”g,’O”gŽs,52355069,110,163,
–k”d’O”g,’O”gŽs,52355070,105,155,
–k”d’O”g,’O”gŽs,52355071,119,176,
–k”d’O”g,’O”gŽs,52355072,115,170,
–k”d’O”g,’O”gŽs,52355073,114,169,
–k”d’O”g,’O”gŽs,52355074,112,166,
–k”d’O”g,’O”gŽs,52355075,112,165,
–k”d’O”g,’O”gŽs,52355076,111,164,
–k”d’O”g,’O”gŽs,52355077,111,164,
–k”d’O”g,’O”gŽs,52355078,106,156,
–k”d’O”g,’O”gŽs,52355079,107,158,
–k”d’O”g,’O”gŽs,52355080,110,162,
–k”d’O”g,’O”gŽs,52355081,114,169,
–k”d’O”g,’O”gŽs,52355082,121,178,
–k”d’O”g,’O”gŽs,52355083,114,169,
–k”d’O”g,’O”gŽs,52355084,108,160,
–k”d’O”g,’O”gŽs,52355085,117,173,
–k”d’O”g,’O”gŽs,52355086,116,171,
–k”d’O”g,’O”gŽs,52355087,111,164,
–k”d’O”g,’O”gŽs,52355088,106,157,
–k”d’O”g,’O”gŽs,52355089,107,158,
–k”d’O”g,’O”gŽs,52355090,110,162,
–k”d’O”g,’O”gŽs,52355091,114,169,
–k”d’O”g,’O”gŽs,52355092,110,163,
–k”d’O”g,’O”gŽs,52355093,110,162,
–k”d’O”g,’O”gŽs,52355094,108,160,
–k”d’O”g,’O”gŽs,52355095,108,159,
–k”d’O”g,’O”gŽs,52355096,117,173,
–k”d’O”g,’O”gŽs,52355097,112,165,
–k”d’O”g,’O”gŽs,52355098,111,164,
–k”d’O”g,’O”gŽs,52355099,116,|,
–k”d’O”g,’O”gŽs,52355150,104,154,
–k”d’O”g,’O”gŽs,52355151,105,155,
–k”d’O”g,’O”gŽs,52355153,104,154,
–k”d’O”g,’O”gŽs,52355154,105,155,
–k”d’O”g,’O”gŽs,52355155,100,148,
–k”d’O”g,’O”gŽs,52355160,111,164,
–k”d’O”g,’O”gŽs,52355161,106,157,
–k”d’O”g,’O”gŽs,52355162,105,155,
–k”d’O”g,’O”gŽs,52355163,105,155,
–k”d’O”g,’O”gŽs,52355164,105,155,
–k”d’O”g,’O”gŽs,52355165,105,155,
–k”d’O”g,’O”gŽs,52355166,105,155,
–k”d’O”g,’O”gŽs,52355170,112,166,
–k”d’O”g,’O”gŽs,52355171,111,164,
–k”d’O”g,’O”gŽs,52355172,105,155,
–k”d’O”g,’O”gŽs,52355173,105,155,
–k”d’O”g,’O”gŽs,52355174,106,157,
–k”d’O”g,’O”gŽs,52355175,107,158,
–k”d’O”g,’O”gŽs,52355176,106,157,
–k”d’O”g,’O”gŽs,52355177,104,154,
–k”d’O”g,’O”gŽs,52355180,111,164,
–k”d’O”g,’O”gŽs,52355181,110,163,
–k”d’O”g,’O”gŽs,52355182,110,162,
–k”d’O”g,’O”gŽs,52355183,110,162,
–k”d’O”g,’O”gŽs,52355184,111,164,
–k”d’O”g,’O”gŽs,52355185,108,159,
–k”d’O”g,’O”gŽs,52355186,107,158,
–k”d’O”g,’O”gŽs,52355187,110,162,
–k”d’O”g,’O”gŽs,52355190,110,163,
–k”d’O”g,’O”gŽs,52355191,110,162,
–k”d’O”g,’O”gŽs,52355192,109,161,
–k”d’O”g,’O”gŽs,52355193,108,160,
–k”d’O”g,’O”gŽs,52355194,110,162,
–k”d’O”g,’O”gŽs,52355195,107,158,
–k”d’O”g,’O”gŽs,52355196,107,158,
–k”d’O”g,’O”gŽs,52355197,110,|,
–k”d’O”g,’O”gŽs,52356000,114,169,
–k”d’O”g,’O”gŽs,52356001,114,169,
–k”d’O”g,’O”gŽs,52356002,120,177,
–k”d’O”g,’O”gŽs,52356003,119,175,
–k”d’O”g,’O”gŽs,52356004,118,174,
–k”d’O”g,’O”gŽs,52356005,119,175,
–k”d’O”g,’O”gŽs,52356006,112,166,
–k”d’O”g,’O”gŽs,52356007,117,173,
–k”d’O”g,’O”gŽs,52356008,116,171,
–k”d’O”g,’O”gŽs,52356009,111,164,
–k”d’O”g,’O”gŽs,52356010,110,162,
–k”d’O”g,’O”gŽs,52356011,114,169,
–k”d’O”g,’O”gŽs,52356012,121,178,
–k”d’O”g,’O”gŽs,52356013,125,184,
–k”d’O”g,’O”gŽs,52356014,131,193,
–k”d’O”g,’O”gŽs,52356015,131,193,
–k”d’O”g,’O”gŽs,52356016,129,191,
–k”d’O”g,’O”gŽs,52356017,112,166,
–k”d’O”g,’O”gŽs,52356018,107,158,
–k”d’O”g,’O”gŽs,52356019,116,172,
–k”d’O”g,’O”gŽs,52356020,104,154,
–k”d’O”g,’O”gŽs,52356021,114,169,
–k”d’O”g,’O”gŽs,52356022,121,178,
–k”d’O”g,’O”gŽs,52356023,120,177,
–k”d’O”g,’O”gŽs,52356024,110,163,
–k”d’O”g,’O”gŽs,52356025,106,156,
–k”d’O”g,’O”gŽs,52356026,120,177,
–k”d’O”g,’O”gŽs,52356027,119,175,
–k”d’O”g,’O”gŽs,52356028,123,181,
–k”d’O”g,’O”gŽs,52356029,117,173,
–k”d’O”g,’O”gŽs,52356030,111,164,
–k”d’O”g,’O”gŽs,52356031,112,166,
–k”d’O”g,’O”gŽs,52356032,114,168,
–k”d’O”g,’O”gŽs,52356033,115,170,
–k”d’O”g,’O”gŽs,52356034,121,178,
–k”d’O”g,’O”gŽs,52356035,132,195,
–k”d’O”g,’O”gŽs,52356036,121,179,
–k”d’O”g,’O”gŽs,52356037,121,178,
–k”d’O”g,’O”gŽs,52356038,131,193,
–k”d’O”g,’O”gŽs,52356039,129,191,
–k”d’O”g,’O”gŽs,52356040,111,164,
–k”d’O”g,’O”gŽs,52356041,112,166,
–k”d’O”g,’O”gŽs,52356042,113,167,
–k”d’O”g,’O”gŽs,52356043,121,|,
–k”d’O”g,’O”gŽs,52356044,116,171,
–k”d’O”g,’O”gŽs,52356045,121,178,
–k”d’O”g,’O”gŽs,52356046,116,171,
–k”d’O”g,’O”gŽs,52356047,116,171,
–k”d’O”g,’O”gŽs,52356048,116,171,
–k”d’O”g,’O”gŽs,52356049,116,171,
–k”d’O”g,’O”gŽs,52356050,111,164,
–k”d’O”g,’O”gŽs,52356051,107,158,
–k”d’O”g,’O”gŽs,52356052,112,166,
–k”d’O”g,’O”gŽs,52356053,114,169,
–k”d’O”g,’O”gŽs,52356054,116,171,
–k”d’O”g,’O”gŽs,52356055,116,172,
–k”d’O”g,’O”gŽs,52356056,122,180,
–k”d’O”g,’O”gŽs,52356057,127,188,
–k”d’O”g,’O”gŽs,52356058,117,173,
–k”d’O”g,’O”gŽs,52356059,117,173,
–k”d’O”g,’O”gŽs,52356060,111,164,
–k”d’O”g,’O”gŽs,52356061,107,158,
–k”d’O”g,’O”gŽs,52356062,111,164,
–k”d’O”g,’O”gŽs,52356063,109,161,
–k”d’O”g,’O”gŽs,52356064,114,169,
–k”d’O”g,’O”gŽs,52356065,116,172,
–k”d’O”g,’O”gŽs,52356066,116,172,
–k”d’O”g,’O”gŽs,52356067,129,190,
–k”d’O”g,’O”gŽs,52356068,118,174,
–k”d’O”g,’O”gŽs,52356069,119,175,
–k”d’O”g,’O”gŽs,52356070,116,172,
–k”d’O”g,’O”gŽs,52356071,111,164,
–k”d’O”g,’O”gŽs,52356072,112,165,
–k”d’O”g,’O”gŽs,52356073,112,166,
–k”d’O”g,’O”gŽs,52356074,114,169,
–k”d’O”g,’O”gŽs,52356075,116,171,
–k”d’O”g,’O”gŽs,52356076,117,173,
–k”d’O”g,’O”gŽs,52356077,123,181,
–k”d’O”g,’O”gŽs,52356078,119,175,
–k”d’O”g,’O”gŽs,52356079,118,174,
–k”d’O”g,’O”gŽs,52356080,119,175,
–k”d’O”g,’O”gŽs,52356081,112,165,
–k”d’O”g,’O”gŽs,52356082,107,158,
–k”d’O”g,’O”gŽs,52356083,112,166,
–k”d’O”g,’O”gŽs,52356084,109,161,
–k”d’O”g,’O”gŽs,52356085,114,169,
–k”d’O”g,’O”gŽs,52356086,116,171,
–k”d’O”g,’O”gŽs,52356087,122,180,
–k”d’O”g,’O”gŽs,52356088,129,190,
–k”d’O”g,’O”gŽs,52356089,117,173,
–k”d’O”g,’O”gŽs,52356090,119,176,
–k”d’O”g,’O”gŽs,52356091,112,166,
–k”d’O”g,’O”gŽs,52356092,106,157,
–k”d’O”g,’O”gŽs,52356093,107,158,
–k”d’O”g,’O”gŽs,52356094,112,166,
–k”d’O”g,’O”gŽs,52356096,115,170,
–k”d’O”g,’O”gŽs,52356097,116,171,
–k”d’O”g,’O”gŽs,52356098,128,189,
–k”d’O”g,’O”gŽs,52356099,117,173,
–k”d’O”g,’O”gŽs,52356100,110,163,
–k”d’O”g,’O”gŽs,52356101,110,163,
–k”d’O”g,’O”gŽs,52356102,110,162,
–k”d’O”g,’O”gŽs,52356103,108,160,
–k”d’O”g,’O”gŽs,52356104,108,160,
–k”d’O”g,’O”gŽs,52356110,111,164,
–k”d’O”g,’O”gŽs,52356111,111,164,
–k”d’O”g,’O”gŽs,52356112,111,|,
–k”d’O”g,’O”gŽs,52356113,108,160,
–k”d’O”g,’O”gŽs,52356114,108,159,
–k”d’O”g,’O”gŽs,52356120,112,166,
–k”d’O”g,’O”gŽs,52356121,111,164,
–k”d’O”g,’O”gŽs,52356122,105,155,
–k”d’O”g,’O”gŽs,52356123,110,162,
–k”d’O”g,’O”gŽs,52356124,108,160,
–k”d’O”g,’O”gŽs,52356130,117,173,
–k”d’O”g,’O”gŽs,52356131,117,173,
–k”d’O”g,’O”gŽs,52356132,111,164,
–k”d’O”g,’O”gŽs,52356133,110,162,
–k”d’O”g,’O”gŽs,52356134,109,161,
–k”d’O”g,’O”gŽs,52356135,108,160,
–k”d’O”g,’O”gŽs,52356140,119,176,
–k”d’O”g,’O”gŽs,52356141,108,159,
–k”d’O”g,’O”gŽs,52356142,116,171,
–k”d’O”g,’O”gŽs,52356143,115,170,
–k”d’O”g,’O”gŽs,52356144,114,169,
–k”d’O”g,’O”gŽs,52356145,105,155,
–k”d’O”g,’O”gŽs,52356150,121,179,
–k”d’O”g,’O”gŽs,52356151,123,182,
–k”d’O”g,’O”gŽs,52356152,116,171,
–k”d’O”g,’O”gŽs,52356153,115,170,
–k”d’O”g,’O”gŽs,52356154,114,169,
–k”d’O”g,’O”gŽs,52356160,128,189,
–k”d’O”g,’O”gŽs,52356161,125,184,
–k”d’O”g,’O”gŽs,52356162,112,165,
–k”d’O”g,’O”gŽs,52356170,122,180,
–k”d’O”g,’O”gŽs,52356171,121,178,
–k”d’O”g,’O”gŽs,52356172,118,174,
–k”d’O”g,’O”gŽs,52356180,121,178,
–k”d’O”g,’O”gŽs,52356181,121,178,
–k”d’O”g,’O”gŽs,52356182,120,177,
–k”d’O”g,’O”gŽs,52356190,128,|,
–k”d’O”g,’O”gŽs,52356191,121,178,
–k”d’O”g,’O”gŽs,52356192,126,186,
–k”d’O”g,’O”gŽs,52357000,108,160,
–k”d’O”g,’O”gŽs,52357001,116,172,
–k”d’O”g,’O”gŽs,52357002,107,158,
–k”d’O”g,’O”gŽs,52357003,111,164,
–k”d’O”g,’O”gŽs,52357004,107,158,
–k”d’O”g,’O”gŽs,52357007,116,171,
–k”d’O”g,’O”gŽs,52357008,122,180,
–k”d’O”g,’O”gŽs,52357009,128,189,
–k”d’O”g,’O”gŽs,52357010,116,172,
–k”d’O”g,’O”gŽs,52357011,116,172,
–k”d’O”g,’O”gŽs,52357012,110,163,
–k”d’O”g,’O”gŽs,52357018,116,171,
–k”d’O”g,’O”gŽs,52357019,122,180,
–k”d’O”g,’O”gŽs,52357020,115,170,
–k”d’O”g,’O”gŽs,52357030,115,|,
–k”d’O”g,’O”gŽs,52357100,128,189,
–k”d’O”g,’O”gŽs,52357101,128,|,
–k”d’O”g,’O”gŽs,52357102,126,186,
–k”d’O”g,’O”gŽs,52357110,128,|,
–k”d’O”g,’O”gŽs,52357111,128,189,
–k”d’O”g,‘½‰Â’¬,52343689,102,151,
–k”d’O”g,‘½‰Â’¬,52343699,94,139,
–k”d’O”g,‘½‰Â’¬,52343780,107,158,
–k”d’O”g,‘½‰Â’¬,52343781,108,159,
–k”d’O”g,‘½‰Â’¬,52343782,117,173,
–k”d’O”g,‘½‰Â’¬,52343783,108,159,
–k”d’O”g,‘½‰Â’¬,52343790,103,152,
–k”d’O”g,‘½‰Â’¬,52343791,108,160,
–k”d’O”g,‘½‰Â’¬,52343792,118,174,
–k”d’O”g,‘½‰Â’¬,52343793,114,168,
–k”d’O”g,‘½‰Â’¬,52344609,102,151,
–k”d’O”g,‘½‰Â’¬,52344618,111,164,
–k”d’O”g,‘½‰Â’¬,52344619,106,157,
–k”d’O”g,‘½‰Â’¬,52344628,98,145,
–k”d’O”g,‘½‰Â’¬,52344629,103,152,
–k”d’O”g,‘½‰Â’¬,52344637,112,165,
–k”d’O”g,‘½‰Â’¬,52344638,117,173,
–k”d’O”g,‘½‰Â’¬,52344639,117,173,
–k”d’O”g,‘½‰Â’¬,52344647,108,160,
–k”d’O”g,‘½‰Â’¬,52344648,112,166,
–k”d’O”g,‘½‰Â’¬,52344649,118,174,
–k”d’O”g,‘½‰Â’¬,52344658,129,|,
–k”d’O”g,‘½‰Â’¬,52344659,114,168,
–k”d’O”g,‘½‰Â’¬,52344667,110,162,
–k”d’O”g,‘½‰Â’¬,52344668,120,177,
–k”d’O”g,‘½‰Â’¬,52344669,120,177,
–k”d’O”g,‘½‰Â’¬,52344677,111,164,
–k”d’O”g,‘½‰Â’¬,52344678,116,171,
–k”d’O”g,‘½‰Â’¬,52344679,121,178,
–k”d’O”g,‘½‰Â’¬,52344687,116,172,
–k”d’O”g,‘½‰Â’¬,52344688,112,166,
–k”d’O”g,‘½‰Â’¬,52344689,117,173,
–k”d’O”g,‘½‰Â’¬,52344698,112,166,
–k”d’O”g,‘½‰Â’¬,52344699,117,173,
–k”d’O”g,‘½‰Â’¬,52344700,95,140,
–k”d’O”g,‘½‰Â’¬,52344701,104,154,
–k”d’O”g,‘½‰Â’¬,52344702,114,169,
–k”d’O”g,‘½‰Â’¬,52344703,118,174,
–k”d’O”g,‘½‰Â’¬,52344710,108,159,
–k”d’O”g,‘½‰Â’¬,52344711,108,160,
–k”d’O”g,‘½‰Â’¬,52344712,108,160,
–k”d’O”g,‘½‰Â’¬,52344713,108,160,
–k”d’O”g,‘½‰Â’¬,52344714,112,166,
–k”d’O”g,‘½‰Â’¬,52344720,103,152,
–k”d’O”g,‘½‰Â’¬,52344721,104,153,
–k”d’O”g,‘½‰Â’¬,52344722,104,153,
–k”d’O”g,‘½‰Â’¬,52344723,103,152,
–k”d’O”g,‘½‰Â’¬,52344724,112,|,
–k”d’O”g,‘½‰Â’¬,52344730,117,173,
–k”d’O”g,‘½‰Â’¬,52344731,95,140,
–k”d’O”g,‘½‰Â’¬,52344732,95,140,
–k”d’O”g,‘½‰Â’¬,52344733,99,146,
–k”d’O”g,‘½‰Â’¬,52344734,108,159,
–k”d’O”g,‘½‰Â’¬,52344735,107,158,
–k”d’O”g,‘½‰Â’¬,52344740,118,174,
–k”d’O”g,‘½‰Â’¬,52344741,117,173,
–k”d’O”g,‘½‰Â’¬,52344742,95,141,
–k”d’O”g,‘½‰Â’¬,52344743,99,147,
–k”d’O”g,‘½‰Â’¬,52344744,114,|,
–k”d’O”g,‘½‰Â’¬,52344745,104,153,
–k”d’O”g,‘½‰Â’¬,52344746,107,158,
–k”d’O”g,‘½‰Â’¬,52344750,114,168,
–k”d’O”g,‘½‰Â’¬,52344751,95,141,
–k”d’O”g,‘½‰Â’¬,52344752,100,148,
–k”d’O”g,‘½‰Â’¬,52344753,97,143,
–k”d’O”g,‘½‰Â’¬,52344754,114,169,
–k”d’O”g,‘½‰Â’¬,52344755,114,168,
–k”d’O”g,‘½‰Â’¬,52344756,112,166,
–k”d’O”g,‘½‰Â’¬,52344757,102,151,
–k”d’O”g,‘½‰Â’¬,52344760,114,169,
–k”d’O”g,‘½‰Â’¬,52344761,101,149,
–k”d’O”g,‘½‰Â’¬,52344762,119,175,
–k”d’O”g,‘½‰Â’¬,52344763,119,175,
–k”d’O”g,‘½‰Â’¬,52344764,114,169,
–k”d’O”g,‘½‰Â’¬,52344765,119,175,
–k”d’O”g,‘½‰Â’¬,52344766,119,|,
–k”d’O”g,‘½‰Â’¬,52344770,93,138,
–k”d’O”g,‘½‰Â’¬,52344771,93,138,
–k”d’O”g,‘½‰Â’¬,52344772,105,155,
–k”d’O”g,‘½‰Â’¬,52344773,119,175,
–k”d’O”g,‘½‰Â’¬,52344774,114,168,
–k”d’O”g,‘½‰Â’¬,52344775,118,174,
–k”d’O”g,‘½‰Â’¬,52344776,119,|,
–k”d’O”g,‘½‰Â’¬,52344777,119,|,
–k”d’O”g,‘½‰Â’¬,52344780,95,140,
–k”d’O”g,‘½‰Â’¬,52344781,97,144,
–k”d’O”g,‘½‰Â’¬,52344782,119,|,
–k”d’O”g,‘½‰Â’¬,52344783,118,174,
–k”d’O”g,‘½‰Â’¬,52344784,112,166,
–k”d’O”g,‘½‰Â’¬,52344785,112,166,
–k”d’O”g,‘½‰Â’¬,52344790,99,146,
–k”d’O”g,‘½‰Â’¬,52344791,94,139,
–k”d’O”g,‘½‰Â’¬,52344792,93,138,
–k”d’O”g,‘½‰Â’¬,52344793,113,167,
–k”d’O”g,‘½‰Â’¬,52344794,108,160,
–k”d’O”g,‘½‰Â’¬,52344795,118,174,
–k”d’O”g,‘½‰Â’¬,52345608,114,169,
–k”d’O”g,‘½‰Â’¬,52345609,118,174,
–k”d’O”g,‘½‰Â’¬,52345618,114,169,
–k”d’O”g,‘½‰Â’¬,52345619,114,169,
–k”d’O”g,‘½‰Â’¬,52345628,119,176,
–k”d’O”g,‘½‰Â’¬,52345629,114,168,
–k”d’O”g,‘½‰Â’¬,52345638,121,178,
–k”d’O”g,‘½‰Â’¬,52345639,119,176,
–k”d’O”g,‘½‰Â’¬,52345649,116,171,
–k”d’O”g,‘½‰Â’¬,52345700,104,153,
–k”d’O”g,‘½‰Â’¬,52345701,94,139,
–k”d’O”g,‘½‰Â’¬,52345702,93,138,
–k”d’O”g,‘½‰Â’¬,52345703,114,169,
–k”d’O”g,‘½‰Â’¬,52345704,113,167,
–k”d’O”g,‘½‰Â’¬,52345705,114,168,
–k”d’O”g,‘½‰Â’¬,52345710,112,166,
–k”d’O”g,‘½‰Â’¬,52345711,111,164,
–k”d’O”g,‘½‰Â’¬,52345712,97,144,
–k”d’O”g,‘½‰Â’¬,52345713,93,138,
–k”d’O”g,‘½‰Â’¬,52345714,121,|,
–k”d’O”g,‘½‰Â’¬,52345720,119,175,
–k”d’O”g,‘½‰Â’¬,52345721,117,173,
–k”d’O”g,‘½‰Â’¬,52345722,116,171,
–k”d’O”g,‘½‰Â’¬,52345723,121,178,
–k”d’O”g,‘½‰Â’¬,52345724,114,169,
–k”d’O”g,‘½‰Â’¬,52345730,109,161,
–k”d’O”g,‘½‰Â’¬,52345731,117,173,
–k”d’O”g,‘½‰Â’¬,52345732,116,172,
–k”d’O”g,‘½‰Â’¬,52345733,121,178,
–k”d’O”g,‘½‰Â’¬,52345734,116,171,
–k”d’O”g,‘½‰Â’¬,52345740,114,168,
–k”d’O”g,‘½‰Â’¬,52345741,112,166,
–k”d’O”g,‘½‰Â’¬,52345742,117,173,
–k”d’O”g,‘½‰Â’¬,52345743,117,173,
–k”d’O”g,‘½‰Â’¬,52345744,117,173,
–k”d’O”g,‘½‰Â’¬,52345750,111,164,
–k”d’O”g,‘½‰Â’¬,52345751,115,170,
–k”d’O”g,‘½‰Â’¬,52345752,115,170,
–k”d’O”g,‘½‰Â’¬,52345753,115,170,
–k”d’O”g,‘½‰Â’¬,52345754,121,178,
–k”d’O”g,‘½‰Â’¬,52345760,116,172,
–k”d’O”g,‘½‰Â’¬,52345761,117,173,
–k”d’O”g,‘½‰Â’¬,52345762,117,173,
–k”d’O”g,‘½‰Â’¬,52345763,118,174,
–k”d’O”g,‘½‰Â’¬,52345764,122,180,
–k”d’O”g,‘½‰Â’¬,52345765,112,165,
–k”d’O”g,‘½‰Â’¬,52345771,119,175,
–k”d’O”g,‘½‰Â’¬,52345772,119,176,
–k”d’O”g,‘½‰Â’¬,52345773,119,175,
–k”d’O”g,‘½‰Â’¬,52345774,122,180,
–k”d’O”g,‘½‰Â’¬,52345775,112,165,
–k”d’O”g,‘½‰Â’¬,52345776,110,163,
–k”d’O”g,‘½‰Â’¬,52345782,129,191,
–k”d’O”g,‘½‰Â’¬,52345783,128,189,
–k”d’O”g,‘½‰Â’¬,52345784,126,186,
–k”d’O”g,‘½‰Â’¬,52345785,111,164,
–k”d’O”g,‘½‰Â’¬,52345792,129,191,
–k”d’O”g,‘½‰Â’¬,52345793,128,189,
–k”d’O”g,‘½‰Â’¬,52345794,121,178,
–k”d’O”g,‘½‰Â’¬,52345795,110,162,
–k”d’O”g,‘½‰Â’¬,52346702,127,187,
–k”d’O”g,‘½‰Â’¬,52346703,126,186,
–k”d’O”g,‘½‰Â’¬,52346704,121,178,
–k”d’O”g,‘½‰Â’¬,52346705,115,170,
–k”d’O”g,‘½‰Â’¬,52346712,157,|,
–k”d’O”g,‘½‰Â’¬,52346713,157,|,
–k”d’O”g,‘½‰Â’¬,52346714,126,186,
–k”d’O”g,‘½‰Â’¬,52346715,121,178,
–k”d’O”g,‘½‰Â’¬,52346723,157,|,
–k”d’O”g,‘½‰Â’¬,52346724,125,184,
–k”d’O”g,‘½‰Â’¬,52346725,119,176,
–k”d’O”g,‘½‰Â’¬,52346732,157,|,
–k”d’O”g,‘½‰Â’¬,52346733,123,182,
–k”d’O”g,‘½‰Â’¬,52346734,125,184,
–k”d’O”g,‘½‰Â’¬,52346735,114,169,
–k”d’O”g,‘½‰Â’¬,52346743,112,166,
–k”d’O”g,‘½‰Â’¬,52346744,114,168,
–k”d’O”g,‘½‰Â’¬,52346745,114,169,
–k”d’O”g,‘½‰Â’¬,52346754,112,166,
–k”d’O”g,‘½‰Â’¬,52346755,114,169,
”d––k¼•”,Ž³ˆ¾Žs,52343454,110,144,
”d––k¼•”,Ž³ˆ¾Žs,52343455,112,146,
”d––k¼•”,Ž³ˆ¾Žs,52343464,111,145,
”d––k¼•”,Ž³ˆ¾Žs,52343471,116,151,
”d––k¼•”,Ž³ˆ¾Žs,52343472,111,145,
”d––k¼•”,Ž³ˆ¾Žs,52343473,107,139,
”d––k¼•”,Ž³ˆ¾Žs,52343474,107,139,
”d––k¼•”,Ž³ˆ¾Žs,52343481,117,152,
”d––k¼•”,Ž³ˆ¾Žs,52343482,117,153,
”d––k¼•”,Ž³ˆ¾Žs,52343483,117,153,
”d––k¼•”,Ž³ˆ¾Žs,52343484,117,153,
”d––k¼•”,Ž³ˆ¾Žs,52343485,113,147,
”d––k¼•”,Ž³ˆ¾Žs,52343491,117,153,
”d––k¼•”,Ž³ˆ¾Žs,52343492,122,159,
”d––k¼•”,Ž³ˆ¾Žs,52343493,130,|,
”d––k¼•”,Ž³ˆ¾Žs,52343494,124,162,
”d––k¼•”,Ž³ˆ¾Žs,52343495,124,162,
”d––k¼•”,Ž³ˆ¾Žs,52343496,113,147,
”d––k¼•”,Ž³ˆ¾Žs,52344309,119,|,
”d––k¼•”,Ž³ˆ¾Žs,52344319,119,155,
”d––k¼•”,Ž³ˆ¾Žs,52344328,118,154,
”d––k¼•”,Ž³ˆ¾Žs,52344329,119,155,
”d––k¼•”,Ž³ˆ¾Žs,52344338,120,156,
”d––k¼•”,Ž³ˆ¾Žs,52344339,120,156,
”d––k¼•”,Ž³ˆ¾Žs,52344345,120,157,
”d––k¼•”,Ž³ˆ¾Žs,52344346,120,157,
”d––k¼•”,Ž³ˆ¾Žs,52344347,120,156,
”d––k¼•”,Ž³ˆ¾Žs,52344348,120,156,
”d––k¼•”,Ž³ˆ¾Žs,52344349,120,156,
”d––k¼•”,Ž³ˆ¾Žs,52344355,127,165,
”d––k¼•”,Ž³ˆ¾Žs,52344356,121,158,
”d––k¼•”,Ž³ˆ¾Žs,52344357,120,157,
”d––k¼•”,Ž³ˆ¾Žs,52344358,120,156,
”d––k¼•”,Ž³ˆ¾Žs,52344359,120,156,
”d––k¼•”,Ž³ˆ¾Žs,52344365,138,180,
”d––k¼•”,Ž³ˆ¾Žs,52344366,137,179,
”d––k¼•”,Ž³ˆ¾Žs,52344367,137,179,
”d––k¼•”,Ž³ˆ¾Žs,52344368,137,179,
”d––k¼•”,Ž³ˆ¾Žs,52344369,137,179,
”d––k¼•”,Ž³ˆ¾Žs,52344375,139,181,
”d––k¼•”,Ž³ˆ¾Žs,52344376,138,180,
”d––k¼•”,Ž³ˆ¾Žs,52344377,140,|,
”d––k¼•”,Ž³ˆ¾Žs,52344378,139,181,
”d––k¼•”,Ž³ˆ¾Žs,52344379,139,181,
”d––k¼•”,Ž³ˆ¾Žs,52344385,139,181,
”d––k¼•”,Ž³ˆ¾Žs,52344386,139,181,
”d––k¼•”,Ž³ˆ¾Žs,52344387,140,|,
”d––k¼•”,Ž³ˆ¾Žs,52344388,139,181,
”d––k¼•”,Ž³ˆ¾Žs,52344389,140,183,
”d––k¼•”,Ž³ˆ¾Žs,52344395,138,180,
”d––k¼•”,Ž³ˆ¾Žs,52344396,139,181,
”d––k¼•”,Ž³ˆ¾Žs,52344397,139,181,
”d––k¼•”,Ž³ˆ¾Žs,52344398,140,|,
”d––k¼•”,Ž³ˆ¾Žs,52344399,140,182,
”d––k¼•”,Ž³ˆ¾Žs,52344400,113,147,
”d––k¼•”,Ž³ˆ¾Žs,52344401,117,153,
”d––k¼•”,Ž³ˆ¾Žs,52344402,124,162,
”d––k¼•”,Ž³ˆ¾Žs,52344403,130,170,
”d––k¼•”,Ž³ˆ¾Žs,52344404,125,163,
”d––k¼•”,Ž³ˆ¾Žs,52344405,124,162,
”d––k¼•”,Ž³ˆ¾Žs,52344406,118,154,
”d––k¼•”,Ž³ˆ¾Žs,52344410,113,147,
”d––k¼•”,Ž³ˆ¾Žs,52344411,118,154,
”d––k¼•”,Ž³ˆ¾Žs,52344412,126,164,
”d––k¼•”,Ž³ˆ¾Žs,52344413,131,171,
”d––k¼•”,Ž³ˆ¾Žs,52344414,125,163,
”d––k¼•”,Ž³ˆ¾Žs,52344415,119,155,
”d––k¼•”,Ž³ˆ¾Žs,52344416,118,154,
”d––k¼•”,Ž³ˆ¾Žs,52344420,113,147,
”d––k¼•”,Ž³ˆ¾Žs,52344421,120,156,
”d––k¼•”,Ž³ˆ¾Žs,52344422,126,164,
”d––k¼•”,Ž³ˆ¾Žs,52344423,131,171,
”d––k¼•”,Ž³ˆ¾Žs,52344424,130,169,
”d––k¼•”,Ž³ˆ¾Žs,52344425,120,156,
”d––k¼•”,Ž³ˆ¾Žs,52344426,120,156,
”d––k¼•”,Ž³ˆ¾Žs,52344430,109,142,
”d––k¼•”,Ž³ˆ¾Žs,52344431,115,150,
”d––k¼•”,Ž³ˆ¾Žs,52344432,120,156,
”d––k¼•”,Ž³ˆ¾Žs,52344433,125,163,
”d––k¼•”,Ž³ˆ¾Žs,52344434,125,163,
”d––k¼•”,Ž³ˆ¾Žs,52344435,124,162,
”d––k¼•”,Ž³ˆ¾Žs,52344436,124,162,
”d––k¼•”,Ž³ˆ¾Žs,52344440,115,150,
”d––k¼•”,Ž³ˆ¾Žs,52344441,110,144,
”d––k¼•”,Ž³ˆ¾Žs,52344442,115,150,
”d––k¼•”,Ž³ˆ¾Žs,52344443,120,156,
”d––k¼•”,Ž³ˆ¾Žs,52344444,125,163,
”d––k¼•”,Ž³ˆ¾Žs,52344445,125,163,
”d––k¼•”,Ž³ˆ¾Žs,52344446,126,164,
”d––k¼•”,Ž³ˆ¾Žs,52344450,115,150,
”d––k¼•”,Ž³ˆ¾Žs,52344451,110,144,
”d––k¼•”,Ž³ˆ¾Žs,52344452,115,150,
”d––k¼•”,Ž³ˆ¾Žs,52344453,120,156,
”d––k¼•”,Ž³ˆ¾Žs,52344454,125,163,
”d––k¼•”,Ž³ˆ¾Žs,52344455,126,164,
”d––k¼•”,Ž³ˆ¾Žs,52344456,127,165,
”d––k¼•”,Ž³ˆ¾Žs,52344460,127,165,
”d––k¼•”,Ž³ˆ¾Žs,52344461,127,165,
”d––k¼•”,Ž³ˆ¾Žs,52344462,127,165,
”d––k¼•”,Ž³ˆ¾Žs,52344463,125,163,
”d––k¼•”,Ž³ˆ¾Žs,52344464,125,163,
”d––k¼•”,Ž³ˆ¾Žs,52344465,130,170,
”d––k¼•”,Ž³ˆ¾Žs,52344466,133,173,
”d––k¼•”,Ž³ˆ¾Žs,52344467,129,168,
”d––k¼•”,Ž³ˆ¾Žs,52344470,128,167,
”d––k¼•”,Ž³ˆ¾Žs,52344471,127,165,
”d––k¼•”,Ž³ˆ¾Žs,52344472,127,165,
”d––k¼•”,Ž³ˆ¾Žs,52344473,121,158,
”d––k¼•”,Ž³ˆ¾Žs,52344474,126,164,
”d––k¼•”,Ž³ˆ¾Žs,52344475,131,171,
”d––k¼•”,Ž³ˆ¾Žs,52344476,143,187,
”d––k¼•”,Ž³ˆ¾Žs,52344477,143,|,
”d––k¼•”,Ž³ˆ¾Žs,52344478,135,176,
”d––k¼•”,Ž³ˆ¾Žs,52344480,129,168,
”d––k¼•”,Ž³ˆ¾Žs,52344481,128,167,
”d––k¼•”,Ž³ˆ¾Žs,52344482,127,165,
”d––k¼•”,Ž³ˆ¾Žs,52344483,139,|,
”d––k¼•”,Ž³ˆ¾Žs,52344484,127,166,
”d––k¼•”,Ž³ˆ¾Žs,52344485,133,173,
”d––k¼•”,Ž³ˆ¾Žs,52344486,138,180,
”d––k¼•”,Ž³ˆ¾Žs,52344487,133,174,
”d––k¼•”,Ž³ˆ¾Žs,52344488,133,174,
”d––k¼•”,Ž³ˆ¾Žs,52344490,133,174,
”d––k¼•”,Ž³ˆ¾Žs,52344491,128,167,
”d––k¼•”,Ž³ˆ¾Žs,52344492,139,|,
”d––k¼•”,Ž³ˆ¾Žs,52344493,139,|,
”d––k¼•”,Ž³ˆ¾Žs,52344494,139,|,
”d––k¼•”,Ž³ˆ¾Žs,52344495,139,|,
”d––k¼•”,Ž³ˆ¾Žs,52344496,133,174,
”d––k¼•”,Ž³ˆ¾Žs,52344497,133,174,
”d––k¼•”,Ž³ˆ¾Žs,52344498,133,174,
”d––k¼•”,Ž³ˆ¾Žs,52345305,132,172,
”d––k¼•”,Ž³ˆ¾Žs,52345306,133,174,
”d––k¼•”,Ž³ˆ¾Žs,52345307,139,181,
”d––k¼•”,Ž³ˆ¾Žs,52345308,139,181,
”d––k¼•”,Ž³ˆ¾Žs,52345309,140,182,
”d––k¼•”,Ž³ˆ¾Žs,52345315,138,180,
”d––k¼•”,Ž³ˆ¾Žs,52345316,139,181,
”d––k¼•”,Ž³ˆ¾Žs,52345317,139,181,
”d––k¼•”,Ž³ˆ¾Žs,52345318,140,182,
”d––k¼•”,Ž³ˆ¾Žs,52345319,139,181,
”d––k¼•”,Ž³ˆ¾Žs,52345326,133,174,
”d––k¼•”,Ž³ˆ¾Žs,52345327,133,174,
”d––k¼•”,Ž³ˆ¾Žs,52345328,133,174,
”d––k¼•”,Ž³ˆ¾Žs,52345329,135,176,
”d––k¼•”,Ž³ˆ¾Žs,52345335,145,189,
”d––k¼•”,Ž³ˆ¾Žs,52345336,133,174,
”d––k¼•”,Ž³ˆ¾Žs,52345337,134,175,
”d––k¼•”,Ž³ˆ¾Žs,52345338,135,176,
”d––k¼•”,Ž³ˆ¾Žs,52345339,136,177,
”d––k¼•”,Ž³ˆ¾Žs,52345344,134,175,
”d––k¼•”,Ž³ˆ¾Žs,52345345,133,174,
”d––k¼•”,Ž³ˆ¾Žs,52345346,135,176,
”d––k¼•”,Ž³ˆ¾Žs,52345347,135,176,
”d––k¼•”,Ž³ˆ¾Žs,52345348,136,177,
”d––k¼•”,Ž³ˆ¾Žs,52345349,136,177,
”d––k¼•”,Ž³ˆ¾Žs,52345353,136,|,
”d––k¼•”,Ž³ˆ¾Žs,52345354,134,175,
”d––k¼•”,Ž³ˆ¾Žs,52345355,135,176,
”d––k¼•”,Ž³ˆ¾Žs,52345356,136,177,
”d––k¼•”,Ž³ˆ¾Žs,52345357,136,177,
”d––k¼•”,Ž³ˆ¾Žs,52345358,135,176,
”d––k¼•”,Ž³ˆ¾Žs,52345359,136,177,
”d––k¼•”,Ž³ˆ¾Žs,52345363,134,175,
”d––k¼•”,Ž³ˆ¾Žs,52345364,136,177,
”d––k¼•”,Ž³ˆ¾Žs,52345365,136,177,
”d––k¼•”,Ž³ˆ¾Žs,52345366,137,179,
”d––k¼•”,Ž³ˆ¾Žs,52345367,137,179,
”d––k¼•”,Ž³ˆ¾Žs,52345368,137,178,
”d––k¼•”,Ž³ˆ¾Žs,52345369,137,178,
”d––k¼•”,Ž³ˆ¾Žs,52345373,135,176,
”d––k¼•”,Ž³ˆ¾Žs,52345374,137,178,
”d––k¼•”,Ž³ˆ¾Žs,52345375,138,180,
”d––k¼•”,Ž³ˆ¾Žs,52345376,138,180,
”d––k¼•”,Ž³ˆ¾Žs,52345377,137,179,
”d––k¼•”,Ž³ˆ¾Žs,52345378,137,178,
”d––k¼•”,Ž³ˆ¾Žs,52345379,138,180,
”d––k¼•”,Ž³ˆ¾Žs,52345383,124,162,
”d––k¼•”,Ž³ˆ¾Žs,52345384,143,187,
”d––k¼•”,Ž³ˆ¾Žs,52345385,152,198,
”d––k¼•”,Ž³ˆ¾Žs,52345386,144,188,
”d––k¼•”,Ž³ˆ¾Žs,52345387,137,179,
”d––k¼•”,Ž³ˆ¾Žs,52345388,133,173,
”d––k¼•”,Ž³ˆ¾Žs,52345389,133,174,
”d––k¼•”,Ž³ˆ¾Žs,52345393,131,171,
”d––k¼•”,Ž³ˆ¾Žs,52345394,138,180,
”d––k¼•”,Ž³ˆ¾Žs,52345395,145,189,
”d––k¼•”,Ž³ˆ¾Žs,52345396,144,188,
”d––k¼•”,Ž³ˆ¾Žs,52345397,138,180,
”d––k¼•”,Ž³ˆ¾Žs,52345398,139,181,
”d––k¼•”,Ž³ˆ¾Žs,52345399,134,175,
”d––k¼•”,Ž³ˆ¾Žs,52345400,128,167,
”d––k¼•”,Ž³ˆ¾Žs,52345401,128,167,
”d––k¼•”,Ž³ˆ¾Žs,52345402,139,|,
”d––k¼•”,Ž³ˆ¾Žs,52345403,139,|,
”d––k¼•”,Ž³ˆ¾Žs,52345404,139,|,
”d––k¼•”,Ž³ˆ¾Žs,52345405,139,|,
”d––k¼•”,Ž³ˆ¾Žs,52345406,137,179,
”d––k¼•”,Ž³ˆ¾Žs,52345407,131,171,
”d––k¼•”,Ž³ˆ¾Žs,52345408,130,169,
”d––k¼•”,Ž³ˆ¾Žs,52345409,130,169,
”d––k¼•”,Ž³ˆ¾Žs,52345410,128,167,
”d––k¼•”,Ž³ˆ¾Žs,52345411,129,168,
”d––k¼•”,Ž³ˆ¾Žs,52345412,139,|,
”d––k¼•”,Ž³ˆ¾Žs,52345413,139,|,
”d––k¼•”,Ž³ˆ¾Žs,52345414,136,177,
”d––k¼•”,Ž³ˆ¾Žs,52345415,138,180,
”d––k¼•”,Ž³ˆ¾Žs,52345416,139,181,
”d––k¼•”,Ž³ˆ¾Žs,52345417,138,180,
”d––k¼•”,Ž³ˆ¾Žs,52345418,141,|,
”d––k¼•”,Ž³ˆ¾Žs,52345419,141,|,
”d––k¼•”,Ž³ˆ¾Žs,52345420,129,168,
”d––k¼•”,Ž³ˆ¾Žs,52345421,129,168,
”d––k¼•”,Ž³ˆ¾Žs,52345422,139,|,
”d––k¼•”,Ž³ˆ¾Žs,52345423,130,170,
”d––k¼•”,Ž³ˆ¾Žs,52345424,131,171,
”d––k¼•”,Ž³ˆ¾Žs,52345425,127,166,
”d––k¼•”,Ž³ˆ¾Žs,52345426,138,180,
”d––k¼•”,Ž³ˆ¾Žs,52345427,137,178,
”d––k¼•”,Ž³ˆ¾Žs,52345428,136,177,
”d––k¼•”,Ž³ˆ¾Žs,52345429,141,|,
”d––k¼•”,Ž³ˆ¾Žs,52345430,130,169,
”d––k¼•”,Ž³ˆ¾Žs,52345431,130,169,
”d––k¼•”,Ž³ˆ¾Žs,52345432,130,170,
”d––k¼•”,Ž³ˆ¾Žs,52345433,131,171,
”d––k¼•”,Ž³ˆ¾Žs,52345434,131,171,
”d––k¼•”,Ž³ˆ¾Žs,52345435,121,158,
”d––k¼•”,Ž³ˆ¾Žs,52345436,137,178,
”d––k¼•”,Ž³ˆ¾Žs,52345437,130,170,
”d––k¼•”,Ž³ˆ¾Žs,52345438,135,176,
”d––k¼•”,Ž³ˆ¾Žs,52345439,140,183,
”d––k¼•”,Ž³ˆ¾Žs,52345440,131,171,
”d––k¼•”,Ž³ˆ¾Žs,52345441,131,171,
”d––k¼•”,Ž³ˆ¾Žs,52345442,131,171,
”d––k¼•”,Ž³ˆ¾Žs,52345443,131,171,
”d––k¼•”,Ž³ˆ¾Žs,52345444,131,171,
”d––k¼•”,Ž³ˆ¾Žs,52345445,130,170,
”d––k¼•”,Ž³ˆ¾Žs,52345446,129,168,
”d––k¼•”,Ž³ˆ¾Žs,52345447,129,168,
”d––k¼•”,Ž³ˆ¾Žs,52345448,130,169,
”d––k¼•”,Ž³ˆ¾Žs,52345449,134,175,
”d––k¼•”,Ž³ˆ¾Žs,52345450,137,|,
”d––k¼•”,Ž³ˆ¾Žs,52345451,132,172,
”d––k¼•”,Ž³ˆ¾Žs,52345452,131,171,
”d––k¼•”,Ž³ˆ¾Žs,52345453,132,172,
”d––k¼•”,Ž³ˆ¾Žs,52345454,131,171,
”d––k¼•”,Ž³ˆ¾Žs,52345455,130,169,
”d––k¼•”,Ž³ˆ¾Žs,52345456,129,168,
”d––k¼•”,Ž³ˆ¾Žs,52345457,129,168,
”d––k¼•”,Ž³ˆ¾Žs,52345458,140,182,
”d––k¼•”,Ž³ˆ¾Žs,52345459,146,190,
”d––k¼•”,Ž³ˆ¾Žs,52345460,131,171,
”d––k¼•”,Ž³ˆ¾Žs,52345461,122,159,
”d––k¼•”,Ž³ˆ¾Žs,52345462,132,172,
”d––k¼•”,Ž³ˆ¾Žs,52345463,131,171,
”d––k¼•”,Ž³ˆ¾Žs,52345464,121,158,
”d––k¼•”,Ž³ˆ¾Žs,52345465,126,164,
”d––k¼•”,Ž³ˆ¾Žs,52345466,129,168,
”d––k¼•”,Ž³ˆ¾Žs,52345467,129,168,
”d––k¼•”,Ž³ˆ¾Žs,52345468,133,174,
”d––k¼•”,Ž³ˆ¾Žs,52345469,129,168,
”d––k¼•”,Ž³ˆ¾Žs,52345470,133,173,
”d––k¼•”,Ž³ˆ¾Žs,52345471,132,172,
”d––k¼•”,Ž³ˆ¾Žs,52345472,133,173,
”d––k¼•”,Ž³ˆ¾Žs,52345473,131,171,
”d––k¼•”,Ž³ˆ¾Žs,52345474,131,171,
”d––k¼•”,Ž³ˆ¾Žs,52345475,131,171,
”d––k¼•”,Ž³ˆ¾Žs,52345476,131,171,
”d––k¼•”,Ž³ˆ¾Žs,52345477,130,169,
”d––k¼•”,Ž³ˆ¾Žs,52345478,129,168,
”d––k¼•”,Ž³ˆ¾Žs,52345479,129,168,
”d––k¼•”,Ž³ˆ¾Žs,52345480,145,189,
”d––k¼•”,Ž³ˆ¾Žs,52345481,144,188,
”d––k¼•”,Ž³ˆ¾Žs,52345482,144,188,
”d––k¼•”,Ž³ˆ¾Žs,52345483,144,188,
”d––k¼•”,Ž³ˆ¾Žs,52345484,143,187,
”d––k¼•”,Ž³ˆ¾Žs,52345485,143,187,
”d––k¼•”,Ž³ˆ¾Žs,52345486,143,186,
”d––k¼•”,Ž³ˆ¾Žs,52345487,143,186,
”d––k¼•”,Ž³ˆ¾Žs,52345488,142,185,
”d––k¼•”,Ž³ˆ¾Žs,52345489,141,184,
”d––k¼•”,Ž³ˆ¾Žs,52345490,146,190,
”d––k¼•”,Ž³ˆ¾Žs,52345491,146,190,
”d––k¼•”,Ž³ˆ¾Žs,52345492,145,189,
”d––k¼•”,Ž³ˆ¾Žs,52345493,138,180,
”d––k¼•”,Ž³ˆ¾Žs,52345494,143,187,
”d––k¼•”,Ž³ˆ¾Žs,52345495,144,188,
”d––k¼•”,Ž³ˆ¾Žs,52345496,143,187,
”d––k¼•”,Ž³ˆ¾Žs,52345497,143,187,
”d––k¼•”,Ž³ˆ¾Žs,52345498,143,187,
”d––k¼•”,Ž³ˆ¾Žs,52345499,143,186,
”d––k¼•”,Ž³ˆ¾Žs,52345500,141,|,
”d––k¼•”,Ž³ˆ¾Žs,52345502,149,|,
”d––k¼•”,Ž³ˆ¾Žs,52345510,141,|,
”d––k¼•”,Ž³ˆ¾Žs,52345511,136,177,
”d––k¼•”,Ž³ˆ¾Žs,52345512,138,180,
”d––k¼•”,Ž³ˆ¾Žs,52345520,141,184,
”d––k¼•”,Ž³ˆ¾Žs,52345521,136,177,
”d––k¼•”,Ž³ˆ¾Žs,52345522,139,181,
”d––k¼•”,Ž³ˆ¾Žs,52345530,135,176,
”d––k¼•”,Ž³ˆ¾Žs,52345531,137,179,
”d––k¼•”,Ž³ˆ¾Žs,52345532,143,186,
”d––k¼•”,Ž³ˆ¾Žs,52345540,136,177,
”d––k¼•”,Ž³ˆ¾Žs,52345541,161,|,
”d––k¼•”,Ž³ˆ¾Žs,52345542,145,189,
”d––k¼•”,Ž³ˆ¾Žs,52345550,135,176,
”d––k¼•”,Ž³ˆ¾Žs,52345551,161,|,
”d––k¼•”,Ž³ˆ¾Žs,52345552,143,187,
”d––k¼•”,Ž³ˆ¾Žs,52345560,136,177,
”d––k¼•”,Ž³ˆ¾Žs,52345561,136,177,
”d––k¼•”,Ž³ˆ¾Žs,52345562,161,|,
”d––k¼•”,Ž³ˆ¾Žs,52345570,136,177,
”d––k¼•”,Ž³ˆ¾Žs,52345571,137,179,
”d––k¼•”,Ž³ˆ¾Žs,52345572,138,180,
”d––k¼•”,Ž³ˆ¾Žs,52345580,143,186,
”d––k¼•”,Ž³ˆ¾Žs,52345581,127,165,
”d––k¼•”,Ž³ˆ¾Žs,52345582,127,166,
”d––k¼•”,Ž³ˆ¾Žs,52345583,138,180,
”d––k¼•”,Ž³ˆ¾Žs,52345590,143,186,
”d––k¼•”,Ž³ˆ¾Žs,52345591,143,187,
”d––k¼•”,Ž³ˆ¾Žs,52345592,139,181,
”d––k¼•”,Ž³ˆ¾Žs,52345593,146,190,
”d––k¼•”,Ž³ˆ¾Žs,52346303,139,|,
”d––k¼•”,Ž³ˆ¾Žs,52346304,132,172,
”d––k¼•”,Ž³ˆ¾Žs,52346305,138,180,
”d––k¼•”,Ž³ˆ¾Žs,52346306,139,181,
”d––k¼•”,Ž³ˆ¾Žs,52346307,140,182,
”d––k¼•”,Ž³ˆ¾Žs,52346308,147,192,
”d––k¼•”,Ž³ˆ¾Žs,52346309,136,177,
”d––k¼•”,Ž³ˆ¾Žs,52346313,139,|,
”d––k¼•”,Ž³ˆ¾Žs,52346314,139,|,
”d––k¼•”,Ž³ˆ¾Žs,52346315,133,173,
”d––k¼•”,Ž³ˆ¾Žs,52346316,133,174,
”d––k¼•”,Ž³ˆ¾Žs,52346317,140,183,
”d––k¼•”,Ž³ˆ¾Žs,52346318,147,192,
”d––k¼•”,Ž³ˆ¾Žs,52346319,142,185,
”d––k¼•”,Ž³ˆ¾Žs,52346322,138,180,
”d––k¼•”,Ž³ˆ¾Žs,52346323,133,173,
”d––k¼•”,Ž³ˆ¾Žs,52346324,139,|,
”d––k¼•”,Ž³ˆ¾Žs,52346325,139,|,
”d––k¼•”,Ž³ˆ¾Žs,52346326,133,174,
”d––k¼•”,Ž³ˆ¾Žs,52346327,147,|,
”d––k¼•”,Ž³ˆ¾Žs,52346328,147,192,
”d––k¼•”,Ž³ˆ¾Žs,52346329,142,185,
”d––k¼•”,Ž³ˆ¾Žs,52346331,138,|,
”d––k¼•”,Ž³ˆ¾Žs,52346332,138,180,
”d––k¼•”,Ž³ˆ¾Žs,52346333,133,174,
”d––k¼•”,Ž³ˆ¾Žs,52346334,133,174,
”d––k¼•”,Ž³ˆ¾Žs,52346335,139,181,
”d––k¼•”,Ž³ˆ¾Žs,52346336,133,174,
”d––k¼•”,Ž³ˆ¾Žs,52346337,140,182,
”d––k¼•”,Ž³ˆ¾Žs,52346338,134,175,
”d––k¼•”,Ž³ˆ¾Žs,52346339,136,177,
”d––k¼•”,Ž³ˆ¾Žs,52346341,138,180,
”d––k¼•”,Ž³ˆ¾Žs,52346342,138,180,
”d––k¼•”,Ž³ˆ¾Žs,52346343,138,180,
”d––k¼•”,Ž³ˆ¾Žs,52346344,139,181,
”d––k¼•”,Ž³ˆ¾Žs,52346345,133,174,
”d––k¼•”,Ž³ˆ¾Žs,52346346,133,174,
”d––k¼•”,Ž³ˆ¾Žs,52346347,133,174,
”d––k¼•”,Ž³ˆ¾Žs,52346348,135,176,
”d––k¼•”,Ž³ˆ¾Žs,52346349,136,177,
”d––k¼•”,Ž³ˆ¾Žs,52346350,145,|,
”d––k¼•”,Ž³ˆ¾Žs,52346351,143,187,
”d––k¼•”,Ž³ˆ¾Žs,52346352,145,|,
”d––k¼•”,Ž³ˆ¾Žs,52346353,144,188,
”d––k¼•”,Ž³ˆ¾Žs,52346354,145,|,
”d––k¼•”,Ž³ˆ¾Žs,52346355,140,182,
”d––k¼•”,Ž³ˆ¾Žs,52346356,135,176,
”d––k¼•”,Ž³ˆ¾Žs,52346357,133,174,
”d––k¼•”,Ž³ˆ¾Žs,52346358,135,176,
”d––k¼•”,Ž³ˆ¾Žs,52346359,136,177,
”d––k¼•”,Ž³ˆ¾Žs,52346361,145,189,
”d––k¼•”,Ž³ˆ¾Žs,52346362,145,|,
”d––k¼•”,Ž³ˆ¾Žs,52346363,145,|,
”d––k¼•”,Ž³ˆ¾Žs,52346364,145,|,
”d––k¼•”,Ž³ˆ¾Žs,52346365,145,|,
”d––k¼•”,Ž³ˆ¾Žs,52346366,140,183,
”d––k¼•”,Ž³ˆ¾Žs,52346367,135,176,
”d––k¼•”,Ž³ˆ¾Žs,52346368,136,177,
”d––k¼•”,Ž³ˆ¾Žs,52346369,145,|,
”d––k¼•”,Ž³ˆ¾Žs,52346372,145,|,
”d––k¼•”,Ž³ˆ¾Žs,52346373,145,|,
”d––k¼•”,Ž³ˆ¾Žs,52346374,145,|,
”d––k¼•”,Ž³ˆ¾Žs,52346375,145,|,
”d––k¼•”,Ž³ˆ¾Žs,52346376,145,|,
”d––k¼•”,Ž³ˆ¾Žs,52346377,145,|,
”d––k¼•”,Ž³ˆ¾Žs,52346378,145,|,
”d––k¼•”,Ž³ˆ¾Žs,52346379,145,|,
”d––k¼•”,Ž³ˆ¾Žs,52346382,144,188,
”d––k¼•”,Ž³ˆ¾Žs,52346383,145,|,
”d––k¼•”,Ž³ˆ¾Žs,52346386,145,|,
”d––k¼•”,Ž³ˆ¾Žs,52346387,145,|,
”d––k¼•”,Ž³ˆ¾Žs,52346388,145,|,
”d––k¼•”,Ž³ˆ¾Žs,52346389,145,|,
”d––k¼•”,Ž³ˆ¾Žs,52346397,145,|,
”d––k¼•”,Ž³ˆ¾Žs,52346398,145,|,
”d––k¼•”,Ž³ˆ¾Žs,52346399,145,|,
”d––k¼•”,Ž³ˆ¾Žs,52346400,141,184,
”d––k¼•”,Ž³ˆ¾Žs,52346401,141,184,
”d––k¼•”,Ž³ˆ¾Žs,52346402,142,185,
”d––k¼•”,Ž³ˆ¾Žs,52346403,140,183,
”d––k¼•”,Ž³ˆ¾Žs,52346404,140,183,
”d––k¼•”,Ž³ˆ¾Žs,52346405,145,189,
”d––k¼•”,Ž³ˆ¾Žs,52346406,144,188,
”d––k¼•”,Ž³ˆ¾Žs,52346407,143,187,
”d––k¼•”,Ž³ˆ¾Žs,52346408,144,188,
”d––k¼•”,Ž³ˆ¾Žs,52346409,145,189,
”d––k¼•”,Ž³ˆ¾Žs,52346410,143,186,
”d––k¼•”,Ž³ˆ¾Žs,52346411,143,187,
”d––k¼•”,Ž³ˆ¾Žs,52346412,144,188,
”d––k¼•”,Ž³ˆ¾Žs,52346413,150,195,
”d––k¼•”,Ž³ˆ¾Žs,52346414,141,184,
”d––k¼•”,Ž³ˆ¾Žs,52346415,145,189,
”d––k¼•”,Ž³ˆ¾Žs,52346416,144,188,
”d––k¼•”,Ž³ˆ¾Žs,52346417,127,165,
”d––k¼•”,Ž³ˆ¾Žs,52346418,145,189,
”d––k¼•”,Ž³ˆ¾Žs,52346419,145,189,
”d––k¼•”,Ž³ˆ¾Žs,52346420,143,186,
”d––k¼•”,Ž³ˆ¾Žs,52346421,146,190,
”d––k¼•”,Ž³ˆ¾Žs,52346422,147,191,
”d––k¼•”,Ž³ˆ¾Žs,52346423,150,196,
”d––k¼•”,Ž³ˆ¾Žs,52346424,147,192,
”d––k¼•”,Ž³ˆ¾Žs,52346425,147,192,
”d––k¼•”,Ž³ˆ¾Žs,52346426,145,189,
”d––k¼•”,Ž³ˆ¾Žs,52346427,143,187,
”d––k¼•”,Ž³ˆ¾Žs,52346428,144,188,
”d––k¼•”,Ž³ˆ¾Žs,52346429,144,188,
”d––k¼•”,Ž³ˆ¾Žs,52346430,143,186,
”d––k¼•”,Ž³ˆ¾Žs,52346431,144,188,
”d––k¼•”,Ž³ˆ¾Žs,52346432,145,189,
”d––k¼•”,Ž³ˆ¾Žs,52346433,150,|,
”d––k¼•”,Ž³ˆ¾Žs,52346434,148,193,
”d––k¼•”,Ž³ˆ¾Žs,52346435,147,191,
”d––k¼•”,Ž³ˆ¾Žs,52346436,147,191,
”d––k¼•”,Ž³ˆ¾Žs,52346437,144,188,
”d––k¼•”,Ž³ˆ¾Žs,52346438,144,188,
”d––k¼•”,Ž³ˆ¾Žs,52346439,143,186,
”d––k¼•”,Ž³ˆ¾Žs,52346440,143,186,
”d––k¼•”,Ž³ˆ¾Žs,52346441,143,186,
”d––k¼•”,Ž³ˆ¾Žs,52346442,142,185,
”d––k¼•”,Ž³ˆ¾Žs,52346443,150,|,
”d––k¼•”,Ž³ˆ¾Žs,52346444,150,|,
”d––k¼•”,Ž³ˆ¾Žs,52346445,150,|,
”d––k¼•”,Ž³ˆ¾Žs,52346446,139,181,
”d––k¼•”,Ž³ˆ¾Žs,52346447,144,188,
”d––k¼•”,Ž³ˆ¾Žs,52346448,143,186,
”d––k¼•”,Ž³ˆ¾Žs,52346449,143,187,
”d––k¼•”,Ž³ˆ¾Žs,52346450,143,186,
”d––k¼•”,Ž³ˆ¾Žs,52346451,143,186,
”d––k¼•”,Ž³ˆ¾Žs,52346452,150,|,
”d––k¼•”,Ž³ˆ¾Žs,52346453,150,|,
”d––k¼•”,Ž³ˆ¾Žs,52346454,147,192,
”d––k¼•”,Ž³ˆ¾Žs,52346455,147,191,
”d––k¼•”,Ž³ˆ¾Žs,52346456,140,182,
”d––k¼•”,Ž³ˆ¾Žs,52346457,146,|,
”d––k¼•”,Ž³ˆ¾Žs,52346458,144,188,
”d––k¼•”,Ž³ˆ¾Žs,52346459,143,187,
”d––k¼•”,Ž³ˆ¾Žs,52346460,145,|,
”d––k¼•”,Ž³ˆ¾Žs,52346461,138,180,
”d––k¼•”,Ž³ˆ¾Žs,52346462,138,180,
”d––k¼•”,Ž³ˆ¾Žs,52346463,150,|,
”d––k¼•”,Ž³ˆ¾Žs,52346464,142,185,
”d––k¼•”,Ž³ˆ¾Žs,52346465,141,184,
”d––k¼•”,Ž³ˆ¾Žs,52346466,145,189,
”d––k¼•”,Ž³ˆ¾Žs,52346467,146,|,
”d––k¼•”,Ž³ˆ¾Žs,52346468,144,188,
”d––k¼•”,Ž³ˆ¾Žs,52346469,144,|,
”d––k¼•”,Ž³ˆ¾Žs,52346470,145,|,
”d––k¼•”,Ž³ˆ¾Žs,52346471,143,186,
”d––k¼•”,Ž³ˆ¾Žs,52346472,145,189,
”d––k¼•”,Ž³ˆ¾Žs,52346473,138,180,
”d––k¼•”,Ž³ˆ¾Žs,52346474,143,186,
”d––k¼•”,Ž³ˆ¾Žs,52346475,141,184,
”d––k¼•”,Ž³ˆ¾Žs,52346476,146,190,
”d––k¼•”,Ž³ˆ¾Žs,52346477,140,182,
”d––k¼•”,Ž³ˆ¾Žs,52346478,138,180,
”d––k¼•”,Ž³ˆ¾Žs,52346479,144,|,
”d––k¼•”,Ž³ˆ¾Žs,52346480,145,|,
”d––k¼•”,Ž³ˆ¾Žs,52346481,143,186,
”d––k¼•”,Ž³ˆ¾Žs,52346482,143,186,
”d––k¼•”,Ž³ˆ¾Žs,52346483,143,186,
”d––k¼•”,Ž³ˆ¾Žs,52346484,147,191,
”d––k¼•”,Ž³ˆ¾Žs,52346485,140,182,
”d––k¼•”,Ž³ˆ¾Žs,52346486,146,|,
”d––k¼•”,Ž³ˆ¾Žs,52346487,145,189,
”d––k¼•”,Ž³ˆ¾Žs,52346488,144,188,
”d––k¼•”,Ž³ˆ¾Žs,52346489,144,|,
”d––k¼•”,Ž³ˆ¾Žs,52346490,145,|,
”d––k¼•”,Ž³ˆ¾Žs,52346491,145,|,
”d––k¼•”,Ž³ˆ¾Žs,52346492,145,|,
”d––k¼•”,Ž³ˆ¾Žs,52346493,140,183,
”d––k¼•”,Ž³ˆ¾Žs,52346494,140,183,
”d––k¼•”,Ž³ˆ¾Žs,52346495,139,181,
”d––k¼•”,Ž³ˆ¾Žs,52346496,146,|,
”d––k¼•”,Ž³ˆ¾Žs,52346497,144,188,
”d––k¼•”,Ž³ˆ¾Žs,52346498,138,180,
”d––k¼•”,Ž³ˆ¾Žs,52346499,144,|,
”d––k¼•”,Ž³ˆ¾Žs,52346500,127,166,
”d––k¼•”,Ž³ˆ¾Žs,52346501,147,|,
”d––k¼•”,Ž³ˆ¾Žs,52346502,147,|,
”d––k¼•”,Ž³ˆ¾Žs,52346503,147,|,
”d––k¼•”,Ž³ˆ¾Žs,52346504,147,|,
”d––k¼•”,Ž³ˆ¾Žs,52346510,133,173,
”d––k¼•”,Ž³ˆ¾Žs,52346511,127,165,
”d––k¼•”,Ž³ˆ¾Žs,52346512,127,165,
”d––k¼•”,Ž³ˆ¾Žs,52346513,133,173,
”d––k¼•”,Ž³ˆ¾Žs,52346514,147,|,
”d––k¼•”,Ž³ˆ¾Žs,52346515,147,192,
”d––k¼•”,Ž³ˆ¾Žs,52346520,133,173,
”d––k¼•”,Ž³ˆ¾Žs,52346521,132,172,
”d––k¼•”,Ž³ˆ¾Žs,52346522,127,165,
”d––k¼•”,Ž³ˆ¾Žs,52346523,133,174,
”d––k¼•”,Ž³ˆ¾Žs,52346524,134,175,
”d––k¼•”,Ž³ˆ¾Žs,52346525,142,185,
”d––k¼•”,Ž³ˆ¾Žs,52346526,143,186,
”d––k¼•”,Ž³ˆ¾Žs,52346527,147,|,
”d––k¼•”,Ž³ˆ¾Žs,52346530,132,172,
”d––k¼•”,Ž³ˆ¾Žs,52346531,127,165,
”d––k¼•”,Ž³ˆ¾Žs,52346532,131,171,
”d––k¼•”,Ž³ˆ¾Žs,52346533,127,166,
”d––k¼•”,Ž³ˆ¾Žs,52346534,128,167,
”d––k¼•”,Ž³ˆ¾Žs,52346535,135,176,
”d––k¼•”,Ž³ˆ¾Žs,52346536,147,|,
”d––k¼•”,Ž³ˆ¾Žs,52346537,141,184,
”d––k¼•”,Ž³ˆ¾Žs,52346540,133,173,
”d––k¼•”,Ž³ˆ¾Žs,52346541,132,172,
”d––k¼•”,Ž³ˆ¾Žs,52346542,131,171,
”d––k¼•”,Ž³ˆ¾Žs,52346543,127,165,
”d––k¼•”,Ž³ˆ¾Žs,52346544,133,174,
”d––k¼•”,Ž³ˆ¾Žs,52346545,133,174,
”d––k¼•”,Ž³ˆ¾Žs,52346546,133,174,
”d––k¼•”,Ž³ˆ¾Žs,52346550,131,171,
”d––k¼•”,Ž³ˆ¾Žs,52346551,131,171,
”d––k¼•”,Ž³ˆ¾Žs,52346552,127,165,
”d––k¼•”,Ž³ˆ¾Žs,52346553,127,166,
”d––k¼•”,Ž³ˆ¾Žs,52346554,131,171,
”d––k¼•”,Ž³ˆ¾Žs,52346555,133,173,
”d––k¼•”,Ž³ˆ¾Žs,52346560,144,|,
”d––k¼•”,Ž³ˆ¾Žs,52346561,133,173,
”d––k¼•”,Ž³ˆ¾Žs,52346562,127,165,
”d––k¼•”,Ž³ˆ¾Žs,52346563,131,171,
”d––k¼•”,Ž³ˆ¾Žs,52346564,126,164,
”d––k¼•”,Ž³ˆ¾Žs,52346565,127,165,
”d––k¼•”,Ž³ˆ¾Žs,52346570,144,|,
”d––k¼•”,Ž³ˆ¾Žs,52346571,133,174,
”d––k¼•”,Ž³ˆ¾Žs,52346572,132,172,
”d––k¼•”,Ž³ˆ¾Žs,52346573,127,165,
”d––k¼•”,Ž³ˆ¾Žs,52346574,127,165,
”d––k¼•”,Ž³ˆ¾Žs,52346575,120,157,
”d––k¼•”,Ž³ˆ¾Žs,52346580,138,180,
”d––k¼•”,Ž³ˆ¾Žs,52346581,138,180,
”d––k¼•”,Ž³ˆ¾Žs,52346582,138,180,
”d––k¼•”,Ž³ˆ¾Žs,52346583,133,173,
”d––k¼•”,Ž³ˆ¾Žs,52346584,120,157,
”d––k¼•”,Ž³ˆ¾Žs,52346590,137,179,
”d––k¼•”,Ž³ˆ¾Žs,52346591,137,179,
”d––k¼•”,Ž³ˆ¾Žs,52346592,137,179,
”d––k¼•”,Ž³ˆ¾Žs,52346593,138,|,
”d––k¼•”,Ž³ˆ¾Žs,52346595,125,163,
”d––k¼•”,Ž³ˆ¾Žs,52347308,145,|,
”d––k¼•”,Ž³ˆ¾Žs,52347309,145,|,
”d––k¼•”,Ž³ˆ¾Žs,52347319,145,|,
”d––k¼•”,Ž³ˆ¾Žs,52347400,145,|,
”d––k¼•”,Ž³ˆ¾Žs,52347401,145,|,
”d––k¼•”,Ž³ˆ¾Žs,52347402,145,|,
”d––k¼•”,Ž³ˆ¾Žs,52347403,133,174,
”d––k¼•”,Ž³ˆ¾Žs,52347404,133,174,
”d––k¼•”,Ž³ˆ¾Žs,52347405,139,181,
”d––k¼•”,Ž³ˆ¾Žs,52347406,146,|,
”d––k¼•”,Ž³ˆ¾Žs,52347407,140,182,
”d––k¼•”,Ž³ˆ¾Žs,52347408,138,180,
”d––k¼•”,Ž³ˆ¾Žs,52347409,144,|,
”d––k¼•”,Ž³ˆ¾Žs,52347410,145,|,
”d––k¼•”,Ž³ˆ¾Žs,52347411,145,|,
”d––k¼•”,Ž³ˆ¾Žs,52347412,133,174,
”d––k¼•”,Ž³ˆ¾Žs,52347413,133,174,
”d––k¼•”,Ž³ˆ¾Žs,52347414,133,174,
”d––k¼•”,Ž³ˆ¾Žs,52347415,139,181,
”d––k¼•”,Ž³ˆ¾Žs,52347416,138,180,
”d––k¼•”,Ž³ˆ¾Žs,52347417,138,180,
”d––k¼•”,Ž³ˆ¾Žs,52347418,137,179,
”d––k¼•”,Ž³ˆ¾Žs,52347419,144,|,
”d––k¼•”,Ž³ˆ¾Žs,52347420,145,|,
”d––k¼•”,Ž³ˆ¾Žs,52347421,133,174,
”d––k¼•”,Ž³ˆ¾Žs,52347422,133,174,
”d––k¼•”,Ž³ˆ¾Žs,52347423,135,176,
”d––k¼•”,Ž³ˆ¾Žs,52347424,139,|,
”d––k¼•”,Ž³ˆ¾Žs,52347425,139,|,
”d––k¼•”,Ž³ˆ¾Žs,52347426,138,180,
”d––k¼•”,Ž³ˆ¾Žs,52347427,137,179,
”d––k¼•”,Ž³ˆ¾Žs,52347429,138,180,
”d––k¼•”,Ž³ˆ¾Žs,52347431,138,180,
”d––k¼•”,Ž³ˆ¾Žs,52347432,140,183,
”d––k¼•”,Ž³ˆ¾Žs,52347433,137,178,
”d––k¼•”,Ž³ˆ¾Žs,52347434,137,179,
”d––k¼•”,Ž³ˆ¾Žs,52347435,136,177,
”d––k¼•”,Ž³ˆ¾Žs,52347436,139,181,
”d––k¼•”,Ž³ˆ¾Žs,52347441,134,175,
”d––k¼•”,Ž³ˆ¾Žs,52347442,143,186,
”d––k¼•”,Ž³ˆ¾Žs,52347443,138,180,
”d––k¼•”,Ž³ˆ¾Žs,52347444,139,181,
”d––k¼•”,Ž³ˆ¾Žs,52347445,137,179,
”d––k¼•”,Ž³ˆ¾Žs,52347451,136,177,
”d––k¼•”,Ž³ˆ¾Žs,52347452,143,186,
”d––k¼•”,Ž³ˆ¾Žs,52347453,143,187,
”d––k¼•”,Ž³ˆ¾Žs,52347454,137,179,
”d––k¼•”,Ž³ˆ¾Žs,52347455,136,177,
”d––k¼•”,Ž³ˆ¾Žs,52347461,143,|,
”d––k¼•”,Ž³ˆ¾Žs,52347462,136,177,
”d––k¼•”,Ž³ˆ¾Žs,52347463,136,177,
”d––k¼•”,Ž³ˆ¾Žs,52347464,136,177,
”d––k¼•”,Ž³ˆ¾Žs,52347471,143,|,
”d––k¼•”,Ž³ˆ¾Žs,52347472,143,|,
”d––k¼•”,Ž³ˆ¾Žs,52347473,130,169,
”d––k¼•”,Ž³ˆ¾Žs,52347480,143,|,
”d––k¼•”,Ž³ˆ¾Žs,52347481,143,|,
”d––k¼•”,Ž³ˆ¾Žs,52347482,143,|,
”d––k¼•”,Ž³ˆ¾Žs,52347490,143,|,
”d––k¼•”,Ž³ˆ¾Žs,52347491,143,|,
”d––k¼•”,Ž³ˆ¾Žs,52347500,144,|,
”d––k¼•”,Ž³ˆ¾Žs,52347501,132,172,
”d––k¼•”,Ž³ˆ¾Žs,52347510,144,|,
”d––k¼•”,Ž³ˆ¾Žs,52347511,137,178,
”d––k¼•”,Ž³ˆ¾Žs,52347520,144,|,
”d––k¼•”,Ž³ˆ¾Žs,53340400,143,|,
”d––k¼•”,Žsì’¬,52343589,113,148,
”d––k¼•”,Žsì’¬,52343598,115,150,
”d––k¼•”,Žsì’¬,52343599,115,150,
”d––k¼•”,Žsì’¬,52343661,117,153,
”d––k¼•”,Žsì’¬,52343662,117,153,
”d––k¼•”,Žsì’¬,52343664,133,174,
”d––k¼•”,Žsì’¬,52343670,117,153,
”d––k¼•”,Žsì’¬,52343671,117,153,
”d––k¼•”,Žsì’¬,52343672,117,153,
”d––k¼•”,Žsì’¬,52343673,117,153,
”d––k¼•”,Žsì’¬,52343674,129,168,
”d––k¼•”,Žsì’¬,52343680,118,154,
”d––k¼•”,Žsì’¬,52343681,118,154,
”d––k¼•”,Žsì’¬,52343682,118,154,
”d––k¼•”,Žsì’¬,52343683,123,161,
”d––k¼•”,Žsì’¬,52343684,125,163,
”d––k¼•”,Žsì’¬,52343690,120,157,
”d––k¼•”,Žsì’¬,52343691,120,156,
”d––k¼•”,Žsì’¬,52343692,129,168,
”d––k¼•”,Žsì’¬,52343693,124,162,
”d––k¼•”,Žsì’¬,52343694,130,170,
”d––k¼•”,Žsì’¬,52343695,130,169,
”d––k¼•”,Žsì’¬,52343696,142,185,
”d––k¼•”,Žsì’¬,52344508,110,144,
”d––k¼•”,Žsì’¬,52344509,117,152,
”d––k¼•”,Žsì’¬,52344518,110,144,
”d––k¼•”,Žsì’¬,52344519,111,145,
”d––k¼•”,Žsì’¬,52344527,140,|,
”d––k¼•”,Žsì’¬,52344528,110,144,
”d––k¼•”,Žsì’¬,52344529,110,144,
”d––k¼•”,Žsì’¬,52344537,140,|,
”d––k¼•”,Žsì’¬,52344538,112,146,
”d––k¼•”,Žsì’¬,52344539,110,144,
”d––k¼•”,Žsì’¬,52344548,117,152,
”d––k¼•”,Žsì’¬,52344549,112,146,
”d––k¼•”,Žsì’¬,52344558,117,153,
”d––k¼•”,Žsì’¬,52344600,122,159,
”d––k¼•”,Žsì’¬,52344601,120,157,
”d––k¼•”,Žsì’¬,52344602,120,156,
”d––k¼•”,Žsì’¬,52344603,119,155,
”d––k¼•”,Žsì’¬,52344604,120,156,
”d––k¼•”,Žsì’¬,52344605,125,163,
”d––k¼•”,Žsì’¬,52344606,136,177,
”d––k¼•”,Žsì’¬,52344610,127,165,
”d––k¼•”,Žsì’¬,52344611,125,163,
”d––k¼•”,Žsì’¬,52344612,120,156,
”d––k¼•”,Žsì’¬,52344613,119,155,
”d––k¼•”,Žsì’¬,52344614,120,156,
”d––k¼•”,Žsì’¬,52344615,124,162,
”d––k¼•”,Žsì’¬,52344616,125,163,
”d––k¼•”,Žsì’¬,52344620,127,|,
”d––k¼•”,Žsì’¬,52344621,120,156,
”d––k¼•”,Žsì’¬,52344622,119,155,
”d––k¼•”,Žsì’¬,52344623,124,162,
”d––k¼•”,Žsì’¬,52344624,119,155,
”d––k¼•”,Žsì’¬,52344625,120,156,
”d––k¼•”,Žsì’¬,52344626,115,150,
”d––k¼•”,Žsì’¬,52344627,137,|,
”d––k¼•”,Žsì’¬,52344630,120,156,
”d––k¼•”,Žsì’¬,52344631,125,163,
”d––k¼•”,Žsì’¬,52344632,119,155,
”d––k¼•”,Žsì’¬,52344633,126,|,
”d––k¼•”,Žsì’¬,52344634,124,162,
”d––k¼•”,Žsì’¬,52344635,120,156,
”d––k¼•”,Žsì’¬,52344636,120,157,
”d––k¼•”,Žsì’¬,52344640,121,158,
”d––k¼•”,Žsì’¬,52344641,124,162,
”d––k¼•”,Žsì’¬,52344642,120,156,
”d––k¼•”,Žsì’¬,52344643,120,156,
”d––k¼•”,Žsì’¬,52344644,126,164,
”d––k¼•”,Žsì’¬,52344645,126,164,
”d––k¼•”,Žsì’¬,52344646,122,159,
”d––k¼•”,Žsì’¬,52344654,120,157,
”d––k¼•”,Žsì’¬,52344655,127,165,
”d––k¼•”,Žsì’¬,52344656,128,167,
”d––k¼•”,Žsì’¬,52344657,129,168,
”d––k¼•”,Žsì’¬,52344665,127,166,
”d––k¼•”,Žsì’¬,52344666,134,175,
”d––k¼•”,•Ÿè’¬,52343529,113,148,
”d––k¼•”,•Ÿè’¬,52343538,114,149,
”d––k¼•”,•Ÿè’¬,52343539,115,150,
”d––k¼•”,•Ÿè’¬,52343547,114,149,
”d––k¼•”,•Ÿè’¬,52343548,115,150,
”d––k¼•”,•Ÿè’¬,52343549,120,157,
”d––k¼•”,•Ÿè’¬,52343557,114,149,
”d––k¼•”,•Ÿè’¬,52343558,115,150,
”d––k¼•”,•Ÿè’¬,52343559,115,150,
”d––k¼•”,•Ÿè’¬,52343567,115,|,
”d––k¼•”,•Ÿè’¬,52343568,108,141,
”d––k¼•”,•Ÿè’¬,52343569,109,142,
”d––k¼•”,•Ÿè’¬,52343577,108,141,
”d––k¼•”,•Ÿè’¬,52343578,108,141,
”d––k¼•”,•Ÿè’¬,52343579,108,141,
”d––k¼•”,•Ÿè’¬,52343587,113,148,
”d––k¼•”,•Ÿè’¬,52343588,113,148,
”d––k¼•”,•Ÿè’¬,52343597,130,169,
”d––k¼•”,•Ÿè’¬,52343602,139,181,
”d––k¼•”,•Ÿè’¬,52343603,147,|,
”d––k¼•”,•Ÿè’¬,52343611,147,|,
”d––k¼•”,•Ÿè’¬,52343612,127,165,
”d––k¼•”,•Ÿè’¬,52343613,140,182,
”d––k¼•”,•Ÿè’¬,52343620,147,|,
”d––k¼•”,•Ÿè’¬,52343621,147,|,
”d––k¼•”,•Ÿè’¬,52343622,127,166,
”d––k¼•”,•Ÿè’¬,52343623,133,174,
”d––k¼•”,•Ÿè’¬,52343630,147,|,
”d––k¼•”,•Ÿè’¬,52343631,147,|,
”d––k¼•”,•Ÿè’¬,52343632,127,166,
”d––k¼•”,•Ÿè’¬,52343633,133,173,
”d––k¼•”,•Ÿè’¬,52343640,147,|,
”d––k¼•”,•Ÿè’¬,52343641,123,160,
”d––k¼•”,•Ÿè’¬,52343642,133,173,
”d––k¼•”,•Ÿè’¬,52343643,133,173,
”d––k¼•”,•Ÿè’¬,52343650,129,168,
”d––k¼•”,•Ÿè’¬,52343651,133,174,
”d––k¼•”,•Ÿè’¬,52343652,122,159,
”d––k¼•”,•Ÿè’¬,52343653,127,165,
”d––k¼•”,•Ÿè’¬,52343660,128,167,
”d––k¼•”,•Ÿè’¬,52343663,122,159,
”d––k¼•”,•Ÿè’¬,52344506,110,144,
”d––k¼•”,•Ÿè’¬,52344507,136,177,
”d––k¼•”,•Ÿè’¬,52344516,137,179,
”d––k¼•”,•Ÿè’¬,52344517,140,|,
”d––k¼•”,_‰Í’¬,52344559,132,172,
”d––k¼•”,_‰Í’¬,52344567,140,183,
”d––k¼•”,_‰Í’¬,52344568,140,182,
”d––k¼•”,_‰Í’¬,52344569,138,180,
”d––k¼•”,_‰Í’¬,52344576,127,165,
”d––k¼•”,_‰Í’¬,52344577,125,163,
”d––k¼•”,_‰Í’¬,52344578,129,168,
”d––k¼•”,_‰Í’¬,52344579,133,174,
”d––k¼•”,_‰Í’¬,52344586,127,165,
”d––k¼•”,_‰Í’¬,52344587,126,164,
”d––k¼•”,_‰Í’¬,52344588,130,169,
”d––k¼•”,_‰Í’¬,52344589,130,169,
”d––k¼•”,_‰Í’¬,52344595,133,174,
”d––k¼•”,_‰Í’¬,52344596,127,166,
”d––k¼•”,_‰Í’¬,52344597,126,164,
”d––k¼•”,_‰Í’¬,52344598,130,170,
”d––k¼•”,_‰Í’¬,52344599,136,177,
”d––k¼•”,_‰Í’¬,52344650,131,171,
”d––k¼•”,_‰Í’¬,52344651,136,177,
”d––k¼•”,_‰Í’¬,52344652,124,162,
”d––k¼•”,_‰Í’¬,52344653,120,156,
”d––k¼•”,_‰Í’¬,52344660,132,172,
”d––k¼•”,_‰Í’¬,52344661,127,165,
”d––k¼•”,_‰Í’¬,52344662,125,163,
”d––k¼•”,_‰Í’¬,52344663,125,163,
”d––k¼•”,_‰Í’¬,52344664,127,165,
”d––k¼•”,_‰Í’¬,52344670,123,161,
”d––k¼•”,_‰Í’¬,52344671,134,175,
”d––k¼•”,_‰Í’¬,52344672,132,172,
”d––k¼•”,_‰Í’¬,52344673,126,164,
”d––k¼•”,_‰Í’¬,52344674,122,159,
”d––k¼•”,_‰Í’¬,52344675,129,168,
”d––k¼•”,_‰Í’¬,52344676,135,176,
”d––k¼•”,_‰Í’¬,52344680,136,177,
”d––k¼•”,_‰Í’¬,52344681,136,177,
”d––k¼•”,_‰Í’¬,52344682,129,168,
”d––k¼•”,_‰Í’¬,52344683,127,165,
”d––k¼•”,_‰Í’¬,52344684,127,165,
”d––k¼•”,_‰Í’¬,52344685,129,168,
”d––k¼•”,_‰Í’¬,52344686,143,186,
”d––k¼•”,_‰Í’¬,52344690,136,|,
”d––k¼•”,_‰Í’¬,52344691,130,170,
”d––k¼•”,_‰Í’¬,52344692,124,162,
”d––k¼•”,_‰Í’¬,52344693,122,159,
”d––k¼•”,_‰Í’¬,52344694,133,174,
”d––k¼•”,_‰Í’¬,52344695,135,176,
”d––k¼•”,_‰Í’¬,52344696,137,179,
”d––k¼•”,_‰Í’¬,52344697,140,182,
”d––k¼•”,_‰Í’¬,52345505,133,174,
”d––k¼•”,_‰Í’¬,52345506,133,173,
”d––k¼•”,_‰Í’¬,52345507,133,173,
”d––k¼•”,_‰Í’¬,52345508,127,165,
”d––k¼•”,_‰Í’¬,52345509,126,164,
”d––k¼•”,_‰Í’¬,52345513,149,|,
”d––k¼•”,_‰Í’¬,52345514,140,183,
”d––k¼•”,_‰Í’¬,52345515,139,181,
”d––k¼•”,_‰Í’¬,52345516,133,173,
”d––k¼•”,_‰Í’¬,52345517,132,172,
”d––k¼•”,_‰Í’¬,52345518,131,171,
”d––k¼•”,_‰Í’¬,52345519,131,171,
”d––k¼•”,_‰Í’¬,52345523,149,194,
”d––k¼•”,_‰Í’¬,52345524,143,186,
”d––k¼•”,_‰Í’¬,52345525,140,183,
”d––k¼•”,_‰Í’¬,52345526,138,180,
”d––k¼•”,_‰Í’¬,52345527,133,173,
”d––k¼•”,_‰Í’¬,52345528,132,172,
”d––k¼•”,_‰Í’¬,52345529,138,180,
”d––k¼•”,_‰Í’¬,52345533,140,183,
”d––k¼•”,_‰Í’¬,52345534,144,188,
”d––k¼•”,_‰Í’¬,52345535,130,169,
”d––k¼•”,_‰Í’¬,52345536,145,189,
”d––k¼•”,_‰Í’¬,52345537,138,180,
”d––k¼•”,_‰Í’¬,52345538,138,180,
”d––k¼•”,_‰Í’¬,52345539,138,180,
”d––k¼•”,_‰Í’¬,52345543,161,210,
”d––k¼•”,_‰Í’¬,52345544,140,183,
”d––k¼•”,_‰Í’¬,52345545,149,194,
”d––k¼•”,_‰Í’¬,52345546,147,191,
”d––k¼•”,_‰Í’¬,52345547,147,191,
”d––k¼•”,_‰Í’¬,52345548,139,181,
”d––k¼•”,_‰Í’¬,52345549,137,179,
”d––k¼•”,_‰Í’¬,52345553,153,199,
”d––k¼•”,_‰Í’¬,52345554,161,|,
”d––k¼•”,_‰Í’¬,52345555,147,192,
”d––k¼•”,_‰Í’¬,52345556,149,|,
”d––k¼•”,_‰Í’¬,52345557,147,191,
”d––k¼•”,_‰Í’¬,52345558,140,182,
”d––k¼•”,_‰Í’¬,52345559,138,180,
”d––k¼•”,_‰Í’¬,52345563,161,|,
”d––k¼•”,_‰Í’¬,52345564,141,184,
”d––k¼•”,_‰Í’¬,52345565,141,184,
”d––k¼•”,_‰Í’¬,52345566,140,182,
”d––k¼•”,_‰Í’¬,52345567,140,183,
”d––k¼•”,_‰Í’¬,52345568,140,182,
”d––k¼•”,_‰Í’¬,52345569,140,182,
”d––k¼•”,_‰Í’¬,52345573,161,|,
”d––k¼•”,_‰Í’¬,52345574,135,176,
”d––k¼•”,_‰Í’¬,52345575,140,183,
”d––k¼•”,_‰Í’¬,52345576,140,183,
”d––k¼•”,_‰Í’¬,52345577,140,183,
”d––k¼•”,_‰Í’¬,52345584,140,183,
”d––k¼•”,_‰Í’¬,52345585,140,183,
”d––k¼•”,_‰Í’¬,52345586,141,184,
”d––k¼•”,_‰Í’¬,52345587,140,183,
”d––k¼•”,_‰Í’¬,52345594,134,175,
”d––k¼•”,_‰Í’¬,52345595,141,184,
”d––k¼•”,_‰Í’¬,52345596,142,185,
”d––k¼•”,_‰Í’¬,52345597,141,184,
”d––k¼•”,_‰Í’¬,52345600,130,170,
”d––k¼•”,_‰Í’¬,52345601,124,162,
”d––k¼•”,_‰Í’¬,52345602,119,155,
”d––k¼•”,_‰Í’¬,52345603,118,154,
”d––k¼•”,_‰Í’¬,52345604,134,175,
”d––k¼•”,_‰Í’¬,52345605,136,177,
”d––k¼•”,_‰Í’¬,52345606,137,179,
”d––k¼•”,_‰Í’¬,52345607,138,180,
”d––k¼•”,_‰Í’¬,52345610,137,178,
”d––k¼•”,_‰Í’¬,52345611,141,184,
”d––k¼•”,_‰Í’¬,52345612,135,176,
”d––k¼•”,_‰Í’¬,52345613,135,176,
”d––k¼•”,_‰Í’¬,52345614,130,170,
”d––k¼•”,_‰Í’¬,52345615,137,178,
”d––k¼•”,_‰Í’¬,52345616,137,179,
”d––k¼•”,_‰Í’¬,52345617,145,189,
”d––k¼•”,_‰Í’¬,52345620,137,179,
”d––k¼•”,_‰Í’¬,52345621,137,178,
”d––k¼•”,_‰Í’¬,52345622,136,177,
”d––k¼•”,_‰Í’¬,52345623,130,170,
”d––k¼•”,_‰Í’¬,52345624,131,171,
”d––k¼•”,_‰Í’¬,52345625,143,186,
”d––k¼•”,_‰Í’¬,52345626,144,188,
”d––k¼•”,_‰Í’¬,52345627,146,190,
”d––k¼•”,_‰Í’¬,52345630,138,180,
”d––k¼•”,_‰Í’¬,52345631,137,179,
”d––k¼•”,_‰Í’¬,52345632,136,177,
”d––k¼•”,_‰Í’¬,52345633,131,171,
”d––k¼•”,_‰Í’¬,52345634,127,165,
”d––k¼•”,_‰Í’¬,52345635,144,188,
”d––k¼•”,_‰Í’¬,52345636,147,192,
”d––k¼•”,_‰Í’¬,52345637,149,194,
”d––k¼•”,_‰Í’¬,52345640,138,180,
”d––k¼•”,_‰Í’¬,52345641,137,179,
”d––k¼•”,_‰Í’¬,52345642,137,178,
”d––k¼•”,_‰Í’¬,52345643,132,172,
”d––k¼•”,_‰Í’¬,52345644,127,165,
”d––k¼•”,_‰Í’¬,52345645,146,190,
”d––k¼•”,_‰Í’¬,52345646,148,193,
”d––k¼•”,_‰Í’¬,52345647,152,198,
”d––k¼•”,_‰Í’¬,52345648,150,195,
”d––k¼•”,_‰Í’¬,52345650,137,179,
”d––k¼•”,_‰Í’¬,52345651,137,179,
”d––k¼•”,_‰Í’¬,52345652,137,178,
”d––k¼•”,_‰Í’¬,52345653,137,179,
”d––k¼•”,_‰Í’¬,52345654,132,172,
”d––k¼•”,_‰Í’¬,52345655,146,190,
”d––k¼•”,_‰Í’¬,52345656,142,185,
”d––k¼•”,_‰Í’¬,52345657,143,187,
”d––k¼•”,_‰Í’¬,52345658,150,195,
”d––k¼•”,_‰Í’¬,52345659,143,186,
”d––k¼•”,_‰Í’¬,52345660,138,180,
”d––k¼•”,_‰Í’¬,52345663,137,179,
”d––k¼•”,_‰Í’¬,52345664,133,173,
”d––k¼•”,_‰Í’¬,52345665,145,189,
”d––k¼•”,_‰Í’¬,52345666,147,191,
”d––k¼•”,_‰Í’¬,52345667,147,192,
”d––k¼•”,_‰Í’¬,52345668,147,192,
”d––k¼•”,_‰Í’¬,52345669,149,194,
”d––k¼•”,_‰Í’¬,52345677,145,189,
”d––k¼•”,_‰Í’¬,52345678,147,191,
”d––k¼•”,_‰Í’¬,52345679,148,193,
”d––k¼•”,_‰Í’¬,52345688,133,174,
”d––k¼•”,_‰Í’¬,52345689,130,170,
”d––k¼•”,_‰Í’¬,52345698,133,174,
”d––k¼•”,_‰Í’¬,52345699,135,176,
”d––k¼•”,_‰Í’¬,52345770,150,196,
”d––k¼•”,_‰Í’¬,52345780,158,206,
”d––k¼•”,_‰Í’¬,52345781,160,209,
”d––k¼•”,_‰Í’¬,52345790,157,204,
”d––k¼•”,_‰Í’¬,52345791,160,208,
”d––k¼•”,_‰Í’¬,52346505,143,186,
”d––k¼•”,_‰Í’¬,52346506,142,185,
”d––k¼•”,_‰Í’¬,52346507,141,184,
”d––k¼•”,_‰Í’¬,52346516,147,|,
”d––k¼•”,_‰Í’¬,52346517,143,186,
”d––k¼•”,_‰Í’¬,52346700,154,201,
”d––k¼•”,_‰Í’¬,52346701,157,204,
”d––k¼•”,_‰Í’¬,52346711,157,|,
”d––k¼•”,_‰Í’¬,52346721,157,|,
”d––k¼•”,_‰Í’¬,52346722,157,|,
”d––k¼•”,²—p’¬,52342293,143,|,
”d––k¼•”,²—p’¬,52343202,126,164,
”d––k¼•”,²—p’¬,52343203,129,168,
”d––k¼•”,²—p’¬,52343212,125,163,
”d––k¼•”,²—p’¬,52343213,124,162,
”d––k¼•”,²—p’¬,52343214,124,162,
”d––k¼•”,²—p’¬,52343216,120,156,
”d––k¼•”,²—p’¬,52343221,131,171,
”d––k¼•”,²—p’¬,52343222,136,177,
”d––k¼•”,²—p’¬,52343223,131,171,
”d––k¼•”,²—p’¬,52343224,137,|,
”d––k¼•”,²—p’¬,52343225,137,|,
”d––k¼•”,²—p’¬,52343226,137,|,
”d––k¼•”,²—p’¬,52343227,131,171,
”d––k¼•”,²—p’¬,52343230,131,|,
”d––k¼•”,²—p’¬,52343231,125,163,
”d––k¼•”,²—p’¬,52343232,125,163,
”d––k¼•”,²—p’¬,52343233,137,178,
”d––k¼•”,²—p’¬,52343234,126,164,
”d––k¼•”,²—p’¬,52343235,127,165,
”d––k¼•”,²—p’¬,52343236,127,165,
”d––k¼•”,²—p’¬,52343237,127,165,
”d––k¼•”,²—p’¬,52343238,126,164,
”d––k¼•”,²—p’¬,52343239,120,157,
”d––k¼•”,²—p’¬,52343241,125,163,
”d––k¼•”,²—p’¬,52343242,121,158,
”d––k¼•”,²—p’¬,52343243,120,157,
”d––k¼•”,²—p’¬,52343244,121,158,
”d––k¼•”,²—p’¬,52343245,133,173,
”d––k¼•”,²—p’¬,52343246,133,174,
”d––k¼•”,²—p’¬,52343247,133,174,
”d––k¼•”,²—p’¬,52343248,133,174,
”d––k¼•”,²—p’¬,52343249,131,171,
”d––k¼•”,²—p’¬,52343252,120,157,
”d––k¼•”,²—p’¬,52343253,121,158,
”d––k¼•”,²—p’¬,52343254,121,158,
”d––k¼•”,²—p’¬,52343255,133,174,
”d––k¼•”,²—p’¬,52343256,133,174,
”d––k¼•”,²—p’¬,52343257,135,176,
”d––k¼•”,²—p’¬,52343258,140,183,
”d––k¼•”,²—p’¬,52343259,132,172,
”d––k¼•”,²—p’¬,52343262,121,158,
”d––k¼•”,²—p’¬,52343263,122,159,
”d––k¼•”,²—p’¬,52343264,122,159,
”d––k¼•”,²—p’¬,52343265,133,174,
”d––k¼•”,²—p’¬,52343266,133,174,
”d––k¼•”,²—p’¬,52343267,134,175,
”d––k¼•”,²—p’¬,52343268,133,174,
”d––k¼•”,²—p’¬,52343269,133,173,
”d––k¼•”,²—p’¬,52343272,122,|,
”d––k¼•”,²—p’¬,52343273,121,158,
”d––k¼•”,²—p’¬,52343274,122,159,
”d––k¼•”,²—p’¬,52343275,133,174,
”d––k¼•”,²—p’¬,52343276,133,174,
”d––k¼•”,²—p’¬,52343277,133,173,
”d––k¼•”,²—p’¬,52343278,133,173,
”d––k¼•”,²—p’¬,52343279,139,181,
”d––k¼•”,²—p’¬,52343282,120,157,
”d––k¼•”,²—p’¬,52343283,121,158,
”d––k¼•”,²—p’¬,52343284,122,159,
”d––k¼•”,²—p’¬,52343285,133,173,
”d––k¼•”,²—p’¬,52343286,133,173,
”d––k¼•”,²—p’¬,52343287,133,174,
”d––k¼•”,²—p’¬,52343288,133,173,
”d––k¼•”,²—p’¬,52343289,139,181,
”d––k¼•”,²—p’¬,52343293,121,158,
”d––k¼•”,²—p’¬,52343294,121,158,
”d––k¼•”,²—p’¬,52343295,132,172,
”d––k¼•”,²—p’¬,52343296,133,174,
”d––k¼•”,²—p’¬,52343297,133,174,
”d––k¼•”,²—p’¬,52343298,134,175,
”d––k¼•”,²—p’¬,52343299,133,174,
”d––k¼•”,²—p’¬,52343321,110,143,
”d––k¼•”,²—p’¬,52343330,125,163,
”d––k¼•”,²—p’¬,52343331,125,|,
”d––k¼•”,²—p’¬,52343332,115,150,
”d––k¼•”,²—p’¬,52343333,106,138,
”d––k¼•”,²—p’¬,52343340,120,156,
”d––k¼•”,²—p’¬,52343341,110,144,
”d––k¼•”,²—p’¬,52343342,115,150,
”d––k¼•”,²—p’¬,52343343,115,150,
”d––k¼•”,²—p’¬,52343350,116,151,
”d––k¼•”,²—p’¬,52343351,120,157,
”d––k¼•”,²—p’¬,52343352,120,|,
”d––k¼•”,²—p’¬,52343353,115,150,
”d––k¼•”,²—p’¬,52343354,116,151,
”d––k¼•”,²—p’¬,52343360,115,150,
”d––k¼•”,²—p’¬,52343361,115,150,
”d––k¼•”,²—p’¬,52343362,110,144,
”d––k¼•”,²—p’¬,52343363,115,150,
”d––k¼•”,²—p’¬,52343364,115,150,
”d––k¼•”,²—p’¬,52343365,110,144,
”d––k¼•”,²—p’¬,52343366,112,146,
”d––k¼•”,²—p’¬,52343370,115,150,
”d––k¼•”,²—p’¬,52343371,116,151,
”d––k¼•”,²—p’¬,52343372,122,159,
”d––k¼•”,²—p’¬,52343373,117,153,
”d––k¼•”,²—p’¬,52343374,117,153,
”d––k¼•”,²—p’¬,52343375,113,147,
”d––k¼•”,²—p’¬,52343376,111,145,
”d––k¼•”,²—p’¬,52343377,111,145,
”d––k¼•”,²—p’¬,52343380,116,151,
”d––k¼•”,²—p’¬,52343381,117,152,
”d––k¼•”,²—p’¬,52343382,117,153,
”d––k¼•”,²—p’¬,52343383,119,155,
”d––k¼•”,²—p’¬,52343384,109,142,
”d––k¼•”,²—p’¬,52343385,109,142,
”d––k¼•”,²—p’¬,52343386,111,145,
”d––k¼•”,²—p’¬,52343387,112,146,
”d––k¼•”,²—p’¬,52343390,117,153,
”d––k¼•”,²—p’¬,52343391,117,152,
”d––k¼•”,²—p’¬,52343392,117,153,
”d––k¼•”,²—p’¬,52343393,113,148,
”d––k¼•”,²—p’¬,52343394,113,148,
”d––k¼•”,²—p’¬,52343395,113,147,
”d––k¼•”,²—p’¬,52343396,113,147,
”d––k¼•”,²—p’¬,52343397,113,147,
”d––k¼•”,²—p’¬,52344202,120,157,
”d––k¼•”,²—p’¬,52344203,120,156,
”d––k¼•”,²—p’¬,52344204,120,157,
”d––k¼•”,²—p’¬,52344205,127,165,
”d––k¼•”,²—p’¬,52344206,122,159,
”d––k¼•”,²—p’¬,52344207,123,161,
”d––k¼•”,²—p’¬,52344208,124,162,
”d––k¼•”,²—p’¬,52344209,124,162,
”d––k¼•”,²—p’¬,52344211,120,156,
”d––k¼•”,²—p’¬,52344212,120,157,
”d––k¼•”,²—p’¬,52344213,121,158,
”d––k¼•”,²—p’¬,52344214,120,157,
”d––k¼•”,²—p’¬,52344215,127,165,
”d––k¼•”,²—p’¬,52344216,127,165,
”d––k¼•”,²—p’¬,52344217,124,162,
”d––k¼•”,²—p’¬,52344218,125,163,
”d––k¼•”,²—p’¬,52344219,126,164,
”d––k¼•”,²—p’¬,52344222,120,156,
”d––k¼•”,²—p’¬,52344223,120,157,
”d––k¼•”,²—p’¬,52344224,120,156,
”d––k¼•”,²—p’¬,52344225,126,164,
”d––k¼•”,²—p’¬,52344226,127,165,
”d––k¼•”,²—p’¬,52344227,122,159,
”d––k¼•”,²—p’¬,52344228,124,162,
”d––k¼•”,²—p’¬,52344229,126,164,
”d––k¼•”,²—p’¬,52344232,125,|,
”d––k¼•”,²—p’¬,52344233,120,156,
”d––k¼•”,²—p’¬,52344234,120,156,
”d––k¼•”,²—p’¬,52344235,120,157,
”d––k¼•”,²—p’¬,52344236,127,165,
”d––k¼•”,²—p’¬,52344237,127,165,
”d––k¼•”,²—p’¬,52344238,118,154,
”d––k¼•”,²—p’¬,52344239,124,162,
”d––k¼•”,²—p’¬,52344243,125,163,
”d––k¼•”,²—p’¬,52344244,120,157,
”d––k¼•”,²—p’¬,52344245,125,163,
”d––k¼•”,²—p’¬,52344246,115,150,
”d––k¼•”,²—p’¬,52344247,127,165,
”d––k¼•”,²—p’¬,52344248,133,173,
”d––k¼•”,²—p’¬,52344249,123,160,
”d––k¼•”,²—p’¬,52344255,124,162,
”d––k¼•”,²—p’¬,52344256,126,164,
”d––k¼•”,²—p’¬,52344257,126,164,
”d––k¼•”,²—p’¬,52344258,127,165,
”d––k¼•”,²—p’¬,52344259,128,167,
”d––k¼•”,²—p’¬,52344265,126,164,
”d––k¼•”,²—p’¬,52344266,117,152,
”d––k¼•”,²—p’¬,52344267,121,158,
”d––k¼•”,²—p’¬,52344268,122,159,
”d––k¼•”,²—p’¬,52344269,127,166,
”d––k¼•”,²—p’¬,52344275,122,159,
”d––k¼•”,²—p’¬,52344276,122,159,
”d––k¼•”,²—p’¬,52344277,113,147,
”d––k¼•”,²—p’¬,52344278,122,159,
”d––k¼•”,²—p’¬,52344279,123,161,
”d––k¼•”,²—p’¬,52344286,123,160,
”d––k¼•”,²—p’¬,52344287,124,162,
”d––k¼•”,²—p’¬,52344288,120,156,
”d––k¼•”,²—p’¬,52344289,124,162,
”d––k¼•”,²—p’¬,52344296,120,156,
”d––k¼•”,²—p’¬,52344297,120,156,
”d––k¼•”,²—p’¬,52344298,124,162,
”d––k¼•”,²—p’¬,52344299,125,163,
”d––k¼•”,²—p’¬,52344300,113,148,
”d––k¼•”,²—p’¬,52344301,113,147,
”d––k¼•”,²—p’¬,52344302,113,147,
”d––k¼•”,²—p’¬,52344303,113,147,
”d––k¼•”,²—p’¬,52344304,113,147,
”d––k¼•”,²—p’¬,52344305,113,147,
”d––k¼•”,²—p’¬,52344306,113,147,
”d––k¼•”,²—p’¬,52344307,113,147,
”d––k¼•”,²—p’¬,52344308,108,141,
”d––k¼•”,²—p’¬,52344310,105,137,
”d––k¼•”,²—p’¬,52344311,117,|,
”d––k¼•”,²—p’¬,52344312,117,153,
”d––k¼•”,²—p’¬,52344313,108,141,
”d––k¼•”,²—p’¬,52344314,113,147,
”d––k¼•”,²—p’¬,52344315,113,147,
”d––k¼•”,²—p’¬,52344316,109,142,
”d––k¼•”,²—p’¬,52344317,113,148,
”d––k¼•”,²—p’¬,52344318,109,142,
”d––k¼•”,²—p’¬,52344320,110,143,
”d––k¼•”,²—p’¬,52344321,113,148,
”d––k¼•”,²—p’¬,52344322,113,147,
”d––k¼•”,²—p’¬,52344323,118,154,
”d––k¼•”,²—p’¬,52344324,113,147,
”d––k¼•”,²—p’¬,52344325,113,148,
”d––k¼•”,²—p’¬,52344326,114,149,
”d––k¼•”,²—p’¬,52344327,119,155,
”d––k¼•”,²—p’¬,52344330,113,148,
”d––k¼•”,²—p’¬,52344331,109,142,
”d––k¼•”,²—p’¬,52344332,114,149,
”d––k¼•”,²—p’¬,52344333,119,155,
”d––k¼•”,²—p’¬,52344334,119,155,
”d––k¼•”,²—p’¬,52344335,120,156,
”d––k¼•”,²—p’¬,52344336,114,149,
”d––k¼•”,²—p’¬,52344337,120,|,
”d––k¼•”,²—p’¬,52344340,113,148,
”d––k¼•”,²—p’¬,52344341,113,148,
”d––k¼•”,²—p’¬,52344342,110,143,
”d––k¼•”,²—p’¬,52344343,120,156,
”d––k¼•”,²—p’¬,52344344,120,156,
”d––k¼•”,²—p’¬,52344350,113,148,
”d––k¼•”,²—p’¬,52344351,115,150,
”d––k¼•”,²—p’¬,52344352,110,144,
”d––k¼•”,²—p’¬,52344353,122,|,
”d––k¼•”,²—p’¬,52344354,122,159,
”d––k¼•”,²—p’¬,52344360,110,144,
”d––k¼•”,²—p’¬,52344361,116,151,
”d––k¼•”,²—p’¬,52344362,117,153,
”d––k¼•”,²—p’¬,52344363,122,|,
”d––k¼•”,²—p’¬,52344364,117,153,
”d––k¼•”,²—p’¬,52344370,120,156,
”d––k¼•”,²—p’¬,52344371,116,151,
”d––k¼•”,²—p’¬,52344372,118,154,
”d––k¼•”,²—p’¬,52344373,119,155,
”d––k¼•”,²—p’¬,52344374,119,155,
”d––k¼•”,²—p’¬,52344380,131,171,
”d––k¼•”,²—p’¬,52344381,117,152,
”d––k¼•”,²—p’¬,52344382,117,153,
”d––k¼•”,²—p’¬,52344383,119,155,
”d––k¼•”,²—p’¬,52344384,119,155,
”d––k¼•”,²—p’¬,52344390,131,171,
”d––k¼•”,²—p’¬,52344391,121,158,
”d––k¼•”,²—p’¬,52344392,117,153,
”d––k¼•”,²—p’¬,52344393,117,153,
”d––k¼•”,²—p’¬,52344394,118,154,
”d––k¼•”,²—p’¬,52345207,131,171,
”d––k¼•”,²—p’¬,52345208,120,157,
”d––k¼•”,²—p’¬,52345209,120,157,
”d––k¼•”,²—p’¬,52345218,122,159,
”d––k¼•”,²—p’¬,52345219,122,159,
”d––k¼•”,²—p’¬,52345228,123,160,
”d––k¼•”,²—p’¬,52345229,123,161,
”d––k¼•”,²—p’¬,52345238,122,159,
”d––k¼•”,²—p’¬,52345239,123,160,
”d––k¼•”,²—p’¬,52345249,122,159,
”d––k¼•”,²—p’¬,52345259,122,159,
”d––k¼•”,²—p’¬,52345269,129,168,
”d––k¼•”,²—p’¬,52345279,115,150,
”d––k¼•”,²—p’¬,52345300,122,159,
”d––k¼•”,²—p’¬,52345301,117,152,
”d––k¼•”,²—p’¬,52345302,117,153,
”d––k¼•”,²—p’¬,52345303,117,153,
”d––k¼•”,²—p’¬,52345304,117,152,
”d––k¼•”,²—p’¬,52345310,123,160,
”d––k¼•”,²—p’¬,52345311,122,159,
”d––k¼•”,²—p’¬,52345312,117,153,
”d––k¼•”,²—p’¬,52345313,117,153,
”d––k¼•”,²—p’¬,52345314,117,153,
”d––k¼•”,²—p’¬,52345320,123,160,
”d––k¼•”,²—p’¬,52345321,122,159,
”d––k¼•”,²—p’¬,52345322,122,159,
”d––k¼•”,²—p’¬,52345323,117,153,
”d––k¼•”,²—p’¬,52345324,133,174,
”d––k¼•”,²—p’¬,52345325,117,153,
”d––k¼•”,²—p’¬,52345330,123,160,
”d––k¼•”,²—p’¬,52345331,122,159,
”d––k¼•”,²—p’¬,52345332,122,159,
”d––k¼•”,²—p’¬,52345333,123,160,
”d––k¼•”,²—p’¬,52345334,129,168,
”d––k¼•”,²—p’¬,52345340,122,159,
”d––k¼•”,²—p’¬,52345341,122,159,
”d––k¼•”,²—p’¬,52345342,122,159,
”d––k¼•”,²—p’¬,52345343,123,160,
”d––k¼•”,²—p’¬,52345350,117,152,
”d––k¼•”,²—p’¬,52345351,122,159,
”d––k¼•”,²—p’¬,52345352,123,160,
”d––k¼•”,²—p’¬,52345360,117,153,
”d––k¼•”,²—p’¬,52345361,117,153,
”d––k¼•”,²—p’¬,52345362,136,|,
”d––k¼•”,²—p’¬,52345370,109,142,
”d––k¼•”,²—p’¬,52345371,117,153,
”d––k¼•”,²—p’¬,52345372,117,153,
”d–“ì“Œ•”,–¾ÎŽs,51347768,147,|,
”d–“ì“Œ•”,–¾ÎŽs,51347769,147,|,
”d–“ì“Œ•”,–¾ÎŽs,51347776,147,|,
”d–“ì“Œ•”,–¾ÎŽs,51347777,147,|,
”d–“ì“Œ•”,–¾ÎŽs,51347778,147,|,
”d–“ì“Œ•”,–¾ÎŽs,51347779,147,|,
”d–“ì“Œ•”,–¾ÎŽs,51347785,147,|,
”d–“ì“Œ•”,–¾ÎŽs,51347786,117,153,
”d–“ì“Œ•”,–¾ÎŽs,51347787,147,|,
”d–“ì“Œ•”,–¾ÎŽs,51347788,147,|,
”d–“ì“Œ•”,–¾ÎŽs,51347789,121,158,
”d–“ì“Œ•”,–¾ÎŽs,51347794,147,|,
”d–“ì“Œ•”,–¾ÎŽs,51347795,117,153,
”d–“ì“Œ•”,–¾ÎŽs,51347796,147,|,
”d–“ì“Œ•”,–¾ÎŽs,51347797,147,|,
”d–“ì“Œ•”,–¾ÎŽs,51357070,127,165,
”d–“ì“Œ•”,–¾ÎŽs,51357071,117,152,
”d–“ì“Œ•”,–¾ÎŽs,51357080,121,158,
”d–“ì“Œ•”,–¾ÎŽs,51357081,117,152,
”d–“ì“Œ•”,–¾ÎŽs,52340629,147,|,
”d–“ì“Œ•”,–¾ÎŽs,52340639,147,|,
”d–“ì“Œ•”,–¾ÎŽs,52340702,129,|,
”d–“ì“Œ•”,–¾ÎŽs,52340703,129,168,
”d–“ì“Œ•”,–¾ÎŽs,52340704,128,167,
”d–“ì“Œ•”,–¾ÎŽs,52340705,117,153,
”d–“ì“Œ•”,–¾ÎŽs,52340706,147,|,
”d–“ì“Œ•”,–¾ÎŽs,52340707,117,153,
”d–“ì“Œ•”,–¾ÎŽs,52340712,120,156,
”d–“ì“Œ•”,–¾ÎŽs,52340713,129,168,
”d–“ì“Œ•”,–¾ÎŽs,52340714,147,|,
”d–“ì“Œ•”,–¾ÎŽs,52340715,147,|,
”d–“ì“Œ•”,–¾ÎŽs,52340716,147,|,
”d–“ì“Œ•”,–¾ÎŽs,52340720,147,|,
”d–“ì“Œ•”,–¾ÎŽs,52340721,147,|,
”d–“ì“Œ•”,–¾ÎŽs,52340722,147,|,
”d–“ì“Œ•”,–¾ÎŽs,52340723,147,|,
”d–“ì“Œ•”,–¾ÎŽs,52340724,147,|,
”d–“ì“Œ•”,–¾ÎŽs,52340725,147,|,
”d–“ì“Œ•”,–¾ÎŽs,52340726,147,|,
”d–“ì“Œ•”,–¾ÎŽs,52340730,147,|,
”d–“ì“Œ•”,–¾ÎŽs,52340731,147,|,
”d–“ì“Œ•”,–¾ÎŽs,52340732,147,|,
”d–“ì“Œ•”,–¾ÎŽs,52340733,147,|,
”d–“ì“Œ•”,–¾ÎŽs,52340734,128,167,
”d–“ì“Œ•”,–¾ÎŽs,52340735,147,|,
”d–“ì“Œ•”,–¾ÎŽs,52340736,147,|,
”d–“ì“Œ•”,–¾ÎŽs,52340740,147,|,
”d–“ì“Œ•”,–¾ÎŽs,52340741,147,|,
”d–“ì“Œ•”,–¾ÎŽs,52340742,147,|,
”d–“ì“Œ•”,–¾ÎŽs,52340743,147,|,
”d–“ì“Œ•”,–¾ÎŽs,52340745,117,153,
”d–“ì“Œ•”,–¾ÎŽs,52340746,147,|,
”d–“ì“Œ•”,–¾ÎŽs,52340751,147,|,
”d–“ì“Œ•”,–¾ÎŽs,52340752,147,|,
”d–“ì“Œ•”,–¾ÎŽs,52340756,147,|,
”d–“ì“Œ•”,–¾ÎŽs,52340761,147,|,
”d–“ì“Œ•”,–¾ÎŽs,52340762,147,|,
”d–“ì“Œ•”,‰ÁŒÃìŽs,52340645,147,|,
”d–“ì“Œ•”,‰ÁŒÃìŽs,52340646,147,|,
”d–“ì“Œ•”,‰ÁŒÃìŽs,52340654,147,|,
”d–“ì“Œ•”,‰ÁŒÃìŽs,52340655,147,|,
”d–“ì“Œ•”,‰ÁŒÃìŽs,52340656,147,|,
”d–“ì“Œ•”,‰ÁŒÃìŽs,52340657,147,|,
”d–“ì“Œ•”,‰ÁŒÃìŽs,52340664,147,|,
”d–“ì“Œ•”,‰ÁŒÃìŽs,52340665,147,|,
”d–“ì“Œ•”,‰ÁŒÃìŽs,52340666,147,|,
”d–“ì“Œ•”,‰ÁŒÃìŽs,52340667,147,|,
”d–“ì“Œ•”,‰ÁŒÃìŽs,52340674,147,|,
”d–“ì“Œ•”,‰ÁŒÃìŽs,52340675,147,|,
”d–“ì“Œ•”,‰ÁŒÃìŽs,52340676,147,|,
”d–“ì“Œ•”,‰ÁŒÃìŽs,52340677,147,|,
”d–“ì“Œ•”,‰ÁŒÃìŽs,52340678,147,|,
”d–“ì“Œ•”,‰ÁŒÃìŽs,52340679,147,|,
”d–“ì“Œ•”,‰ÁŒÃìŽs,52340685,147,|,
”d–“ì“Œ•”,‰ÁŒÃìŽs,52340686,147,|,
”d–“ì“Œ•”,‰ÁŒÃìŽs,52340687,147,|,
”d–“ì“Œ•”,‰ÁŒÃìŽs,52340688,147,|,
”d–“ì“Œ•”,‰ÁŒÃìŽs,52340689,147,|,
”d–“ì“Œ•”,‰ÁŒÃìŽs,52340695,147,|,
”d–“ì“Œ•”,‰ÁŒÃìŽs,52340696,147,|,
”d–“ì“Œ•”,‰ÁŒÃìŽs,52340697,147,|,
”d–“ì“Œ•”,‰ÁŒÃìŽs,52340698,147,|,
”d–“ì“Œ•”,‰ÁŒÃìŽs,52340699,147,|,
”d–“ì“Œ•”,‰ÁŒÃìŽs,52340770,147,|,
”d–“ì“Œ•”,‰ÁŒÃìŽs,52340771,147,|,
”d–“ì“Œ•”,‰ÁŒÃìŽs,52340780,147,|,
”d–“ì“Œ•”,‰ÁŒÃìŽs,52340790,147,|,
”d–“ì“Œ•”,‰ÁŒÃìŽs,52341605,147,|,
”d–“ì“Œ•”,‰ÁŒÃìŽs,52341606,147,|,
”d–“ì“Œ•”,‰ÁŒÃìŽs,52341607,147,|,
”d–“ì“Œ•”,‰ÁŒÃìŽs,52341608,147,|,
”d–“ì“Œ•”,‰ÁŒÃìŽs,52341609,147,|,
”d–“ì“Œ•”,‰ÁŒÃìŽs,52341615,147,|,
”d–“ì“Œ•”,‰ÁŒÃìŽs,52341616,147,|,
”d–“ì“Œ•”,‰ÁŒÃìŽs,52341617,147,|,
”d–“ì“Œ•”,‰ÁŒÃìŽs,52341618,147,|,
”d–“ì“Œ•”,‰ÁŒÃìŽs,52341619,147,|,
”d–“ì“Œ•”,‰ÁŒÃìŽs,52341625,147,|,
”d–“ì“Œ•”,‰ÁŒÃìŽs,52341626,147,|,
”d–“ì“Œ•”,‰ÁŒÃìŽs,52341627,147,|,
”d–“ì“Œ•”,‰ÁŒÃìŽs,52341628,147,|,
”d–“ì“Œ•”,‰ÁŒÃìŽs,52341629,147,|,
”d–“ì“Œ•”,‰ÁŒÃìŽs,52341635,147,|,
”d–“ì“Œ•”,‰ÁŒÃìŽs,52341636,147,|,
”d–“ì“Œ•”,‰ÁŒÃìŽs,52341637,147,|,
”d–“ì“Œ•”,‰ÁŒÃìŽs,52341638,147,|,
”d–“ì“Œ•”,‰ÁŒÃìŽs,52341639,147,|,
”d–“ì“Œ•”,‰ÁŒÃìŽs,52341645,147,|,
”d–“ì“Œ•”,‰ÁŒÃìŽs,52341646,147,|,
”d–“ì“Œ•”,‰ÁŒÃìŽs,52341647,120,157,
”d–“ì“Œ•”,‰ÁŒÃìŽs,52341648,120,157,
”d–“ì“Œ•”,‰ÁŒÃìŽs,52341649,147,|,
”d–“ì“Œ•”,‰ÁŒÃìŽs,52341654,117,152,
”d–“ì“Œ•”,‰ÁŒÃìŽs,52341655,147,|,
”d–“ì“Œ•”,‰ÁŒÃìŽs,52341656,120,157,
”d–“ì“Œ•”,‰ÁŒÃìŽs,52341657,120,157,
”d–“ì“Œ•”,‰ÁŒÃìŽs,52341658,147,|,
”d–“ì“Œ•”,‰ÁŒÃìŽs,52341659,147,|,
”d–“ì“Œ•”,‰ÁŒÃìŽs,52341664,108,141,
”d–“ì“Œ•”,‰ÁŒÃìŽs,52341665,147,|,
”d–“ì“Œ•”,‰ÁŒÃìŽs,52341666,122,159,
”d–“ì“Œ•”,‰ÁŒÃìŽs,52341667,121,158,
”d–“ì“Œ•”,‰ÁŒÃìŽs,52341668,120,157,
”d–“ì“Œ•”,‰ÁŒÃìŽs,52341669,120,157,
”d–“ì“Œ•”,‰ÁŒÃìŽs,52341673,108,141,
”d–“ì“Œ•”,‰ÁŒÃìŽs,52341674,109,142,
”d–“ì“Œ•”,‰ÁŒÃìŽs,52341675,147,|,
”d–“ì“Œ•”,‰ÁŒÃìŽs,52341676,147,|,
”d–“ì“Œ•”,‰ÁŒÃìŽs,52341677,121,158,
”d–“ì“Œ•”,‰ÁŒÃìŽs,52341678,120,157,
”d–“ì“Œ•”,‰ÁŒÃìŽs,52341679,120,|,
”d–“ì“Œ•”,‰ÁŒÃìŽs,52341682,108,141,
”d–“ì“Œ•”,‰ÁŒÃìŽs,52341683,109,142,
”d–“ì“Œ•”,‰ÁŒÃìŽs,52341684,110,143,
”d–“ì“Œ•”,‰ÁŒÃìŽs,52341685,147,|,
”d–“ì“Œ•”,‰ÁŒÃìŽs,52341686,122,159,
”d–“ì“Œ•”,‰ÁŒÃìŽs,52341687,122,159,
”d–“ì“Œ•”,‰ÁŒÃìŽs,52341688,120,157,
”d–“ì“Œ•”,‰ÁŒÃìŽs,52341689,120,156,
”d–“ì“Œ•”,‰ÁŒÃìŽs,52341691,133,173,
”d–“ì“Œ•”,‰ÁŒÃìŽs,52341692,108,141,
”d–“ì“Œ•”,‰ÁŒÃìŽs,52341693,109,142,
”d–“ì“Œ•”,‰ÁŒÃìŽs,52341694,109,142,
”d–“ì“Œ•”,‰ÁŒÃìŽs,52341695,123,160,
”d–“ì“Œ•”,‰ÁŒÃìŽs,52341696,122,159,
”d–“ì“Œ•”,‰ÁŒÃìŽs,52341697,121,158,
”d–“ì“Œ•”,‰ÁŒÃìŽs,52341698,120,157,
”d–“ì“Œ•”,‰ÁŒÃìŽs,52341699,120,156,
”d–“ì“Œ•”,‰ÁŒÃìŽs,52341700,147,|,
”d–“ì“Œ•”,‰ÁŒÃìŽs,52341710,147,|,
”d–“ì“Œ•”,‰ÁŒÃìŽs,52341720,147,|,
”d–“ì“Œ•”,‰ÁŒÃìŽs,52341730,147,|,
”d–“ì“Œ•”,‰ÁŒÃìŽs,52341731,147,|,
”d–“ì“Œ•”,‰ÁŒÃìŽs,52341732,147,|,
”d–“ì“Œ•”,‰ÁŒÃìŽs,52341733,147,|,
”d–“ì“Œ•”,‰ÁŒÃìŽs,52341734,147,|,
”d–“ì“Œ•”,‰ÁŒÃìŽs,52341740,121,158,
”d–“ì“Œ•”,‰ÁŒÃìŽs,52341741,117,152,
”d–“ì“Œ•”,‰ÁŒÃìŽs,52341742,147,|,
”d–“ì“Œ•”,‰ÁŒÃìŽs,52341743,147,|,
”d–“ì“Œ•”,‰ÁŒÃìŽs,52341750,115,150,
”d–“ì“Œ•”,‰ÁŒÃìŽs,52341751,116,151,
”d–“ì“Œ•”,‰ÁŒÃìŽs,52341752,147,|,
”d–“ì“Œ•”,‰ÁŒÃìŽs,52341753,147,|,
”d–“ì“Œ•”,‰ÁŒÃìŽs,52341760,110,144,
”d–“ì“Œ•”,‰ÁŒÃìŽs,52341761,115,150,
”d–“ì“Œ•”,‰ÁŒÃìŽs,52341762,115,150,
”d–“ì“Œ•”,‰ÁŒÃìŽs,52341763,147,|,
”d–“ì“Œ•”,‰ÁŒÃìŽs,52341770,115,150,
”d–“ì“Œ•”,‰ÁŒÃìŽs,52341771,114,149,
”d–“ì“Œ•”,‰ÁŒÃìŽs,52341772,147,|,
”d–“ì“Œ•”,‰ÁŒÃìŽs,52341773,147,|,
”d–“ì“Œ•”,‰ÁŒÃìŽs,52341780,120,156,
”d–“ì“Œ•”,‰ÁŒÃìŽs,52341781,147,|,
”d–“ì“Œ•”,‰ÁŒÃìŽs,52341782,110,144,
”d–“ì“Œ•”,‰ÁŒÃìŽs,52341783,110,144,
”d–“ì“Œ•”,‰ÁŒÃìŽs,52341790,147,|,
”d–“ì“Œ•”,‰ÁŒÃìŽs,52342602,113,147,
”d–“ì“Œ•”,‰ÁŒÃìŽs,52342603,108,141,
”d–“ì“Œ•”,‰ÁŒÃìŽs,52342604,118,154,
”d–“ì“Œ•”,‰ÁŒÃìŽs,52342605,123,160,
”d–“ì“Œ•”,‰ÁŒÃìŽs,52342606,122,159,
”d–“ì“Œ•”,‰ÁŒÃìŽs,52342607,122,159,
”d–“ì“Œ•”,‰ÁŒÃìŽs,52342608,120,157,
”d–“ì“Œ•”,‰ÁŒÃìŽs,52342609,120,156,
”d–“ì“Œ•”,‰ÁŒÃìŽs,52342614,117,153,
”d–“ì“Œ•”,‰ÁŒÃìŽs,52342615,117,153,
”d–“ì“Œ•”,‰ÁŒÃìŽs,52342616,122,159,
”d–“ì“Œ•”,‰ÁŒÃìŽs,52342617,121,158,
”d–“ì“Œ•”,‰ÁŒÃìŽs,52342618,120,157,
”d–“ì“Œ•”,‰ÁŒÃìŽs,52342624,147,192,
”d–“ì“Œ•”,‰ÁŒÃìŽs,52342625,133,174,
”d–“ì“Œ•”,‰ÁŒÃìŽs,52342626,133,174,
”d–“ì“Œ•”,‰ÁŒÃìŽs,52342634,147,192,
”d–“ì“Œ•”,‰ÁŒÃìŽs,52342700,100,131,
”d–“ì“Œ•”,ŽO–ØŽs,52341727,147,|,
”d–“ì“Œ•”,ŽO–ØŽs,52341728,147,|,
”d–“ì“Œ•”,ŽO–ØŽs,52341735,147,|,
”d–“ì“Œ•”,ŽO–ØŽs,52341736,147,|,
”d–“ì“Œ•”,ŽO–ØŽs,52341737,147,|,
”d–“ì“Œ•”,ŽO–ØŽs,52341738,147,|,
”d–“ì“Œ•”,ŽO–ØŽs,52341739,147,|,
”d–“ì“Œ•”,ŽO–ØŽs,52341744,147,|,
”d–“ì“Œ•”,ŽO–ØŽs,52341745,106,138,
”d–“ì“Œ•”,ŽO–ØŽs,52341746,147,|,
”d–“ì“Œ•”,ŽO–ØŽs,52341747,111,145,
”d–“ì“Œ•”,ŽO–ØŽs,52341748,113,147,
”d–“ì“Œ•”,ŽO–ØŽs,52341749,114,149,
”d–“ì“Œ•”,ŽO–ØŽs,52341754,107,139,
”d–“ì“Œ•”,ŽO–ØŽs,52341755,107,139,
”d–“ì“Œ•”,ŽO–ØŽs,52341756,147,|,
”d–“ì“Œ•”,ŽO–ØŽs,52341757,107,139,
”d–“ì“Œ•”,ŽO–ØŽs,52341758,113,147,
”d–“ì“Œ•”,ŽO–ØŽs,52341759,110,143,
”d–“ì“Œ•”,ŽO–ØŽs,52341764,111,145,
”d–“ì“Œ•”,ŽO–ØŽs,52341765,107,139,
”d–“ì“Œ•”,ŽO–ØŽs,52341766,147,|,
”d–“ì“Œ•”,ŽO–ØŽs,52341767,147,|,
”d–“ì“Œ•”,ŽO–ØŽs,52341768,107,140,
”d–“ì“Œ•”,ŽO–ØŽs,52341769,109,142,
”d–“ì“Œ•”,ŽO–ØŽs,52341776,147,|,
”d–“ì“Œ•”,ŽO–ØŽs,52341777,107,140,
”d–“ì“Œ•”,ŽO–ØŽs,52341778,112,146,
”d–“ì“Œ•”,ŽO–ØŽs,52341779,147,|,
”d–“ì“Œ•”,ŽO–ØŽs,52341788,147,|,
”d–“ì“Œ•”,ŽO–ØŽs,52341789,147,|,
”d–“ì“Œ•”,ŽO–ØŽs,52351020,147,|,
”d–“ì“Œ•”,ŽO–ØŽs,52351021,115,150,
”d–“ì“Œ•”,ŽO–ØŽs,52351022,120,156,
”d–“ì“Œ•”,ŽO–ØŽs,52351023,127,|,
”d–“ì“Œ•”,ŽO–ØŽs,52351024,127,|,
”d–“ì“Œ•”,ŽO–ØŽs,52351025,127,165,
”d–“ì“Œ•”,ŽO–ØŽs,52351030,147,|,
”d–“ì“Œ•”,ŽO–ØŽs,52351031,116,151,
”d–“ì“Œ•”,ŽO–ØŽs,52351032,116,151,
”d–“ì“Œ•”,ŽO–ØŽs,52351033,127,|,
”d–“ì“Œ•”,ŽO–ØŽs,52351034,121,158,
”d–“ì“Œ•”,ŽO–ØŽs,52351035,126,164,
”d–“ì“Œ•”,ŽO–ØŽs,52351036,127,|,
”d–“ì“Œ•”,ŽO–ØŽs,52351040,110,144,
”d–“ì“Œ•”,ŽO–ØŽs,52351041,116,151,
”d–“ì“Œ•”,ŽO–ØŽs,52351042,127,|,
”d–“ì“Œ•”,ŽO–ØŽs,52351043,127,|,
”d–“ì“Œ•”,ŽO–ØŽs,52351044,120,157,
”d–“ì“Œ•”,ŽO–ØŽs,52351045,127,165,
”d–“ì“Œ•”,ŽO–ØŽs,52351046,127,166,
”d–“ì“Œ•”,ŽO–ØŽs,52351047,127,|,
”d–“ì“Œ•”,ŽO–ØŽs,52351050,110,144,
”d–“ì“Œ•”,ŽO–ØŽs,52351051,115,150,
”d–“ì“Œ•”,ŽO–ØŽs,52351052,127,|,
”d–“ì“Œ•”,ŽO–ØŽs,52351053,120,156,
”d–“ì“Œ•”,ŽO–ØŽs,52351054,120,157,
”d–“ì“Œ•”,ŽO–ØŽs,52351055,127,165,
”d–“ì“Œ•”,ŽO–ØŽs,52351056,127,166,
”d–“ì“Œ•”,ŽO–ØŽs,52351060,110,143,
”d–“ì“Œ•”,ŽO–ØŽs,52351061,119,155,
”d–“ì“Œ•”,ŽO–ØŽs,52351062,114,149,
”d–“ì“Œ•”,ŽO–ØŽs,52351063,120,156,
”d–“ì“Œ•”,ŽO–ØŽs,52351064,121,158,
”d–“ì“Œ•”,ŽO–ØŽs,52351065,120,157,
”d–“ì“Œ•”,ŽO–ØŽs,52351070,147,|,
”d–“ì“Œ•”,ŽO–ØŽs,52351071,119,155,
”d–“ì“Œ•”,ŽO–ØŽs,52351072,114,149,
”d–“ì“Œ•”,ŽO–ØŽs,52351073,120,156,
”d–“ì“Œ•”,ŽO–ØŽs,52351074,125,|,
”d–“ì“Œ•”,ŽO–ØŽs,52351075,125,|,
”d–“ì“Œ•”,ŽO–ØŽs,52351080,147,|,
”d–“ì“Œ•”,ŽO–ØŽs,52351081,108,141,
”d–“ì“Œ•”,ŽO–ØŽs,52351082,109,142,
”d–“ì“Œ•”,ŽO–ØŽs,52351083,115,150,
”d–“ì“Œ•”,ŽO–ØŽs,52351084,115,150,
”d–“ì“Œ•”,ŽO–ØŽs,52351085,125,|,
”d–“ì“Œ•”,ŽO–ØŽs,52351086,125,|,
”d–“ì“Œ•”,ŽO–ØŽs,52351090,147,|,
”d–“ì“Œ•”,ŽO–ØŽs,52351091,147,|,
”d–“ì“Œ•”,ŽO–ØŽs,52351092,110,144,
”d–“ì“Œ•”,ŽO–ØŽs,52351093,115,150,
”d–“ì“Œ•”,ŽO–ØŽs,52351094,115,150,
”d–“ì“Œ•”,ŽO–ØŽs,52351095,120,157,
”d–“ì“Œ•”,ŽO–ØŽs,52351096,122,159,
”d–“ì“Œ•”,ŽO–ØŽs,52352000,108,141,
”d–“ì“Œ•”,ŽO–ØŽs,52352001,109,142,
”d–“ì“Œ•”,ŽO–ØŽs,52352002,110,144,
”d–“ì“Œ•”,ŽO–ØŽs,52352003,114,149,
”d–“ì“Œ•”,ŽO–ØŽs,52352004,114,149,
”d–“ì“Œ•”,ŽO–ØŽs,52352005,114,149,
”d–“ì“Œ•”,ŽO–ØŽs,52352006,120,157,
”d–“ì“Œ•”,ŽO–ØŽs,52352007,125,163,
”d–“ì“Œ•”,ŽO–ØŽs,52352010,108,141,
”d–“ì“Œ•”,ŽO–ØŽs,52352011,108,141,
”d–“ì“Œ•”,ŽO–ØŽs,52352012,110,143,
”d–“ì“Œ•”,ŽO–ØŽs,52352013,109,142,
”d–“ì“Œ•”,ŽO–ØŽs,52352014,114,149,
”d–“ì“Œ•”,ŽO–ØŽs,52352015,114,149,
”d–“ì“Œ•”,ŽO–ØŽs,52352016,133,|,
”d–“ì“Œ•”,ŽO–ØŽs,52352017,124,162,
”d–“ì“Œ•”,ŽO–ØŽs,52352018,125,163,
”d–“ì“Œ•”,ŽO–ØŽs,52352019,124,162,
”d–“ì“Œ•”,ŽO–ØŽs,52352021,147,|,
”d–“ì“Œ•”,ŽO–ØŽs,52352022,127,166,
”d–“ì“Œ•”,ŽO–ØŽs,52352023,135,|,
”d–“ì“Œ•”,ŽO–ØŽs,52352024,135,|,
”d–“ì“Œ•”,ŽO–ØŽs,52352025,123,161,
”d–“ì“Œ•”,ŽO–ØŽs,52352026,130,169,
”d–“ì“Œ•”,ŽO–ØŽs,52352027,133,|,
”d–“ì“Œ•”,ŽO–ØŽs,52352028,133,|,
”d–“ì“Œ•”,ŽO–ØŽs,52352029,129,168,
”d–“ì“Œ•”,ŽO–ØŽs,52352034,128,167,
”d–“ì“Œ•”,ŽO–ØŽs,52352035,133,174,
”d–“ì“Œ•”,ŽO–ØŽs,52352036,133,|,
”d–“ì“Œ•”,ŽO–ØŽs,52352037,130,169,
”d–“ì“Œ•”,ŽO–ØŽs,52352038,130,169,
”d–“ì“Œ•”,ŽO–ØŽs,52352039,129,168,
”d–“ì“Œ•”,ŽO–ØŽs,52352045,133,174,
”d–“ì“Œ•”,ŽO–ØŽs,52352046,129,168,
”d–“ì“Œ•”,ŽO–ØŽs,52352047,130,169,
”d–“ì“Œ•”,ŽO–ØŽs,52352048,130,170,
”d–“ì“Œ•”,ŽO–ØŽs,52352049,130,170,
”d–“ì“Œ•”,ŽO–ØŽs,52352055,135,|,
”d–“ì“Œ•”,ŽO–ØŽs,52352056,133,174,
”d–“ì“Œ•”,ŽO–ØŽs,52352057,135,176,
”d–“ì“Œ•”,ŽO–ØŽs,52352058,135,|,
”d–“ì“Œ•”,ŽO–ØŽs,52352059,131,171,
”d–“ì“Œ•”,ŽO–ØŽs,52352067,129,168,
”d–“ì“Œ•”,ŽO–ØŽs,52352068,131,171,
”d–“ì“Œ•”,ŽO–ØŽs,52352069,131,171,
”d–“ì“Œ•”,ŽO–ØŽs,52352078,131,171,
”d–“ì“Œ•”,ŽO–ØŽs,52352079,131,|,
”d–“ì“Œ•”,ŽO–ØŽs,52352088,129,168,
”d–“ì“Œ•”,ŽO–ØŽs,52352089,131,|,
”d–“ì“Œ•”,ŽO–ØŽs,52352098,129,168,
”d–“ì“Œ•”,ŽO–ØŽs,52352099,129,168,
”d–“ì“Œ•”,ŽO–ØŽs,52352100,124,162,
”d–“ì“Œ•”,ŽO–ØŽs,52352101,124,162,
”d–“ì“Œ•”,ŽO–ØŽs,52352110,124,162,
”d–“ì“Œ•”,ŽO–ØŽs,52352111,124,162,
”d–“ì“Œ•”,ŽO–ØŽs,52352112,120,156,
”d–“ì“Œ•”,ŽO–ØŽs,52352120,129,168,
”d–“ì“Œ•”,ŽO–ØŽs,52352121,129,168,
”d–“ì“Œ•”,ŽO–ØŽs,52352122,130,169,
”d–“ì“Œ•”,ŽO–ØŽs,52352130,124,162,
”d–“ì“Œ•”,ŽO–ØŽs,52352131,129,168,
”d–“ì“Œ•”,ŽO–ØŽs,52352132,129,168,
”d–“ì“Œ•”,ŽO–ØŽs,52352140,129,168,
”d–“ì“Œ•”,ŽO–ØŽs,52352141,123,161,
”d–“ì“Œ•”,ŽO–ØŽs,52352142,129,168,
”d–“ì“Œ•”,ŽO–ØŽs,52352150,131,171,
”d–“ì“Œ•”,ŽO–ØŽs,52352151,124,162,
”d–“ì“Œ•”,ŽO–ØŽs,52352152,124,162,
”d–“ì“Œ•”,ŽO–ØŽs,52352160,131,171,
”d–“ì“Œ•”,ŽO–ØŽs,52352161,129,168,
”d–“ì“Œ•”,ŽO–ØŽs,52352162,129,168,
”d–“ì“Œ•”,ŽO–ØŽs,52352170,124,162,
”d–“ì“Œ•”,ŽO–ØŽs,52352171,131,|,
”d–“ì“Œ•”,ŽO–ØŽs,52352172,129,168,
”d–“ì“Œ•”,ŽO–ØŽs,52352180,130,169,
”d–“ì“Œ•”,ŽO–ØŽs,52352181,131,|,
”d–“ì“Œ•”,ŽO–ØŽs,52352182,129,168,
”d–“ì“Œ•”,ŽO–ØŽs,52352190,129,168,
”d–“ì“Œ•”,ŽO–ØŽs,52352191,130,169,
”d–“ì“Œ•”,ŽO–ØŽs,52353009,129,168,
”d–“ì“Œ•”,ŽO–ØŽs,52353100,129,168,
”d–“ì“Œ•”,ŽO–ØŽs,52353101,130,169,
”d–“ì“Œ•”,ŽO–ØŽs,52353110,129,168,
”d–“ì“Œ•”,ŽO–ØŽs,52353111,129,168,
”d–“ì“Œ•”,ŽO–ØŽs,52353121,129,168,
”d–“ì“Œ•”,‚»Žs,52340673,147,|,
”d–“ì“Œ•”,‚»Žs,52340682,147,|,
”d–“ì“Œ•”,‚»Žs,52340683,147,|,
”d–“ì“Œ•”,‚»Žs,52340684,147,|,
”d–“ì“Œ•”,‚»Žs,52340690,147,|,
”d–“ì“Œ•”,‚»Žs,52340691,147,|,
”d–“ì“Œ•”,‚»Žs,52340692,147,|,
”d–“ì“Œ•”,‚»Žs,52340693,147,|,
”d–“ì“Œ•”,‚»Žs,52340694,147,|,
”d–“ì“Œ•”,‚»Žs,52341600,147,|,
”d–“ì“Œ•”,‚»Žs,52341601,147,|,
”d–“ì“Œ•”,‚»Žs,52341602,147,|,
”d–“ì“Œ•”,‚»Žs,52341603,147,|,
”d–“ì“Œ•”,‚»Žs,52341604,147,|,
”d–“ì“Œ•”,‚»Žs,52341611,147,|,
”d–“ì“Œ•”,‚»Žs,52341612,147,|,
”d–“ì“Œ•”,‚»Žs,52341613,147,|,
”d–“ì“Œ•”,‚»Žs,52341614,147,|,
”d–“ì“Œ•”,‚»Žs,52341621,147,|,
”d–“ì“Œ•”,‚»Žs,52341622,147,|,
”d–“ì“Œ•”,‚»Žs,52341623,117,153,
”d–“ì“Œ•”,‚»Žs,52341624,147,|,
”d–“ì“Œ•”,‚»Žs,52341631,128,167,
”d–“ì“Œ•”,‚»Žs,52341632,117,153,
”d–“ì“Œ•”,‚»Žs,52341633,117,153,
”d–“ì“Œ•”,‚»Žs,52341634,117,152,
”d–“ì“Œ•”,‚»Žs,52341640,127,166,
”d–“ì“Œ•”,‚»Žs,52341641,127,166,
”d–“ì“Œ•”,‚»Žs,52341642,117,153,
”d–“ì“Œ•”,‚»Žs,52341643,117,153,
”d–“ì“Œ•”,‚»Žs,52341644,147,|,
”d–“ì“Œ•”,‚»Žs,52341650,117,153,
”d–“ì“Œ•”,‚»Žs,52341651,128,167,
”d–“ì“Œ•”,‚»Žs,52341652,117,152,
”d–“ì“Œ•”,‚»Žs,52341653,117,153,
”d–“ì“Œ•”,‚»Žs,52341662,133,174,
”d–“ì“Œ•”,‚»Žs,52341663,108,141,
”d–“ì“Œ•”,‚»Žs,52341672,108,141,
”d–“ì“Œ•”,¬–ìŽs,52341774,147,|,
”d–“ì“Œ•”,¬–ìŽs,52341775,147,|,
”d–“ì“Œ•”,¬–ìŽs,52341784,147,|,
”d–“ì“Œ•”,¬–ìŽs,52341785,147,|,
”d–“ì“Œ•”,¬–ìŽs,52341786,107,139,
”d–“ì“Œ•”,¬–ìŽs,52341787,112,146,
”d–“ì“Œ•”,¬–ìŽs,52341791,115,150,
”d–“ì“Œ•”,¬–ìŽs,52341792,110,144,
”d–“ì“Œ•”,¬–ìŽs,52341793,110,144,
”d–“ì“Œ•”,¬–ìŽs,52341794,147,|,
”d–“ì“Œ•”,¬–ìŽs,52341795,110,144,
”d–“ì“Œ•”,¬–ìŽs,52341796,147,|,
”d–“ì“Œ•”,¬–ìŽs,52341797,112,146,
”d–“ì“Œ•”,¬–ìŽs,52341798,147,|,
”d–“ì“Œ•”,¬–ìŽs,52341799,147,|,
”d–“ì“Œ•”,¬–ìŽs,52342701,147,|,
”d–“ì“Œ•”,¬–ìŽs,52342702,110,144,
”d–“ì“Œ•”,¬–ìŽs,52342703,115,150,
”d–“ì“Œ•”,¬–ìŽs,52342704,147,|,
”d–“ì“Œ•”,¬–ìŽs,52342705,147,|,
”d–“ì“Œ•”,¬–ìŽs,52342706,107,139,
”d–“ì“Œ•”,¬–ìŽs,52342707,112,146,
”d–“ì“Œ•”,¬–ìŽs,52342708,107,140,
”d–“ì“Œ•”,¬–ìŽs,52342709,147,|,
”d–“ì“Œ•”,¬–ìŽs,52342711,125,163,
”d–“ì“Œ•”,¬–ìŽs,52342712,115,150,
”d–“ì“Œ•”,¬–ìŽs,52342713,147,|,
”d–“ì“Œ•”,¬–ìŽs,52342714,117,152,
”d–“ì“Œ•”,¬–ìŽs,52342715,147,|,
”d–“ì“Œ•”,¬–ìŽs,52342716,111,145,
”d–“ì“Œ•”,¬–ìŽs,52342717,107,139,
”d–“ì“Œ•”,¬–ìŽs,52342718,107,140,
”d–“ì“Œ•”,¬–ìŽs,52342719,147,|,
”d–“ì“Œ•”,¬–ìŽs,52342721,126,164,
”d–“ì“Œ•”,¬–ìŽs,52342722,117,152,
”d–“ì“Œ•”,¬–ìŽs,52342723,147,|,
”d–“ì“Œ•”,¬–ìŽs,52342724,147,|,
”d–“ì“Œ•”,¬–ìŽs,52342725,147,|,
”d–“ì“Œ•”,¬–ìŽs,52342726,127,165,
”d–“ì“Œ•”,¬–ìŽs,52342727,127,165,
”d–“ì“Œ•”,¬–ìŽs,52342728,127,166,
”d–“ì“Œ•”,¬–ìŽs,52342729,127,165,
”d–“ì“Œ•”,¬–ìŽs,52342731,131,171,
”d–“ì“Œ•”,¬–ìŽs,52342732,147,|,
”d–“ì“Œ•”,¬–ìŽs,52342733,147,|,
”d–“ì“Œ•”,¬–ìŽs,52342734,147,|,
”d–“ì“Œ•”,¬–ìŽs,52342735,147,|,
”d–“ì“Œ•”,¬–ìŽs,52342736,147,|,
”d–“ì“Œ•”,¬–ìŽs,52342737,147,|,
”d–“ì“Œ•”,¬–ìŽs,52342738,147,|,
”d–“ì“Œ•”,¬–ìŽs,52342739,127,165,
”d–“ì“Œ•”,¬–ìŽs,52342742,120,157,
”d–“ì“Œ•”,¬–ìŽs,52342743,147,|,
”d–“ì“Œ•”,¬–ìŽs,52342744,147,|,
”d–“ì“Œ•”,¬–ìŽs,52342745,147,|,
”d–“ì“Œ•”,¬–ìŽs,52342746,147,|,
”d–“ì“Œ•”,¬–ìŽs,52342747,147,|,
”d–“ì“Œ•”,¬–ìŽs,52342748,147,|,
”d–“ì“Œ•”,¬–ìŽs,52342749,147,|,
”d–“ì“Œ•”,¬–ìŽs,52342752,132,172,
”d–“ì“Œ•”,¬–ìŽs,52342753,147,|,
”d–“ì“Œ•”,¬–ìŽs,52342754,147,|,
”d–“ì“Œ•”,¬–ìŽs,52342755,147,|,
”d–“ì“Œ•”,¬–ìŽs,52342756,147,|,
”d–“ì“Œ•”,¬–ìŽs,52342757,147,|,
”d–“ì“Œ•”,¬–ìŽs,52342758,147,|,
”d–“ì“Œ•”,¬–ìŽs,52342759,147,|,
”d–“ì“Œ•”,¬–ìŽs,52342762,147,|,
”d–“ì“Œ•”,¬–ìŽs,52342763,147,|,
”d–“ì“Œ•”,¬–ìŽs,52342764,147,|,
”d–“ì“Œ•”,¬–ìŽs,52342767,147,|,
”d–“ì“Œ•”,¬–ìŽs,52342768,147,|,
”d–“ì“Œ•”,¬–ìŽs,52342769,147,|,
”d–“ì“Œ•”,¬–ìŽs,52342772,147,|,
”d–“ì“Œ•”,¬–ìŽs,52342773,147,|,
”d–“ì“Œ•”,¬–ìŽs,52342774,147,|,
”d–“ì“Œ•”,¬–ìŽs,52342778,147,|,
”d–“ì“Œ•”,¬–ìŽs,52342779,147,|,
”d–“ì“Œ•”,¬–ìŽs,52342782,147,|,
”d–“ì“Œ•”,¬–ìŽs,52342783,147,|,
”d–“ì“Œ•”,¬–ìŽs,52342784,147,|,
”d–“ì“Œ•”,¬–ìŽs,52352020,147,|,
”d–“ì“Œ•”,¬–ìŽs,52352030,147,|,
”d–“ì“Œ•”,¬–ìŽs,52352031,140,182,
”d–“ì“Œ•”,¬–ìŽs,52352040,139,181,
”d–“ì“Œ•”,¬–ìŽs,52352041,140,182,
”d–“ì“Œ•”,¬–ìŽs,52352050,147,|,
”d–“ì“Œ•”,¬–ìŽs,52352051,147,|,
”d–“ì“Œ•”,¬–ìŽs,52352060,139,181,
”d–“ì“Œ•”,‰Á¼Žs,52342619,120,156,
”d–“ì“Œ•”,‰Á¼Žs,52342627,133,173,
”d–“ì“Œ•”,‰Á¼Žs,52342628,147,|,
”d–“ì“Œ•”,‰Á¼Žs,52342629,147,|,
”d–“ì“Œ•”,‰Á¼Žs,52342635,133,174,
”d–“ì“Œ•”,‰Á¼Žs,52342636,133,174,
”d–“ì“Œ•”,‰Á¼Žs,52342637,147,|,
”d–“ì“Œ•”,‰Á¼Žs,52342638,147,|,
”d–“ì“Œ•”,‰Á¼Žs,52342639,147,|,
”d–“ì“Œ•”,‰Á¼Žs,52342645,133,174,
”d–“ì“Œ•”,‰Á¼Žs,52342646,133,174,
”d–“ì“Œ•”,‰Á¼Žs,52342647,133,174,
”d–“ì“Œ•”,‰Á¼Žs,52342648,147,|,
”d–“ì“Œ•”,‰Á¼Žs,52342649,147,|,
”d–“ì“Œ•”,‰Á¼Žs,52342654,147,192,
”d–“ì“Œ•”,‰Á¼Žs,52342655,133,174,
”d–“ì“Œ•”,‰Á¼Žs,52342656,134,175,
”d–“ì“Œ•”,‰Á¼Žs,52342657,133,174,
”d–“ì“Œ•”,‰Á¼Žs,52342658,147,|,
”d–“ì“Œ•”,‰Á¼Žs,52342659,147,|,
”d–“ì“Œ•”,‰Á¼Žs,52342663,147,192,
”d–“ì“Œ•”,‰Á¼Žs,52342664,147,192,
”d–“ì“Œ•”,‰Á¼Žs,52342665,134,175,
”d–“ì“Œ•”,‰Á¼Žs,52342666,147,|,
”d–“ì“Œ•”,‰Á¼Žs,52342667,147,|,
”d–“ì“Œ•”,‰Á¼Žs,52342668,147,|,
”d–“ì“Œ•”,‰Á¼Žs,52342669,147,|,
”d–“ì“Œ•”,‰Á¼Žs,52342673,147,192,
”d–“ì“Œ•”,‰Á¼Žs,52342674,147,192,
”d–“ì“Œ•”,‰Á¼Žs,52342675,147,|,
”d–“ì“Œ•”,‰Á¼Žs,52342676,147,|,
”d–“ì“Œ•”,‰Á¼Žs,52342677,147,|,
”d–“ì“Œ•”,‰Á¼Žs,52342678,147,|,
”d–“ì“Œ•”,‰Á¼Žs,52342679,147,|,
”d–“ì“Œ•”,‰Á¼Žs,52342684,108,141,
”d–“ì“Œ•”,‰Á¼Žs,52342685,147,|,
”d–“ì“Œ•”,‰Á¼Žs,52342686,147,|,
”d–“ì“Œ•”,‰Á¼Žs,52342687,147,|,
”d–“ì“Œ•”,‰Á¼Žs,52342688,147,|,
”d–“ì“Œ•”,‰Á¼Žs,52342689,147,|,
”d–“ì“Œ•”,‰Á¼Žs,52342694,109,142,
”d–“ì“Œ•”,‰Á¼Žs,52342695,147,|,
”d–“ì“Œ•”,‰Á¼Žs,52342696,147,|,
”d–“ì“Œ•”,‰Á¼Žs,52342697,147,|,
”d–“ì“Œ•”,‰Á¼Žs,52342698,147,|,
”d–“ì“Œ•”,‰Á¼Žs,52342699,133,174,
”d–“ì“Œ•”,‰Á¼Žs,52342710,147,|,
”d–“ì“Œ•”,‰Á¼Žs,52342720,147,|,
”d–“ì“Œ•”,‰Á¼Žs,52342730,147,|,
”d–“ì“Œ•”,‰Á¼Žs,52342740,147,|,
”d–“ì“Œ•”,‰Á¼Žs,52342741,147,|,
”d–“ì“Œ•”,‰Á¼Žs,52342750,147,|,
”d–“ì“Œ•”,‰Á¼Žs,52342751,147,|,
”d–“ì“Œ•”,‰Á¼Žs,52342760,147,|,
”d–“ì“Œ•”,‰Á¼Žs,52342761,147,|,
”d–“ì“Œ•”,‰Á¼Žs,52342770,147,|,
”d–“ì“Œ•”,‰Á¼Žs,52342771,147,|,
”d–“ì“Œ•”,‰Á¼Žs,52342780,147,|,
”d–“ì“Œ•”,‰Á¼Žs,52342781,121,158,
”d–“ì“Œ•”,‰Á¼Žs,52342790,147,|,
”d–“ì“Œ•”,‰Á¼Žs,52342791,147,|,
”d–“ì“Œ•”,‰Á¼Žs,52343604,147,|,
”d–“ì“Œ•”,‰Á¼Žs,52343605,135,176,
”d–“ì“Œ•”,‰Á¼Žs,52343606,147,|,
”d–“ì“Œ•”,‰Á¼Žs,52343607,136,177,
”d–“ì“Œ•”,‰Á¼Žs,52343608,135,176,
”d–“ì“Œ•”,‰Á¼Žs,52343609,147,|,
”d–“ì“Œ•”,‰Á¼Žs,52343614,108,141,
”d–“ì“Œ•”,‰Á¼Žs,52343615,147,|,
”d–“ì“Œ•”,‰Á¼Žs,52343616,136,177,
”d–“ì“Œ•”,‰Á¼Žs,52343617,137,178,
”d–“ì“Œ•”,‰Á¼Žs,52343618,136,177,
”d–“ì“Œ•”,‰Á¼Žs,52343619,147,|,
”d–“ì“Œ•”,‰Á¼Žs,52343624,108,141,
”d–“ì“Œ•”,‰Á¼Žs,52343625,134,175,
”d–“ì“Œ•”,‰Á¼Žs,52343626,147,|,
”d–“ì“Œ•”,‰Á¼Žs,52343627,136,177,
”d–“ì“Œ•”,‰Á¼Žs,52343628,136,177,
”d–“ì“Œ•”,‰Á¼Žs,52343629,147,|,
”d–“ì“Œ•”,‰Á¼Žs,52343634,108,141,
”d–“ì“Œ•”,‰Á¼Žs,52343635,133,174,
”d–“ì“Œ•”,‰Á¼Žs,52343636,135,176,
”d–“ì“Œ•”,‰Á¼Žs,52343637,136,177,
”d–“ì“Œ•”,‰Á¼Žs,52343638,135,176,
”d–“ì“Œ•”,‰Á¼Žs,52343639,135,176,
”d–“ì“Œ•”,‰Á¼Žs,52343644,139,181,
”d–“ì“Œ•”,‰Á¼Žs,52343645,113,147,
”d–“ì“Œ•”,‰Á¼Žs,52343646,113,147,
”d–“ì“Œ•”,‰Á¼Žs,52343647,113,148,
”d–“ì“Œ•”,‰Á¼Žs,52343648,140,183,
”d–“ì“Œ•”,‰Á¼Žs,52343649,119,155,
”d–“ì“Œ•”,‰Á¼Žs,52343654,133,173,
”d–“ì“Œ•”,‰Á¼Žs,52343655,113,147,
”d–“ì“Œ•”,‰Á¼Žs,52343656,113,147,
”d–“ì“Œ•”,‰Á¼Žs,52343657,113,148,
”d–“ì“Œ•”,‰Á¼Žs,52343658,115,150,
”d–“ì“Œ•”,‰Á¼Žs,52343659,120,156,
”d–“ì“Œ•”,‰Á¼Žs,52343665,113,147,
”d–“ì“Œ•”,‰Á¼Žs,52343666,113,148,
”d–“ì“Œ•”,‰Á¼Žs,52343667,119,155,
”d–“ì“Œ•”,‰Á¼Žs,52343668,120,156,
”d–“ì“Œ•”,‰Á¼Žs,52343669,126,164,
”d–“ì“Œ•”,‰Á¼Žs,52343675,135,176,
”d–“ì“Œ•”,‰Á¼Žs,52343676,113,148,
”d–“ì“Œ•”,‰Á¼Žs,52343677,148,193,
”d–“ì“Œ•”,‰Á¼Žs,52343678,125,163,
”d–“ì“Œ•”,‰Á¼Žs,52343679,126,164,
”d–“ì“Œ•”,‰Á¼Žs,52343685,136,177,
”d–“ì“Œ•”,‰Á¼Žs,52343686,136,177,
”d–“ì“Œ•”,‰Á¼Žs,52343687,119,155,
”d–“ì“Œ•”,‰Á¼Žs,52343688,124,162,
”d–“ì“Œ•”,‰Á¼Žs,52343697,143,186,
”d–“ì“Œ•”,‰Á¼Žs,52343698,115,150,
”d–“ì“Œ•”,‰Á¼Žs,52343700,147,|,
”d–“ì“Œ•”,‰Á¼Žs,52343701,147,|,
”d–“ì“Œ•”,‰Á¼Žs,52343702,147,|,
”d–“ì“Œ•”,‰Á¼Žs,52343710,147,|,
”d–“ì“Œ•”,‰Á¼Žs,52343711,147,|,
”d–“ì“Œ•”,‰Á¼Žs,52343720,147,|,
”d–“ì“Œ•”,‰Á¼Žs,52343721,147,|,
”d–“ì“Œ•”,‰Á¼Žs,52343722,147,|,
”d–“ì“Œ•”,‰Á¼Žs,52343723,127,165,
”d–“ì“Œ•”,‰Á¼Žs,52343724,121,158,
”d–“ì“Œ•”,‰Á¼Žs,52343730,147,|,
”d–“ì“Œ•”,‰Á¼Žs,52343731,122,159,
”d–“ì“Œ•”,‰Á¼Žs,52343732,147,|,
”d–“ì“Œ•”,‰Á¼Žs,52343733,147,|,
”d–“ì“Œ•”,‰Á¼Žs,52343734,121,158,
”d–“ì“Œ•”,‰Á¼Žs,52343740,130,169,
”d–“ì“Œ•”,‰Á¼Žs,52343741,129,168,
”d–“ì“Œ•”,‰Á¼Žs,52343742,127,166,
”d–“ì“Œ•”,‰Á¼Žs,52343743,127,165,
”d–“ì“Œ•”,‰Á¼Žs,52343744,127,165,
”d–“ì“Œ•”,‰Á¼Žs,52343750,124,162,
”d–“ì“Œ•”,‰Á¼Žs,52343751,129,168,
”d–“ì“Œ•”,‰Á¼Žs,52343760,131,171,
”d–“ì“Œ•”,‰Á¼Žs,52343770,131,171,
”d–“ì“Œ•”,‰Á¼Žs,52344607,143,186,
”d–“ì“Œ•”,‰Á¼Žs,52344608,142,185,
”d–“ì“Œ•”,‰Á¼Žs,52344617,137,178,
”d–“ì“Œ•”,‰Á“ŒŽs,52342765,147,|,
”d–“ì“Œ•”,‰Á“ŒŽs,52342766,147,|,
”d–“ì“Œ•”,‰Á“ŒŽs,52342775,147,|,
”d–“ì“Œ•”,‰Á“ŒŽs,52342776,147,|,
”d–“ì“Œ•”,‰Á“ŒŽs,52342777,147,|,
”d–“ì“Œ•”,‰Á“ŒŽs,52342785,147,|,
”d–“ì“Œ•”,‰Á“ŒŽs,52342786,147,|,
”d–“ì“Œ•”,‰Á“ŒŽs,52342787,147,|,
”d–“ì“Œ•”,‰Á“ŒŽs,52342788,147,|,
”d–“ì“Œ•”,‰Á“ŒŽs,52342789,147,|,
”d–“ì“Œ•”,‰Á“ŒŽs,52342792,147,|,
”d–“ì“Œ•”,‰Á“ŒŽs,52342793,147,|,
”d–“ì“Œ•”,‰Á“ŒŽs,52342794,147,|,
”d–“ì“Œ•”,‰Á“ŒŽs,52342795,147,|,
”d–“ì“Œ•”,‰Á“ŒŽs,52342796,147,|,
”d–“ì“Œ•”,‰Á“ŒŽs,52342797,147,|,
”d–“ì“Œ•”,‰Á“ŒŽs,52342798,147,|,
”d–“ì“Œ•”,‰Á“ŒŽs,52342799,147,|,
”d–“ì“Œ•”,‰Á“ŒŽs,52343703,147,|,
”d–“ì“Œ•”,‰Á“ŒŽs,52343704,127,165,
”d–“ì“Œ•”,‰Á“ŒŽs,52343705,147,|,
”d–“ì“Œ•”,‰Á“ŒŽs,52343706,147,|,
”d–“ì“Œ•”,‰Á“ŒŽs,52343707,138,180,
”d–“ì“Œ•”,‰Á“ŒŽs,52343708,137,179,
”d–“ì“Œ•”,‰Á“ŒŽs,52343709,137,179,
”d–“ì“Œ•”,‰Á“ŒŽs,52343712,147,|,
”d–“ì“Œ•”,‰Á“ŒŽs,52343713,147,|,
”d–“ì“Œ•”,‰Á“ŒŽs,52343714,147,|,
”d–“ì“Œ•”,‰Á“ŒŽs,52343715,147,|,
”d–“ì“Œ•”,‰Á“ŒŽs,52343716,147,|,
”d–“ì“Œ•”,‰Á“ŒŽs,52343717,147,|,
”d–“ì“Œ•”,‰Á“ŒŽs,52343718,147,|,
”d–“ì“Œ•”,‰Á“ŒŽs,52343719,147,|,
”d–“ì“Œ•”,‰Á“ŒŽs,52343725,138,180,
”d–“ì“Œ•”,‰Á“ŒŽs,52343726,147,|,
”d–“ì“Œ•”,‰Á“ŒŽs,52343727,147,|,
”d–“ì“Œ•”,‰Á“ŒŽs,52343728,147,|,
”d–“ì“Œ•”,‰Á“ŒŽs,52343729,137,178,
”d–“ì“Œ•”,‰Á“ŒŽs,52343735,138,180,
”d–“ì“Œ•”,‰Á“ŒŽs,52343736,138,180,
”d–“ì“Œ•”,‰Á“ŒŽs,52343737,138,180,
”d–“ì“Œ•”,‰Á“ŒŽs,52343738,147,|,
”d–“ì“Œ•”,‰Á“ŒŽs,52343739,138,180,
”d–“ì“Œ•”,‰Á“ŒŽs,52343745,116,151,
”d–“ì“Œ•”,‰Á“ŒŽs,52343746,117,152,
”d–“ì“Œ•”,‰Á“ŒŽs,52343747,117,153,
”d–“ì“Œ•”,‰Á“ŒŽs,52343748,117,152,
”d–“ì“Œ•”,‰Á“ŒŽs,52343749,121,158,
”d–“ì“Œ•”,‰Á“ŒŽs,52352032,127,166,
”d–“ì“Œ•”,‰Á“ŒŽs,52352033,135,|,
”d–“ì“Œ•”,‰Á“ŒŽs,52352042,127,166,
”d–“ì“Œ•”,‰Á“ŒŽs,52352043,127,165,
”d–“ì“Œ•”,‰Á“ŒŽs,52352044,135,|,
”d–“ì“Œ•”,‰Á“ŒŽs,52352052,147,|,
”d–“ì“Œ•”,‰Á“ŒŽs,52352053,127,165,
”d–“ì“Œ•”,‰Á“ŒŽs,52352054,135,|,
”d–“ì“Œ•”,‰Á“ŒŽs,52352061,127,166,
”d–“ì“Œ•”,‰Á“ŒŽs,52352062,127,166,
”d–“ì“Œ•”,‰Á“ŒŽs,52352063,127,166,
”d–“ì“Œ•”,‰Á“ŒŽs,52352064,128,167,
”d–“ì“Œ•”,‰Á“ŒŽs,52352065,135,|,
”d–“ì“Œ•”,‰Á“ŒŽs,52352066,135,|,
”d–“ì“Œ•”,‰Á“ŒŽs,52352070,127,165,
”d–“ì“Œ•”,‰Á“ŒŽs,52352071,127,165,
”d–“ì“Œ•”,‰Á“ŒŽs,52352072,127,166,
”d–“ì“Œ•”,‰Á“ŒŽs,52352073,129,168,
”d–“ì“Œ•”,‰Á“ŒŽs,52352074,129,168,
”d–“ì“Œ•”,‰Á“ŒŽs,52352075,133,174,
”d–“ì“Œ•”,‰Á“ŒŽs,52352076,134,175,
”d–“ì“Œ•”,‰Á“ŒŽs,52352077,135,176,
”d–“ì“Œ•”,‰Á“ŒŽs,52352080,147,|,
”d–“ì“Œ•”,‰Á“ŒŽs,52352081,145,189,
”d–“ì“Œ•”,‰Á“ŒŽs,52352082,146,190,
”d–“ì“Œ•”,‰Á“ŒŽs,52352083,147,|,
”d–“ì“Œ•”,‰Á“ŒŽs,52352084,140,183,
”d–“ì“Œ•”,‰Á“ŒŽs,52352085,140,|,
”d–“ì“Œ•”,‰Á“ŒŽs,52352086,129,168,
”d–“ì“Œ•”,‰Á“ŒŽs,52352087,129,168,
”d–“ì“Œ•”,‰Á“ŒŽs,52352090,145,189,
”d–“ì“Œ•”,‰Á“ŒŽs,52352091,147,|,
”d–“ì“Œ•”,‰Á“ŒŽs,52352092,147,|,
”d–“ì“Œ•”,‰Á“ŒŽs,52352093,140,182,
”d–“ì“Œ•”,‰Á“ŒŽs,52352094,140,183,
”d–“ì“Œ•”,‰Á“ŒŽs,52352095,128,167,
”d–“ì“Œ•”,‰Á“ŒŽs,52352096,129,168,
”d–“ì“Œ•”,‰Á“ŒŽs,52352097,133,|,
”d–“ì“Œ•”,‰Á“ŒŽs,52353000,145,189,
”d–“ì“Œ•”,‰Á“ŒŽs,52353001,145,189,
”d–“ì“Œ•”,‰Á“ŒŽs,52353002,146,190,
”d–“ì“Œ•”,‰Á“ŒŽs,52353003,147,191,
”d–“ì“Œ•”,‰Á“ŒŽs,52353004,147,191,
”d–“ì“Œ•”,‰Á“ŒŽs,52353005,133,174,
”d–“ì“Œ•”,‰Á“ŒŽs,52353006,133,|,
”d–“ì“Œ•”,‰Á“ŒŽs,52353007,133,|,
”d–“ì“Œ•”,‰Á“ŒŽs,52353008,129,168,
”d–“ì“Œ•”,‰Á“ŒŽs,52353010,147,|,
”d–“ì“Œ•”,‰Á“ŒŽs,52353011,145,189,
”d–“ì“Œ•”,‰Á“ŒŽs,52353012,147,|,
”d–“ì“Œ•”,‰Á“ŒŽs,52353013,146,190,
”d–“ì“Œ•”,‰Á“ŒŽs,52353014,147,|,
”d–“ì“Œ•”,‰Á“ŒŽs,52353015,133,174,
”d–“ì“Œ•”,‰Á“ŒŽs,52353016,128,167,
”d–“ì“Œ•”,‰Á“ŒŽs,52353017,128,167,
”d–“ì“Œ•”,‰Á“ŒŽs,52353018,133,|,
”d–“ì“Œ•”,‰Á“ŒŽs,52353020,145,189,
”d–“ì“Œ•”,‰Á“ŒŽs,52353021,146,190,
”d–“ì“Œ•”,‰Á“ŒŽs,52353022,147,|,
”d–“ì“Œ•”,‰Á“ŒŽs,52353023,147,191,
”d–“ì“Œ•”,‰Á“ŒŽs,52353024,140,182,
”d–“ì“Œ•”,‰Á“ŒŽs,52353025,129,168,
”d–“ì“Œ•”,‰Á“ŒŽs,52353026,128,167,
”d–“ì“Œ•”,‰Á“ŒŽs,52353027,128,167,
”d–“ì“Œ•”,‰Á“ŒŽs,52353030,145,189,
”d–“ì“Œ•”,‰Á“ŒŽs,52353031,140,183,
”d–“ì“Œ•”,‰Á“ŒŽs,52353032,140,183,
”d–“ì“Œ•”,‰Á“ŒŽs,52353033,140,183,
”d–“ì“Œ•”,‰Á“ŒŽs,52353034,140,183,
”d–“ì“Œ•”,‰Á“ŒŽs,52353035,129,168,
”d–“ì“Œ•”,‰Á“ŒŽs,52353036,129,168,
”d–“ì“Œ•”,‰Á“ŒŽs,52353037,128,167,
”d–“ì“Œ•”,‰Á“ŒŽs,52353040,145,|,
”d–“ì“Œ•”,‰Á“ŒŽs,52353041,145,|,
”d–“ì“Œ•”,‰Á“ŒŽs,52353042,135,176,
”d–“ì“Œ•”,‰Á“ŒŽs,52353043,134,175,
”d–“ì“Œ•”,‰Á“ŒŽs,52353044,133,174,
”d–“ì“Œ•”,‰Á“ŒŽs,52353045,133,174,
”d–“ì“Œ•”,‰Á“ŒŽs,52353046,129,168,
”d–“ì“Œ•”,‰Á“ŒŽs,52353047,129,168,
”d–“ì“Œ•”,‰Á“ŒŽs,52353050,133,174,
”d–“ì“Œ•”,‰Á“ŒŽs,52353051,145,|,
”d–“ì“Œ•”,‰Á“ŒŽs,52353052,134,175,
”d–“ì“Œ•”,‰Á“ŒŽs,52353053,133,174,
”d–“ì“Œ•”,‰Á“ŒŽs,52353054,133,174,
”d–“ì“Œ•”,‰Á“ŒŽs,52353055,128,167,
”d–“ì“Œ•”,‰Á“ŒŽs,52353056,128,167,
”d–“ì“Œ•”,‰Á“ŒŽs,52353057,128,167,
”d–“ì“Œ•”,‰Á“ŒŽs,52353063,133,174,
”d–“ì“Œ•”,‰Á“ŒŽs,52353064,133,174,
”d–“ì“Œ•”,‰Á“ŒŽs,52353065,128,167,
”d–“ì“Œ•”,‰Á“ŒŽs,52353066,128,167,
”d–“ì“Œ•”,‰Á“ŒŽs,52353074,133,174,
”d–“ì“Œ•”,‰Á“ŒŽs,52353075,128,167,
”d–“ì“Œ•”,‰Á“ŒŽs,52353076,129,168,
”d–“ì“Œ•”,‰Á“ŒŽs,52353077,129,168,
”d–“ì“Œ•”,‰Á“ŒŽs,52353084,133,174,
”d–“ì“Œ•”,‰Á“ŒŽs,52353085,128,167,
”d–“ì“Œ•”,‰Á“ŒŽs,52353086,129,168,
”d–“ì“Œ•”,‰Á“ŒŽs,52353094,133,174,
”d–“ì“Œ•”,‰Á“ŒŽs,52353095,129,168,
”d–“ì“Œ•”,‰Á“ŒŽs,52354004,119,155,
”d–“ì“Œ•”,ˆî”ü’¬,52340772,147,|,
”d–“ì“Œ•”,ˆî”ü’¬,52340773,147,|,
”d–“ì“Œ•”,ˆî”ü’¬,52340774,147,|,
”d–“ì“Œ•”,ˆî”ü’¬,52340781,147,|,
”d–“ì“Œ•”,ˆî”ü’¬,52340782,147,|,
”d–“ì“Œ•”,ˆî”ü’¬,52340783,147,|,
”d–“ì“Œ•”,ˆî”ü’¬,52340784,147,|,
”d–“ì“Œ•”,ˆî”ü’¬,52340785,147,|,
”d–“ì“Œ•”,ˆî”ü’¬,52340791,147,|,
”d–“ì“Œ•”,ˆî”ü’¬,52340792,147,|,
”d–“ì“Œ•”,ˆî”ü’¬,52340793,147,|,
”d–“ì“Œ•”,ˆî”ü’¬,52340794,147,|,
”d–“ì“Œ•”,ˆî”ü’¬,52340795,147,|,
”d–“ì“Œ•”,ˆî”ü’¬,52340796,147,|,
”d–“ì“Œ•”,ˆî”ü’¬,52341701,147,|,
”d–“ì“Œ•”,ˆî”ü’¬,52341702,147,|,
”d–“ì“Œ•”,ˆî”ü’¬,52341703,147,|,
”d–“ì“Œ•”,ˆî”ü’¬,52341704,147,|,
”d–“ì“Œ•”,ˆî”ü’¬,52341705,147,|,
”d–“ì“Œ•”,ˆî”ü’¬,52341706,147,|,
”d–“ì“Œ•”,ˆî”ü’¬,52341711,147,|,
”d–“ì“Œ•”,ˆî”ü’¬,52341712,147,|,
”d–“ì“Œ•”,ˆî”ü’¬,52341713,147,|,
”d–“ì“Œ•”,ˆî”ü’¬,52341714,147,|,
”d–“ì“Œ•”,ˆî”ü’¬,52341715,147,|,
”d–“ì“Œ•”,ˆî”ü’¬,52341716,147,|,
”d–“ì“Œ•”,ˆî”ü’¬,52341721,147,|,
”d–“ì“Œ•”,ˆî”ü’¬,52341722,147,|,
”d–“ì“Œ•”,ˆî”ü’¬,52341723,147,|,
”d–“ì“Œ•”,ˆî”ü’¬,52341724,147,|,
”d–“ì“Œ•”,ˆî”ü’¬,52341725,147,|,
”d–“ì“Œ•”,ˆî”ü’¬,52341726,147,|,
”d–“ì“Œ•”,”d–’¬,52340628,147,|,
”d–“ì“Œ•”,”d–’¬,52340637,147,|,
”d–“ì“Œ•”,”d–’¬,52340638,147,|,
”d–“ì“Œ•”,”d–’¬,52340647,147,|,
”d–“ì“Œ•”,”d–’¬,52340648,147,|,
”d–“ì“Œ•”,”d–’¬,52340649,147,|,
”d–“ì“Œ•”,”d–’¬,52340658,147,|,
”d–“ì“Œ•”,”d–’¬,52340659,147,|,
”d–“ì“Œ•”,”d–’¬,52340668,147,|,
”d–“ì“Œ•”,”d–’¬,52340669,147,|,
”d–“ì“Œ•”,”d–’¬,52340750,147,|,
”d–“ì“Œ•”,”d–’¬,52340760,147,|,
”d–“ì¼•”,•P˜HŽs,51347367,130,|,
”d–“ì¼•”,•P˜HŽs,51347368,130,|,
”d–“ì¼•”,•P˜HŽs,51347376,130,|,
”d–“ì¼•”,•P˜HŽs,51347377,130,|,
”d–“ì¼•”,•P˜HŽs,51347378,130,|,
”d–“ì¼•”,•P˜HŽs,51347379,124,162,
”d–“ì¼•”,•P˜HŽs,51347386,130,|,
”d–“ì¼•”,•P˜HŽs,51347387,120,156,
”d–“ì¼•”,•P˜HŽs,51347388,130,170,
”d–“ì¼•”,•P˜HŽs,51347389,130,170,
”d–“ì¼•”,•P˜HŽs,51347396,130,|,
”d–“ì¼•”,•P˜HŽs,51347397,130,|,
”d–“ì¼•”,•P˜HŽs,51347398,130,|,
”d–“ì¼•”,•P˜HŽs,51347399,130,|,
”d–“ì¼•”,•P˜HŽs,51347460,131,|,
”d–“ì¼•”,•P˜HŽs,51347461,131,|,
”d–“ì¼•”,•P˜HŽs,51347470,131,171,
”d–“ì¼•”,•P˜HŽs,51347471,130,170,
”d–“ì¼•”,•P˜HŽs,51347480,125,163,
”d–“ì¼•”,•P˜HŽs,51347481,125,163,
”d–“ì¼•”,•P˜HŽs,51347483,126,|,
”d–“ì¼•”,•P˜HŽs,51347485,137,179,
”d–“ì¼•”,•P˜HŽs,51347486,138,180,
”d–“ì¼•”,•P˜HŽs,51347491,132,|,
”d–“ì¼•”,•P˜HŽs,51347492,126,164,
”d–“ì¼•”,•P˜HŽs,51347493,126,164,
”d–“ì¼•”,•P˜HŽs,51347495,137,179,
”d–“ì¼•”,•P˜HŽs,51347496,137,179,
”d–“ì¼•”,•P˜HŽs,51347497,138,|,
”d–“ì¼•”,•P˜HŽs,52340308,130,|,
”d–“ì¼•”,•P˜HŽs,52340309,130,|,
”d–“ì¼•”,•P˜HŽs,52340401,120,157,
”d–“ì¼•”,•P˜HŽs,52340402,132,172,
”d–“ì¼•”,•P˜HŽs,52340403,131,171,
”d–“ì¼•”,•P˜HŽs,52340404,138,|,
”d–“ì¼•”,•P˜HŽs,52340405,137,179,
”d–“ì¼•”,•P˜HŽs,52340406,137,178,
”d–“ì¼•”,•P˜HŽs,52340407,138,|,
”d–“ì¼•”,•P˜HŽs,52340410,130,|,
”d–“ì¼•”,•P˜HŽs,52340411,120,156,
”d–“ì¼•”,•P˜HŽs,52340412,120,157,
”d–“ì¼•”,•P˜HŽs,52340413,126,164,
”d–“ì¼•”,•P˜HŽs,52340415,138,|,
”d–“ì¼•”,•P˜HŽs,52340416,138,|,
”d–“ì¼•”,•P˜HŽs,52340422,126,|,
”d–“ì¼•”,•P˜HŽs,52340423,126,|,
”d–“ì¼•”,•P˜HŽs,52341405,141,|,
”d–“ì¼•”,•P˜HŽs,52341416,141,|,
”d–“ì¼•”,•P˜HŽs,52341417,141,|,
”d–“ì¼•”,•P˜HŽs,52341418,141,|,
”d–“ì¼•”,•P˜HŽs,52341426,141,|,
”d–“ì¼•”,•P˜HŽs,52341427,141,|,
”d–“ì¼•”,•P˜HŽs,52341428,141,|,
”d–“ì¼•”,•P˜HŽs,52341429,141,|,
”d–“ì¼•”,•P˜HŽs,52341436,141,|,
”d–“ì¼•”,•P˜HŽs,52341437,141,|,
”d–“ì¼•”,•P˜HŽs,52341438,141,|,
”d–“ì¼•”,•P˜HŽs,52341439,141,|,
”d–“ì¼•”,•P˜HŽs,52341446,141,|,
”d–“ì¼•”,•P˜HŽs,52341447,141,|,
”d–“ì¼•”,•P˜HŽs,52341448,141,|,
”d–“ì¼•”,•P˜HŽs,52341449,141,|,
”d–“ì¼•”,•P˜HŽs,52341456,141,|,
”d–“ì¼•”,•P˜HŽs,52341457,141,|,
”d–“ì¼•”,•P˜HŽs,52341458,141,|,
”d–“ì¼•”,•P˜HŽs,52341459,141,|,
”d–“ì¼•”,•P˜HŽs,52341465,141,|,
”d–“ì¼•”,•P˜HŽs,52341466,141,|,
”d–“ì¼•”,•P˜HŽs,52341467,141,|,
”d–“ì¼•”,•P˜HŽs,52341468,141,|,
”d–“ì¼•”,•P˜HŽs,52341469,141,|,
”d–“ì¼•”,•P˜HŽs,52341476,108,141,
”d–“ì¼•”,•P˜HŽs,52341477,130,169,
”d–“ì¼•”,•P˜HŽs,52341478,130,170,
”d–“ì¼•”,•P˜HŽs,52341479,110,144,
”d–“ì¼•”,•P˜HŽs,52341487,109,142,
”d–“ì¼•”,•P˜HŽs,52341488,109,142,
”d–“ì¼•”,•P˜HŽs,52341512,141,|,
”d–“ì¼•”,•P˜HŽs,52341513,141,|,
”d–“ì¼•”,•P˜HŽs,52341515,141,|,
”d–“ì¼•”,•P˜HŽs,52341516,141,|,
”d–“ì¼•”,•P˜HŽs,52341520,141,|,
”d–“ì¼•”,•P˜HŽs,52341521,141,|,
”d–“ì¼•”,•P˜HŽs,52341522,141,|,
”d–“ì¼•”,•P˜HŽs,52341523,141,|,
”d–“ì¼•”,•P˜HŽs,52341524,141,|,
”d–“ì¼•”,•P˜HŽs,52341525,141,|,
”d–“ì¼•”,•P˜HŽs,52341526,141,|,
”d–“ì¼•”,•P˜HŽs,52341527,117,153,
”d–“ì¼•”,•P˜HŽs,52341528,117,153,
”d–“ì¼•”,•P˜HŽs,52341529,122,159,
”d–“ì¼•”,•P˜HŽs,52341530,141,|,
”d–“ì¼•”,•P˜HŽs,52341531,141,|,
”d–“ì¼•”,•P˜HŽs,52341532,141,|,
”d–“ì¼•”,•P˜HŽs,52341533,141,|,
”d–“ì¼•”,•P˜HŽs,52341534,141,|,
”d–“ì¼•”,•P˜HŽs,52341535,141,|,
”d–“ì¼•”,•P˜HŽs,52341536,141,|,
”d–“ì¼•”,•P˜HŽs,52341537,117,153,
”d–“ì¼•”,•P˜HŽs,52341538,117,153,
”d–“ì¼•”,•P˜HŽs,52341539,117,153,
”d–“ì¼•”,•P˜HŽs,52341540,141,|,
”d–“ì¼•”,•P˜HŽs,52341541,141,|,
”d–“ì¼•”,•P˜HŽs,52341542,141,|,
”d–“ì¼•”,•P˜HŽs,52341543,141,|,
”d–“ì¼•”,•P˜HŽs,52341544,141,|,
”d–“ì¼•”,•P˜HŽs,52341545,117,152,
”d–“ì¼•”,•P˜HŽs,52341546,117,153,
”d–“ì¼•”,•P˜HŽs,52341547,117,153,
”d–“ì¼•”,•P˜HŽs,52341548,117,153,
”d–“ì¼•”,•P˜HŽs,52341549,117,153,
”d–“ì¼•”,•P˜HŽs,52341550,141,|,
”d–“ì¼•”,•P˜HŽs,52341551,141,|,
”d–“ì¼•”,•P˜HŽs,52341552,141,|,
”d–“ì¼•”,•P˜HŽs,52341553,141,|,
”d–“ì¼•”,•P˜HŽs,52341554,141,|,
”d–“ì¼•”,•P˜HŽs,52341555,117,153,
”d–“ì¼•”,•P˜HŽs,52341556,117,153,
”d–“ì¼•”,•P˜HŽs,52341557,117,|,
”d–“ì¼•”,•P˜HŽs,52341558,117,153,
”d–“ì¼•”,•P˜HŽs,52341559,117,153,
”d–“ì¼•”,•P˜HŽs,52341560,141,|,
”d–“ì¼•”,•P˜HŽs,52341561,141,|,
”d–“ì¼•”,•P˜HŽs,52341562,141,|,
”d–“ì¼•”,•P˜HŽs,52341563,141,|,
”d–“ì¼•”,•P˜HŽs,52341564,141,|,
”d–“ì¼•”,•P˜HŽs,52341565,122,159,
”d–“ì¼•”,•P˜HŽs,52341566,113,147,
”d–“ì¼•”,•P˜HŽs,52341567,113,147,
”d–“ì¼•”,•P˜HŽs,52341568,113,147,
”d–“ì¼•”,•P˜HŽs,52341569,108,141,
”d–“ì¼•”,•P˜HŽs,52341570,110,144,
”d–“ì¼•”,•P˜HŽs,52341571,115,150,
”d–“ì¼•”,•P˜HŽs,52341572,141,|,
”d–“ì¼•”,•P˜HŽs,52341573,141,|,
”d–“ì¼•”,•P˜HŽs,52341574,141,|,
”d–“ì¼•”,•P˜HŽs,52341575,141,|,
”d–“ì¼•”,•P˜HŽs,52341576,113,147,
”d–“ì¼•”,•P˜HŽs,52341577,117,153,
”d–“ì¼•”,•P˜HŽs,52341578,117,153,
”d–“ì¼•”,•P˜HŽs,52341579,107,140,
”d–“ì¼•”,•P˜HŽs,52341580,110,144,
”d–“ì¼•”,•P˜HŽs,52341581,121,158,
”d–“ì¼•”,•P˜HŽs,52341582,138,180,
”d–“ì¼•”,•P˜HŽs,52341583,141,|,
”d–“ì¼•”,•P˜HŽs,52341584,113,147,
”d–“ì¼•”,•P˜HŽs,52341585,141,|,
”d–“ì¼•”,•P˜HŽs,52341586,141,|,
”d–“ì¼•”,•P˜HŽs,52341587,117,153,
”d–“ì¼•”,•P˜HŽs,52341588,112,146,
”d–“ì¼•”,•P˜HŽs,52341589,112,146,
”d–“ì¼•”,•P˜HŽs,52341590,110,144,
”d–“ì¼•”,•P˜HŽs,52341591,117,153,
”d–“ì¼•”,•P˜HŽs,52341592,133,174,
”d–“ì¼•”,•P˜HŽs,52341593,133,174,
”d–“ì¼•”,•P˜HŽs,52341594,141,|,
”d–“ì¼•”,•P˜HŽs,52341595,141,|,
”d–“ì¼•”,•P˜HŽs,52341596,141,|,
”d–“ì¼•”,•P˜HŽs,52341597,141,|,
”d–“ì¼•”,•P˜HŽs,52341598,141,|,
”d–“ì¼•”,•P˜HŽs,52341599,107,139,
”d–“ì¼•”,•P˜HŽs,52341610,147,|,
”d–“ì¼•”,•P˜HŽs,52341620,147,|,
”d–“ì¼•”,•P˜HŽs,52341630,117,153,
”d–“ì¼•”,•P˜HŽs,52341660,128,|,
”d–“ì¼•”,•P˜HŽs,52341661,128,167,
”d–“ì¼•”,•P˜HŽs,52341670,111,145,
”d–“ì¼•”,•P˜HŽs,52341671,107,140,
”d–“ì¼•”,•P˜HŽs,52341680,117,152,
”d–“ì¼•”,•P˜HŽs,52341681,112,146,
”d–“ì¼•”,•P˜HŽs,52341690,111,145,
”d–“ì¼•”,•P˜HŽs,52342428,124,162,
”d–“ì¼•”,•P˜HŽs,52342429,125,163,
”d–“ì¼•”,•P˜HŽs,52342437,124,162,
”d–“ì¼•”,•P˜HŽs,52342438,124,162,
”d–“ì¼•”,•P˜HŽs,52342439,125,163,
”d–“ì¼•”,•P˜HŽs,52342447,125,163,
”d–“ì¼•”,•P˜HŽs,52342448,125,163,
”d–“ì¼•”,•P˜HŽs,52342449,125,163,
”d–“ì¼•”,•P˜HŽs,52342458,127,165,
”d–“ì¼•”,•P˜HŽs,52342459,126,164,
”d–“ì¼•”,•P˜HŽs,52342468,127,165,
”d–“ì¼•”,•P˜HŽs,52342469,127,165,
”d–“ì¼•”,•P˜HŽs,52342476,124,162,
”d–“ì¼•”,•P˜HŽs,52342478,126,164,
”d–“ì¼•”,•P˜HŽs,52342479,126,164,
”d–“ì¼•”,•P˜HŽs,52342485,118,154,
”d–“ì¼•”,•P˜HŽs,52342486,118,154,
”d–“ì¼•”,•P˜HŽs,52342487,113,148,
”d–“ì¼•”,•P˜HŽs,52342488,114,149,
”d–“ì¼•”,•P˜HŽs,52342489,115,150,
”d–“ì¼•”,•P˜HŽs,52342496,113,148,
”d–“ì¼•”,•P˜HŽs,52342497,113,148,
”d–“ì¼•”,•P˜HŽs,52342498,113,147,
”d–“ì¼•”,•P˜HŽs,52342499,113,148,
”d–“ì¼•”,•P˜HŽs,52342500,112,146,
”d–“ì¼•”,•P˜HŽs,52342501,118,154,
”d–“ì¼•”,•P˜HŽs,52342502,135,176,
”d–“ì¼•”,•P˜HŽs,52342503,141,184,
”d–“ì¼•”,•P˜HŽs,52342504,123,160,
”d–“ì¼•”,•P˜HŽs,52342505,112,146,
”d–“ì¼•”,•P˜HŽs,52342506,141,|,
”d–“ì¼•”,•P˜HŽs,52342507,141,|,
”d–“ì¼•”,•P˜HŽs,52342508,141,|,
”d–“ì¼•”,•P˜HŽs,52342509,112,146,
”d–“ì¼•”,•P˜HŽs,52342510,113,147,
”d–“ì¼•”,•P˜HŽs,52342511,120,156,
”d–“ì¼•”,•P˜HŽs,52342512,141,184,
”d–“ì¼•”,•P˜HŽs,52342513,134,175,
”d–“ì¼•”,•P˜HŽs,52342514,133,173,
”d–“ì¼•”,•P˜HŽs,52342515,106,138,
”d–“ì¼•”,•P˜HŽs,52342516,141,|,
”d–“ì¼•”,•P˜HŽs,52342517,121,158,
”d–“ì¼•”,•P˜HŽs,52342518,112,146,
”d–“ì¼•”,•P˜HŽs,52342519,112,146,
”d–“ì¼•”,•P˜HŽs,52342520,107,140,
”d–“ì¼•”,•P˜HŽs,52342521,113,148,
”d–“ì¼•”,•P˜HŽs,52342522,129,168,
”d–“ì¼•”,•P˜HŽs,52342523,133,174,
”d–“ì¼•”,•P˜HŽs,52342524,120,157,
”d–“ì¼•”,•P˜HŽs,52342525,115,150,
”d–“ì¼•”,•P˜HŽs,52342526,141,|,
”d–“ì¼•”,•P˜HŽs,52342527,117,153,
”d–“ì¼•”,•P˜HŽs,52342528,128,167,
”d–“ì¼•”,•P˜HŽs,52342529,117,153,
”d–“ì¼•”,•P˜HŽs,52342530,107,139,
”d–“ì¼•”,•P˜HŽs,52342531,107,140,
”d–“ì¼•”,•P˜HŽs,52342532,117,153,
”d–“ì¼•”,•P˜HŽs,52342533,116,151,
”d–“ì¼•”,•P˜HŽs,52342534,120,157,
”d–“ì¼•”,•P˜HŽs,52342535,126,164,
”d–“ì¼•”,•P˜HŽs,52342536,111,145,
”d–“ì¼•”,•P˜HŽs,52342537,117,153,
”d–“ì¼•”,•P˜HŽs,52342538,129,168,
”d–“ì¼•”,•P˜HŽs,52342539,113,147,
”d–“ì¼•”,•P˜HŽs,52342540,106,138,
”d–“ì¼•”,•P˜HŽs,52342541,106,138,
”d–“ì¼•”,•P˜HŽs,52342542,120,|,
”d–“ì¼•”,•P˜HŽs,52342543,116,151,
”d–“ì¼•”,•P˜HŽs,52342544,120,157,
”d–“ì¼•”,•P˜HŽs,52342545,115,150,
”d–“ì¼•”,•P˜HŽs,52342546,116,151,
”d–“ì¼•”,•P˜HŽs,52342547,112,146,
”d–“ì¼•”,•P˜HŽs,52342548,123,160,
”d–“ì¼•”,•P˜HŽs,52342549,108,141,
”d–“ì¼•”,•P˜HŽs,52342550,106,138,
”d–“ì¼•”,•P˜HŽs,52342551,106,138,
”d–“ì¼•”,•P˜HŽs,52342552,111,145,
”d–“ì¼•”,•P˜HŽs,52342553,120,157,
”d–“ì¼•”,•P˜HŽs,52342554,111,145,
”d–“ì¼•”,•P˜HŽs,52342555,115,150,
”d–“ì¼•”,•P˜HŽs,52342556,116,151,
”d–“ì¼•”,•P˜HŽs,52342557,111,145,
”d–“ì¼•”,•P˜HŽs,52342558,116,151,
”d–“ì¼•”,•P˜HŽs,52342559,133,173,
”d–“ì¼•”,•P˜HŽs,52342560,101,132,
”d–“ì¼•”,•P˜HŽs,52342561,106,138,
”d–“ì¼•”,•P˜HŽs,52342562,111,145,
”d–“ì¼•”,•P˜HŽs,52342563,115,150,
”d–“ì¼•”,•P˜HŽs,52342564,120,|,
”d–“ì¼•”,•P˜HŽs,52342565,116,151,
”d–“ì¼•”,•P˜HŽs,52342566,120,157,
”d–“ì¼•”,•P˜HŽs,52342567,120,157,
”d–“ì¼•”,•P˜HŽs,52342568,120,157,
”d–“ì¼•”,•P˜HŽs,52342569,121,158,
”d–“ì¼•”,•P˜HŽs,52342570,115,150,
”d–“ì¼•”,•P˜HŽs,52342571,115,150,
”d–“ì¼•”,•P˜HŽs,52342572,116,151,
”d–“ì¼•”,•P˜HŽs,52342573,111,145,
”d–“ì¼•”,•P˜HŽs,52342574,106,138,
”d–“ì¼•”,•P˜HŽs,52342575,115,150,
”d–“ì¼•”,•P˜HŽs,52342576,120,157,
”d–“ì¼•”,•P˜HŽs,52342577,116,151,
”d–“ì¼•”,•P˜HŽs,52342578,120,157,
”d–“ì¼•”,•P˜HŽs,52342579,147,|,
”d–“ì¼•”,•P˜HŽs,52342580,110,144,
”d–“ì¼•”,•P˜HŽs,52342581,115,150,
”d–“ì¼•”,•P˜HŽs,52342582,111,145,
”d–“ì¼•”,•P˜HŽs,52342583,112,146,
”d–“ì¼•”,•P˜HŽs,52342584,112,146,
”d–“ì¼•”,•P˜HŽs,52342585,117,152,
”d–“ì¼•”,•P˜HŽs,52342586,111,145,
”d–“ì¼•”,•P˜HŽs,52342587,107,139,
”d–“ì¼•”,•P˜HŽs,52342588,107,139,
”d–“ì¼•”,•P˜HŽs,52342589,147,|,
”d–“ì¼•”,•P˜HŽs,52342590,110,144,
”d–“ì¼•”,•P˜HŽs,52342591,110,144,
”d–“ì¼•”,•P˜HŽs,52342592,107,139,
”d–“ì¼•”,•P˜HŽs,52342593,112,146,
”d–“ì¼•”,•P˜HŽs,52342594,113,147,
”d–“ì¼•”,•P˜HŽs,52342595,116,151,
”d–“ì¼•”,•P˜HŽs,52342596,111,145,
”d–“ì¼•”,•P˜HŽs,52342597,112,146,
”d–“ì¼•”,•P˜HŽs,52342598,147,|,
”d–“ì¼•”,•P˜HŽs,52342599,147,|,
”d–“ì¼•”,•P˜HŽs,52342600,132,172,
”d–“ì¼•”,•P˜HŽs,52342601,127,165,
”d–“ì¼•”,•P˜HŽs,52342610,111,145,
”d–“ì¼•”,•P˜HŽs,52342611,139,|,
”d–“ì¼•”,•P˜HŽs,52342612,117,152,
”d–“ì¼•”,•P˜HŽs,52342613,117,153,
”d–“ì¼•”,•P˜HŽs,52342620,138,180,
”d–“ì¼•”,•P˜HŽs,52342621,133,173,
”d–“ì¼•”,•P˜HŽs,52342622,139,181,
”d–“ì¼•”,•P˜HŽs,52342623,147,191,
”d–“ì¼•”,•P˜HŽs,52342630,147,|,
”d–“ì¼•”,•P˜HŽs,52342631,139,181,
”d–“ì¼•”,•P˜HŽs,52342632,147,191,
”d–“ì¼•”,•P˜HŽs,52342633,147,191,
”d–“ì¼•”,•P˜HŽs,52342640,146,190,
”d–“ì¼•”,•P˜HŽs,52342641,147,191,
”d–“ì¼•”,•P˜HŽs,52342642,147,191,
”d–“ì¼•”,•P˜HŽs,52342643,147,192,
”d–“ì¼•”,•P˜HŽs,52342644,147,192,
”d–“ì¼•”,•P˜HŽs,52342650,145,189,
”d–“ì¼•”,•P˜HŽs,52342651,146,190,
”d–“ì¼•”,•P˜HŽs,52342652,147,192,
”d–“ì¼•”,•P˜HŽs,52342653,147,192,
”d–“ì¼•”,•P˜HŽs,52342660,132,172,
”d–“ì¼•”,•P˜HŽs,52342661,139,181,
”d–“ì¼•”,•P˜HŽs,52342662,147,191,
”d–“ì¼•”,•P˜HŽs,52342670,133,174,
”d–“ì¼•”,•P˜HŽs,52342671,140,182,
”d–“ì¼•”,•P˜HŽs,52342672,147,191,
”d–“ì¼•”,•P˜HŽs,52342680,147,|,
”d–“ì¼•”,•P˜HŽs,52342681,139,181,
”d–“ì¼•”,•P˜HŽs,52342682,117,153,
”d–“ì¼•”,•P˜HŽs,52342683,108,141,
”d–“ì¼•”,•P˜HŽs,52342690,147,|,
”d–“ì¼•”,•P˜HŽs,52342691,147,|,
”d–“ì¼•”,•P˜HŽs,52342692,147,|,
”d–“ì¼•”,•P˜HŽs,52342693,147,|,
”d–“ì¼•”,•P˜HŽs,52343406,113,148,
”d–“ì¼•”,•P˜HŽs,52343407,114,149,
”d–“ì¼•”,•P˜HŽs,52343408,114,149,
”d–“ì¼•”,•P˜HŽs,52343409,115,150,
”d–“ì¼•”,•P˜HŽs,52343415,113,148,
”d–“ì¼•”,•P˜HŽs,52343416,114,149,
”d–“ì¼•”,•P˜HŽs,52343417,115,150,
”d–“ì¼•”,•P˜HŽs,52343418,115,150,
”d–“ì¼•”,•P˜HŽs,52343419,115,150,
”d–“ì¼•”,•P˜HŽs,52343426,115,150,
”d–“ì¼•”,•P˜HŽs,52343427,115,150,
”d–“ì¼•”,•P˜HŽs,52343428,115,150,
”d–“ì¼•”,•P˜HŽs,52343429,116,151,
”d–“ì¼•”,•P˜HŽs,52343436,115,150,
”d–“ì¼•”,•P˜HŽs,52343437,111,145,
”d–“ì¼•”,•P˜HŽs,52343438,117,152,
”d–“ì¼•”,•P˜HŽs,52343439,117,153,
”d–“ì¼•”,•P˜HŽs,52343446,117,153,
”d–“ì¼•”,•P˜HŽs,52343447,117,153,
”d–“ì¼•”,•P˜HŽs,52343448,123,160,
”d–“ì¼•”,•P˜HŽs,52343449,118,154,
”d–“ì¼•”,•P˜HŽs,52343456,117,153,
”d–“ì¼•”,•P˜HŽs,52343457,118,154,
”d–“ì¼•”,•P˜HŽs,52343458,123,161,
”d–“ì¼•”,•P˜HŽs,52343459,124,162,
”d–“ì¼•”,•P˜HŽs,52343465,121,158,
”d–“ì¼•”,•P˜HŽs,52343466,122,159,
”d–“ì¼•”,•P˜HŽs,52343467,118,154,
”d–“ì¼•”,•P˜HŽs,52343468,123,161,
”d–“ì¼•”,•P˜HŽs,52343469,124,162,
”d–“ì¼•”,•P˜HŽs,52343475,122,159,
”d–“ì¼•”,•P˜HŽs,52343476,121,158,
”d–“ì¼•”,•P˜HŽs,52343477,117,153,
”d–“ì¼•”,•P˜HŽs,52343478,113,148,
”d–“ì¼•”,•P˜HŽs,52343479,125,163,
”d–“ì¼•”,•P˜HŽs,52343486,117,153,
”d–“ì¼•”,•P˜HŽs,52343487,117,153,
”d–“ì¼•”,•P˜HŽs,52343488,119,155,
”d–“ì¼•”,•P˜HŽs,52343489,125,163,
”d–“ì¼•”,•P˜HŽs,52343497,117,153,
”d–“ì¼•”,•P˜HŽs,52343498,118,154,
”d–“ì¼•”,•P˜HŽs,52343499,122,159,
”d–“ì¼•”,•P˜HŽs,52343500,110,144,
”d–“ì¼•”,•P˜HŽs,52343501,110,144,
”d–“ì¼•”,•P˜HŽs,52343502,112,146,
”d–“ì¼•”,•P˜HŽs,52343503,108,141,
”d–“ì¼•”,•P˜HŽs,52343504,113,147,
”d–“ì¼•”,•P˜HŽs,52343505,113,147,
”d–“ì¼•”,•P˜HŽs,52343506,112,146,
”d–“ì¼•”,•P˜HŽs,52343507,112,146,
”d–“ì¼•”,•P˜HŽs,52343508,107,139,
”d–“ì¼•”,•P˜HŽs,52343509,147,|,
”d–“ì¼•”,•P˜HŽs,52343510,111,145,
”d–“ì¼•”,•P˜HŽs,52343511,111,145,
”d–“ì¼•”,•P˜HŽs,52343512,113,147,
”d–“ì¼•”,•P˜HŽs,52343513,113,147,
”d–“ì¼•”,•P˜HŽs,52343514,113,147,
”d–“ì¼•”,•P˜HŽs,52343515,113,147,
”d–“ì¼•”,•P˜HŽs,52343516,113,147,
”d–“ì¼•”,•P˜HŽs,52343517,108,141,
”d–“ì¼•”,•P˜HŽs,52343518,117,153,
”d–“ì¼•”,•P˜HŽs,52343519,107,140,
”d–“ì¼•”,•P˜HŽs,52343520,111,145,
”d–“ì¼•”,•P˜HŽs,52343521,112,146,
”d–“ì¼•”,•P˜HŽs,52343522,108,141,
”d–“ì¼•”,•P˜HŽs,52343523,113,147,
”d–“ì¼•”,•P˜HŽs,52343524,113,148,
”d–“ì¼•”,•P˜HŽs,52343525,113,147,
”d–“ì¼•”,•P˜HŽs,52343526,113,147,
”d–“ì¼•”,•P˜HŽs,52343527,117,153,
”d–“ì¼•”,•P˜HŽs,52343528,113,147,
”d–“ì¼•”,•P˜HŽs,52343530,112,146,
”d–“ì¼•”,•P˜HŽs,52343531,108,141,
”d–“ì¼•”,•P˜HŽs,52343532,113,148,
”d–“ì¼•”,•P˜HŽs,52343533,113,148,
”d–“ì¼•”,•P˜HŽs,52343534,118,154,
”d–“ì¼•”,•P˜HŽs,52343535,113,147,
”d–“ì¼•”,•P˜HŽs,52343536,113,147,
”d–“ì¼•”,•P˜HŽs,52343537,118,154,
”d–“ì¼•”,•P˜HŽs,52343540,113,147,
”d–“ì¼•”,•P˜HŽs,52343541,113,148,
”d–“ì¼•”,•P˜HŽs,52343542,114,149,
”d–“ì¼•”,•P˜HŽs,52343543,114,149,
”d–“ì¼•”,•P˜HŽs,52343544,119,155,
”d–“ì¼•”,•P˜HŽs,52343545,119,155,
”d–“ì¼•”,•P˜HŽs,52343546,118,154,
”d–“ì¼•”,•P˜HŽs,52343550,124,162,
”d–“ì¼•”,•P˜HŽs,52343551,124,162,
”d–“ì¼•”,•P˜HŽs,52343552,115,150,
”d–“ì¼•”,•P˜HŽs,52343553,120,157,
”d–“ì¼•”,•P˜HŽs,52343554,120,157,
”d–“ì¼•”,•P˜HŽs,52343555,120,156,
”d–“ì¼•”,•P˜HŽs,52343556,114,149,
”d–“ì¼•”,•P˜HŽs,52343560,124,162,
”d–“ì¼•”,•P˜HŽs,52343561,125,163,
”d–“ì¼•”,•P˜HŽs,52343562,116,151,
”d–“ì¼•”,•P˜HŽs,52343563,117,152,
”d–“ì¼•”,•P˜HŽs,52343564,122,159,
”d–“ì¼•”,•P˜HŽs,52343565,120,156,
”d–“ì¼•”,•P˜HŽs,52343566,114,149,
”d–“ì¼•”,•P˜HŽs,52343570,115,150,
”d–“ì¼•”,•P˜HŽs,52343571,110,144,
”d–“ì¼•”,•P˜HŽs,52343572,116,151,
”d–“ì¼•”,•P˜HŽs,52343573,116,151,
”d–“ì¼•”,•P˜HŽs,52343574,121,158,
”d–“ì¼•”,•P˜HŽs,52343575,120,156,
”d–“ì¼•”,•P˜HŽs,52343576,110,143,
”d–“ì¼•”,•P˜HŽs,52343580,127,165,
”d–“ì¼•”,•P˜HŽs,52343581,116,151,
”d–“ì¼•”,•P˜HŽs,52343582,110,144,
”d–“ì¼•”,•P˜HŽs,52343583,115,150,
”d–“ì¼•”,•P˜HŽs,52343584,125,163,
”d–“ì¼•”,•P˜HŽs,52343585,115,150,
”d–“ì¼•”,•P˜HŽs,52343586,115,150,
”d–“ì¼•”,•P˜HŽs,52343590,129,168,
”d–“ì¼•”,•P˜HŽs,52343591,123,160,
”d–“ì¼•”,•P˜HŽs,52343592,125,|,
”d–“ì¼•”,•P˜HŽs,52343593,125,|,
”d–“ì¼•”,•P˜HŽs,52343594,110,144,
”d–“ì¼•”,•P˜HŽs,52343595,110,144,
”d–“ì¼•”,•P˜HŽs,52343596,110,143,
”d–“ì¼•”,•P˜HŽs,52343600,147,|,
”d–“ì¼•”,•P˜HŽs,52343601,147,|,
”d–“ì¼•”,•P˜HŽs,52343610,147,|,
”d–“ì¼•”,•P˜HŽs,52344407,113,147,
”d–“ì¼•”,•P˜HŽs,52344408,114,149,
”d–“ì¼•”,•P˜HŽs,52344409,119,155,
”d–“ì¼•”,•P˜HŽs,52344417,118,154,
”d–“ì¼•”,•P˜HŽs,52344418,115,150,
”d–“ì¼•”,•P˜HŽs,52344419,118,154,
”d–“ì¼•”,•P˜HŽs,52344427,120,156,
”d–“ì¼•”,•P˜HŽs,52344428,120,157,
”d–“ì¼•”,•P˜HŽs,52344429,118,154,
”d–“ì¼•”,•P˜HŽs,52344437,115,150,
”d–“ì¼•”,•P˜HŽs,52344438,122,159,
”d–“ì¼•”,•P˜HŽs,52344439,123,160,
”d–“ì¼•”,•P˜HŽs,52344447,128,167,
”d–“ì¼•”,•P˜HŽs,52344448,120,156,
”d–“ì¼•”,•P˜HŽs,52344449,120,156,
”d–“ì¼•”,•P˜HŽs,52344457,124,162,
”d–“ì¼•”,•P˜HŽs,52344458,127,165,
”d–“ì¼•”,•P˜HŽs,52344459,121,158,
”d–“ì¼•”,•P˜HŽs,52344468,131,171,
”d–“ì¼•”,•P˜HŽs,52344469,137,178,
”d–“ì¼•”,•P˜HŽs,52344479,130,170,
”d–“ì¼•”,•P˜HŽs,52344489,130,169,
”d–“ì¼•”,•P˜HŽs,52344499,129,168,
”d–“ì¼•”,•P˜HŽs,52344500,116,151,
”d–“ì¼•”,•P˜HŽs,52344501,124,162,
”d–“ì¼•”,•P˜HŽs,52344502,113,147,
”d–“ì¼•”,•P˜HŽs,52344503,125,|,
”d–“ì¼•”,•P˜HŽs,52344504,116,151,
”d–“ì¼•”,•P˜HŽs,52344505,116,151,
”d–“ì¼•”,•P˜HŽs,52344510,116,151,
”d–“ì¼•”,•P˜HŽs,52344511,125,163,
”d–“ì¼•”,•P˜HŽs,52344512,119,155,
”d–“ì¼•”,•P˜HŽs,52344513,113,147,
”d–“ì¼•”,•P˜HŽs,52344514,117,153,
”d–“ì¼•”,•P˜HŽs,52344515,140,|,
”d–“ì¼•”,•P˜HŽs,52344520,125,163,
”d–“ì¼•”,•P˜HŽs,52344521,110,144,
”d–“ì¼•”,•P˜HŽs,52344522,114,149,
”d–“ì¼•”,•P˜HŽs,52344523,113,148,
”d–“ì¼•”,•P˜HŽs,52344524,119,155,
”d–“ì¼•”,•P˜HŽs,52344525,140,|,
”d–“ì¼•”,•P˜HŽs,52344526,140,|,
”d–“ì¼•”,•P˜HŽs,52344530,120,156,
”d–“ì¼•”,•P˜HŽs,52344531,114,149,
”d–“ì¼•”,•P˜HŽs,52344532,115,150,
”d–“ì¼•”,•P˜HŽs,52344533,115,150,
”d–“ì¼•”,•P˜HŽs,52344534,114,149,
”d–“ì¼•”,•P˜HŽs,52344535,119,155,
”d–“ì¼•”,•P˜HŽs,52344536,140,|,
”d–“ì¼•”,•P˜HŽs,52344540,124,162,
”d–“ì¼•”,•P˜HŽs,52344541,120,157,
”d–“ì¼•”,•P˜HŽs,52344542,111,145,
”d–“ì¼•”,•P˜HŽs,52344543,115,150,
”d–“ì¼•”,•P˜HŽs,52344544,120,157,
”d–“ì¼•”,•P˜HŽs,52344545,140,|,
”d–“ì¼•”,•P˜HŽs,52344546,140,|,
”d–“ì¼•”,•P˜HŽs,52344547,140,|,
”d–“ì¼•”,•P˜HŽs,52344550,120,156,
”d–“ì¼•”,•P˜HŽs,52344551,136,177,
”d–“ì¼•”,•P˜HŽs,52344552,117,153,
”d–“ì¼•”,•P˜HŽs,52344553,126,164,
”d–“ì¼•”,•P˜HŽs,52344554,120,157,
”d–“ì¼•”,•P˜HŽs,52344555,140,|,
”d–“ì¼•”,•P˜HŽs,52344556,140,|,
”d–“ì¼•”,•P˜HŽs,52344557,140,|,
”d–“ì¼•”,•P˜HŽs,52344560,115,150,
”d–“ì¼•”,•P˜HŽs,52344561,117,153,
”d–“ì¼•”,•P˜HŽs,52344562,117,153,
”d–“ì¼•”,•P˜HŽs,52344563,117,152,
”d–“ì¼•”,•P˜HŽs,52344564,121,158,
”d–“ì¼•”,•P˜HŽs,52344565,140,|,
”d–“ì¼•”,•P˜HŽs,52344566,140,|,
”d–“ì¼•”,•P˜HŽs,52344570,115,150,
”d–“ì¼•”,•P˜HŽs,52344571,117,152,
”d–“ì¼•”,•P˜HŽs,52344572,117,153,
”d–“ì¼•”,•P˜HŽs,52344573,132,172,
”d–“ì¼•”,•P˜HŽs,52344574,127,165,
”d–“ì¼•”,•P˜HŽs,52344575,122,159,
”d–“ì¼•”,•P˜HŽs,52344580,115,150,
”d–“ì¼•”,•P˜HŽs,52344581,117,153,
”d–“ì¼•”,•P˜HŽs,52344582,117,153,
”d–“ì¼•”,•P˜HŽs,52344583,128,167,
”d–“ì¼•”,•P˜HŽs,52344584,127,166,
”d–“ì¼•”,•P˜HŽs,52344585,122,159,
”d–“ì¼•”,•P˜HŽs,52344590,115,150,
”d–“ì¼•”,•P˜HŽs,52344591,117,152,
”d–“ì¼•”,•P˜HŽs,52344592,117,153,
”d–“ì¼•”,•P˜HŽs,52344593,118,154,
”d–“ì¼•”,•P˜HŽs,52344594,129,168,
”d–“ì¼•”,•P˜HŽs,52345501,117,152,
”d–“ì¼•”,•P˜HŽs,52345503,149,|,
”d–“ì¼•”,•P˜HŽs,52345504,123,161,
”d–“ì¼•”,‘Š¶Žs,52341306,133,|,
”d–“ì¼•”,‘Š¶Žs,52341307,133,|,
”d–“ì¼•”,‘Š¶Žs,52341317,117,152,
”d–“ì¼•”,‘Š¶Žs,52341327,122,159,
”d–“ì¼•”,‘Š¶Žs,52341335,123,161,
”d–“ì¼•”,‘Š¶Žs,52341336,122,159,
”d–“ì¼•”,‘Š¶Žs,52341337,128,167,
”d–“ì¼•”,‘Š¶Žs,52341338,128,167,
”d–“ì¼•”,‘Š¶Žs,52341339,128,167,
”d–“ì¼•”,‘Š¶Žs,52341345,129,168,
”d–“ì¼•”,‘Š¶Žs,52341346,129,168,
”d–“ì¼•”,‘Š¶Žs,52341347,129,168,
”d–“ì¼•”,‘Š¶Žs,52341348,129,168,
”d–“ì¼•”,‘Š¶Žs,52341349,129,|,
”d–“ì¼•”,‘Š¶Žs,52341354,123,161,
”d–“ì¼•”,‘Š¶Žs,52341355,123,161,
”d–“ì¼•”,‘Š¶Žs,52341356,130,170,
”d–“ì¼•”,‘Š¶Žs,52341357,130,170,
”d–“ì¼•”,‘Š¶Žs,52341358,124,162,
”d–“ì¼•”,‘Š¶Žs,52341359,124,162,
”d–“ì¼•”,‘Š¶Žs,52341364,123,160,
”d–“ì¼•”,‘Š¶Žs,52341365,129,168,
”d–“ì¼•”,‘Š¶Žs,52341366,131,171,
”d–“ì¼•”,‘Š¶Žs,52341367,131,171,
”d–“ì¼•”,‘Š¶Žs,52341368,131,171,
”d–“ì¼•”,‘Š¶Žs,52341369,130,169,
”d–“ì¼•”,‘Š¶Žs,52341374,129,|,
”d–“ì¼•”,‘Š¶Žs,52341375,129,168,
”d–“ì¼•”,‘Š¶Žs,52341376,130,170,
”d–“ì¼•”,‘Š¶Žs,52341377,130,170,
”d–“ì¼•”,‘Š¶Žs,52341378,130,170,
”d–“ì¼•”,‘Š¶Žs,52341379,130,170,
”d–“ì¼•”,‘Š¶Žs,52341383,112,146,
”d–“ì¼•”,‘Š¶Žs,52341384,113,147,
”d–“ì¼•”,‘Š¶Žs,52341385,129,168,
”d–“ì¼•”,‘Š¶Žs,52341386,129,168,
”d–“ì¼•”,‘Š¶Žs,52341387,129,168,
”d–“ì¼•”,‘Š¶Žs,52341388,129,168,
”d–“ì¼•”,‘Š¶Žs,52341389,129,168,
”d–“ì¼•”,‘Š¶Žs,52341393,113,147,
”d–“ì¼•”,‘Š¶Žs,52341394,113,147,
”d–“ì¼•”,‘Š¶Žs,52341395,129,168,
”d–“ì¼•”,‘Š¶Žs,52341396,128,167,
”d–“ì¼•”,‘Š¶Žs,52341397,129,168,
”d–“ì¼•”,‘Š¶Žs,52341398,129,168,
”d–“ì¼•”,‘Š¶Žs,52342303,113,147,
”d–“ì¼•”,‘Š¶Žs,52342304,108,141,
”d–“ì¼•”,‘Š¶Žs,52342305,129,168,
”d–“ì¼•”,‘Š¶Žs,52342306,129,168,
”d–“ì¼•”,‘Š¶Žs,52342307,129,168,
”d–“ì¼•”,‘Š¶Žs,52342313,103,135,
”d–“ì¼•”,‘Š¶Žs,52342314,104,136,
”d–“ì¼•”,‘Š¶Žs,52342315,130,170,
”d–“ì¼•”,‘Š¶Žs,52342316,130,169,
”d–“ì¼•”,‘Š¶Žs,52342317,130,169,
”d–“ì¼•”,‘Š¶Žs,52342323,109,142,
”d–“ì¼•”,‘Š¶Žs,52342324,110,143,
”d–“ì¼•”,‘Š¶Žs,52342325,110,144,
”d–“ì¼•”,‘Š¶Žs,52342326,110,144,
”d–“ì¼•”,‘Š¶Žs,52342333,109,142,
”d–“ì¼•”,‘Š¶Žs,52342334,110,144,
”d–“ì¼•”,‘Š¶Žs,52342335,111,145,
”d–“ì¼•”,‘Š¶Žs,52342336,110,144,
”d–“ì¼•”,‘Š¶Žs,52342344,110,144,
”d–“ì¼•”,‘Š¶Žs,52342345,106,138,
”d–“ì¼•”,‘Š¶Žs,52342346,110,143,
”d–“ì¼•”,‘Š¶Žs,52342347,110,143,
”d–“ì¼•”,‘Š¶Žs,52342354,109,142,
”d–“ì¼•”,‘Š¶Žs,52342355,109,142,
”d–“ì¼•”,‘Š¶Žs,52342356,110,143,
”d–“ì¼•”,‘Š¶Žs,52342357,109,142,
”d–“ì¼•”,‘Š¶Žs,52342358,110,143,
”d–“ì¼•”,‘Š¶Žs,52342364,109,142,
”d–“ì¼•”,‘Š¶Žs,52342365,109,142,
”d–“ì¼•”,‘Š¶Žs,52342366,109,142,
”d–“ì¼•”,‘Š¶Žs,52342367,110,143,
”d–“ì¼•”,‘Š¶Žs,52342368,109,142,
”d–“ì¼•”,‘Š¶Žs,52342374,104,136,
”d–“ì¼•”,‘Š¶Žs,52342375,108,141,
”d–“ì¼•”,‘Š¶Žs,52342376,109,142,
”d–“ì¼•”,‘Š¶Žs,52342377,110,144,
”d–“ì¼•”,‘Š¶Žs,52342378,110,143,
”d–“ì¼•”,‘Š¶Žs,52342385,113,147,
”d–“ì¼•”,‘Š¶Žs,52342386,114,149,
”d–“ì¼•”,‘Š¶Žs,52342387,115,150,
”d–“ì¼•”,‘Š¶Žs,52342388,115,150,
”d–“ì¼•”,‘Š¶Žs,52342398,116,151,
”d–“ì¼•”,Ô•äŽs,52340276,141,184,
”d–“ì¼•”,Ô•äŽs,52340279,157,|,
”d–“ì¼•”,Ô•äŽs,52340285,140,183,
”d–“ì¼•”,Ô•äŽs,52340286,140,183,
”d–“ì¼•”,Ô•äŽs,52340287,141,184,
”d–“ì¼•”,Ô•äŽs,52340288,140,183,
”d–“ì¼•”,Ô•äŽs,52340289,157,|,
”d–“ì¼•”,Ô•äŽs,52340295,140,183,
”d–“ì¼•”,Ô•äŽs,52340296,140,183,
”d–“ì¼•”,Ô•äŽs,52340297,140,183,
”d–“ì¼•”,Ô•äŽs,52340298,140,183,
”d–“ì¼•”,Ô•äŽs,52340299,157,|,
”d–“ì¼•”,Ô•äŽs,52340370,157,|,
”d–“ì¼•”,Ô•äŽs,52340371,157,|,
”d–“ì¼•”,Ô•äŽs,52340372,117,153,
”d–“ì¼•”,Ô•äŽs,52340373,118,154,
”d–“ì¼•”,Ô•äŽs,52340380,157,|,
”d–“ì¼•”,Ô•äŽs,52340381,157,|,
”d–“ì¼•”,Ô•äŽs,52340382,117,153,
”d–“ì¼•”,Ô•äŽs,52340383,118,154,
”d–“ì¼•”,Ô•äŽs,52340390,157,|,
”d–“ì¼•”,Ô•äŽs,52340391,157,|,
”d–“ì¼•”,Ô•äŽs,52340392,117,153,
”d–“ì¼•”,Ô•äŽs,52340393,118,154,
”d–“ì¼•”,Ô•äŽs,52340394,118,154,
”d–“ì¼•”,Ô•äŽs,52341205,157,205,
”d–“ì¼•”,Ô•äŽs,52341206,157,204,
”d–“ì¼•”,Ô•äŽs,52341207,157,204,
”d–“ì¼•”,Ô•äŽs,52341208,157,204,
”d–“ì¼•”,Ô•äŽs,52341209,157,|,
”d–“ì¼•”,Ô•äŽs,52341216,157,205,
”d–“ì¼•”,Ô•äŽs,52341217,157,204,
”d–“ì¼•”,Ô•äŽs,52341218,157,205,
”d–“ì¼•”,Ô•äŽs,52341219,157,204,
”d–“ì¼•”,Ô•äŽs,52341227,157,204,
”d–“ì¼•”,Ô•äŽs,52341228,157,204,
”d–“ì¼•”,Ô•äŽs,52341229,157,204,
”d–“ì¼•”,Ô•äŽs,52341235,158,206,
”d–“ì¼•”,Ô•äŽs,52341236,158,206,
”d–“ì¼•”,Ô•äŽs,52341237,157,205,
”d–“ì¼•”,Ô•äŽs,52341238,157,205,
”d–“ì¼•”,Ô•äŽs,52341239,157,205,
”d–“ì¼•”,Ô•äŽs,52341245,159,|,
”d–“ì¼•”,Ô•äŽs,52341246,159,207,
”d–“ì¼•”,Ô•äŽs,52341247,159,|,
”d–“ì¼•”,Ô•äŽs,52341248,157,205,
”d–“ì¼•”,Ô•äŽs,52341249,158,206,
”d–“ì¼•”,Ô•äŽs,52341255,159,|,
”d–“ì¼•”,Ô•äŽs,52341256,159,|,
”d–“ì¼•”,Ô•äŽs,52341257,159,|,
”d–“ì¼•”,Ô•äŽs,52341258,158,206,
”d–“ì¼•”,Ô•äŽs,52341259,158,206,
”d–“ì¼•”,Ô•äŽs,52341265,159,|,
”d–“ì¼•”,Ô•äŽs,52341266,159,|,
”d–“ì¼•”,Ô•äŽs,52341267,134,175,
”d–“ì¼•”,Ô•äŽs,52341268,134,175,
”d–“ì¼•”,Ô•äŽs,52341269,134,175,
”d–“ì¼•”,Ô•äŽs,52341274,159,|,
”d–“ì¼•”,Ô•äŽs,52341275,135,176,
”d–“ì¼•”,Ô•äŽs,52341276,135,176,
”d–“ì¼•”,Ô•äŽs,52341277,133,174,
”d–“ì¼•”,Ô•äŽs,52341278,135,|,
”d–“ì¼•”,Ô•äŽs,52341279,135,|,
”d–“ì¼•”,Ô•äŽs,52341284,159,|,
”d–“ì¼•”,Ô•äŽs,52341285,136,177,
”d–“ì¼•”,Ô•äŽs,52341286,136,177,
”d–“ì¼•”,Ô•äŽs,52341287,135,176,
”d–“ì¼•”,Ô•äŽs,52341288,134,175,
”d–“ì¼•”,Ô•äŽs,52341289,133,174,
”d–“ì¼•”,Ô•äŽs,52341296,131,171,
”d–“ì¼•”,Ô•äŽs,52341297,136,177,
”d–“ì¼•”,Ô•äŽs,52341298,135,176,
”d–“ì¼•”,Ô•äŽs,52341299,134,175,
”d–“ì¼•”,Ô•äŽs,52341300,157,|,
”d–“ì¼•”,Ô•äŽs,52341301,122,159,
”d–“ì¼•”,Ô•äŽs,52341302,122,159,
”d–“ì¼•”,Ô•äŽs,52341303,123,160,
”d–“ì¼•”,Ô•äŽs,52341304,123,160,
”d–“ì¼•”,Ô•äŽs,52341310,122,159,
”d–“ì¼•”,Ô•äŽs,52341311,122,159,
”d–“ì¼•”,Ô•äŽs,52341312,123,160,
”d–“ì¼•”,Ô•äŽs,52341313,123,161,
”d–“ì¼•”,Ô•äŽs,52341314,123,160,
”d–“ì¼•”,Ô•äŽs,52341315,133,|,
”d–“ì¼•”,Ô•äŽs,52341316,117,152,
”d–“ì¼•”,Ô•äŽs,52341320,122,159,
”d–“ì¼•”,Ô•äŽs,52341321,123,160,
”d–“ì¼•”,Ô•äŽs,52341322,123,161,
”d–“ì¼•”,Ô•äŽs,52341323,124,162,
”d–“ì¼•”,Ô•äŽs,52341324,123,161,
”d–“ì¼•”,Ô•äŽs,52341325,129,168,
”d–“ì¼•”,Ô•äŽs,52341326,122,159,
”d–“ì¼•”,Ô•äŽs,52341330,122,159,
”d–“ì¼•”,Ô•äŽs,52341331,123,160,
”d–“ì¼•”,Ô•äŽs,52341332,124,162,
”d–“ì¼•”,Ô•äŽs,52341333,124,162,
”d–“ì¼•”,Ô•äŽs,52341334,124,162,
”d–“ì¼•”,Ô•äŽs,52341340,122,159,
”d–“ì¼•”,Ô•äŽs,52341341,123,160,
”d–“ì¼•”,Ô•äŽs,52341342,123,161,
”d–“ì¼•”,Ô•äŽs,52341343,124,162,
”d–“ì¼•”,Ô•äŽs,52341344,123,161,
”d–“ì¼•”,Ô•äŽs,52341350,122,159,
”d–“ì¼•”,Ô•äŽs,52341351,123,160,
”d–“ì¼•”,Ô•äŽs,52341352,123,160,
”d–“ì¼•”,Ô•äŽs,52341353,123,161,
”d–“ì¼•”,Ô•äŽs,52341360,107,139,
”d–“ì¼•”,Ô•äŽs,52341361,107,140,
”d–“ì¼•”,Ô•äŽs,52341362,107,140,
”d–“ì¼•”,Ô•äŽs,52341363,117,153,
”d–“ì¼•”,Ô•äŽs,52341370,107,140,
”d–“ì¼•”,Ô•äŽs,52341371,112,146,
”d–“ì¼•”,Ô•äŽs,52341372,107,140,
”d–“ì¼•”,Ô•äŽs,52341373,112,146,
”d–“ì¼•”,Ô•äŽs,52341380,107,140,
”d–“ì¼•”,Ô•äŽs,52341381,113,147,
”d–“ì¼•”,Ô•äŽs,52341382,113,147,
”d–“ì¼•”,Ô•äŽs,52341390,113,147,
”d–“ì¼•”,Ô•äŽs,52341391,113,148,
”d–“ì¼•”,Ô•äŽs,52341392,113,148,
”d–“ì¼•”,Ô•äŽs,52342206,137,178,
”d–“ì¼•”,Ô•äŽs,52342207,136,177,
”d–“ì¼•”,Ô•äŽs,52342208,136,177,
”d–“ì¼•”,Ô•äŽs,52342209,135,176,
”d–“ì¼•”,Ô•äŽs,52342216,137,178,
”d–“ì¼•”,Ô•äŽs,52342217,136,177,
”d–“ì¼•”,Ô•äŽs,52342218,136,177,
”d–“ì¼•”,Ô•äŽs,52342219,136,177,
”d–“ì¼•”,Ô•äŽs,52342229,137,179,
”d–“ì¼•”,Ô•äŽs,52342300,108,141,
”d–“ì¼•”,Ô•äŽs,52342301,108,141,
”d–“ì¼•”,Ô•äŽs,52342302,113,148,
”d–“ì¼•”,Ô•äŽs,52342312,104,136,
”d–“ì¼•”,‚½‚Â‚ÌŽs,52341308,133,|,
”d–“ì¼•”,‚½‚Â‚ÌŽs,52341318,117,153,
”d–“ì¼•”,‚½‚Â‚ÌŽs,52341319,133,|,
”d–“ì¼•”,‚½‚Â‚ÌŽs,52341328,127,166,
”d–“ì¼•”,‚½‚Â‚ÌŽs,52341329,133,174,
”d–“ì¼•”,‚½‚Â‚ÌŽs,52341399,130,169,
”d–“ì¼•”,‚½‚Â‚ÌŽs,52341410,107,140,
”d–“ì¼•”,‚½‚Â‚ÌŽs,52341414,141,|,
”d–“ì¼•”,‚½‚Â‚ÌŽs,52341415,141,|,
”d–“ì¼•”,‚½‚Â‚ÌŽs,52341420,107,140,
”d–“ì¼•”,‚½‚Â‚ÌŽs,52341421,107,140,
”d–“ì¼•”,‚½‚Â‚ÌŽs,52341422,108,|,
”d–“ì¼•”,‚½‚Â‚ÌŽs,52341423,108,141,
”d–“ì¼•”,‚½‚Â‚ÌŽs,52341424,108,141,
”d–“ì¼•”,‚½‚Â‚ÌŽs,52341425,141,|,
”d–“ì¼•”,‚½‚Â‚ÌŽs,52341430,107,140,
”d–“ì¼•”,‚½‚Â‚ÌŽs,52341431,107,140,
”d–“ì¼•”,‚½‚Â‚ÌŽs,52341432,107,140,
”d–“ì¼•”,‚½‚Â‚ÌŽs,52341433,108,141,
”d–“ì¼•”,‚½‚Â‚ÌŽs,52341434,108,141,
”d–“ì¼•”,‚½‚Â‚ÌŽs,52341435,123,160,
”d–“ì¼•”,‚½‚Â‚ÌŽs,52341440,123,160,
”d–“ì¼•”,‚½‚Â‚ÌŽs,52341441,107,140,
”d–“ì¼•”,‚½‚Â‚ÌŽs,52341442,108,141,
”d–“ì¼•”,‚½‚Â‚ÌŽs,52341443,108,141,
”d–“ì¼•”,‚½‚Â‚ÌŽs,52341444,108,141,
”d–“ì¼•”,‚½‚Â‚ÌŽs,52341445,123,161,
”d–“ì¼•”,‚½‚Â‚ÌŽs,52341450,123,161,
”d–“ì¼•”,‚½‚Â‚ÌŽs,52341451,108,141,
”d–“ì¼•”,‚½‚Â‚ÌŽs,52341452,113,|,
”d–“ì¼•”,‚½‚Â‚ÌŽs,52341453,109,142,
”d–“ì¼•”,‚½‚Â‚ÌŽs,52341454,109,142,
”d–“ì¼•”,‚½‚Â‚ÌŽs,52341455,123,160,
”d–“ì¼•”,‚½‚Â‚ÌŽs,52341460,123,160,
”d–“ì¼•”,‚½‚Â‚ÌŽs,52341461,113,147,
”d–“ì¼•”,‚½‚Â‚ÌŽs,52341462,108,141,
”d–“ì¼•”,‚½‚Â‚ÌŽs,52341463,103,135,
”d–“ì¼•”,‚½‚Â‚ÌŽs,52341464,109,142,
”d–“ì¼•”,‚½‚Â‚ÌŽs,52341470,123,161,
”d–“ì¼•”,‚½‚Â‚ÌŽs,52341471,123,161,
”d–“ì¼•”,‚½‚Â‚ÌŽs,52341472,108,141,
”d–“ì¼•”,‚½‚Â‚ÌŽs,52341473,109,142,
”d–“ì¼•”,‚½‚Â‚ÌŽs,52341474,109,142,
”d–“ì¼•”,‚½‚Â‚ÌŽs,52341480,124,162,
”d–“ì¼•”,‚½‚Â‚ÌŽs,52341481,124,162,
”d–“ì¼•”,‚½‚Â‚ÌŽs,52341482,103,135,
”d–“ì¼•”,‚½‚Â‚ÌŽs,52341483,141,|,
”d–“ì¼•”,‚½‚Â‚ÌŽs,52341484,141,|,
”d–“ì¼•”,‚½‚Â‚ÌŽs,52341490,124,162,
”d–“ì¼•”,‚½‚Â‚ÌŽs,52341491,130,169,
”d–“ì¼•”,‚½‚Â‚ÌŽs,52341492,141,|,
”d–“ì¼•”,‚½‚Â‚ÌŽs,52341493,141,|,
”d–“ì¼•”,‚½‚Â‚ÌŽs,52341494,141,|,
”d–“ì¼•”,‚½‚Â‚ÌŽs,52342308,130,170,
”d–“ì¼•”,‚½‚Â‚ÌŽs,52342309,130,170,
”d–“ì¼•”,‚½‚Â‚ÌŽs,52342318,130,170,
”d–“ì¼•”,‚½‚Â‚ÌŽs,52342319,130,170,
”d–“ì¼•”,‚½‚Â‚ÌŽs,52342327,110,144,
”d–“ì¼•”,‚½‚Â‚ÌŽs,52342328,115,150,
”d–“ì¼•”,‚½‚Â‚ÌŽs,52342329,114,149,
”d–“ì¼•”,‚½‚Â‚ÌŽs,52342337,110,144,
”d–“ì¼•”,‚½‚Â‚ÌŽs,52342338,105,137,
”d–“ì¼•”,‚½‚Â‚ÌŽs,52342339,110,143,
”d–“ì¼•”,‚½‚Â‚ÌŽs,52342348,109,142,
”d–“ì¼•”,‚½‚Â‚ÌŽs,52342349,110,143,
”d–“ì¼•”,‚½‚Â‚ÌŽs,52342359,110,143,
”d–“ì¼•”,‚½‚Â‚ÌŽs,52342369,110,143,
”d–“ì¼•”,‚½‚Â‚ÌŽs,52342379,131,|,
”d–“ì¼•”,‚½‚Â‚ÌŽs,52342389,131,|,
”d–“ì¼•”,‚½‚Â‚ÌŽs,52342396,115,150,
”d–“ì¼•”,‚½‚Â‚ÌŽs,52342397,115,150,
”d–“ì¼•”,‚½‚Â‚ÌŽs,52342399,131,|,
”d–“ì¼•”,‚½‚Â‚ÌŽs,52342400,124,162,
”d–“ì¼•”,‚½‚Â‚ÌŽs,52342401,124,162,
”d–“ì¼•”,‚½‚Â‚ÌŽs,52342402,141,|,
”d–“ì¼•”,‚½‚Â‚ÌŽs,52342403,129,168,
”d–“ì¼•”,‚½‚Â‚ÌŽs,52342404,129,168,
”d–“ì¼•”,‚½‚Â‚ÌŽs,52342410,120,156,
”d–“ì¼•”,‚½‚Â‚ÌŽs,52342411,120,156,
”d–“ì¼•”,‚½‚Â‚ÌŽs,52342412,130,169,
”d–“ì¼•”,‚½‚Â‚ÌŽs,52342413,130,169,
”d–“ì¼•”,‚½‚Â‚ÌŽs,52342414,141,|,
”d–“ì¼•”,‚½‚Â‚ÌŽs,52342415,130,169,
”d–“ì¼•”,‚½‚Â‚ÌŽs,52342420,120,156,
”d–“ì¼•”,‚½‚Â‚ÌŽs,52342421,120,156,
”d–“ì¼•”,‚½‚Â‚ÌŽs,52342422,120,157,
”d–“ì¼•”,‚½‚Â‚ÌŽs,52342423,141,|,
”d–“ì¼•”,‚½‚Â‚ÌŽs,52342424,141,|,
”d–“ì¼•”,‚½‚Â‚ÌŽs,52342425,124,162,
”d–“ì¼•”,‚½‚Â‚ÌŽs,52342430,120,156,
”d–“ì¼•”,‚½‚Â‚ÌŽs,52342431,120,156,
”d–“ì¼•”,‚½‚Â‚ÌŽs,52342432,121,158,
”d–“ì¼•”,‚½‚Â‚ÌŽs,52342433,127,165,
”d–“ì¼•”,‚½‚Â‚ÌŽs,52342434,141,|,
”d–“ì¼•”,‚½‚Â‚ÌŽs,52342435,124,162,
”d–“ì¼•”,‚½‚Â‚ÌŽs,52342436,124,162,
”d–“ì¼•”,‚½‚Â‚ÌŽs,52342440,119,155,
”d–“ì¼•”,‚½‚Â‚ÌŽs,52342441,120,156,
”d–“ì¼•”,‚½‚Â‚ÌŽs,52342442,120,157,
”d–“ì¼•”,‚½‚Â‚ÌŽs,52342443,127,165,
”d–“ì¼•”,‚½‚Â‚ÌŽs,52342444,125,163,
”d–“ì¼•”,‚½‚Â‚ÌŽs,52342445,124,162,
”d–“ì¼•”,‚½‚Â‚ÌŽs,52342446,124,162,
”d–“ì¼•”,‚½‚Â‚ÌŽs,52342450,124,162,
”d–“ì¼•”,‚½‚Â‚ÌŽs,52342451,124,162,
”d–“ì¼•”,‚½‚Â‚ÌŽs,52342452,125,163,
”d–“ì¼•”,‚½‚Â‚ÌŽs,52342453,125,163,
”d–“ì¼•”,‚½‚Â‚ÌŽs,52342454,124,162,
”d–“ì¼•”,‚½‚Â‚ÌŽs,52342455,124,162,
”d–“ì¼•”,‚½‚Â‚ÌŽs,52342456,124,162,
”d–“ì¼•”,‚½‚Â‚ÌŽs,52342457,126,164,
”d–“ì¼•”,‚½‚Â‚ÌŽs,52342460,120,156,
”d–“ì¼•”,‚½‚Â‚ÌŽs,52342461,120,156,
”d–“ì¼•”,‚½‚Â‚ÌŽs,52342462,120,156,
”d–“ì¼•”,‚½‚Â‚ÌŽs,52342463,120,156,
”d–“ì¼•”,‚½‚Â‚ÌŽs,52342464,124,162,
”d–“ì¼•”,‚½‚Â‚ÌŽs,52342465,124,162,
”d–“ì¼•”,‚½‚Â‚ÌŽs,52342466,124,162,
”d–“ì¼•”,‚½‚Â‚ÌŽs,52342467,127,165,
”d–“ì¼•”,‚½‚Â‚ÌŽs,52342470,120,156,
”d–“ì¼•”,‚½‚Â‚ÌŽs,52342471,131,|,
”d–“ì¼•”,‚½‚Â‚ÌŽs,52342472,120,156,
”d–“ì¼•”,‚½‚Â‚ÌŽs,52342473,119,155,
”d–“ì¼•”,‚½‚Â‚ÌŽs,52342474,124,162,
”d–“ì¼•”,‚½‚Â‚ÌŽs,52342475,124,162,
”d–“ì¼•”,‚½‚Â‚ÌŽs,52342477,126,164,
”d–“ì¼•”,‚½‚Â‚ÌŽs,52342480,131,|,
”d–“ì¼•”,‚½‚Â‚ÌŽs,52342481,131,|,
”d–“ì¼•”,‚½‚Â‚ÌŽs,52342482,130,170,
”d–“ì¼•”,‚½‚Â‚ÌŽs,52342483,131,|,
”d–“ì¼•”,‚½‚Â‚ÌŽs,52342484,130,169,
”d–“ì¼•”,‚½‚Â‚ÌŽs,52342490,131,171,
”d–“ì¼•”,‚½‚Â‚ÌŽs,52342491,130,170,
”d–“ì¼•”,‚½‚Â‚ÌŽs,52342492,131,171,
”d–“ì¼•”,‚½‚Â‚ÌŽs,52342493,130,170,
”d–“ì¼•”,‚½‚Â‚ÌŽs,52342494,130,169,
”d–“ì¼•”,‚½‚Â‚ÌŽs,52342495,113,148,
”d–“ì¼•”,‚½‚Â‚ÌŽs,52343306,115,150,
”d–“ì¼•”,‚½‚Â‚ÌŽs,52343307,115,150,
”d–“ì¼•”,‚½‚Â‚ÌŽs,52343308,131,|,
”d–“ì¼•”,‚½‚Â‚ÌŽs,52343309,131,|,
”d–“ì¼•”,‚½‚Â‚ÌŽs,52343316,117,152,
”d–“ì¼•”,‚½‚Â‚ÌŽs,52343317,116,151,
”d–“ì¼•”,‚½‚Â‚ÌŽs,52343318,117,152,
”d–“ì¼•”,‚½‚Â‚ÌŽs,52343319,116,151,
”d–“ì¼•”,‚½‚Â‚ÌŽs,52343325,118,154,
”d–“ì¼•”,‚½‚Â‚ÌŽs,52343326,113,147,
”d–“ì¼•”,‚½‚Â‚ÌŽs,52343327,117,152,
”d–“ì¼•”,‚½‚Â‚ÌŽs,52343328,117,152,
”d–“ì¼•”,‚½‚Â‚ÌŽs,52343329,116,151,
”d–“ì¼•”,‚½‚Â‚ÌŽs,52343334,125,|,
”d–“ì¼•”,‚½‚Â‚ÌŽs,52343335,114,149,
”d–“ì¼•”,‚½‚Â‚ÌŽs,52343336,115,150,
”d–“ì¼•”,‚½‚Â‚ÌŽs,52343337,117,153,
”d–“ì¼•”,‚½‚Â‚ÌŽs,52343338,117,153,
”d–“ì¼•”,‚½‚Â‚ÌŽs,52343339,116,151,
”d–“ì¼•”,‚½‚Â‚ÌŽs,52343344,113,147,
”d–“ì¼•”,‚½‚Â‚ÌŽs,52343345,114,149,
”d–“ì¼•”,‚½‚Â‚ÌŽs,52343346,114,149,
”d–“ì¼•”,‚½‚Â‚ÌŽs,52343347,113,147,
”d–“ì¼•”,‚½‚Â‚ÌŽs,52343348,113,147,
”d–“ì¼•”,‚½‚Â‚ÌŽs,52343349,112,146,
”d–“ì¼•”,‚½‚Â‚ÌŽs,52343355,113,147,
”d–“ì¼•”,‚½‚Â‚ÌŽs,52343356,113,147,
”d–“ì¼•”,‚½‚Â‚ÌŽs,52343357,113,147,
”d–“ì¼•”,‚½‚Â‚ÌŽs,52343358,113,147,
”d–“ì¼•”,‚½‚Â‚ÌŽs,52343359,112,146,
”d–“ì¼•”,‚½‚Â‚ÌŽs,52343367,112,146,
”d–“ì¼•”,‚½‚Â‚ÌŽs,52343368,112,146,
”d–“ì¼•”,‚½‚Â‚ÌŽs,52343369,112,146,
”d–“ì¼•”,‚½‚Â‚ÌŽs,52343378,112,146,
”d–“ì¼•”,‚½‚Â‚ÌŽs,52343379,111,145,
”d–“ì¼•”,‚½‚Â‚ÌŽs,52343388,112,146,
”d–“ì¼•”,‚½‚Â‚ÌŽs,52343389,112,146,
”d–“ì¼•”,‚½‚Â‚ÌŽs,52343398,112,146,
”d–“ì¼•”,‚½‚Â‚ÌŽs,52343399,113,147,
”d–“ì¼•”,‚½‚Â‚ÌŽs,52343400,131,171,
”d–“ì¼•”,‚½‚Â‚ÌŽs,52343401,131,171,
”d–“ì¼•”,‚½‚Â‚ÌŽs,52343402,130,170,
”d–“ì¼•”,‚½‚Â‚ÌŽs,52343403,130,169,
”d–“ì¼•”,‚½‚Â‚ÌŽs,52343404,130,169,
”d–“ì¼•”,‚½‚Â‚ÌŽs,52343405,113,148,
”d–“ì¼•”,‚½‚Â‚ÌŽs,52343410,131,171,
”d–“ì¼•”,‚½‚Â‚ÌŽs,52343411,131,171,
”d–“ì¼•”,‚½‚Â‚ÌŽs,52343412,130,170,
”d–“ì¼•”,‚½‚Â‚ÌŽs,52343413,130,169,
”d–“ì¼•”,‚½‚Â‚ÌŽs,52343414,130,169,
”d–“ì¼•”,‚½‚Â‚ÌŽs,52343420,131,171,
”d–“ì¼•”,‚½‚Â‚ÌŽs,52343421,130,169,
”d–“ì¼•”,‚½‚Â‚ÌŽs,52343422,130,169,
”d–“ì¼•”,‚½‚Â‚ÌŽs,52343423,130,169,
”d–“ì¼•”,‚½‚Â‚ÌŽs,52343424,130,169,
”d–“ì¼•”,‚½‚Â‚ÌŽs,52343425,114,149,
”d–“ì¼•”,‚½‚Â‚ÌŽs,52343430,132,172,
”d–“ì¼•”,‚½‚Â‚ÌŽs,52343431,131,171,
”d–“ì¼•”,‚½‚Â‚ÌŽs,52343432,130,170,
”d–“ì¼•”,‚½‚Â‚ÌŽs,52343433,130,170,
”d–“ì¼•”,‚½‚Â‚ÌŽs,52343434,131,171,
”d–“ì¼•”,‚½‚Â‚ÌŽs,52343435,115,150,
”d–“ì¼•”,‚½‚Â‚ÌŽs,52343440,106,138,
”d–“ì¼•”,‚½‚Â‚ÌŽs,52343441,106,138,
”d–“ì¼•”,‚½‚Â‚ÌŽs,52343442,106,138,
”d–“ì¼•”,‚½‚Â‚ÌŽs,52343443,110,144,
”d–“ì¼•”,‚½‚Â‚ÌŽs,52343444,106,138,
”d–“ì¼•”,‚½‚Â‚ÌŽs,52343445,121,158,
”d–“ì¼•”,‚½‚Â‚ÌŽs,52343450,112,146,
”d–“ì¼•”,‚½‚Â‚ÌŽs,52343451,107,139,
”d–“ì¼•”,‚½‚Â‚ÌŽs,52343452,106,138,
”d–“ì¼•”,‚½‚Â‚ÌŽs,52343453,110,143,
”d–“ì¼•”,‚½‚Â‚ÌŽs,52343460,116,151,
”d–“ì¼•”,‚½‚Â‚ÌŽs,52343461,111,145,
”d–“ì¼•”,‚½‚Â‚ÌŽs,52343462,106,138,
”d–“ì¼•”,‚½‚Â‚ÌŽs,52343463,106,138,
”d–“ì¼•”,‚½‚Â‚ÌŽs,52343470,116,151,
”d–“ì¼•”,‚½‚Â‚ÌŽs,52343480,116,151,
”d–“ì¼•”,‚½‚Â‚ÌŽs,52343490,113,147,
”d–“ì¼•”,‘¾Žq’¬,52341475,141,|,
”d–“ì¼•”,‘¾Žq’¬,52341485,141,|,
”d–“ì¼•”,‘¾Žq’¬,52341486,108,141,
”d–“ì¼•”,‘¾Žq’¬,52341489,109,142,
”d–“ì¼•”,‘¾Žq’¬,52341495,103,135,
”d–“ì¼•”,‘¾Žq’¬,52341496,108,141,
”d–“ì¼•”,‘¾Žq’¬,52341497,113,148,
”d–“ì¼•”,‘¾Žq’¬,52341498,114,149,
”d–“ì¼•”,‘¾Žq’¬,52341499,110,144,
”d–“ì¼•”,‘¾Žq’¬,52342405,141,|,
”d–“ì¼•”,‘¾Žq’¬,52342406,109,142,
”d–“ì¼•”,‘¾Žq’¬,52342407,113,148,
”d–“ì¼•”,‘¾Žq’¬,52342408,110,143,
”d–“ì¼•”,‘¾Žq’¬,52342409,110,144,
”d–“ì¼•”,‘¾Žq’¬,52342416,103,135,
”d–“ì¼•”,‘¾Žq’¬,52342417,108,141,
”d–“ì¼•”,‘¾Žq’¬,52342418,109,142,
”d–“ì¼•”,‘¾Žq’¬,52342419,105,137,
”d–“ì¼•”,‘¾Žq’¬,52342426,104,136,
”d–“ì¼•”,‘¾Žq’¬,52342427,109,142,
”d–“ì¼•”,ãŒS’¬,52341283,143,186,
”d–“ì¼•”,ãŒS’¬,52341291,135,|,
”d–“ì¼•”,ãŒS’¬,52341292,135,176,
”d–“ì¼•”,ãŒS’¬,52341293,143,186,
”d–“ì¼•”,ãŒS’¬,52341294,143,187,
”d–“ì¼•”,ãŒS’¬,52341295,131,171,
”d–“ì¼•”,ãŒS’¬,52342201,133,174,
”d–“ì¼•”,ãŒS’¬,52342202,134,175,
”d–“ì¼•”,ãŒS’¬,52342203,136,177,
”d–“ì¼•”,ãŒS’¬,52342204,144,188,
”d–“ì¼•”,ãŒS’¬,52342205,131,171,
”d–“ì¼•”,ãŒS’¬,52342211,133,174,
”d–“ì¼•”,ãŒS’¬,52342212,134,175,
”d–“ì¼•”,ãŒS’¬,52342213,136,177,
”d–“ì¼•”,ãŒS’¬,52342214,143,187,
”d–“ì¼•”,ãŒS’¬,52342215,131,171,
”d–“ì¼•”,ãŒS’¬,52342220,143,|,
”d–“ì¼•”,ãŒS’¬,52342221,143,|,
”d–“ì¼•”,ãŒS’¬,52342222,142,185,
”d–“ì¼•”,ãŒS’¬,52342223,143,186,
”d–“ì¼•”,ãŒS’¬,52342224,143,186,
”d–“ì¼•”,ãŒS’¬,52342225,130,170,
”d–“ì¼•”,ãŒS’¬,52342226,130,170,
”d–“ì¼•”,ãŒS’¬,52342227,130,170,
”d–“ì¼•”,ãŒS’¬,52342228,130,170,
”d–“ì¼•”,ãŒS’¬,52342231,143,187,
”d–“ì¼•”,ãŒS’¬,52342232,143,187,
”d–“ì¼•”,ãŒS’¬,52342233,143,187,
”d–“ì¼•”,ãŒS’¬,52342234,143,186,
”d–“ì¼•”,ãŒS’¬,52342235,136,177,
”d–“ì¼•”,ãŒS’¬,52342236,137,178,
”d–“ì¼•”,ãŒS’¬,52342237,137,178,
”d–“ì¼•”,ãŒS’¬,52342238,137,179,
”d–“ì¼•”,ãŒS’¬,52342239,132,172,
”d–“ì¼•”,ãŒS’¬,52342241,145,189,
”d–“ì¼•”,ãŒS’¬,52342242,144,188,
”d–“ì¼•”,ãŒS’¬,52342243,144,188,
”d–“ì¼•”,ãŒS’¬,52342244,143,187,
”d–“ì¼•”,ãŒS’¬,52342245,136,177,
”d–“ì¼•”,ãŒS’¬,52342246,137,179,
”d–“ì¼•”,ãŒS’¬,52342247,137,179,
”d–“ì¼•”,ãŒS’¬,52342248,137,179,
”d–“ì¼•”,ãŒS’¬,52342249,137,179,
”d–“ì¼•”,ãŒS’¬,52342251,145,189,
”d–“ì¼•”,ãŒS’¬,52342252,143,187,
”d–“ì¼•”,ãŒS’¬,52342253,143,186,
”d–“ì¼•”,ãŒS’¬,52342254,143,186,
”d–“ì¼•”,ãŒS’¬,52342255,136,177,
”d–“ì¼•”,ãŒS’¬,52342256,137,179,
”d–“ì¼•”,ãŒS’¬,52342257,137,179,
”d–“ì¼•”,ãŒS’¬,52342258,137,178,
”d–“ì¼•”,ãŒS’¬,52342259,137,178,
”d–“ì¼•”,ãŒS’¬,52342262,143,186,
”d–“ì¼•”,ãŒS’¬,52342263,143,186,
”d–“ì¼•”,ãŒS’¬,52342264,143,|,
”d–“ì¼•”,ãŒS’¬,52342265,136,177,
”d–“ì¼•”,ãŒS’¬,52342266,136,177,
”d–“ì¼•”,ãŒS’¬,52342267,137,178,
”d–“ì¼•”,ãŒS’¬,52342268,136,177,
”d–“ì¼•”,ãŒS’¬,52342269,136,177,
”d–“ì¼•”,ãŒS’¬,52342273,143,186,
”d–“ì¼•”,ãŒS’¬,52342274,143,186,
”d–“ì¼•”,ãŒS’¬,52342275,135,176,
”d–“ì¼•”,ãŒS’¬,52342276,136,177,
”d–“ì¼•”,ãŒS’¬,52342277,136,177,
”d–“ì¼•”,ãŒS’¬,52342278,136,177,
”d–“ì¼•”,ãŒS’¬,52342279,136,177,
”d–“ì¼•”,ãŒS’¬,52342283,143,|,
”d–“ì¼•”,ãŒS’¬,52342284,124,162,
”d–“ì¼•”,ãŒS’¬,52342285,119,155,
”d–“ì¼•”,ãŒS’¬,52342286,120,156,
”d–“ì¼•”,ãŒS’¬,52342287,120,156,
”d–“ì¼•”,ãŒS’¬,52342288,119,155,
”d–“ì¼•”,ãŒS’¬,52342289,119,155,
”d–“ì¼•”,ãŒS’¬,52342294,124,162,
”d–“ì¼•”,ãŒS’¬,52342295,120,156,
”d–“ì¼•”,ãŒS’¬,52342296,120,156,
”d–“ì¼•”,ãŒS’¬,52342297,120,156,
”d–“ì¼•”,ãŒS’¬,52342298,120,156,
”d–“ì¼•”,ãŒS’¬,52342299,119,155,
”d–“ì¼•”,ãŒS’¬,52342310,104,136,
”d–“ì¼•”,ãŒS’¬,52342311,104,136,
”d–“ì¼•”,ãŒS’¬,52342320,110,143,
”d–“ì¼•”,ãŒS’¬,52342321,110,143,
”d–“ì¼•”,ãŒS’¬,52342322,109,142,
”d–“ì¼•”,ãŒS’¬,52342330,110,144,
”d–“ì¼•”,ãŒS’¬,52342331,109,142,
”d–“ì¼•”,ãŒS’¬,52342332,108,141,
”d–“ì¼•”,ãŒS’¬,52342340,110,143,
”d–“ì¼•”,ãŒS’¬,52342341,109,142,
”d–“ì¼•”,ãŒS’¬,52342342,108,141,
”d–“ì¼•”,ãŒS’¬,52342343,109,142,
”d–“ì¼•”,ãŒS’¬,52342350,108,141,
”d–“ì¼•”,ãŒS’¬,52342351,107,140,
”d–“ì¼•”,ãŒS’¬,52342352,108,141,
”d–“ì¼•”,ãŒS’¬,52342353,109,142,
”d–“ì¼•”,ãŒS’¬,52342360,108,141,
”d–“ì¼•”,ãŒS’¬,52342361,108,141,
”d–“ì¼•”,ãŒS’¬,52342362,108,141,
”d–“ì¼•”,ãŒS’¬,52342363,108,141,
”d–“ì¼•”,ãŒS’¬,52342370,108,141,
”d–“ì¼•”,ãŒS’¬,52342371,108,141,
”d–“ì¼•”,ãŒS’¬,52342372,108,141,
”d–“ì¼•”,ãŒS’¬,52342373,109,142,
”d–“ì¼•”,ãŒS’¬,52342380,124,162,
”d–“ì¼•”,ãŒS’¬,52342381,124,162,
”d–“ì¼•”,ãŒS’¬,52342382,124,162,
”d–“ì¼•”,ãŒS’¬,52342383,124,162,
”d–“ì¼•”,ãŒS’¬,52342384,123,161,
”d–“ì¼•”,ãŒS’¬,52342390,124,162,
”d–“ì¼•”,ãŒS’¬,52342391,124,162,
”d–“ì¼•”,ãŒS’¬,52342392,124,162,
”d–“ì¼•”,ãŒS’¬,52342393,124,162,
”d–“ì¼•”,ãŒS’¬,52342394,124,162,
”d–“ì¼•”,ãŒS’¬,52342395,114,149,
”d–“ì¼•”,ãŒS’¬,52343204,124,162,
”d–“ì¼•”,ãŒS’¬,52343205,124,162,
”d–“ì¼•”,ãŒS’¬,52343206,124,162,
”d–“ì¼•”,ãŒS’¬,52343207,125,163,
”d–“ì¼•”,ãŒS’¬,52343208,125,163,
”d–“ì¼•”,ãŒS’¬,52343209,124,162,
”d–“ì¼•”,ãŒS’¬,52343215,124,162,
”d–“ì¼•”,ãŒS’¬,52343217,126,164,
”d–“ì¼•”,ãŒS’¬,52343218,125,163,
”d–“ì¼•”,ãŒS’¬,52343219,124,162,
”d–“ì¼•”,ãŒS’¬,52343228,125,163,
”d–“ì¼•”,ãŒS’¬,52343229,124,162,
”d–“ì¼•”,ãŒS’¬,52343300,120,156,
”d–“ì¼•”,ãŒS’¬,52343301,120,156,
”d–“ì¼•”,ãŒS’¬,52343302,119,155,
”d–“ì¼•”,ãŒS’¬,52343303,120,156,
”d–“ì¼•”,ãŒS’¬,52343304,119,155,
”d–“ì¼•”,ãŒS’¬,52343305,114,149,
”d–“ì¼•”,ãŒS’¬,52343310,120,156,
”d–“ì¼•”,ãŒS’¬,52343311,120,156,
”d–“ì¼•”,ãŒS’¬,52343312,120,156,
”d–“ì¼•”,ãŒS’¬,52343313,120,156,
”d–“ì¼•”,ãŒS’¬,52343314,120,156,
”d–“ì¼•”,ãŒS’¬,52343315,116,151,
”d–“ì¼•”,ãŒS’¬,52343320,120,156,
”d–“ì¼•”,ãŒS’¬,52343322,125,|,
”d–“ì¼•”,ãŒS’¬,52343323,125,|,
”d–“ì¼•”,ãŒS’¬,52343324,125,|,
’W˜H“‡,F–{Žs,51342699,112,165,
’W˜H“‡,F–{Žs,51342780,112,|,
’W˜H“‡,F–{Žs,51342790,111,164,
’W˜H“‡,F–{Žs,51342791,112,165,
’W˜H“‡,F–{Žs,51343608,112,166,
’W˜H“‡,F–{Žs,51343609,119,|,
’W˜H“‡,F–{Žs,51343618,113,167,
’W˜H“‡,F–{Žs,51343619,113,167,
’W˜H“‡,F–{Žs,51343627,125,|,
’W˜H“‡,F–{Žs,51343628,114,169,
’W˜H“‡,F–{Žs,51343629,114,169,
’W˜H“‡,F–{Žs,51343637,111,164,
’W˜H“‡,F–{Žs,51343638,110,162,
’W˜H“‡,F–{Žs,51343639,114,169,
’W˜H“‡,F–{Žs,51343647,111,164,
’W˜H“‡,F–{Žs,51343648,110,162,
’W˜H“‡,F–{Žs,51343649,119,175,
’W˜H“‡,F–{Žs,51343657,114,169,
’W˜H“‡,F–{Žs,51343658,119,176,
’W˜H“‡,F–{Žs,51343659,124,183,
’W˜H“‡,F–{Žs,51343667,115,170,
’W˜H“‡,F–{Žs,51343668,114,169,
’W˜H“‡,F–{Žs,51343669,125,184,
’W˜H“‡,F–{Žs,51343677,114,169,
’W˜H“‡,F–{Žs,51343678,128,|,
’W˜H“‡,F–{Žs,51343679,119,176,
’W˜H“‡,F–{Žs,51343687,128,|,
’W˜H“‡,F–{Žs,51343688,128,|,
’W˜H“‡,F–{Žs,51343689,120,177,
’W˜H“‡,F–{Žs,51343698,128,|,
’W˜H“‡,F–{Žs,51343699,119,175,
’W˜H“‡,F–{Žs,51343700,112,166,
’W˜H“‡,F–{Žs,51343701,112,166,
’W˜H“‡,F–{Žs,51343702,112,166,
’W˜H“‡,F–{Žs,51343703,106,157,
’W˜H“‡,F–{Žs,51343710,119,175,
’W˜H“‡,F–{Žs,51343711,118,174,
’W˜H“‡,F–{Žs,51343712,113,167,
’W˜H“‡,F–{Žs,51343713,107,158,
’W˜H“‡,F–{Žs,51343714,105,155,
’W˜H“‡,F–{Žs,51343715,110,|,
’W˜H“‡,F–{Žs,51343720,119,175,
’W˜H“‡,F–{Žs,51343721,123,|,
’W˜H“‡,F–{Žs,51343722,117,173,
’W˜H“‡,F–{Žs,51343723,116,171,
’W˜H“‡,F–{Žs,51343724,110,163,
’W˜H“‡,F–{Žs,51343725,106,157,
’W˜H“‡,F–{Žs,51343726,105,155,
’W˜H“‡,F–{Žs,51343730,123,|,
’W˜H“‡,F–{Žs,51343731,123,|,
’W˜H“‡,F–{Žs,51343732,123,|,
’W˜H“‡,F–{Žs,51343733,123,|,
’W˜H“‡,F–{Žs,51343734,112,165,
’W˜H“‡,F–{Žs,51343735,112,166,
’W˜H“‡,F–{Žs,51343736,123,|,
’W˜H“‡,F–{Žs,51343740,119,175,
’W˜H“‡,F–{Žs,51343741,119,175,
’W˜H“‡,F–{Žs,51343742,123,|,
’W˜H“‡,F–{Žs,51343743,123,|,
’W˜H“‡,F–{Žs,51343744,113,167,
’W˜H“‡,F–{Žs,51343745,101,149,
’W˜H“‡,F–{Žs,51343746,123,|,
’W˜H“‡,F–{Žs,51343750,114,169,
’W˜H“‡,F–{Žs,51343751,123,|,
’W˜H“‡,F–{Žs,51343752,123,182,
’W˜H“‡,F–{Žs,51343753,118,174,
’W˜H“‡,F–{Žs,51343754,118,174,
’W˜H“‡,F–{Žs,51343755,112,166,
’W˜H“‡,F–{Žs,51343756,123,|,
’W˜H“‡,F–{Žs,51343760,119,176,
’W˜H“‡,F–{Žs,51343761,123,|,
’W˜H“‡,F–{Žs,51343762,119,175,
’W˜H“‡,F–{Žs,51343763,123,182,
’W˜H“‡,F–{Žs,51343764,123,181,
’W˜H“‡,F–{Žs,51343765,123,|,
’W˜H“‡,F–{Žs,51343770,115,170,
’W˜H“‡,F–{Žs,51343771,114,169,
’W˜H“‡,F–{Žs,51343772,114,169,
’W˜H“‡,F–{Žs,51343773,119,175,
’W˜H“‡,F–{Žs,51343780,114,169,
’W˜H“‡,F–{Žs,51343781,114,169,
’W˜H“‡,F–{Žs,51343782,124,183,
’W˜H“‡,F–{Žs,51343783,114,169,
’W˜H“‡,F–{Žs,51343790,119,176,
’W˜H“‡,F–{Žs,51343791,111,164,
’W˜H“‡,F–{Žs,51343792,116,171,
’W˜H“‡,F–{Žs,51343793,115,170,
’W˜H“‡,F–{Žs,51344529,126,|,
’W˜H“‡,F–{Žs,51344539,115,170,
’W˜H“‡,F–{Žs,51344549,115,|,
’W˜H“‡,F–{Žs,51344559,115,|,
’W˜H“‡,F–{Žs,51344607,128,189,
’W˜H“‡,F–{Žs,51344608,123,181,
’W˜H“‡,F–{Žs,51344609,119,175,
’W˜H“‡,F–{Žs,51344616,117,173,
’W˜H“‡,F–{Žs,51344617,129,190,
’W˜H“‡,F–{Žs,51344618,123,181,
’W˜H“‡,F–{Žs,51344619,118,174,
’W˜H“‡,F–{Žs,51344620,107,158,
’W˜H“‡,F–{Žs,51344621,111,164,
’W˜H“‡,F–{Žs,51344622,108,159,
’W˜H“‡,F–{Žs,51344623,108,159,
’W˜H“‡,F–{Žs,51344624,119,175,
’W˜H“‡,F–{Žs,51344625,110,163,
’W˜H“‡,F–{Žs,51344626,117,173,
’W˜H“‡,F–{Žs,51344627,128,189,
’W˜H“‡,F–{Žs,51344628,122,180,
’W˜H“‡,F–{Žs,51344629,118,174,
’W˜H“‡,F–{Žs,51344630,106,157,
’W˜H“‡,F–{Žs,51344631,110,163,
’W˜H“‡,F–{Žs,51344632,111,164,
’W˜H“‡,F–{Žs,51344633,107,158,
’W˜H“‡,F–{Žs,51344634,113,167,
’W˜H“‡,F–{Žs,51344635,110,163,
’W˜H“‡,F–{Žs,51344636,111,164,
’W˜H“‡,F–{Žs,51344637,122,180,
’W˜H“‡,F–{Žs,51344638,122,180,
’W˜H“‡,F–{Žs,51344639,123,181,
’W˜H“‡,F–{Žs,51344640,107,158,
’W˜H“‡,F–{Žs,51344641,110,163,
’W˜H“‡,F–{Žs,51344642,110,163,
’W˜H“‡,F–{Žs,51344643,111,164,
’W˜H“‡,F–{Žs,51344644,108,160,
’W˜H“‡,F–{Žs,51344645,114,169,
’W˜H“‡,F–{Žs,51344646,121,178,
’W˜H“‡,F–{Žs,51344647,127,187,
’W˜H“‡,F–{Žs,51344648,122,180,
’W˜H“‡,F–{Žs,51344649,122,180,
’W˜H“‡,F–{Žs,51344650,106,157,
’W˜H“‡,F–{Žs,51344651,110,162,
’W˜H“‡,F–{Žs,51344652,111,164,
’W˜H“‡,F–{Žs,51344653,107,158,
’W˜H“‡,F–{Žs,51344654,112,166,
’W˜H“‡,F–{Žs,51344655,114,168,
’W˜H“‡,F–{Žs,51344656,121,178,
’W˜H“‡,F–{Žs,51344657,127,188,
’W˜H“‡,F–{Žs,51344658,122,180,
’W˜H“‡,F–{Žs,51344659,122,180,
’W˜H“‡,F–{Žs,51344660,106,157,
’W˜H“‡,F–{Žs,51344661,110,162,
’W˜H“‡,F–{Žs,51344662,110,163,
’W˜H“‡,F–{Žs,51344663,111,164,
’W˜H“‡,F–{Žs,51344664,112,166,
’W˜H“‡,F–{Žs,51344665,114,169,
’W˜H“‡,F–{Žs,51344666,121,178,
’W˜H“‡,F–{Žs,51344667,127,187,
’W˜H“‡,F–{Žs,51344668,122,180,
’W˜H“‡,F–{Žs,51344669,128,189,
’W˜H“‡,F–{Žs,51344671,110,162,
’W˜H“‡,F–{Žs,51344672,106,157,
’W˜H“‡,F–{Žs,51344673,111,164,
’W˜H“‡,F–{Žs,51344674,108,160,
’W˜H“‡,F–{Žs,51344675,119,175,
’W˜H“‡,F–{Žs,51344676,120,177,
’W˜H“‡,F–{Žs,51344677,121,178,
’W˜H“‡,F–{Žs,51344678,127,187,
’W˜H“‡,F–{Žs,51344679,127,188,
’W˜H“‡,F–{Žs,51344681,110,162,
’W˜H“‡,F–{Žs,51344682,107,158,
’W˜H“‡,F–{Žs,51344683,112,166,
’W˜H“‡,F–{Žs,51344684,112,166,
’W˜H“‡,F–{Žs,51344685,118,174,
’W˜H“‡,F–{Žs,51344686,119,175,
’W˜H“‡,F–{Žs,51344687,125,185,
’W˜H“‡,F–{Žs,51344689,127,187,
’W˜H“‡,F–{Žs,51344691,110,|,
’W˜H“‡,F–{Žs,51344692,108,159,
’W˜H“‡,F–{Žs,51344693,113,167,
’W˜H“‡,F–{Žs,51344694,109,161,
’W˜H“‡,F–{Žs,51344695,117,173,
’W˜H“‡,F–{Žs,51344696,126,|,
’W˜H“‡,F–{Žs,51344699,127,187,
’W˜H“‡,F–{Žs,51344700,110,163,
’W˜H“‡,F–{Žs,51344701,112,166,
’W˜H“‡,F–{Žs,51344702,117,173,
’W˜H“‡,F–{Žs,51344703,116,171,
’W˜H“‡,F–{Žs,51344710,115,170,
’W˜H“‡,F–{Žs,51344711,112,166,
’W˜H“‡,F–{Žs,51344712,117,|,
’W˜H“‡,F–{Žs,51344720,115,170,
’W˜H“‡,F–{Žs,51344721,111,164,
’W˜H“‡,F–{Žs,51344730,114,169,
’W˜H“‡,F–{Žs,51344731,114,169,
’W˜H“‡,F–{Žs,51344740,109,161,
’W˜H“‡,F–{Žs,51344741,109,161,
’W˜H“‡,F–{Žs,51344750,104,153,
’W˜H“‡,F–{Žs,51344751,105,155,
’W˜H“‡,F–{Žs,51344760,104,154,
’W˜H“‡,F–{Žs,51344761,110,163,
’W˜H“‡,F–{Žs,51344770,105,155,
’W˜H“‡,F–{Žs,51344771,111,164,
’W˜H“‡,F–{Žs,51345602,107,158,
’W˜H“‡,F–{Žs,51345603,108,160,
’W˜H“‡,F–{Žs,51345604,107,158,
’W˜H“‡,F–{Žs,51345605,122,180,
’W˜H“‡,F–{Žs,51345606,123,181,
’W˜H“‡,F–{Žs,51345612,108,|,
’W˜H“‡,“ì‚ ‚í‚¶Žs,51341684,128,|,
’W˜H“‡,“ì‚ ‚í‚¶Žs,51341685,128,|,
’W˜H“‡,“ì‚ ‚í‚¶Žs,51341694,128,|,
’W˜H“‡,“ì‚ ‚í‚¶Žs,51341695,122,180,
’W˜H“‡,“ì‚ ‚í‚¶Žs,51341696,128,|,
’W˜H“‡,“ì‚ ‚í‚¶Žs,51342528,127,|,
’W˜H“‡,“ì‚ ‚í‚¶Žs,51342529,127,|,
’W˜H“‡,“ì‚ ‚í‚¶Žs,51342538,119,175,
’W˜H“‡,“ì‚ ‚í‚¶Žs,51342539,119,176,
’W˜H“‡,“ì‚ ‚í‚¶Žs,51342548,110,162,
’W˜H“‡,“ì‚ ‚í‚¶Žs,51342549,106,157,
’W˜H“‡,“ì‚ ‚í‚¶Žs,51342556,110,|,
’W˜H“‡,“ì‚ ‚í‚¶Žs,51342557,110,|,
’W˜H“‡,“ì‚ ‚í‚¶Žs,51342558,110,162,
’W˜H“‡,“ì‚ ‚í‚¶Žs,51342559,110,162,
’W˜H“‡,“ì‚ ‚í‚¶Žs,51342565,110,|,
’W˜H“‡,“ì‚ ‚í‚¶Žs,51342566,110,162,
’W˜H“‡,“ì‚ ‚í‚¶Žs,51342567,110,162,
’W˜H“‡,“ì‚ ‚í‚¶Žs,51342568,110,162,
’W˜H“‡,“ì‚ ‚í‚¶Žs,51342569,110,162,
’W˜H“‡,“ì‚ ‚í‚¶Žs,51342576,109,161,
’W˜H“‡,“ì‚ ‚í‚¶Žs,51342577,110,162,
’W˜H“‡,“ì‚ ‚í‚¶Žs,51342578,110,162,
’W˜H“‡,“ì‚ ‚í‚¶Žs,51342579,110,162,
’W˜H“‡,“ì‚ ‚í‚¶Žs,51342582,103,|,
’W˜H“‡,“ì‚ ‚í‚¶Žs,51342586,112,|,
’W˜H“‡,“ì‚ ‚í‚¶Žs,51342587,112,166,
’W˜H“‡,“ì‚ ‚í‚¶Žs,51342588,112,166,
’W˜H“‡,“ì‚ ‚í‚¶Žs,51342589,110,162,
’W˜H“‡,“ì‚ ‚í‚¶Žs,51342592,103,|,
’W˜H“‡,“ì‚ ‚í‚¶Žs,51342593,103,|,
’W˜H“‡,“ì‚ ‚í‚¶Žs,51342594,103,152,
’W˜H“‡,“ì‚ ‚í‚¶Žs,51342595,112,165,
’W˜H“‡,“ì‚ ‚í‚¶Žs,51342596,111,164,
’W˜H“‡,“ì‚ ‚í‚¶Žs,51342597,111,164,
’W˜H“‡,“ì‚ ‚í‚¶Žs,51342598,112,166,
’W˜H“‡,“ì‚ ‚í‚¶Žs,51342599,110,162,
’W˜H“‡,“ì‚ ‚í‚¶Žs,51342605,128,189,
’W˜H“‡,“ì‚ ‚í‚¶Žs,51342606,128,|,
’W˜H“‡,“ì‚ ‚í‚¶Žs,51342615,128,|,
’W˜H“‡,“ì‚ ‚í‚¶Žs,51342616,128,|,
’W˜H“‡,“ì‚ ‚í‚¶Žs,51342630,127,|,
’W˜H“‡,“ì‚ ‚í‚¶Žs,51342631,127,|,
’W˜H“‡,“ì‚ ‚í‚¶Žs,51342632,127,|,
’W˜H“‡,“ì‚ ‚í‚¶Žs,51342633,117,173,
’W˜H“‡,“ì‚ ‚í‚¶Žs,51342640,110,163,
’W˜H“‡,“ì‚ ‚í‚¶Žs,51342641,106,157,
’W˜H“‡,“ì‚ ‚í‚¶Žs,51342642,108,160,
’W˜H“‡,“ì‚ ‚í‚¶Žs,51342643,127,188,
’W˜H“‡,“ì‚ ‚í‚¶Žs,51342644,126,186,
’W˜H“‡,“ì‚ ‚í‚¶Žs,51342645,120,177,
’W˜H“‡,“ì‚ ‚í‚¶Žs,51342650,125,184,
’W˜H“‡,“ì‚ ‚í‚¶Žs,51342651,128,|,
’W˜H“‡,“ì‚ ‚í‚¶Žs,51342652,128,|,
’W˜H“‡,“ì‚ ‚í‚¶Žs,51342653,127,187,
’W˜H“‡,“ì‚ ‚í‚¶Žs,51342654,126,186,
’W˜H“‡,“ì‚ ‚í‚¶Žs,51342655,121,178,
’W˜H“‡,“ì‚ ‚í‚¶Žs,51342656,121,|,
’W˜H“‡,“ì‚ ‚í‚¶Žs,51342660,125,184,
’W˜H“‡,“ì‚ ‚í‚¶Žs,51342661,106,157,
’W˜H“‡,“ì‚ ‚í‚¶Žs,51342662,128,|,
’W˜H“‡,“ì‚ ‚í‚¶Žs,51342663,128,|,
’W˜H“‡,“ì‚ ‚í‚¶Žs,51342664,128,189,
’W˜H“‡,“ì‚ ‚í‚¶Žs,51342665,118,174,
’W˜H“‡,“ì‚ ‚í‚¶Žs,51342666,117,173,
’W˜H“‡,“ì‚ ‚í‚¶Žs,51342670,125,184,
’W˜H“‡,“ì‚ ‚í‚¶Žs,51342671,108,159,
’W˜H“‡,“ì‚ ‚í‚¶Žs,51342672,128,|,
’W˜H“‡,“ì‚ ‚í‚¶Žs,51342673,128,|,
’W˜H“‡,“ì‚ ‚í‚¶Žs,51342674,104,153,
’W˜H“‡,“ì‚ ‚í‚¶Žs,51342675,122,180,
’W˜H“‡,“ì‚ ‚í‚¶Žs,51342676,114,169,
’W˜H“‡,“ì‚ ‚í‚¶Žs,51342677,112,166,
’W˜H“‡,“ì‚ ‚í‚¶Žs,51342678,118,|,
’W˜H“‡,“ì‚ ‚í‚¶Žs,51342680,107,158,
’W˜H“‡,“ì‚ ‚í‚¶Žs,51342681,110,162,
’W˜H“‡,“ì‚ ‚í‚¶Žs,51342682,128,|,
’W˜H“‡,“ì‚ ‚í‚¶Žs,51342683,128,|,
’W˜H“‡,“ì‚ ‚í‚¶Žs,51342684,108,159,
’W˜H“‡,“ì‚ ‚í‚¶Žs,51342685,119,176,
’W˜H“‡,“ì‚ ‚í‚¶Žs,51342686,121,179,
’W˜H“‡,“ì‚ ‚í‚¶Žs,51342687,118,174,
’W˜H“‡,“ì‚ ‚í‚¶Žs,51342688,112,165,
’W˜H“‡,“ì‚ ‚í‚¶Žs,51342689,111,164,
’W˜H“‡,“ì‚ ‚í‚¶Žs,51342690,114,|,
’W˜H“‡,“ì‚ ‚í‚¶Žs,51342691,114,169,
’W˜H“‡,“ì‚ ‚í‚¶Žs,51342692,115,170,
’W˜H“‡,“ì‚ ‚í‚¶Žs,51342693,108,160,
’W˜H“‡,“ì‚ ‚í‚¶Žs,51342694,108,160,
’W˜H“‡,“ì‚ ‚í‚¶Žs,51342695,125,|,
’W˜H“‡,“ì‚ ‚í‚¶Žs,51342696,125,|,
’W˜H“‡,“ì‚ ‚í‚¶Žs,51342697,118,174,
’W˜H“‡,“ì‚ ‚í‚¶Žs,51342698,112,166,
’W˜H“‡,“ì‚ ‚í‚¶Žs,51343503,99,147,
’W˜H“‡,“ì‚ ‚í‚¶Žs,51343504,98,145,
’W˜H“‡,“ì‚ ‚í‚¶Žs,51343505,99,146,
’W˜H“‡,“ì‚ ‚í‚¶Žs,51343506,99,146,
’W˜H“‡,“ì‚ ‚í‚¶Žs,51343507,99,146,
’W˜H“‡,“ì‚ ‚í‚¶Žs,51343508,99,147,
’W˜H“‡,“ì‚ ‚í‚¶Žs,51343509,101,149,
’W˜H“‡,“ì‚ ‚í‚¶Žs,51343513,99,146,
’W˜H“‡,“ì‚ ‚í‚¶Žs,51343514,95,140,
’W˜H“‡,“ì‚ ‚í‚¶Žs,51343515,99,146,
’W˜H“‡,“ì‚ ‚í‚¶Žs,51343516,99,147,
’W˜H“‡,“ì‚ ‚í‚¶Žs,51343517,99,147,
’W˜H“‡,“ì‚ ‚í‚¶Žs,51343518,100,148,
’W˜H“‡,“ì‚ ‚í‚¶Žs,51343519,101,149,
’W˜H“‡,“ì‚ ‚í‚¶Žs,51343522,100,|,
’W˜H“‡,“ì‚ ‚í‚¶Žs,51343523,99,147,
’W˜H“‡,“ì‚ ‚í‚¶Žs,51343524,99,147,
’W˜H“‡,“ì‚ ‚í‚¶Žs,51343525,99,146,
’W˜H“‡,“ì‚ ‚í‚¶Žs,51343526,99,146,
’W˜H“‡,“ì‚ ‚í‚¶Žs,51343527,99,147,
’W˜H“‡,“ì‚ ‚í‚¶Žs,51343528,104,154,
’W˜H“‡,“ì‚ ‚í‚¶Žs,51343529,105,155,
’W˜H“‡,“ì‚ ‚í‚¶Žs,51343532,100,148,
’W˜H“‡,“ì‚ ‚í‚¶Žs,51343533,99,147,
’W˜H“‡,“ì‚ ‚í‚¶Žs,51343534,99,146,
’W˜H“‡,“ì‚ ‚í‚¶Žs,51343535,99,146,
’W˜H“‡,“ì‚ ‚í‚¶Žs,51343536,99,147,
’W˜H“‡,“ì‚ ‚í‚¶Žs,51343537,99,147,
’W˜H“‡,“ì‚ ‚í‚¶Žs,51343538,104,153,
’W˜H“‡,“ì‚ ‚í‚¶Žs,51343539,104,154,
’W˜H“‡,“ì‚ ‚í‚¶Žs,51343542,99,146,
’W˜H“‡,“ì‚ ‚í‚¶Žs,51343543,99,147,
’W˜H“‡,“ì‚ ‚í‚¶Žs,51343544,99,146,
’W˜H“‡,“ì‚ ‚í‚¶Žs,51343545,99,146,
’W˜H“‡,“ì‚ ‚í‚¶Žs,51343546,108,160,
’W˜H“‡,“ì‚ ‚í‚¶Žs,51343547,100,148,
’W˜H“‡,“ì‚ ‚í‚¶Žs,51343548,100,148,
’W˜H“‡,“ì‚ ‚í‚¶Žs,51343549,99,147,
’W˜H“‡,“ì‚ ‚í‚¶Žs,51343552,99,146,
’W˜H“‡,“ì‚ ‚í‚¶Žs,51343553,99,146,
’W˜H“‡,“ì‚ ‚í‚¶Žs,51343554,99,146,
’W˜H“‡,“ì‚ ‚í‚¶Žs,51343555,108,160,
’W˜H“‡,“ì‚ ‚í‚¶Žs,51343556,112,|,
’W˜H“‡,“ì‚ ‚í‚¶Žs,51343557,108,160,
’W˜H“‡,“ì‚ ‚í‚¶Žs,51343558,100,148,
’W˜H“‡,“ì‚ ‚í‚¶Žs,51343559,108,159,
’W˜H“‡,“ì‚ ‚í‚¶Žs,51343563,107,158,
’W˜H“‡,“ì‚ ‚í‚¶Žs,51343564,98,145,
’W˜H“‡,“ì‚ ‚í‚¶Žs,51343565,112,|,
’W˜H“‡,“ì‚ ‚í‚¶Žs,51343566,104,154,
’W˜H“‡,“ì‚ ‚í‚¶Žs,51343567,112,|,
’W˜H“‡,“ì‚ ‚í‚¶Žs,51343568,100,148,
’W˜H“‡,“ì‚ ‚í‚¶Žs,51343569,126,|,
’W˜H“‡,“ì‚ ‚í‚¶Žs,51343573,106,157,
’W˜H“‡,“ì‚ ‚í‚¶Žs,51343574,98,145,
’W˜H“‡,“ì‚ ‚í‚¶Žs,51343575,112,166,
’W˜H“‡,“ì‚ ‚í‚¶Žs,51343576,108,160,
’W˜H“‡,“ì‚ ‚í‚¶Žs,51343577,104,153,
’W˜H“‡,“ì‚ ‚í‚¶Žs,51343578,104,154,
’W˜H“‡,“ì‚ ‚í‚¶Žs,51343579,104,154,
’W˜H“‡,“ì‚ ‚í‚¶Žs,51343583,112,|,
’W˜H“‡,“ì‚ ‚í‚¶Žs,51343584,98,145,
’W˜H“‡,“ì‚ ‚í‚¶Žs,51343585,112,|,
’W˜H“‡,“ì‚ ‚í‚¶Žs,51343586,104,153,
’W˜H“‡,“ì‚ ‚í‚¶Žs,51343587,104,153,
’W˜H“‡,“ì‚ ‚í‚¶Žs,51343588,126,|,
’W˜H“‡,“ì‚ ‚í‚¶Žs,51343589,126,|,
’W˜H“‡,“ì‚ ‚í‚¶Žs,51343594,112,|,
’W˜H“‡,“ì‚ ‚í‚¶Žs,51343595,107,158,
’W˜H“‡,“ì‚ ‚í‚¶Žs,51343597,126,|,
’W˜H“‡,“ì‚ ‚í‚¶Žs,51343598,126,|,
’W˜H“‡,“ì‚ ‚í‚¶Žs,51343599,126,|,
’W˜H“‡,“ì‚ ‚í‚¶Žs,51343600,108,159,
’W˜H“‡,“ì‚ ‚í‚¶Žs,51343601,114,169,
’W˜H“‡,“ì‚ ‚í‚¶Žs,51343602,114,169,
’W˜H“‡,“ì‚ ‚í‚¶Žs,51343603,112,166,
’W˜H“‡,“ì‚ ‚í‚¶Žs,51343604,107,158,
’W˜H“‡,“ì‚ ‚í‚¶Žs,51343605,125,|,
’W˜H“‡,“ì‚ ‚í‚¶Žs,51343606,125,|,
’W˜H“‡,“ì‚ ‚í‚¶Žs,51343607,125,|,
’W˜H“‡,“ì‚ ‚í‚¶Žs,51343610,106,157,
’W˜H“‡,“ì‚ ‚í‚¶Žs,51343611,112,166,
’W˜H“‡,“ì‚ ‚í‚¶Žs,51343612,126,186,
’W˜H“‡,“ì‚ ‚í‚¶Žs,51343613,106,156,
’W˜H“‡,“ì‚ ‚í‚¶Žs,51343614,125,|,
’W˜H“‡,“ì‚ ‚í‚¶Žs,51343615,125,|,
’W˜H“‡,“ì‚ ‚í‚¶Žs,51343616,125,|,
’W˜H“‡,“ì‚ ‚í‚¶Žs,51343617,125,|,
’W˜H“‡,“ì‚ ‚í‚¶Žs,51343620,126,|,
’W˜H“‡,“ì‚ ‚í‚¶Žs,51343621,126,|,
’W˜H“‡,“ì‚ ‚í‚¶Žs,51343622,123,181,
’W˜H“‡,“ì‚ ‚í‚¶Žs,51343623,125,184,
’W˜H“‡,“ì‚ ‚í‚¶Žs,51343624,125,|,
’W˜H“‡,“ì‚ ‚í‚¶Žs,51343625,125,|,
’W˜H“‡,“ì‚ ‚í‚¶Žs,51343626,125,|,
’W˜H“‡,“ì‚ ‚í‚¶Žs,51343630,126,|,
’W˜H“‡,“ì‚ ‚í‚¶Žs,51343631,126,|,
’W˜H“‡,“ì‚ ‚í‚¶Žs,51343632,126,|,
’W˜H“‡,“ì‚ ‚í‚¶Žs,51343633,118,174,
’W˜H“‡,“ì‚ ‚í‚¶Žs,51343634,108,160,
’W˜H“‡,“ì‚ ‚í‚¶Žs,51343635,111,164,
’W˜H“‡,“ì‚ ‚í‚¶Žs,51343636,125,|,
’W˜H“‡,“ì‚ ‚í‚¶Žs,51343640,126,|,
’W˜H“‡,“ì‚ ‚í‚¶Žs,51343641,126,|,
’W˜H“‡,“ì‚ ‚í‚¶Žs,51343642,126,|,
’W˜H“‡,“ì‚ ‚í‚¶Žs,51343643,123,181,
’W˜H“‡,“ì‚ ‚í‚¶Žs,51343644,126,186,
’W˜H“‡,“ì‚ ‚í‚¶Žs,51343645,110,162,
’W˜H“‡,“ì‚ ‚í‚¶Žs,51343646,125,|,
’W˜H“‡,“ì‚ ‚í‚¶Žs,51343650,126,|,
’W˜H“‡,“ì‚ ‚í‚¶Žs,51343651,126,|,
’W˜H“‡,“ì‚ ‚í‚¶Žs,51343652,126,|,
’W˜H“‡,“ì‚ ‚í‚¶Žs,51343653,126,|,
’W˜H“‡,“ì‚ ‚í‚¶Žs,51343654,123,182,
’W˜H“‡,“ì‚ ‚í‚¶Žs,51343655,120,177,
’W˜H“‡,“ì‚ ‚í‚¶Žs,51343656,115,170,
’W˜H“‡,“ì‚ ‚í‚¶Žs,51343660,126,|,
’W˜H“‡,“ì‚ ‚í‚¶Žs,51343661,126,|,
’W˜H“‡,“ì‚ ‚í‚¶Žs,51343662,126,|,
’W˜H“‡,“ì‚ ‚í‚¶Žs,51343663,126,|,
’W˜H“‡,“ì‚ ‚í‚¶Žs,51343664,117,173,
’W˜H“‡,“ì‚ ‚í‚¶Žs,51343665,123,182,
’W˜H“‡,“ì‚ ‚í‚¶Žs,51343666,119,175,
’W˜H“‡,“ì‚ ‚í‚¶Žs,51343670,126,|,
’W˜H“‡,“ì‚ ‚í‚¶Žs,51343671,126,|,
’W˜H“‡,“ì‚ ‚í‚¶Žs,51343672,126,|,
’W˜H“‡,“ì‚ ‚í‚¶Žs,51343673,112,165,
’W˜H“‡,“ì‚ ‚í‚¶Žs,51343674,116,172,
’W˜H“‡,“ì‚ ‚í‚¶Žs,51343675,123,181,
’W˜H“‡,“ì‚ ‚í‚¶Žs,51343676,119,175,
’W˜H“‡,“ì‚ ‚í‚¶Žs,51343680,126,|,
’W˜H“‡,“ì‚ ‚í‚¶Žs,51343681,111,164,
’W˜H“‡,“ì‚ ‚í‚¶Žs,51343682,112,165,
’W˜H“‡,“ì‚ ‚í‚¶Žs,51343683,108,159,
’W˜H“‡,“ì‚ ‚í‚¶Žs,51343684,104,153,
’W˜H“‡,“ì‚ ‚í‚¶Žs,51343685,127,188,
’W˜H“‡,“ì‚ ‚í‚¶Žs,51343686,123,182,
’W˜H“‡,“ì‚ ‚í‚¶Žs,51343690,126,|,
’W˜H“‡,“ì‚ ‚í‚¶Žs,51343691,106,156,
’W˜H“‡,“ì‚ ‚í‚¶Žs,51343692,111,164,
’W˜H“‡,“ì‚ ‚í‚¶Žs,51343693,114,|,
’W˜H“‡,“ì‚ ‚í‚¶Žs,51343694,108,159,
’W˜H“‡,“ì‚ ‚í‚¶Žs,51343695,127,188,
’W˜H“‡,“ì‚ ‚í‚¶Žs,51343696,123,181,
’W˜H“‡,“ì‚ ‚í‚¶Žs,51343697,118,174,
’W˜H“‡,“ì‚ ‚í‚¶Žs,51344508,126,|,
’W˜H“‡,“ì‚ ‚í‚¶Žs,51344509,126,|,
’W˜H“‡,“ì‚ ‚í‚¶Žs,51344518,126,|,
’W˜H“‡,“ì‚ ‚í‚¶Žs,51344519,126,|,
’W˜H“‡,“ì‚ ‚í‚¶Žs,51344600,108,159,
’W˜H“‡,“ì‚ ‚í‚¶Žs,51344601,108,159,
’W˜H“‡,“ì‚ ‚í‚¶Žs,51344602,109,161,
’W˜H“‡,“ì‚ ‚í‚¶Žs,51344603,114,169,
’W˜H“‡,“ì‚ ‚í‚¶Žs,51344604,106,157,
’W˜H“‡,“ì‚ ‚í‚¶Žs,51344605,127,187,
’W˜H“‡,“ì‚ ‚í‚¶Žs,51344606,117,173,
’W˜H“‡,“ì‚ ‚í‚¶Žs,51344610,107,158,
’W˜H“‡,“ì‚ ‚í‚¶Žs,51344611,111,|,
’W˜H“‡,“ì‚ ‚í‚¶Žs,51344612,108,159,
’W˜H“‡,“ì‚ ‚í‚¶Žs,51344613,113,167,
’W˜H“‡,“ì‚ ‚í‚¶Žs,51344614,110,162,
’W˜H“‡,“ì‚ ‚í‚¶Žs,51344615,132,195,
’W˜H“‡,’W˜HŽs,51344688,126,186,
’W˜H“‡,’W˜HŽs,51344697,126,|,
’W˜H“‡,’W˜HŽs,51344698,120,177,
’W˜H“‡,’W˜HŽs,51344780,105,155,
’W˜H“‡,’W˜HŽs,51344781,116,171,
’W˜H“‡,’W˜HŽs,51344790,128,189,
’W˜H“‡,’W˜HŽs,51344791,129,191,
’W˜H“‡,’W˜HŽs,51344792,129,|,
’W˜H“‡,’W˜HŽs,51345607,123,182,
’W˜H“‡,’W˜HŽs,51345608,115,170,
’W˜H“‡,’W˜HŽs,51345609,116,171,
’W˜H“‡,’W˜HŽs,51345613,107,158,
’W˜H“‡,’W˜HŽs,51345614,102,150,
’W˜H“‡,’W˜HŽs,51345615,121,178,
’W˜H“‡,’W˜HŽs,51345616,122,180,
’W˜H“‡,’W˜HŽs,51345617,122,180,
’W˜H“‡,’W˜HŽs,51345618,108,160,
’W˜H“‡,’W˜HŽs,51345619,121,178,
’W˜H“‡,’W˜HŽs,51345623,101,149,
’W˜H“‡,’W˜HŽs,51345624,101,149,
’W˜H“‡,’W˜HŽs,51345625,119,176,
’W˜H“‡,’W˜HŽs,51345626,119,176,
’W˜H“‡,’W˜HŽs,51345627,121,179,
’W˜H“‡,’W˜HŽs,51345628,122,180,
’W˜H“‡,’W˜HŽs,51345629,110,163,
’W˜H“‡,’W˜HŽs,51345633,99,147,
’W˜H“‡,’W˜HŽs,51345634,99,147,
’W˜H“‡,’W˜HŽs,51345635,118,174,
’W˜H“‡,’W˜HŽs,51345636,119,175,
’W˜H“‡,’W˜HŽs,51345637,121,178,
’W˜H“‡,’W˜HŽs,51345638,122,180,
’W˜H“‡,’W˜HŽs,51345639,123,182,
’W˜H“‡,’W˜HŽs,51345643,121,|,
’W˜H“‡,’W˜HŽs,51345644,118,174,
’W˜H“‡,’W˜HŽs,51345645,119,175,
’W˜H“‡,’W˜HŽs,51345646,119,176,
’W˜H“‡,’W˜HŽs,51345647,121,179,
’W˜H“‡,’W˜HŽs,51345648,112,166,
’W˜H“‡,’W˜HŽs,51345649,114,168,
’W˜H“‡,’W˜HŽs,51345654,121,|,
’W˜H“‡,’W˜HŽs,51345655,118,174,
’W˜H“‡,’W˜HŽs,51345656,120,177,
’W˜H“‡,’W˜HŽs,51345657,119,175,
’W˜H“‡,’W˜HŽs,51345658,120,177,
’W˜H“‡,’W˜HŽs,51345659,119,176,
’W˜H“‡,’W˜HŽs,51345665,121,|,
’W˜H“‡,’W˜HŽs,51345666,121,179,
’W˜H“‡,’W˜HŽs,51345667,122,|,
’W˜H“‡,’W˜HŽs,51345668,116,171,
’W˜H“‡,’W˜HŽs,51345669,120,177,
’W˜H“‡,’W˜HŽs,51345677,122,180,
’W˜H“‡,’W˜HŽs,51345678,110,162,
’W˜H“‡,’W˜HŽs,51345679,113,167,
’W˜H“‡,’W˜HŽs,51345688,121,178,
’W˜H“‡,’W˜HŽs,51345689,116,171,
’W˜H“‡,’W˜HŽs,51345698,121,|,
’W˜H“‡,’W˜HŽs,51345699,114,169,
’W˜H“‡,’W˜HŽs,51345700,117,173,
’W˜H“‡,’W˜HŽs,51345701,123,182,
’W˜H“‡,’W˜HŽs,51345702,129,|,
’W˜H“‡,’W˜HŽs,51345710,117,173,
’W˜H“‡,’W˜HŽs,51345711,123,182,
’W˜H“‡,’W˜HŽs,51345712,129,|,
’W˜H“‡,’W˜HŽs,51345720,122,180,
’W˜H“‡,’W˜HŽs,51345721,114,168,
’W˜H“‡,’W˜HŽs,51345722,122,180,
’W˜H“‡,’W˜HŽs,51345723,129,|,
’W˜H“‡,’W˜HŽs,51345730,115,170,
’W˜H“‡,’W˜HŽs,51345731,122,180,
’W˜H“‡,’W˜HŽs,51345732,129,|,
’W˜H“‡,’W˜HŽs,51345733,110,162,
’W˜H“‡,’W˜HŽs,51345734,129,|,
’W˜H“‡,’W˜HŽs,51345740,105,155,
’W˜H“‡,’W˜HŽs,51345741,105,155,
’W˜H“‡,’W˜HŽs,51345742,106,156,
’W˜H“‡,’W˜HŽs,51345743,110,162,
’W˜H“‡,’W˜HŽs,51345744,129,|,
’W˜H“‡,’W˜HŽs,51345745,129,|,
’W˜H“‡,’W˜HŽs,51345750,112,166,
’W˜H“‡,’W˜HŽs,51345751,117,173,
’W˜H“‡,’W˜HŽs,51345752,113,167,
’W˜H“‡,’W˜HŽs,51345753,108,160,
’W˜H“‡,’W˜HŽs,51345754,105,155,
’W˜H“‡,’W˜HŽs,51345755,129,|,
’W˜H“‡,’W˜HŽs,51345760,123,182,
’W˜H“‡,’W˜HŽs,51345761,117,173,
’W˜H“‡,’W˜HŽs,51345762,108,160,
’W˜H“‡,’W˜HŽs,51345763,123,182,
’W˜H“‡,’W˜HŽs,51345764,105,155,
’W˜H“‡,’W˜HŽs,51345765,114,168,
’W˜H“‡,’W˜HŽs,51345770,104,153,
’W˜H“‡,’W˜HŽs,51345771,116,172,
’W˜H“‡,’W˜HŽs,51345772,112,166,
’W˜H“‡,’W˜HŽs,51345773,123,182,
’W˜H“‡,’W˜HŽs,51345774,123,182,
’W˜H“‡,’W˜HŽs,51345775,119,175,
’W˜H“‡,’W˜HŽs,51345776,117,173,
’W˜H“‡,’W˜HŽs,51345780,116,171,
’W˜H“‡,’W˜HŽs,51345781,111,164,
’W˜H“‡,’W˜HŽs,51345782,112,166,
’W˜H“‡,’W˜HŽs,51345783,113,167,
’W˜H“‡,’W˜HŽs,51345784,124,183,
’W˜H“‡,’W˜HŽs,51345785,119,175,
’W˜H“‡,’W˜HŽs,51345786,117,173,
’W˜H“‡,’W˜HŽs,51345787,118,|,
’W˜H“‡,’W˜HŽs,51345790,110,162,
’W˜H“‡,’W˜HŽs,51345791,110,163,
’W˜H“‡,’W˜HŽs,51345792,111,164,
’W˜H“‡,’W˜HŽs,51345793,112,166,
’W˜H“‡,’W˜HŽs,51345794,124,183,
’W˜H“‡,’W˜HŽs,51345795,119,176,
’W˜H“‡,’W˜HŽs,51345796,101,149,
’W˜H“‡,’W˜HŽs,51345797,118,174,
’W˜H“‡,’W˜HŽs,51345798,118,|,
’W˜H“‡,’W˜HŽs,51346608,121,|,
’W˜H“‡,’W˜HŽs,51346609,105,155,
’W˜H“‡,’W˜HŽs,51346619,108,159,
’W˜H“‡,’W˜HŽs,51346629,110,|,
’W˜H“‡,’W˜HŽs,51346700,109,161,
’W˜H“‡,’W˜HŽs,51346701,110,162,
’W˜H“‡,’W˜HŽs,51346702,107,158,
’W˜H“‡,’W˜HŽs,51346703,112,166,
’W˜H“‡,’W˜HŽs,51346704,106,157,
’W˜H“‡,’W˜HŽs,51346705,107,158,
’W˜H“‡,’W˜HŽs,51346706,102,150,
’W˜H“‡,’W˜HŽs,51346707,100,148,
’W˜H“‡,’W˜HŽs,51346708,99,146,
’W˜H“‡,’W˜HŽs,51346710,109,161,
’W˜H“‡,’W˜HŽs,51346711,110,162,
’W˜H“‡,’W˜HŽs,51346712,106,157,
’W˜H“‡,’W˜HŽs,51346713,113,167,
’W˜H“‡,’W˜HŽs,51346714,107,158,
’W˜H“‡,’W˜HŽs,51346715,108,160,
’W˜H“‡,’W˜HŽs,51346716,108,159,
’W˜H“‡,’W˜HŽs,51346717,101,149,
’W˜H“‡,’W˜HŽs,51346718,99,146,
’W˜H“‡,’W˜HŽs,51346719,99,|,
’W˜H“‡,’W˜HŽs,51346720,104,153,
’W˜H“‡,’W˜HŽs,51346721,110,|,
’W˜H“‡,’W˜HŽs,51346722,110,163,
’W˜H“‡,’W˜HŽs,51346723,108,160,
’W˜H“‡,’W˜HŽs,51346724,111,164,
’W˜H“‡,’W˜HŽs,51346725,114,168,
’W˜H“‡,’W˜HŽs,51346726,107,158,
’W˜H“‡,’W˜HŽs,51346727,101,149,
’W˜H“‡,’W˜HŽs,51346728,98,145,
’W˜H“‡,’W˜HŽs,51346729,99,|,
’W˜H“‡,’W˜HŽs,51346730,110,|,
’W˜H“‡,’W˜HŽs,51346731,108,160,
’W˜H“‡,’W˜HŽs,51346732,110,162,
’W˜H“‡,’W˜HŽs,51346733,108,160,
’W˜H“‡,’W˜HŽs,51346734,110,162,
’W˜H“‡,’W˜HŽs,51346735,107,158,
’W˜H“‡,’W˜HŽs,51346736,106,157,
’W˜H“‡,’W˜HŽs,51346737,104,153,
’W˜H“‡,’W˜HŽs,51346738,99,146,
’W˜H“‡,’W˜HŽs,51346739,94,139,
’W˜H“‡,’W˜HŽs,51346742,110,|,
’W˜H“‡,’W˜HŽs,51346743,107,158,
’W˜H“‡,’W˜HŽs,51346744,107,158,
’W˜H“‡,’W˜HŽs,51346745,108,159,
’W˜H“‡,’W˜HŽs,51346746,104,154,
’W˜H“‡,’W˜HŽs,51346747,103,152,
’W˜H“‡,’W˜HŽs,51346748,102,150,
’W˜H“‡,’W˜HŽs,51346749,97,144,
’W˜H“‡,’W˜HŽs,51346753,110,|,
’W˜H“‡,’W˜HŽs,51346754,101,149,
’W˜H“‡,’W˜HŽs,51346755,102,150,
’W˜H“‡,’W˜HŽs,51346756,102,151,
’W˜H“‡,’W˜HŽs,51346757,102,151,
’W˜H“‡,’W˜HŽs,51346758,101,149,
’W˜H“‡,’W˜HŽs,51346759,101,149,
’W˜H“‡,’W˜HŽs,51346764,110,|,
’W˜H“‡,’W˜HŽs,51346765,101,149,
’W˜H“‡,’W˜HŽs,51346766,102,150,
’W˜H“‡,’W˜HŽs,51346767,101,149,
’W˜H“‡,’W˜HŽs,51346768,105,155,
’W˜H“‡,’W˜HŽs,51346769,101,149,
’W˜H“‡,’W˜HŽs,51346775,100,148,
’W˜H“‡,’W˜HŽs,51346776,96,142,
’W˜H“‡,’W˜HŽs,51346777,101,149,
’W˜H“‡,’W˜HŽs,51346778,104,154,
’W˜H“‡,’W˜HŽs,51346779,105,155,
’W˜H“‡,’W˜HŽs,51346786,99,147,
’W˜H“‡,’W˜HŽs,51346787,104,154,
’W˜H“‡,’W˜HŽs,51346788,104,154,
’W˜H“‡,’W˜HŽs,51346789,104,154,
’W˜H“‡,’W˜HŽs,51346796,104,|,
’W˜H“‡,’W˜HŽs,51346797,104,153,
’W˜H“‡,’W˜HŽs,51346798,104,|,
’W˜H“‡,’W˜HŽs,51346799,100,148,
’W˜H“‡,’W˜HŽs,51347707,98,145,
’W˜H“‡,’W˜HŽs,51347708,99,146,
’W˜H“‡,’W˜HŽs,51347709,99,146,
’W˜H“‡,’W˜HŽs,51347717,98,145,
’W˜H“‡,’W˜HŽs,51347718,98,145,
’W˜H“‡,’W˜HŽs,51347719,99,146,
’W˜H“‡,’W˜HŽs,51347728,90,133,
’W˜H“‡,’W˜HŽs,51347729,97,144,
’W˜H“‡,’W˜HŽs,51347739,97,|,
’W˜H“‡,’W˜HŽs,51356050,110,|,
’W˜H“‡,’W˜HŽs,51356060,106,157,
’W˜H“‡,’W˜HŽs,51356061,110,|,
’W˜H“‡,’W˜HŽs,51356070,110,162,
’W˜H“‡,’W˜HŽs,51356071,110,|,
’W˜H“‡,’W˜HŽs,51356080,110,163,
’W˜H“‡,’W˜HŽs,51356081,107,158,
’W˜H“‡,’W˜HŽs,51356090,110,|,
’W˜H“‡,’W˜HŽs,51356091,107,158,
’W˜H“‡,’W˜HŽs,51356092,107,|,
’W˜H“‡,’W˜HŽs,51357000,101,149,
’W˜H“‡,’W˜HŽs,51357001,101,149,
’W˜H“‡,’W˜HŽs,51357010,95,140,
’W˜H“‡,’W˜HŽs,51357011,99,146,
’W˜H“‡,’W˜HŽs,51357020,94,139,
’W˜H“‡,’W˜HŽs,51357030,97,|,
’A”n–k•”,–L‰ªŽs,53340698,114,149,
’A”n–k•”,–L‰ªŽs,53340699,115,150,
’A”n–k•”,–L‰ªŽs,53340769,122,159,
’A”n–k•”,–L‰ªŽs,53340779,122,159,
’A”n–k•”,–L‰ªŽs,53340787,120,|,
’A”n–k•”,–L‰ªŽs,53340788,120,157,
’A”n–k•”,–L‰ªŽs,53340789,122,159,
’A”n–k•”,–L‰ªŽs,53340790,131,171,
’A”n–k•”,–L‰ªŽs,53340791,131,171,
’A”n–k•”,–L‰ªŽs,53340794,124,162,
’A”n–k•”,–L‰ªŽs,53340795,120,157,
’A”n–k•”,–L‰ªŽs,53340796,115,150,
’A”n–k•”,–L‰ªŽs,53340797,115,150,
’A”n–k•”,–L‰ªŽs,53340798,120,157,
’A”n–k•”,–L‰ªŽs,53340799,122,159,
’A”n–k•”,–L‰ªŽs,53341511,115,150,
’A”n–k•”,–L‰ªŽs,53341514,114,149,
’A”n–k•”,–L‰ªŽs,53341515,120,|,
’A”n–k•”,–L‰ªŽs,53341516,120,|,
’A”n–k•”,–L‰ªŽs,53341517,120,157,
’A”n–k•”,–L‰ªŽs,53341518,120,157,
’A”n–k•”,–L‰ªŽs,53341519,124,162,
’A”n–k•”,–L‰ªŽs,53341521,120,|,
’A”n–k•”,–L‰ªŽs,53341522,120,|,
’A”n–k•”,–L‰ªŽs,53341523,111,145,
’A”n–k•”,–L‰ªŽs,53341524,120,|,
’A”n–k•”,–L‰ªŽs,53341525,120,|,
’A”n–k•”,–L‰ªŽs,53341526,120,|,
’A”n–k•”,–L‰ªŽs,53341527,116,151,
’A”n–k•”,–L‰ªŽs,53341528,121,158,
’A”n–k•”,–L‰ªŽs,53341529,120,157,
’A”n–k•”,–L‰ªŽs,53341531,111,145,
’A”n–k•”,–L‰ªŽs,53341532,120,|,
’A”n–k•”,–L‰ªŽs,53341533,120,|,
’A”n–k•”,–L‰ªŽs,53341534,110,144,
’A”n–k•”,–L‰ªŽs,53341535,110,144,
’A”n–k•”,–L‰ªŽs,53341536,110,144,
’A”n–k•”,–L‰ªŽs,53341537,117,152,
’A”n–k•”,–L‰ªŽs,53341538,117,153,
’A”n–k•”,–L‰ªŽs,53341539,115,150,
’A”n–k•”,–L‰ªŽs,53341541,119,155,
’A”n–k•”,–L‰ªŽs,53341542,120,156,
’A”n–k•”,–L‰ªŽs,53341543,119,155,
’A”n–k•”,–L‰ªŽs,53341544,120,156,
’A”n–k•”,–L‰ªŽs,53341545,115,150,
’A”n–k•”,–L‰ªŽs,53341546,111,145,
’A”n–k•”,–L‰ªŽs,53341547,117,153,
’A”n–k•”,–L‰ªŽs,53341548,117,153,
’A”n–k•”,–L‰ªŽs,53341549,117,152,
’A”n–k•”,–L‰ªŽs,53341551,136,|,
’A”n–k•”,–L‰ªŽs,53341552,136,|,
’A”n–k•”,–L‰ªŽs,53341553,136,|,
’A”n–k•”,–L‰ªŽs,53341554,115,150,
’A”n–k•”,–L‰ªŽs,53341555,115,150,
’A”n–k•”,–L‰ªŽs,53341556,115,150,
’A”n–k•”,–L‰ªŽs,53341557,117,152,
’A”n–k•”,–L‰ªŽs,53341558,111,145,
’A”n–k•”,–L‰ªŽs,53341559,116,151,
’A”n–k•”,–L‰ªŽs,53341561,136,|,
’A”n–k•”,–L‰ªŽs,53341562,136,|,
’A”n–k•”,–L‰ªŽs,53341563,122,159,
’A”n–k•”,–L‰ªŽs,53341564,120,156,
’A”n–k•”,–L‰ªŽs,53341565,114,149,
’A”n–k•”,–L‰ªŽs,53341566,115,150,
’A”n–k•”,–L‰ªŽs,53341567,110,144,
’A”n–k•”,–L‰ªŽs,53341568,114,149,
’A”n–k•”,–L‰ªŽs,53341569,109,142,
’A”n–k•”,–L‰ªŽs,53341571,129,168,
’A”n–k•”,–L‰ªŽs,53341572,121,158,
’A”n–k•”,–L‰ªŽs,53341573,122,159,
’A”n–k•”,–L‰ªŽs,53341574,120,156,
’A”n–k•”,–L‰ªŽs,53341575,115,150,
’A”n–k•”,–L‰ªŽs,53341576,114,149,
’A”n–k•”,–L‰ªŽs,53341577,113,148,
’A”n–k•”,–L‰ªŽs,53341578,114,149,
’A”n–k•”,–L‰ªŽs,53341579,128,|,
’A”n–k•”,–L‰ªŽs,53341581,122,159,
’A”n–k•”,–L‰ªŽs,53341582,117,152,
’A”n–k•”,–L‰ªŽs,53341583,117,153,
’A”n–k•”,–L‰ªŽs,53341584,117,153,
’A”n–k•”,–L‰ªŽs,53341585,117,152,
’A”n–k•”,–L‰ªŽs,53341586,114,149,
’A”n–k•”,–L‰ªŽs,53341587,113,148,
’A”n–k•”,–L‰ªŽs,53341588,108,141,
’A”n–k•”,–L‰ªŽs,53341589,128,|,
’A”n–k•”,–L‰ªŽs,53341591,145,189,
’A”n–k•”,–L‰ªŽs,53341592,119,155,
’A”n–k•”,–L‰ªŽs,53341593,120,156,
’A”n–k•”,–L‰ªŽs,53341594,120,156,
’A”n–k•”,–L‰ªŽs,53341595,117,153,
’A”n–k•”,–L‰ªŽs,53341596,115,150,
’A”n–k•”,–L‰ªŽs,53341597,113,147,
’A”n–k•”,–L‰ªŽs,53341598,113,147,
’A”n–k•”,–L‰ªŽs,53341599,128,167,
’A”n–k•”,–L‰ªŽs,53341607,113,147,
’A”n–k•”,–L‰ªŽs,53341608,113,147,
’A”n–k•”,–L‰ªŽs,53341609,114,149,
’A”n–k•”,–L‰ªŽs,53341617,113,148,
’A”n–k•”,–L‰ªŽs,53341618,113,147,
’A”n–k•”,–L‰ªŽs,53341619,114,149,
’A”n–k•”,–L‰ªŽs,53341626,113,148,
’A”n–k•”,–L‰ªŽs,53341627,113,147,
’A”n–k•”,–L‰ªŽs,53341628,113,148,
’A”n–k•”,–L‰ªŽs,53341629,113,147,
’A”n–k•”,–L‰ªŽs,53341630,120,156,
’A”n–k•”,–L‰ªŽs,53341632,119,155,
’A”n–k•”,–L‰ªŽs,53341635,114,149,
’A”n–k•”,–L‰ªŽs,53341636,113,148,
’A”n–k•”,–L‰ªŽs,53341637,114,149,
’A”n–k•”,–L‰ªŽs,53341638,114,149,
’A”n–k•”,–L‰ªŽs,53341639,113,148,
’A”n–k•”,–L‰ªŽs,53341640,120,|,
’A”n–k•”,–L‰ªŽs,53341641,114,149,
’A”n–k•”,–L‰ªŽs,53341642,124,|,
’A”n–k•”,–L‰ªŽs,53341643,114,149,
’A”n–k•”,–L‰ªŽs,53341644,114,149,
’A”n–k•”,–L‰ªŽs,53341645,124,162,
’A”n–k•”,–L‰ªŽs,53341646,124,162,
’A”n–k•”,–L‰ªŽs,53341647,124,162,
’A”n–k•”,–L‰ªŽs,53341648,124,162,
’A”n–k•”,–L‰ªŽs,53341649,125,163,
’A”n–k•”,–L‰ªŽs,53341650,110,144,
’A”n–k•”,–L‰ªŽs,53341651,113,148,
’A”n–k•”,–L‰ªŽs,53341652,110,143,
’A”n–k•”,–L‰ªŽs,53341653,124,|,
’A”n–k•”,–L‰ªŽs,53341654,124,|,
’A”n–k•”,–L‰ªŽs,53341655,124,162,
’A”n–k•”,–L‰ªŽs,53341656,124,162,
’A”n–k•”,–L‰ªŽs,53341657,115,150,
’A”n–k•”,–L‰ªŽs,53341658,120,157,
’A”n–k•”,–L‰ªŽs,53341659,127,165,
’A”n–k•”,–L‰ªŽs,53341660,109,142,
’A”n–k•”,–L‰ªŽs,53341661,109,142,
’A”n–k•”,–L‰ªŽs,53341662,113,148,
’A”n–k•”,–L‰ªŽs,53341663,113,148,
’A”n–k•”,–L‰ªŽs,53341664,119,155,
’A”n–k•”,–L‰ªŽs,53341665,124,162,
’A”n–k•”,–L‰ªŽs,53341666,124,162,
’A”n–k•”,–L‰ªŽs,53341667,125,163,
’A”n–k•”,–L‰ªŽs,53341668,115,150,
’A”n–k•”,–L‰ªŽs,53341669,120,157,
’A”n–k•”,–L‰ªŽs,53341670,128,|,
’A”n–k•”,–L‰ªŽs,53341671,109,142,
’A”n–k•”,–L‰ªŽs,53341672,108,141,
’A”n–k•”,–L‰ªŽs,53341673,119,|,
’A”n–k•”,–L‰ªŽs,53341674,113,147,
’A”n–k•”,–L‰ªŽs,53341675,118,154,
’A”n–k•”,–L‰ªŽs,53341676,119,155,
’A”n–k•”,–L‰ªŽs,53341677,124,162,
’A”n–k•”,–L‰ªŽs,53341678,124,162,
’A”n–k•”,–L‰ªŽs,53341679,110,144,
’A”n–k•”,–L‰ªŽs,53341680,128,|,
’A”n–k•”,–L‰ªŽs,53341681,113,148,
’A”n–k•”,–L‰ªŽs,53341682,113,148,
’A”n–k•”,–L‰ªŽs,53341683,119,|,
’A”n–k•”,–L‰ªŽs,53341684,119,|,
’A”n–k•”,–L‰ªŽs,53341685,118,154,
’A”n–k•”,–L‰ªŽs,53341686,118,154,
’A”n–k•”,–L‰ªŽs,53341687,118,154,
’A”n–k•”,–L‰ªŽs,53341688,124,162,
’A”n–k•”,–L‰ªŽs,53341689,124,162,
’A”n–k•”,–L‰ªŽs,53341690,113,147,
’A”n–k•”,–L‰ªŽs,53341691,113,148,
’A”n–k•”,–L‰ªŽs,53341692,115,150,
’A”n–k•”,–L‰ªŽs,53341693,113,147,
’A”n–k•”,–L‰ªŽs,53341694,113,147,
’A”n–k•”,–L‰ªŽs,53341695,117,153,
’A”n–k•”,–L‰ªŽs,53341696,118,154,
’A”n–k•”,–L‰ªŽs,53341697,117,153,
’A”n–k•”,–L‰ªŽs,53341698,123,161,
’A”n–k•”,–L‰ªŽs,53341699,124,162,
’A”n–k•”,–L‰ªŽs,53341700,131,171,
’A”n–k•”,–L‰ªŽs,53341701,130,170,
’A”n–k•”,–L‰ªŽs,53341702,131,|,
’A”n–k•”,–L‰ªŽs,53341703,129,168,
’A”n–k•”,–L‰ªŽs,53341704,129,168,
’A”n–k•”,–L‰ªŽs,53341705,119,155,
’A”n–k•”,–L‰ªŽs,53341706,110,143,
’A”n–k•”,–L‰ªŽs,53341707,114,149,
’A”n–k•”,–L‰ªŽs,53341708,115,150,
’A”n–k•”,–L‰ªŽs,53341709,122,159,
’A”n–k•”,–L‰ªŽs,53341710,129,168,
’A”n–k•”,–L‰ªŽs,53341711,129,168,
’A”n–k•”,–L‰ªŽs,53341712,131,|,
’A”n–k•”,–L‰ªŽs,53341713,128,167,
’A”n–k•”,–L‰ªŽs,53341714,128,167,
’A”n–k•”,–L‰ªŽs,53341715,118,154,
’A”n–k•”,–L‰ªŽs,53341716,113,148,
’A”n–k•”,–L‰ªŽs,53341717,114,149,
’A”n–k•”,–L‰ªŽs,53341718,115,150,
’A”n–k•”,–L‰ªŽs,53341719,117,152,
’A”n–k•”,–L‰ªŽs,53341720,123,161,
’A”n–k•”,–L‰ªŽs,53341721,123,161,
’A”n–k•”,–L‰ªŽs,53341722,123,161,
’A”n–k•”,–L‰ªŽs,53341723,123,160,
’A”n–k•”,–L‰ªŽs,53341724,118,154,
’A”n–k•”,–L‰ªŽs,53341725,117,153,
’A”n–k•”,–L‰ªŽs,53341726,113,148,
’A”n–k•”,–L‰ªŽs,53341727,113,148,
’A”n–k•”,–L‰ªŽs,53341728,114,149,
’A”n–k•”,–L‰ªŽs,53341729,115,150,
’A”n–k•”,–L‰ªŽs,53341730,123,161,
’A”n–k•”,–L‰ªŽs,53341731,123,161,
’A”n–k•”,–L‰ªŽs,53341732,123,161,
’A”n–k•”,–L‰ªŽs,53341733,119,155,
’A”n–k•”,–L‰ªŽs,53341734,118,154,
’A”n–k•”,–L‰ªŽs,53341735,119,155,
’A”n–k•”,–L‰ªŽs,53341736,114,149,
’A”n–k•”,–L‰ªŽs,53341737,113,148,
’A”n–k•”,–L‰ªŽs,53341738,113,148,
’A”n–k•”,–L‰ªŽs,53341739,115,150,
’A”n–k•”,–L‰ªŽs,53341740,130,169,
’A”n–k•”,–L‰ªŽs,53341741,129,168,
’A”n–k•”,–L‰ªŽs,53341742,129,168,
’A”n–k•”,–L‰ªŽs,53341743,130,169,
’A”n–k•”,–L‰ªŽs,53341744,130,170,
’A”n–k•”,–L‰ªŽs,53341745,125,163,
’A”n–k•”,–L‰ªŽs,53341746,130,169,
’A”n–k•”,–L‰ªŽs,53341747,113,148,
’A”n–k•”,–L‰ªŽs,53341748,113,148,
’A”n–k•”,–L‰ªŽs,53341749,110,143,
’A”n–k•”,–L‰ªŽs,53341750,115,150,
’A”n–k•”,–L‰ªŽs,53341751,130,169,
’A”n–k•”,–L‰ªŽs,53341752,110,143,
’A”n–k•”,–L‰ªŽs,53341753,131,171,
’A”n–k•”,–L‰ªŽs,53341754,127,165,
’A”n–k•”,–L‰ªŽs,53341755,112,146,
’A”n–k•”,–L‰ªŽs,53341756,110,144,
’A”n–k•”,–L‰ªŽs,53341757,120,156,
’A”n–k•”,–L‰ªŽs,53341758,114,149,
’A”n–k•”,–L‰ªŽs,53341759,109,142,
’A”n–k•”,–L‰ªŽs,53341760,115,150,
’A”n–k•”,–L‰ªŽs,53341761,115,150,
’A”n–k•”,–L‰ªŽs,53341762,130,170,
’A”n–k•”,–L‰ªŽs,53341763,130,170,
’A”n–k•”,–L‰ªŽs,53341764,127,165,
’A”n–k•”,–L‰ªŽs,53341765,113,147,
’A”n–k•”,–L‰ªŽs,53341766,107,140,
’A”n–k•”,–L‰ªŽs,53341767,120,157,
’A”n–k•”,–L‰ªŽs,53341768,110,143,
’A”n–k•”,–L‰ªŽs,53341769,110,144,
’A”n–k•”,–L‰ªŽs,53341770,130,170,
’A”n–k•”,–L‰ªŽs,53341771,130,170,
’A”n–k•”,–L‰ªŽs,53341772,115,150,
’A”n–k•”,–L‰ªŽs,53341773,130,170,
’A”n–k•”,–L‰ªŽs,53341774,131,171,
’A”n–k•”,–L‰ªŽs,53341775,113,147,
’A”n–k•”,–L‰ªŽs,53341776,113,147,
’A”n–k•”,–L‰ªŽs,53341777,116,151,
’A”n–k•”,–L‰ªŽs,53341778,117,152,
’A”n–k•”,–L‰ªŽs,53341779,117,|,
’A”n–k•”,–L‰ªŽs,53341780,124,162,
’A”n–k•”,–L‰ªŽs,53341781,125,163,
’A”n–k•”,–L‰ªŽs,53341782,130,|,
’A”n–k•”,–L‰ªŽs,53341783,124,162,
’A”n–k•”,–L‰ªŽs,53341784,124,162,
’A”n–k•”,–L‰ªŽs,53341785,126,164,
’A”n–k•”,–L‰ªŽs,53341786,121,158,
’A”n–k•”,–L‰ªŽs,53341787,116,151,
’A”n–k•”,–L‰ªŽs,53341788,117,152,
’A”n–k•”,–L‰ªŽs,53341789,112,146,
’A”n–k•”,–L‰ªŽs,53341790,120,156,
’A”n–k•”,–L‰ªŽs,53341791,130,169,
’A”n–k•”,–L‰ªŽs,53341792,130,170,
’A”n–k•”,–L‰ªŽs,53341793,130,169,
’A”n–k•”,–L‰ªŽs,53341794,130,|,
’A”n–k•”,–L‰ªŽs,53341795,110,143,
’A”n–k•”,–L‰ªŽs,53341796,125,163,
’A”n–k•”,–L‰ªŽs,53341797,124,162,
’A”n–k•”,–L‰ªŽs,53341798,116,151,
’A”n–k•”,–L‰ªŽs,53341799,117,152,
’A”n–k•”,–L‰ªŽs,53342419,140,183,
’A”n–k•”,–L‰ªŽs,53342429,138,180,
’A”n–k•”,–L‰ªŽs,53342500,147,192,
’A”n–k•”,–L‰ªŽs,53342501,139,181,
’A”n–k•”,–L‰ªŽs,53342502,134,175,
’A”n–k•”,–L‰ªŽs,53342503,136,177,
’A”n–k•”,–L‰ªŽs,53342504,140,182,
’A”n–k•”,–L‰ªŽs,53342505,112,146,
’A”n–k•”,–L‰ªŽs,53342506,117,|,
’A”n–k•”,–L‰ªŽs,53342507,110,143,
’A”n–k•”,–L‰ªŽs,53342508,109,142,
’A”n–k•”,–L‰ªŽs,53342509,109,142,
’A”n–k•”,–L‰ªŽs,53342510,131,171,
’A”n–k•”,–L‰ªŽs,53342511,134,175,
’A”n–k•”,–L‰ªŽs,53342512,136,177,
’A”n–k•”,–L‰ªŽs,53342513,140,182,
’A”n–k•”,–L‰ªŽs,53342514,137,178,
’A”n–k•”,–L‰ªŽs,53342515,105,137,
’A”n–k•”,–L‰ªŽs,53342516,106,138,
’A”n–k•”,–L‰ªŽs,53342517,110,144,
’A”n–k•”,–L‰ªŽs,53342518,112,146,
’A”n–k•”,–L‰ªŽs,53342519,111,145,
’A”n–k•”,–L‰ªŽs,53342520,149,|,
’A”n–k•”,–L‰ªŽs,53342521,131,171,
’A”n–k•”,–L‰ªŽs,53342522,133,174,
’A”n–k•”,–L‰ªŽs,53342523,131,171,
’A”n–k•”,–L‰ªŽs,53342524,130,169,
’A”n–k•”,–L‰ªŽs,53342525,109,142,
’A”n–k•”,–L‰ªŽs,53342526,110,144,
’A”n–k•”,–L‰ªŽs,53342527,112,146,
’A”n–k•”,–L‰ªŽs,53342528,113,147,
’A”n–k•”,–L‰ªŽs,53342529,113,147,
’A”n–k•”,–L‰ªŽs,53342531,133,173,
’A”n–k•”,–L‰ªŽs,53342532,133,173,
’A”n–k•”,–L‰ªŽs,53342533,130,170,
’A”n–k•”,–L‰ªŽs,53342534,129,168,
’A”n–k•”,–L‰ªŽs,53342535,109,142,
’A”n–k•”,–L‰ªŽs,53342536,110,143,
’A”n–k•”,–L‰ªŽs,53342537,107,139,
’A”n–k•”,–L‰ªŽs,53342538,112,146,
’A”n–k•”,–L‰ªŽs,53342539,113,147,
’A”n–k•”,–L‰ªŽs,53342541,149,|,
’A”n–k•”,–L‰ªŽs,53342542,149,|,
’A”n–k•”,–L‰ªŽs,53342543,129,168,
’A”n–k•”,–L‰ªŽs,53342544,129,168,
’A”n–k•”,–L‰ªŽs,53342545,110,143,
’A”n–k•”,–L‰ªŽs,53342546,109,142,
’A”n–k•”,–L‰ªŽs,53342547,109,142,
’A”n–k•”,–L‰ªŽs,53342548,110,144,
’A”n–k•”,–L‰ªŽs,53342549,124,|,
’A”n–k•”,–L‰ªŽs,53342552,134,175,
’A”n–k•”,–L‰ªŽs,53342553,130,169,
’A”n–k•”,–L‰ªŽs,53342554,129,168,
’A”n–k•”,–L‰ªŽs,53342555,110,143,
’A”n–k•”,–L‰ªŽs,53342556,109,142,
’A”n–k•”,–L‰ªŽs,53342557,124,|,
’A”n–k•”,–L‰ªŽs,53342558,124,|,
’A”n–k•”,–L‰ªŽs,53342559,124,|,
’A”n–k•”,–L‰ªŽs,53342562,149,|,
’A”n–k•”,–L‰ªŽs,53342563,125,163,
’A”n–k•”,–L‰ªŽs,53342564,124,162,
’A”n–k•”,–L‰ªŽs,53342565,124,162,
’A”n–k•”,–L‰ªŽs,53342566,124,162,
’A”n–k•”,–L‰ªŽs,53342567,123,161,
’A”n–k•”,–L‰ªŽs,53342568,124,|,
’A”n–k•”,–L‰ªŽs,53342569,124,|,
’A”n–k•”,–L‰ªŽs,53342572,149,|,
’A”n–k•”,–L‰ªŽs,53342573,149,|,
’A”n–k•”,–L‰ªŽs,53342574,125,163,
’A”n–k•”,–L‰ªŽs,53342575,124,162,
’A”n–k•”,–L‰ªŽs,53342576,118,154,
’A”n–k•”,–L‰ªŽs,53342577,109,142,
’A”n–k•”,–L‰ªŽs,53342578,118,154,
’A”n–k•”,–L‰ªŽs,53342579,124,|,
’A”n–k•”,–L‰ªŽs,53342583,149,|,
’A”n–k•”,–L‰ªŽs,53342584,122,159,
’A”n–k•”,–L‰ªŽs,53342585,120,156,
’A”n–k•”,–L‰ªŽs,53342586,120,156,
’A”n–k•”,–L‰ªŽs,53342587,125,163,
’A”n–k•”,–L‰ªŽs,53342588,120,156,
’A”n–k•”,–L‰ªŽs,53342589,124,162,
’A”n–k•”,–L‰ªŽs,53342595,127,165,
’A”n–k•”,–L‰ªŽs,53342596,112,146,
’A”n–k•”,–L‰ªŽs,53342597,128,167,
’A”n–k•”,–L‰ªŽs,53342598,129,168,
’A”n–k•”,–L‰ªŽs,53342599,117,152,
’A”n–k•”,–L‰ªŽs,53342600,109,142,
’A”n–k•”,–L‰ªŽs,53342601,104,136,
’A”n–k•”,–L‰ªŽs,53342602,109,142,
’A”n–k•”,–L‰ªŽs,53342603,108,141,
’A”n–k•”,–L‰ªŽs,53342604,107,140,
’A”n–k•”,–L‰ªŽs,53342605,118,|,
’A”n–k•”,–L‰ªŽs,53342606,117,153,
’A”n–k•”,–L‰ªŽs,53342607,104,136,
’A”n–k•”,–L‰ªŽs,53342608,119,155,
’A”n–k•”,–L‰ªŽs,53342609,124,162,
’A”n–k•”,–L‰ªŽs,53342610,110,144,
’A”n–k•”,–L‰ªŽs,53342611,112,|,
’A”n–k•”,–L‰ªŽs,53342612,108,141,
’A”n–k•”,–L‰ªŽs,53342613,108,141,
’A”n–k•”,–L‰ªŽs,53342614,112,146,
’A”n–k•”,–L‰ªŽs,53342615,112,146,
’A”n–k•”,–L‰ªŽs,53342616,118,|,
’A”n–k•”,–L‰ªŽs,53342617,118,154,
’A”n–k•”,–L‰ªŽs,53342618,120,156,
’A”n–k•”,–L‰ªŽs,53342619,120,156,
’A”n–k•”,–L‰ªŽs,53342620,112,146,
’A”n–k•”,–L‰ªŽs,53342621,105,137,
’A”n–k•”,–L‰ªŽs,53342622,109,142,
’A”n–k•”,–L‰ªŽs,53342623,108,141,
’A”n–k•”,–L‰ªŽs,53342624,107,140,
’A”n–k•”,–L‰ªŽs,53342625,113,147,
’A”n–k•”,–L‰ªŽs,53342626,118,|,
’A”n–k•”,–L‰ªŽs,53342627,114,149,
’A”n–k•”,–L‰ªŽs,53342628,115,150,
’A”n–k•”,–L‰ªŽs,53342629,115,150,
’A”n–k•”,–L‰ªŽs,53342630,112,146,
’A”n–k•”,–L‰ªŽs,53342631,110,144,
’A”n–k•”,–L‰ªŽs,53342632,109,142,
’A”n–k•”,–L‰ªŽs,53342633,109,142,
’A”n–k•”,–L‰ªŽs,53342634,113,148,
’A”n–k•”,–L‰ªŽs,53342635,110,143,
’A”n–k•”,–L‰ªŽs,53342636,118,|,
’A”n–k•”,–L‰ªŽs,53342637,110,144,
’A”n–k•”,–L‰ªŽs,53342638,106,138,
’A”n–k•”,–L‰ªŽs,53342639,115,150,
’A”n–k•”,–L‰ªŽs,53342640,110,144,
’A”n–k•”,–L‰ªŽs,53342641,110,144,
’A”n–k•”,–L‰ªŽs,53342642,109,142,
’A”n–k•”,–L‰ªŽs,53342643,109,142,
’A”n–k•”,–L‰ªŽs,53342644,106,138,
’A”n–k•”,–L‰ªŽs,53342645,111,145,
’A”n–k•”,–L‰ªŽs,53342646,118,|,
’A”n–k•”,–L‰ªŽs,53342647,110,144,
’A”n–k•”,–L‰ªŽs,53342648,110,143,
’A”n–k•”,–L‰ªŽs,53342649,114,149,
’A”n–k•”,–L‰ªŽs,53342650,124,|,
’A”n–k•”,–L‰ªŽs,53342651,108,141,
’A”n–k•”,–L‰ªŽs,53342652,108,141,
’A”n–k•”,–L‰ªŽs,53342653,108,141,
’A”n–k•”,–L‰ªŽs,53342654,110,144,
’A”n–k•”,–L‰ªŽs,53342655,112,146,
’A”n–k•”,–L‰ªŽs,53342656,112,146,
’A”n–k•”,–L‰ªŽs,53342657,115,150,
’A”n–k•”,–L‰ªŽs,53342658,114,149,
’A”n–k•”,–L‰ªŽs,53342659,115,150,
’A”n–k•”,–L‰ªŽs,53342660,124,|,
’A”n–k•”,–L‰ªŽs,53342661,117,153,
’A”n–k•”,–L‰ªŽs,53342662,117,153,
’A”n–k•”,–L‰ªŽs,53342663,117,153,
’A”n–k•”,–L‰ªŽs,53342664,119,155,
’A”n–k•”,–L‰ªŽs,53342665,119,|,
’A”n–k•”,–L‰ªŽs,53342666,112,146,
’A”n–k•”,–L‰ªŽs,53342667,110,144,
’A”n–k•”,–L‰ªŽs,53342668,114,149,
’A”n–k•”,–L‰ªŽs,53342669,115,150,
’A”n–k•”,–L‰ªŽs,53342670,124,|,
’A”n–k•”,–L‰ªŽs,53342671,124,|,
’A”n–k•”,–L‰ªŽs,53342672,116,151,
’A”n–k•”,–L‰ªŽs,53342673,117,152,
’A”n–k•”,–L‰ªŽs,53342674,118,154,
’A”n–k•”,–L‰ªŽs,53342675,110,143,
’A”n–k•”,–L‰ªŽs,53342676,116,151,
’A”n–k•”,–L‰ªŽs,53342677,115,150,
’A”n–k•”,–L‰ªŽs,53342678,114,149,
’A”n–k•”,–L‰ªŽs,53342679,115,150,
’A”n–k•”,–L‰ªŽs,53342680,124,|,
’A”n–k•”,–L‰ªŽs,53342681,117,153,
’A”n–k•”,–L‰ªŽs,53342682,117,152,
’A”n–k•”,–L‰ªŽs,53342683,102,133,
’A”n–k•”,–L‰ªŽs,53342684,117,153,
’A”n–k•”,–L‰ªŽs,53342685,105,137,
’A”n–k•”,–L‰ªŽs,53342686,110,144,
’A”n–k•”,–L‰ªŽs,53342687,110,144,
’A”n–k•”,–L‰ªŽs,53342688,111,145,
’A”n–k•”,–L‰ªŽs,53342689,115,|,
’A”n–k•”,–L‰ªŽs,53342690,119,155,
’A”n–k•”,–L‰ªŽs,53342691,117,153,
’A”n–k•”,–L‰ªŽs,53342692,117,153,
’A”n–k•”,–L‰ªŽs,53342693,117,152,
’A”n–k•”,–L‰ªŽs,53342694,117,153,
’A”n–k•”,–L‰ªŽs,53342695,105,137,
’A”n–k•”,–L‰ªŽs,53342696,110,144,
’A”n–k•”,–L‰ªŽs,53342697,131,|,
’A”n–k•”,–L‰ªŽs,53342698,111,145,
’A”n–k•”,–L‰ªŽs,53342700,124,162,
’A”n–k•”,–L‰ªŽs,53342701,120,156,
’A”n–k•”,–L‰ªŽs,53342702,120,156,
’A”n–k•”,–L‰ªŽs,53342703,120,156,
’A”n–k•”,–L‰ªŽs,53342704,110,144,
’A”n–k•”,–L‰ªŽs,53342705,120,156,
’A”n–k•”,–L‰ªŽs,53342706,125,163,
’A”n–k•”,–L‰ªŽs,53342707,120,156,
’A”n–k•”,–L‰ªŽs,53342708,115,150,
’A”n–k•”,–L‰ªŽs,53342709,115,150,
’A”n–k•”,–L‰ªŽs,53342710,120,156,
’A”n–k•”,–L‰ªŽs,53342711,106,138,
’A”n–k•”,–L‰ªŽs,53342712,120,156,
’A”n–k•”,–L‰ªŽs,53342713,120,156,
’A”n–k•”,–L‰ªŽs,53342714,120,156,
’A”n–k•”,–L‰ªŽs,53342715,120,156,
’A”n–k•”,–L‰ªŽs,53342716,125,163,
’A”n–k•”,–L‰ªŽs,53342717,125,163,
’A”n–k•”,–L‰ªŽs,53342718,120,156,
’A”n–k•”,–L‰ªŽs,53342719,114,149,
’A”n–k•”,–L‰ªŽs,53342720,120,156,
’A”n–k•”,–L‰ªŽs,53342721,120,156,
’A”n–k•”,–L‰ªŽs,53342722,120,156,
’A”n–k•”,–L‰ªŽs,53342723,120,156,
’A”n–k•”,–L‰ªŽs,53342727,119,155,
’A”n–k•”,–L‰ªŽs,53342728,105,137,
’A”n–k•”,–L‰ªŽs,53342729,105,137,
’A”n–k•”,–L‰ªŽs,53342730,120,156,
’A”n–k•”,–L‰ªŽs,53342731,120,156,
’A”n–k•”,–L‰ªŽs,53342732,120,|,
’A”n–k•”,–L‰ªŽs,53342739,114,149,
’A”n–k•”,–L‰ªŽs,53342740,115,150,
’A”n–k•”,–L‰ªŽs,53342741,120,156,
’A”n–k•”,–L‰ªŽs,53342742,120,156,
’A”n–k•”,–L‰ªŽs,53342750,114,149,
’A”n–k•”,–L‰ªŽs,53342751,119,155,
’A”n–k•”,–L‰ªŽs,53342752,120,|,
’A”n–k•”,–L‰ªŽs,53342760,115,150,
’A”n–k•”,–L‰ªŽs,53342761,114,149,
’A”n–k•”,–L‰ªŽs,53342770,114,149,
’A”n–k•”,–L‰ªŽs,53343506,129,168,
’A”n–k•”,–L‰ªŽs,53343507,125,163,
’A”n–k•”,–L‰ªŽs,53343508,126,164,
’A”n–k•”,–L‰ªŽs,53343509,129,168,
’A”n–k•”,–L‰ªŽs,53343516,119,155,
’A”n–k•”,–L‰ªŽs,53343517,125,163,
’A”n–k•”,–L‰ªŽs,53343518,120,157,
’A”n–k•”,–L‰ªŽs,53343519,129,168,
’A”n–k•”,–L‰ªŽs,53343527,120,156,
’A”n–k•”,–L‰ªŽs,53343528,132,|,
’A”n–k•”,–L‰ªŽs,53343529,132,172,
’A”n–k•”,–L‰ªŽs,53343537,120,156,
’A”n–k•”,–L‰ªŽs,53343538,119,155,
’A”n–k•”,–L‰ªŽs,53343539,132,172,
’A”n–k•”,–L‰ªŽs,53343547,135,176,
’A”n–k•”,–L‰ªŽs,53343548,133,174,
’A”n–k•”,–L‰ªŽs,53343549,133,173,
’A”n–k•”,–L‰ªŽs,53343557,135,|,
’A”n–k•”,–L‰ªŽs,53343558,133,174,
’A”n–k•”,–L‰ªŽs,53343559,132,172,
’A”n–k•”,–L‰ªŽs,53343567,135,|,
’A”n–k•”,–L‰ªŽs,53343568,133,174,
’A”n–k•”,–L‰ªŽs,53343569,133,173,
’A”n–k•”,–L‰ªŽs,53343578,133,173,
’A”n–k•”,–L‰ªŽs,53343579,133,173,
’A”n–k•”,–L‰ªŽs,53343588,126,164,
’A”n–k•”,–L‰ªŽs,53343589,127,165,
’A”n–k•”,–L‰ªŽs,53343599,124,162,
’A”n–k•”,–L‰ªŽs,53343600,132,|,
’A”n–k•”,–L‰ªŽs,53343601,117,153,
’A”n–k•”,–L‰ªŽs,53343602,117,153,
’A”n–k•”,–L‰ªŽs,53343603,117,153,
’A”n–k•”,–L‰ªŽs,53343604,118,154,
’A”n–k•”,–L‰ªŽs,53343605,105,137,
’A”n–k•”,–L‰ªŽs,53343606,131,|,
’A”n–k•”,–L‰ªŽs,53343607,131,|,
’A”n–k•”,–L‰ªŽs,53343608,111,145,
’A”n–k•”,–L‰ªŽs,53343610,132,|,
’A”n–k•”,–L‰ªŽs,53343611,132,|,
’A”n–k•”,–L‰ªŽs,53343612,132,|,
’A”n–k•”,–L‰ªŽs,53343613,118,154,
’A”n–k•”,–L‰ªŽs,53343614,120,156,
’A”n–k•”,–L‰ªŽs,53343615,131,|,
’A”n–k•”,–L‰ªŽs,53343616,131,|,
’A”n–k•”,–L‰ªŽs,53343617,131,|,
’A”n–k•”,–L‰ªŽs,53343618,131,|,
’A”n–k•”,–L‰ªŽs,53343620,120,157,
’A”n–k•”,–L‰ªŽs,53343621,132,|,
’A”n–k•”,–L‰ªŽs,53343622,120,156,
’A”n–k•”,–L‰ªŽs,53343623,120,156,
’A”n–k•”,–L‰ªŽs,53343624,120,157,
’A”n–k•”,–L‰ªŽs,53343625,131,171,
’A”n–k•”,–L‰ªŽs,53343626,131,171,
’A”n–k•”,–L‰ªŽs,53343627,131,|,
’A”n–k•”,–L‰ªŽs,53343628,131,|,
’A”n–k•”,–L‰ªŽs,53343630,120,157,
’A”n–k•”,–L‰ªŽs,53343631,132,|,
’A”n–k•”,–L‰ªŽs,53343632,120,157,
’A”n–k•”,–L‰ªŽs,53343633,121,158,
’A”n–k•”,–L‰ªŽs,53343634,123,161,
’A”n–k•”,–L‰ªŽs,53343635,133,173,
’A”n–k•”,–L‰ªŽs,53343636,131,171,
’A”n–k•”,–L‰ªŽs,53343637,130,169,
’A”n–k•”,–L‰ªŽs,53343638,130,169,
’A”n–k•”,–L‰ªŽs,53343640,120,157,
’A”n–k•”,–L‰ªŽs,53343641,120,157,
’A”n–k•”,–L‰ªŽs,53343642,132,|,
’A”n–k•”,–L‰ªŽs,53343643,123,160,
’A”n–k•”,–L‰ªŽs,53343644,124,162,
’A”n–k•”,–L‰ªŽs,53343645,133,174,
’A”n–k•”,–L‰ªŽs,53343646,133,|,
’A”n–k•”,–L‰ªŽs,53343647,129,168,
’A”n–k•”,–L‰ªŽs,53343648,129,168,
’A”n–k•”,–L‰ªŽs,53343649,129,168,
’A”n–k•”,–L‰ªŽs,53343650,120,157,
’A”n–k•”,–L‰ªŽs,53343651,120,157,
’A”n–k•”,–L‰ªŽs,53343652,122,159,
’A”n–k•”,–L‰ªŽs,53343653,122,159,
’A”n–k•”,–L‰ªŽs,53343654,123,160,
’A”n–k•”,–L‰ªŽs,53343655,131,171,
’A”n–k•”,–L‰ªŽs,53343656,129,168,
’A”n–k•”,–L‰ªŽs,53343657,133,174,
’A”n–k•”,–L‰ªŽs,53343658,133,|,
’A”n–k•”,–L‰ªŽs,53343659,133,|,
’A”n–k•”,–L‰ªŽs,53343660,122,159,
’A”n–k•”,–L‰ªŽs,53343661,121,158,
’A”n–k•”,–L‰ªŽs,53343662,120,157,
’A”n–k•”,–L‰ªŽs,53343663,120,156,
’A”n–k•”,–L‰ªŽs,53343664,120,156,
’A”n–k•”,–L‰ªŽs,53343665,129,168,
’A”n–k•”,–L‰ªŽs,53343666,128,167,
’A”n–k•”,–L‰ªŽs,53343667,133,174,
’A”n–k•”,–L‰ªŽs,53343668,133,|,
’A”n–k•”,–L‰ªŽs,53343670,127,165,
’A”n–k•”,–L‰ªŽs,53343671,112,146,
’A”n–k•”,–L‰ªŽs,53343672,120,156,
’A”n–k•”,–L‰ªŽs,53343673,133,|,
’A”n–k•”,–L‰ªŽs,53343674,133,|,
’A”n–k•”,–L‰ªŽs,53343675,133,174,
’A”n–k•”,–L‰ªŽs,53343676,133,174,
’A”n–k•”,–L‰ªŽs,53343677,133,173,
’A”n–k•”,–L‰ªŽs,53343678,133,174,
’A”n–k•”,–L‰ªŽs,53343680,122,159,
’A”n–k•”,–L‰ªŽs,53343681,127,165,
’A”n–k•”,–L‰ªŽs,53343682,124,162,
’A”n–k•”,–L‰ªŽs,53343683,123,160,
’A”n–k•”,–L‰ªŽs,53343684,123,160,
’A”n–k•”,–L‰ªŽs,53343685,133,174,
’A”n–k•”,–L‰ªŽs,53343686,133,173,
’A”n–k•”,–L‰ªŽs,53343687,133,|,
’A”n–k•”,–L‰ªŽs,53343688,133,174,
’A”n–k•”,–L‰ªŽs,53343690,124,162,
’A”n–k•”,–L‰ªŽs,53343691,124,162,
’A”n–k•”,–L‰ªŽs,53343692,123,161,
’A”n–k•”,–L‰ªŽs,53343693,122,159,
’A”n–k•”,–L‰ªŽs,53343694,122,159,
’A”n–k•”,–L‰ªŽs,53343695,122,159,
’A”n–k•”,–L‰ªŽs,53343698,133,|,
’A”n–k•”,–L‰ªŽs,53344600,124,|,
’A”n–k•”,–L‰ªŽs,53344601,124,|,
’A”n–k•”,–L‰ªŽs,53344603,123,|,
’A”n–k•”,–L‰ªŽs,53350070,119,155,
’A”n–k•”,–L‰ªŽs,53350071,131,171,
’A”n–k•”,–L‰ªŽs,53350080,119,155,
’A”n–k•”,–L‰ªŽs,53350081,116,151,
’A”n–k•”,–L‰ªŽs,53350090,119,155,
’A”n–k•”,–L‰ªŽs,53350091,121,158,
’A”n–k•”,–L‰ªŽs,53350092,117,153,
’A”n–k•”,–L‰ªŽs,53350093,117,152,
’A”n–k•”,–L‰ªŽs,53351000,120,156,
’A”n–k•”,–L‰ªŽs,53351001,120,156,
’A”n–k•”,–L‰ªŽs,53351002,130,169,
’A”n–k•”,–L‰ªŽs,53351003,115,150,
’A”n–k•”,–L‰ªŽs,53351010,118,154,
’A”n–k•”,–L‰ªŽs,53351011,113,147,
’A”n–k•”,–L‰ªŽs,53351012,113,147,
’A”n–k•”,–L‰ªŽs,53351013,128,167,
’A”n–k•”,–L‰ªŽs,53351020,111,145,
’A”n–k•”,–L‰ªŽs,53351021,111,145,
’A”n–k•”,–L‰ªŽs,53351022,117,153,
’A”n–k•”,–L‰ªŽs,53351023,123,160,
’A”n–k•”,–L‰ªŽs,53351030,110,144,
’A”n–k•”,–L‰ªŽs,53351031,111,145,
’A”n–k•”,–L‰ªŽs,53351032,116,151,
’A”n–k•”,–L‰ªŽs,53351033,122,159,
’A”n–k•”,–L‰ªŽs,53351040,110,144,
’A”n–k•”,–L‰ªŽs,53351041,116,151,
’A”n–k•”,–L‰ªŽs,53351042,117,152,
’A”n–k•”,–L‰ªŽs,53351043,121,158,
’A”n–k•”,–L‰ªŽs,53351050,110,144,
’A”n–k•”,–L‰ªŽs,53351051,115,150,
’A”n–k•”,–L‰ªŽs,53351052,116,151,
’A”n–k•”,–L‰ªŽs,53351053,116,151,
’A”n–k•”,–L‰ªŽs,53351060,115,150,
’A”n–k•”,–L‰ªŽs,53351061,115,150,
’A”n–k•”,–L‰ªŽs,53351062,117,152,
’A”n–k•”,–L‰ªŽs,53351070,116,151,
’A”n–k•”,–L‰ªŽs,53351071,120,156,
’A”n–k•”,–L‰ªŽs,53351072,116,151,
’A”n–k•”,–L‰ªŽs,53351080,116,151,
’A”n–k•”,–L‰ªŽs,53351081,110,144,
’A”n–k•”,–L‰ªŽs,53351082,120,157,
’A”n–k•”,–L‰ªŽs,53351090,117,152,
’A”n–k•”,–L‰ªŽs,53351091,115,150,
’A”n–k•”,–L‰ªŽs,53351092,116,151,
’A”n–k•”,–L‰ªŽs,53352000,137,178,
’A”n–k•”,–L‰ªŽs,53352001,137,178,
’A”n–k•”,–L‰ªŽs,53352002,137,178,
’A”n–k•”,–L‰ªŽs,53352010,136,177,
’A”n–k•”,–L‰ªŽs,53352011,136,177,
’A”n–k•”,–L‰ªŽs,53352012,137,178,
’A”n–k•”,–L‰ªŽs,53352020,135,176,
’A”n–k•”,–L‰ªŽs,53352021,135,176,
’A”n–k•”,–L‰ªŽs,53352022,136,177,
’A”n–k•”,–L‰ªŽs,53352030,134,175,
’A”n–k•”,–L‰ªŽs,53352031,135,176,
’A”n–k•”,–L‰ªŽs,53352032,136,177,
’A”n–k•”,–L‰ªŽs,53352041,134,175,
’A”n–k•”,–L‰ªŽs,53352042,136,|,
’A”n–k•”,”ü’¬,53340349,133,173,
’A”n–k•”,”ü’¬,53340358,133,|,
’A”n–k•”,”ü’¬,53340359,131,171,
’A”n–k•”,”ü’¬,53340368,130,169,
’A”n–k•”,”ü’¬,53340369,131,171,
’A”n–k•”,”ü’¬,53340378,130,170,
’A”n–k•”,”ü’¬,53340379,130,169,
’A”n–k•”,”ü’¬,53340388,145,|,
’A”n–k•”,”ü’¬,53340389,140,183,
’A”n–k•”,”ü’¬,53340398,145,|,
’A”n–k•”,”ü’¬,53340399,145,|,
’A”n–k•”,”ü’¬,53340450,143,|,
’A”n–k•”,”ü’¬,53340460,143,|,
’A”n–k•”,”ü’¬,53340461,143,|,
’A”n–k•”,”ü’¬,53340470,136,177,
’A”n–k•”,”ü’¬,53340471,134,175,
’A”n–k•”,”ü’¬,53340472,134,175,
’A”n–k•”,”ü’¬,53340473,134,175,
’A”n–k•”,”ü’¬,53340474,123,161,
’A”n–k•”,”ü’¬,53340475,117,153,
’A”n–k•”,”ü’¬,53340476,121,158,
’A”n–k•”,”ü’¬,53340477,122,159,
’A”n–k•”,”ü’¬,53340478,132,172,
’A”n–k•”,”ü’¬,53340480,136,177,
’A”n–k•”,”ü’¬,53340481,135,176,
’A”n–k•”,”ü’¬,53340482,133,174,
’A”n–k•”,”ü’¬,53340483,133,174,
’A”n–k•”,”ü’¬,53340484,133,174,
’A”n–k•”,”ü’¬,53340485,117,153,
’A”n–k•”,”ü’¬,53340486,120,157,
’A”n–k•”,”ü’¬,53340487,117,152,
’A”n–k•”,”ü’¬,53340488,117,153,
’A”n–k•”,”ü’¬,53340490,136,177,
’A”n–k•”,”ü’¬,53340491,136,177,
’A”n–k•”,”ü’¬,53340492,134,175,
’A”n–k•”,”ü’¬,53340493,133,174,
’A”n–k•”,”ü’¬,53340494,132,172,
’A”n–k•”,”ü’¬,53340495,117,153,
’A”n–k•”,”ü’¬,53340496,116,151,
’A”n–k•”,”ü’¬,53340497,117,152,
’A”n–k•”,”ü’¬,53340498,117,152,
’A”n–k•”,”ü’¬,53340499,116,151,
’A”n–k•”,”ü’¬,53340590,116,151,
’A”n–k•”,”ü’¬,53340591,116,151,
’A”n–k•”,”ü’¬,53341308,145,|,
’A”n–k•”,”ü’¬,53341309,145,|,
’A”n–k•”,”ü’¬,53341318,145,|,
’A”n–k•”,”ü’¬,53341319,145,|,
’A”n–k•”,”ü’¬,53341329,145,|,
’A”n–k•”,”ü’¬,53341339,145,|,
’A”n–k•”,”ü’¬,53341349,145,|,
’A”n–k•”,”ü’¬,53341359,145,|,
’A”n–k•”,”ü’¬,53341369,145,|,
’A”n–k•”,”ü’¬,53341379,145,|,
’A”n–k•”,”ü’¬,53341400,145,|,
’A”n–k•”,”ü’¬,53341401,137,178,
’A”n–k•”,”ü’¬,53341402,135,176,
’A”n–k•”,”ü’¬,53341403,135,|,
’A”n–k•”,”ü’¬,53341404,133,174,
’A”n–k•”,”ü’¬,53341405,117,153,
’A”n–k•”,”ü’¬,53341406,118,154,
’A”n–k•”,”ü’¬,53341407,117,153,
’A”n–k•”,”ü’¬,53341408,116,151,
’A”n–k•”,”ü’¬,53341409,115,150,
’A”n–k•”,”ü’¬,53341410,133,174,
’A”n–k•”,”ü’¬,53341411,131,171,
’A”n–k•”,”ü’¬,53341412,135,176,
’A”n–k•”,”ü’¬,53341413,135,|,
’A”n–k•”,”ü’¬,53341414,132,172,
’A”n–k•”,”ü’¬,53341415,123,160,
’A”n–k•”,”ü’¬,53341416,119,155,
’A”n–k•”,”ü’¬,53341417,117,153,
’A”n–k•”,”ü’¬,53341418,112,146,
’A”n–k•”,”ü’¬,53341419,114,149,
’A”n–k•”,”ü’¬,53341420,145,|,
’A”n–k•”,”ü’¬,53341421,134,175,
’A”n–k•”,”ü’¬,53341422,133,174,
’A”n–k•”,”ü’¬,53341423,132,172,
’A”n–k•”,”ü’¬,53341424,132,172,
’A”n–k•”,”ü’¬,53341425,112,146,
’A”n–k•”,”ü’¬,53341426,117,153,
’A”n–k•”,”ü’¬,53341427,112,146,
’A”n–k•”,”ü’¬,53341428,115,150,
’A”n–k•”,”ü’¬,53341429,114,149,
’A”n–k•”,”ü’¬,53341430,145,|,
’A”n–k•”,”ü’¬,53341431,132,172,
’A”n–k•”,”ü’¬,53341432,133,173,
’A”n–k•”,”ü’¬,53341433,132,172,
’A”n–k•”,”ü’¬,53341434,132,172,
’A”n–k•”,”ü’¬,53341435,110,144,
’A”n–k•”,”ü’¬,53341436,115,150,
’A”n–k•”,”ü’¬,53341437,114,149,
’A”n–k•”,”ü’¬,53341438,115,150,
’A”n–k•”,”ü’¬,53341439,110,144,
’A”n–k•”,”ü’¬,53341440,137,179,
’A”n–k•”,”ü’¬,53341441,137,178,
’A”n–k•”,”ü’¬,53341442,137,179,
’A”n–k•”,”ü’¬,53341443,138,180,
’A”n–k•”,”ü’¬,53341444,137,179,
’A”n–k•”,”ü’¬,53341445,124,162,
’A”n–k•”,”ü’¬,53341446,124,162,
’A”n–k•”,”ü’¬,53341447,125,163,
’A”n–k•”,”ü’¬,53341448,124,162,
’A”n–k•”,”ü’¬,53341449,124,162,
’A”n–k•”,”ü’¬,53341450,137,179,
’A”n–k•”,”ü’¬,53341451,137,178,
’A”n–k•”,”ü’¬,53341452,137,179,
’A”n–k•”,”ü’¬,53341453,137,179,
’A”n–k•”,”ü’¬,53341454,137,178,
’A”n–k•”,”ü’¬,53341455,124,162,
’A”n–k•”,”ü’¬,53341456,126,164,
’A”n–k•”,”ü’¬,53341457,126,164,
’A”n–k•”,”ü’¬,53341458,127,165,
’A”n–k•”,”ü’¬,53341459,126,164,
’A”n–k•”,”ü’¬,53341460,137,178,
’A”n–k•”,”ü’¬,53341461,137,178,
’A”n–k•”,”ü’¬,53341462,136,177,
’A”n–k•”,”ü’¬,53341463,136,177,
’A”n–k•”,”ü’¬,53341464,140,183,
’A”n–k•”,”ü’¬,53341465,124,162,
’A”n–k•”,”ü’¬,53341466,127,165,
’A”n–k•”,”ü’¬,53341467,127,166,
’A”n–k•”,”ü’¬,53341468,127,165,
’A”n–k•”,”ü’¬,53341469,127,165,
’A”n–k•”,”ü’¬,53341470,137,178,
’A”n–k•”,”ü’¬,53341471,141,|,
’A”n–k•”,”ü’¬,53341472,141,184,
’A”n–k•”,”ü’¬,53341473,140,183,
’A”n–k•”,”ü’¬,53341474,140,182,
’A”n–k•”,”ü’¬,53341475,123,160,
’A”n–k•”,”ü’¬,53341476,125,163,
’A”n–k•”,”ü’¬,53341477,127,165,
’A”n–k•”,”ü’¬,53341478,127,165,
’A”n–k•”,”ü’¬,53341479,127,166,
’A”n–k•”,”ü’¬,53341480,141,184,
’A”n–k•”,”ü’¬,53341481,140,183,
’A”n–k•”,”ü’¬,53341482,140,183,
’A”n–k•”,”ü’¬,53341483,140,183,
’A”n–k•”,”ü’¬,53341484,140,183,
’A”n–k•”,”ü’¬,53341485,123,161,
’A”n–k•”,”ü’¬,53341486,124,162,
’A”n–k•”,”ü’¬,53341487,124,162,
’A”n–k•”,”ü’¬,53341488,127,165,
’A”n–k•”,”ü’¬,53341489,124,162,
’A”n–k•”,”ü’¬,53341490,141,184,
’A”n–k•”,”ü’¬,53341491,140,183,
’A”n–k•”,”ü’¬,53341492,140,183,
’A”n–k•”,”ü’¬,53341493,140,183,
’A”n–k•”,”ü’¬,53341494,136,177,
’A”n–k•”,”ü’¬,53341495,126,164,
’A”n–k•”,”ü’¬,53341496,124,162,
’A”n–k•”,”ü’¬,53341497,148,|,
’A”n–k•”,”ü’¬,53341498,148,|,
’A”n–k•”,”ü’¬,53341499,123,160,
’A”n–k•”,”ü’¬,53341500,115,150,
’A”n–k•”,”ü’¬,53341501,115,150,
’A”n–k•”,”ü’¬,53341510,115,150,
’A”n–k•”,”ü’¬,53341520,115,150,
’A”n–k•”,”ü’¬,53341530,115,150,
’A”n–k•”,”ü’¬,53341540,131,171,
’A”n–k•”,”ü’¬,53341550,134,175,
’A”n–k•”,”ü’¬,53341560,136,|,
’A”n–k•”,”ü’¬,53341570,136,|,
’A”n–k•”,”ü’¬,53341580,136,177,
’A”n–k•”,”ü’¬,53341590,147,191,
’A”n–k•”,”ü’¬,53342401,140,183,
’A”n–k•”,”ü’¬,53342402,140,183,
’A”n–k•”,”ü’¬,53342403,140,183,
’A”n–k•”,”ü’¬,53342404,137,178,
’A”n–k•”,”ü’¬,53342405,143,186,
’A”n–k•”,”ü’¬,53342406,143,186,
’A”n–k•”,”ü’¬,53342407,143,186,
’A”n–k•”,”ü’¬,53342408,148,|,
’A”n–k•”,”ü’¬,53342409,148,|,
’A”n–k•”,”ü’¬,53342414,141,184,
’A”n–k•”,”ü’¬,53342415,142,185,
’A”n–k•”,”ü’¬,53342416,143,186,
’A”n–k•”,”ü’¬,53342417,148,|,
’A”n–k•”,”ü’¬,53342418,148,|,
’A”n–k•”,”ü’¬,53342424,147,|,
’A”n–k•”,”ü’¬,53342425,147,192,
’A”n–k•”,”ü’¬,53342426,148,193,
’A”n–k•”,”ü’¬,53342427,143,186,
’A”n–k•”,”ü’¬,53342428,148,|,
’A”n–k•”,”ü’¬,53342434,140,183,
’A”n–k•”,”ü’¬,53342435,147,192,
’A”n–k•”,”ü’¬,53342436,148,|,
’A”n–k•”,”ü’¬,53342437,142,185,
’A”n–k•”,”ü’¬,53342438,144,188,
’A”n–k•”,”ü’¬,53342439,148,193,
’A”n–k•”,”ü’¬,53342444,140,183,
’A”n–k•”,”ü’¬,53342445,147,192,
’A”n–k•”,”ü’¬,53342446,147,192,
’A”n–k•”,”ü’¬,53342447,148,193,
’A”n–k•”,”ü’¬,53342448,143,187,
’A”n–k•”,”ü’¬,53342449,149,|,
’A”n–k•”,”ü’¬,53342453,140,183,
’A”n–k•”,”ü’¬,53342454,141,184,
’A”n–k•”,”ü’¬,53342455,143,186,
’A”n–k•”,”ü’¬,53342456,142,185,
’A”n–k•”,”ü’¬,53342457,149,194,
’A”n–k•”,”ü’¬,53342458,143,186,
’A”n–k•”,”ü’¬,53342459,149,|,
’A”n–k•”,”ü’¬,53342463,155,202,
’A”n–k•”,”ü’¬,53342464,157,|,
’A”n–k•”,”ü’¬,53342465,143,187,
’A”n–k•”,”ü’¬,53342466,143,186,
’A”n–k•”,”ü’¬,53342467,148,193,
’A”n–k•”,”ü’¬,53342468,143,186,
’A”n–k•”,”ü’¬,53342469,149,|,
’A”n–k•”,”ü’¬,53342474,157,204,
’A”n–k•”,”ü’¬,53342475,143,186,
’A”n–k•”,”ü’¬,53342476,143,186,
’A”n–k•”,”ü’¬,53342477,150,195,
’A”n–k•”,”ü’¬,53342478,143,186,
’A”n–k•”,”ü’¬,53342479,149,|,
’A”n–k•”,”ü’¬,53342486,164,|,
’A”n–k•”,”ü’¬,53342487,145,189,
’A”n–k•”,”ü’¬,53342488,147,191,
’A”n–k•”,”ü’¬,53342489,149,|,
’A”n–k•”,”ü’¬,53342497,147,192,
’A”n–k•”,”ü’¬,53342498,149,194,
’A”n–k•”,”ü’¬,53342499,149,|,
’A”n–k•”,”ü’¬,53342530,149,|,
’A”n–k•”,”ü’¬,53342540,149,|,
’A”n–k•”,”ü’¬,53342550,149,|,
’A”n–k•”,”ü’¬,53342551,149,|,
’A”n–k•”,”ü’¬,53342560,149,|,
’A”n–k•”,”ü’¬,53342561,149,|,
’A”n–k•”,”ü’¬,53342570,149,|,
’A”n–k•”,”ü’¬,53342571,124,162,
’A”n–k•”,”ü’¬,53342580,124,162,
’A”n–k•”,”ü’¬,53342581,123,160,
’A”n–k•”,”ü’¬,53342582,149,|,
’A”n–k•”,”ü’¬,53342590,149,|,
’A”n–k•”,”ü’¬,53342591,123,160,
’A”n–k•”,”ü’¬,53342592,149,|,
’A”n–k•”,”ü’¬,53342593,149,|,
’A”n–k•”,”ü’¬,53342594,149,|,
’A”n–k•”,”ü’¬,53343407,164,|,
’A”n–k•”,”ü’¬,53343408,148,193,
’A”n–k•”,”ü’¬,53343409,149,|,
’A”n–k•”,”ü’¬,53343417,145,189,
’A”n–k•”,”ü’¬,53343418,145,189,
’A”n–k•”,”ü’¬,53343419,146,190,
’A”n–k•”,”ü’¬,53343426,164,|,
’A”n–k•”,”ü’¬,53343427,164,|,
’A”n–k•”,”ü’¬,53343428,159,207,
’A”n–k•”,”ü’¬,53343429,127,165,
’A”n–k•”,”ü’¬,53343436,164,|,
’A”n–k•”,”ü’¬,53343437,164,|,
’A”n–k•”,”ü’¬,53343438,164,|,
’A”n–k•”,”ü’¬,53343439,161,210,
’A”n–k•”,”ü’¬,53343445,164,|,
’A”n–k•”,”ü’¬,53343446,164,|,
’A”n–k•”,”ü’¬,53343447,164,|,
’A”n–k•”,”ü’¬,53343448,164,|,
’A”n–k•”,”ü’¬,53343449,164,213,
’A”n–k•”,”ü’¬,53343452,133,173,
’A”n–k•”,”ü’¬,53343453,164,|,
’A”n–k•”,”ü’¬,53343454,164,|,
’A”n–k•”,”ü’¬,53343455,164,|,
’A”n–k•”,”ü’¬,53343456,164,213,
’A”n–k•”,”ü’¬,53343457,162,211,
’A”n–k•”,”ü’¬,53343458,162,211,
’A”n–k•”,”ü’¬,53343459,128,167,
’A”n–k•”,”ü’¬,53343462,133,174,
’A”n–k•”,”ü’¬,53343463,130,169,
’A”n–k•”,”ü’¬,53343464,130,170,
’A”n–k•”,”ü’¬,53343465,164,213,
’A”n–k•”,”ü’¬,53343466,164,213,
’A”n–k•”,”ü’¬,53343467,164,|,
’A”n–k•”,”ü’¬,53343468,162,211,
’A”n–k•”,”ü’¬,53343469,163,212,
’A”n–k•”,”ü’¬,53343472,133,174,
’A”n–k•”,”ü’¬,53343473,129,168,
’A”n–k•”,”ü’¬,53343474,129,168,
’A”n–k•”,”ü’¬,53343475,162,211,
’A”n–k•”,”ü’¬,53343476,164,214,
’A”n–k•”,”ü’¬,53343477,163,212,
’A”n–k•”,”ü’¬,53343478,161,210,
’A”n–k•”,”ü’¬,53343479,159,207,
’A”n–k•”,”ü’¬,53343482,161,|,
’A”n–k•”,”ü’¬,53343483,138,180,
’A”n–k•”,”ü’¬,53343484,139,181,
’A”n–k•”,”ü’¬,53343485,161,210,
’A”n–k•”,”ü’¬,53343486,162,211,
’A”n–k•”,”ü’¬,53343487,164,|,
’A”n–k•”,”ü’¬,53343488,164,|,
’A”n–k•”,”ü’¬,53343492,161,|,
’A”n–k•”,”ü’¬,53343493,143,187,
’A”n–k•”,”ü’¬,53343494,161,|,
’A”n–k•”,”ü’¬,53343496,164,|,
’A”n–k•”,”ü’¬,53343497,164,|,
’A”n–k•”,”ü’¬,53343500,149,|,
’A”n–k•”,”ü’¬,53343501,125,163,
’A”n–k•”,”ü’¬,53343502,127,166,
’A”n–k•”,”ü’¬,53343503,149,|,
’A”n–k•”,”ü’¬,53343504,127,166,
’A”n–k•”,”ü’¬,53343505,129,168,
’A”n–k•”,”ü’¬,53343510,123,161,
’A”n–k•”,”ü’¬,53343511,149,|,
’A”n–k•”,”ü’¬,53343512,123,161,
’A”n–k•”,”ü’¬,53343513,130,170,
’A”n–k•”,”ü’¬,53343514,128,167,
’A”n–k•”,”ü’¬,53343515,130,169,
’A”n–k•”,”ü’¬,53343520,123,161,
’A”n–k•”,”ü’¬,53343521,149,|,
’A”n–k•”,”ü’¬,53343522,128,167,
’A”n–k•”,”ü’¬,53343523,129,168,
’A”n–k•”,”ü’¬,53343524,127,166,
’A”n–k•”,”ü’¬,53343525,131,171,
’A”n–k•”,”ü’¬,53343526,135,|,
’A”n–k•”,”ü’¬,53343530,126,164,
’A”n–k•”,”ü’¬,53343531,149,|,
’A”n–k•”,”ü’¬,53343532,149,|,
’A”n–k•”,”ü’¬,53343533,126,164,
’A”n–k•”,”ü’¬,53343534,134,|,
’A”n–k•”,”ü’¬,53343535,130,170,
’A”n–k•”,”ü’¬,53343536,135,|,
’A”n–k•”,”ü’¬,53343540,127,166,
’A”n–k•”,”ü’¬,53343541,149,|,
’A”n–k•”,”ü’¬,53343542,125,163,
’A”n–k•”,”ü’¬,53343543,124,162,
’A”n–k•”,”ü’¬,53343544,123,161,
’A”n–k•”,”ü’¬,53343545,134,175,
’A”n–k•”,”ü’¬,53343546,135,|,
’A”n–k•”,”ü’¬,53343550,128,167,
’A”n–k•”,”ü’¬,53343551,127,165,
’A”n–k•”,”ü’¬,53343552,124,162,
’A”n–k•”,”ü’¬,53343553,124,162,
’A”n–k•”,”ü’¬,53343554,124,162,
’A”n–k•”,”ü’¬,53343555,135,176,
’A”n–k•”,”ü’¬,53343556,135,|,
’A”n–k•”,”ü’¬,53343560,125,163,
’A”n–k•”,”ü’¬,53343561,124,162,
’A”n–k•”,”ü’¬,53343562,127,|,
’A”n–k•”,”ü’¬,53343563,124,162,
’A”n–k•”,”ü’¬,53343564,124,162,
’A”n–k•”,”ü’¬,53343565,134,175,
’A”n–k•”,”ü’¬,53343566,134,175,
’A”n–k•”,”ü’¬,53343570,122,159,
’A”n–k•”,”ü’¬,53343571,122,159,
’A”n–k•”,”ü’¬,53343572,123,160,
’A”n–k•”,”ü’¬,53343573,125,163,
’A”n–k•”,”ü’¬,53343574,125,163,
’A”n–k•”,”ü’¬,53343575,135,176,
’A”n–k•”,”ü’¬,53343576,133,174,
’A”n–k•”,”ü’¬,53343577,133,173,
’A”n–k•”,”ü’¬,53343580,124,162,
’A”n–k•”,”ü’¬,53343581,125,163,
’A”n–k•”,”ü’¬,53343582,127,165,
’A”n–k•”,”ü’¬,53343583,128,167,
’A”n–k•”,”ü’¬,53343584,128,167,
’A”n–k•”,”ü’¬,53343585,133,174,
’A”n–k•”,”ü’¬,53343586,133,173,
’A”n–k•”,”ü’¬,53343587,131,171,
’A”n–k•”,”ü’¬,53343591,127,|,
’A”n–k•”,”ü’¬,53343592,125,163,
’A”n–k•”,”ü’¬,53343593,133,|,
’A”n–k•”,”ü’¬,53343594,133,|,
’A”n–k•”,”ü’¬,53343595,130,170,
’A”n–k•”,”ü’¬,53343596,133,|,
’A”n–k•”,”ü’¬,53343597,131,171,
’A”n–k•”,”ü’¬,53343598,130,170,
’A”n–k•”,”ü’¬,53344401,161,|,
’A”n–k•”,”ü’¬,53344402,161,|,
’A”n–k•”,”ü’¬,53344403,161,|,
’A”n–k•”,”ü’¬,53344503,133,|,
’A”n–k•”,”ü’¬,53344507,133,|,
’A”n–k•”,V‰·ò’¬,53341326,145,|,
’A”n–k•”,V‰·ò’¬,53341327,145,|,
’A”n–k•”,V‰·ò’¬,53341328,145,|,
’A”n–k•”,V‰·ò’¬,53341335,145,|,
’A”n–k•”,V‰·ò’¬,53341336,145,|,
’A”n–k•”,V‰·ò’¬,53341337,145,|,
’A”n–k•”,V‰·ò’¬,53341338,145,|,
’A”n–k•”,V‰·ò’¬,53341345,145,|,
’A”n–k•”,V‰·ò’¬,53341346,145,|,
’A”n–k•”,V‰·ò’¬,53341347,140,183,
’A”n–k•”,V‰·ò’¬,53341348,140,182,
’A”n–k•”,V‰·ò’¬,53341355,145,|,
’A”n–k•”,V‰·ò’¬,53341356,145,|,
’A”n–k•”,V‰·ò’¬,53341357,139,181,
’A”n–k•”,V‰·ò’¬,53341358,138,180,
’A”n–k•”,V‰·ò’¬,53341365,145,|,
’A”n–k•”,V‰·ò’¬,53341366,145,|,
’A”n–k•”,V‰·ò’¬,53341367,138,180,
’A”n–k•”,V‰·ò’¬,53341368,145,|,
’A”n–k•”,V‰·ò’¬,53341375,145,|,
’A”n–k•”,V‰·ò’¬,53341376,145,|,
’A”n–k•”,V‰·ò’¬,53341377,138,180,
’A”n–k•”,V‰·ò’¬,53341378,145,|,
’A”n–k•”,V‰·ò’¬,53341385,145,|,
’A”n–k•”,V‰·ò’¬,53341386,145,|,
’A”n–k•”,V‰·ò’¬,53341387,138,180,
’A”n–k•”,V‰·ò’¬,53341388,145,|,
’A”n–k•”,V‰·ò’¬,53341389,145,|,
’A”n–k•”,V‰·ò’¬,53341394,145,|,
’A”n–k•”,V‰·ò’¬,53341395,138,180,
’A”n–k•”,V‰·ò’¬,53341396,139,181,
’A”n–k•”,V‰·ò’¬,53341397,138,180,
’A”n–k•”,V‰·ò’¬,53341398,145,|,
’A”n–k•”,V‰·ò’¬,53341399,145,|,
’A”n–k•”,V‰·ò’¬,53342304,131,171,
’A”n–k•”,V‰·ò’¬,53342305,139,181,
’A”n–k•”,V‰·ò’¬,53342306,140,183,
’A”n–k•”,V‰·ò’¬,53342307,145,189,
’A”n–k•”,V‰·ò’¬,53342308,145,|,
’A”n–k•”,V‰·ò’¬,53342309,141,184,
’A”n–k•”,V‰·ò’¬,53342314,131,171,
’A”n–k•”,V‰·ò’¬,53342315,139,181,
’A”n–k•”,V‰·ò’¬,53342316,145,189,
’A”n–k•”,V‰·ò’¬,53342317,144,188,
’A”n–k•”,V‰·ò’¬,53342318,143,186,
’A”n–k•”,V‰·ò’¬,53342319,142,185,
’A”n–k•”,V‰·ò’¬,53342323,131,171,
’A”n–k•”,V‰·ò’¬,53342324,131,171,
’A”n–k•”,V‰·ò’¬,53342325,143,186,
’A”n–k•”,V‰·ò’¬,53342326,143,186,
’A”n–k•”,V‰·ò’¬,53342327,144,188,
’A”n–k•”,V‰·ò’¬,53342328,143,187,
’A”n–k•”,V‰·ò’¬,53342329,143,186,
’A”n–k•”,V‰·ò’¬,53342334,136,177,
’A”n–k•”,V‰·ò’¬,53342335,141,184,
’A”n–k•”,V‰·ò’¬,53342336,141,184,
’A”n–k•”,V‰·ò’¬,53342337,143,186,
’A”n–k•”,V‰·ò’¬,53342338,139,181,
’A”n–k•”,V‰·ò’¬,53342339,144,188,
’A”n–k•”,V‰·ò’¬,53342344,135,176,
’A”n–k•”,V‰·ò’¬,53342345,140,183,
’A”n–k•”,V‰·ò’¬,53342346,140,183,
’A”n–k•”,V‰·ò’¬,53342347,143,186,
’A”n–k•”,V‰·ò’¬,53342348,144,188,
’A”n–k•”,V‰·ò’¬,53342349,145,189,
’A”n–k•”,V‰·ò’¬,53342354,136,177,
’A”n–k•”,V‰·ò’¬,53342355,140,183,
’A”n–k•”,V‰·ò’¬,53342356,141,184,
’A”n–k•”,V‰·ò’¬,53342357,143,186,
’A”n–k•”,V‰·ò’¬,53342358,143,186,
’A”n–k•”,V‰·ò’¬,53342359,143,186,
’A”n–k•”,V‰·ò’¬,53342364,149,194,
’A”n–k•”,V‰·ò’¬,53342365,142,185,
’A”n–k•”,V‰·ò’¬,53342366,143,186,
’A”n–k•”,V‰·ò’¬,53342367,143,186,
’A”n–k•”,V‰·ò’¬,53342368,143,186,
’A”n–k•”,V‰·ò’¬,53342369,143,186,
’A”n–k•”,V‰·ò’¬,53342373,150,|,
’A”n–k•”,V‰·ò’¬,53342374,150,|,
’A”n–k•”,V‰·ò’¬,53342375,143,186,
’A”n–k•”,V‰·ò’¬,53342376,143,187,
’A”n–k•”,V‰·ò’¬,53342377,144,188,
’A”n–k•”,V‰·ò’¬,53342378,143,187,
’A”n–k•”,V‰·ò’¬,53342379,142,185,
’A”n–k•”,V‰·ò’¬,53342382,150,|,
’A”n–k•”,V‰·ò’¬,53342383,150,|,
’A”n–k•”,V‰·ò’¬,53342384,150,|,
’A”n–k•”,V‰·ò’¬,53342385,143,186,
’A”n–k•”,V‰·ò’¬,53342386,143,187,
’A”n–k•”,V‰·ò’¬,53342387,143,186,
’A”n–k•”,V‰·ò’¬,53342388,142,185,
’A”n–k•”,V‰·ò’¬,53342389,141,184,
’A”n–k•”,V‰·ò’¬,53342393,150,|,
’A”n–k•”,V‰·ò’¬,53342394,150,196,
’A”n–k•”,V‰·ò’¬,53342395,150,|,
’A”n–k•”,V‰·ò’¬,53342396,143,186,
’A”n–k•”,V‰·ò’¬,53342397,142,185,
’A”n–k•”,V‰·ò’¬,53342398,147,192,
’A”n–k•”,V‰·ò’¬,53342399,147,192,
’A”n–k•”,V‰·ò’¬,53342400,141,184,
’A”n–k•”,V‰·ò’¬,53342410,141,184,
’A”n–k•”,V‰·ò’¬,53342411,140,183,
’A”n–k•”,V‰·ò’¬,53342412,140,183,
’A”n–k•”,V‰·ò’¬,53342413,140,183,
’A”n–k•”,V‰·ò’¬,53342420,142,185,
’A”n–k•”,V‰·ò’¬,53342421,140,183,
’A”n–k•”,V‰·ò’¬,53342422,140,182,
’A”n–k•”,V‰·ò’¬,53342423,147,|,
’A”n–k•”,V‰·ò’¬,53342430,137,178,
’A”n–k•”,V‰·ò’¬,53342431,140,183,
’A”n–k•”,V‰·ò’¬,53342432,140,183,
’A”n–k•”,V‰·ò’¬,53342433,147,|,
’A”n–k•”,V‰·ò’¬,53342440,137,178,
’A”n–k•”,V‰·ò’¬,53342441,141,184,
’A”n–k•”,V‰·ò’¬,53342442,147,|,
’A”n–k•”,V‰·ò’¬,53342443,140,182,
’A”n–k•”,V‰·ò’¬,53342450,136,177,
’A”n–k•”,V‰·ò’¬,53342451,142,185,
’A”n–k•”,V‰·ò’¬,53342452,140,183,
’A”n–k•”,V‰·ò’¬,53342460,157,204,
’A”n–k•”,V‰·ò’¬,53342461,156,203,
’A”n–k•”,V‰·ò’¬,53342462,155,202,
’A”n–k•”,V‰·ò’¬,53342470,155,202,
’A”n–k•”,V‰·ò’¬,53342471,154,201,
’A”n–k•”,V‰·ò’¬,53342472,154,201,
’A”n–k•”,V‰·ò’¬,53342473,155,202,
’A”n–k•”,V‰·ò’¬,53342480,155,|,
’A”n–k•”,V‰·ò’¬,53342481,154,201,
’A”n–k•”,V‰·ò’¬,53342482,154,201,
’A”n–k•”,V‰·ò’¬,53342483,157,204,
’A”n–k•”,V‰·ò’¬,53342484,157,204,
’A”n–k•”,V‰·ò’¬,53342485,136,177,
’A”n–k•”,V‰·ò’¬,53342490,154,201,
’A”n–k•”,V‰·ò’¬,53342491,154,201,
’A”n–k•”,V‰·ò’¬,53342492,155,202,
’A”n–k•”,V‰·ò’¬,53342493,157,204,
’A”n–k•”,V‰·ò’¬,53342494,159,207,
’A”n–k•”,V‰·ò’¬,53342495,132,172,
’A”n–k•”,V‰·ò’¬,53342496,164,|,
’A”n–k•”,V‰·ò’¬,53343239,135,|,
’A”n–k•”,V‰·ò’¬,53343303,150,|,
’A”n–k•”,V‰·ò’¬,53343304,150,195,
’A”n–k•”,V‰·ò’¬,53343305,143,186,
’A”n–k•”,V‰·ò’¬,53343306,142,185,
’A”n–k•”,V‰·ò’¬,53343307,148,193,
’A”n–k•”,V‰·ò’¬,53343308,147,192,
’A”n–k•”,V‰·ò’¬,53343309,147,192,
’A”n–k•”,V‰·ò’¬,53343312,150,|,
’A”n–k•”,V‰·ò’¬,53343313,150,|,
’A”n–k•”,V‰·ò’¬,53343314,150,196,
’A”n–k•”,V‰·ò’¬,53343315,143,186,
’A”n–k•”,V‰·ò’¬,53343316,142,185,
’A”n–k•”,V‰·ò’¬,53343317,148,193,
’A”n–k•”,V‰·ò’¬,53343318,147,192,
’A”n–k•”,V‰·ò’¬,53343319,147,192,
’A”n–k•”,V‰·ò’¬,53343321,135,176,
’A”n–k•”,V‰·ò’¬,53343322,131,171,
’A”n–k•”,V‰·ò’¬,53343323,132,172,
’A”n–k•”,V‰·ò’¬,53343324,133,173,
’A”n–k•”,V‰·ò’¬,53343325,127,165,
’A”n–k•”,V‰·ò’¬,53343326,124,162,
’A”n–k•”,V‰·ò’¬,53343327,129,168,
’A”n–k•”,V‰·ò’¬,53343328,124,162,
’A”n–k•”,V‰·ò’¬,53343329,155,|,
’A”n–k•”,V‰·ò’¬,53343330,133,174,
’A”n–k•”,V‰·ò’¬,53343331,135,176,
’A”n–k•”,V‰·ò’¬,53343332,130,170,
’A”n–k•”,V‰·ò’¬,53343333,132,172,
’A”n–k•”,V‰·ò’¬,53343334,133,174,
’A”n–k•”,V‰·ò’¬,53343335,127,165,
’A”n–k•”,V‰·ò’¬,53343336,124,162,
’A”n–k•”,V‰·ò’¬,53343337,125,163,
’A”n–k•”,V‰·ò’¬,53343338,126,164,
’A”n–k•”,V‰·ò’¬,53343339,127,165,
’A”n–k•”,V‰·ò’¬,53343340,135,|,
’A”n–k•”,V‰·ò’¬,53343341,129,168,
’A”n–k•”,V‰·ò’¬,53343342,136,177,
’A”n–k•”,V‰·ò’¬,53343343,131,171,
’A”n–k•”,V‰·ò’¬,53343344,133,173,
’A”n–k•”,V‰·ò’¬,53343345,126,164,
’A”n–k•”,V‰·ò’¬,53343346,124,162,
’A”n–k•”,V‰·ò’¬,53343347,124,162,
’A”n–k•”,V‰·ò’¬,53343348,127,165,
’A”n–k•”,V‰·ò’¬,53343349,128,167,
’A”n–k•”,V‰·ò’¬,53343354,143,|,
’A”n–k•”,V‰·ò’¬,53343355,125,163,
’A”n–k•”,V‰·ò’¬,53343356,124,162,
’A”n–k•”,V‰·ò’¬,53343357,124,162,
’A”n–k•”,V‰·ò’¬,53343358,125,163,
’A”n–k•”,V‰·ò’¬,53343359,127,165,
’A”n–k•”,V‰·ò’¬,53343364,143,|,
’A”n–k•”,V‰·ò’¬,53343365,143,|,
’A”n–k•”,V‰·ò’¬,53343366,143,|,
’A”n–k•”,V‰·ò’¬,53343367,129,168,
’A”n–k•”,V‰·ò’¬,53343368,124,162,
’A”n–k•”,V‰·ò’¬,53343369,125,163,
’A”n–k•”,V‰·ò’¬,53343377,143,|,
’A”n–k•”,V‰·ò’¬,53343378,143,|,
’A”n–k•”,V‰·ò’¬,53343379,125,163,
’A”n–k•”,V‰·ò’¬,53343388,143,|,
’A”n–k•”,V‰·ò’¬,53343389,143,|,
’A”n–k•”,V‰·ò’¬,53343400,154,201,
’A”n–k•”,V‰·ò’¬,53343401,154,201,
’A”n–k•”,V‰·ò’¬,53343402,157,204,
’A”n–k•”,V‰·ò’¬,53343403,157,205,
’A”n–k•”,V‰·ò’¬,53343404,159,207,
’A”n–k•”,V‰·ò’¬,53343405,133,173,
’A”n–k•”,V‰·ò’¬,53343406,164,|,
’A”n–k•”,V‰·ò’¬,53343410,155,202,
’A”n–k•”,V‰·ò’¬,53343411,155,202,
’A”n–k•”,V‰·ò’¬,53343412,156,203,
’A”n–k•”,V‰·ò’¬,53343413,157,204,
’A”n–k•”,V‰·ò’¬,53343414,158,206,
’A”n–k•”,V‰·ò’¬,53343415,164,|,
’A”n–k•”,V‰·ò’¬,53343416,164,|,
’A”n–k•”,V‰·ò’¬,53343420,130,170,
’A”n–k•”,V‰·ò’¬,53343421,130,169,
’A”n–k•”,V‰·ò’¬,53343422,129,168,
’A”n–k•”,V‰·ò’¬,53343423,130,170,
’A”n–k•”,V‰·ò’¬,53343424,131,171,
’A”n–k•”,V‰·ò’¬,53343425,164,|,
’A”n–k•”,V‰·ò’¬,53343430,131,171,
’A”n–k•”,V‰·ò’¬,53343431,130,170,
’A”n–k•”,V‰·ò’¬,53343432,164,|,
’A”n–k•”,V‰·ò’¬,53343433,131,171,
’A”n–k•”,V‰·ò’¬,53343434,133,174,
’A”n–k•”,V‰·ò’¬,53343435,164,|,
’A”n–k•”,V‰·ò’¬,53343440,133,173,
’A”n–k•”,V‰·ò’¬,53343441,131,171,
’A”n–k•”,V‰·ò’¬,53343442,164,|,
’A”n–k•”,V‰·ò’¬,53343443,164,|,
’A”n–k•”,V‰·ò’¬,53343444,164,|,
’A”n–k•”,V‰·ò’¬,53343450,132,172,
’A”n–k•”,V‰·ò’¬,53343451,131,171,
’A”n–k•”,V‰·ò’¬,53343460,131,171,
’A”n–k•”,V‰·ò’¬,53343461,133,173,
’A”n–k•”,V‰·ò’¬,53343470,131,171,
’A”n–k•”,V‰·ò’¬,53343471,133,173,
’A”n–k•”,V‰·ò’¬,53343480,143,186,
’A”n–k•”,V‰·ò’¬,53343481,138,180,
’A”n–k•”,V‰·ò’¬,53343490,143,186,
’A”n–k•”,V‰·ò’¬,53343491,161,|,
’A”n“ì•”,—{•ƒŽs,52346594,116,151,
’A”n“ì•”,—{•ƒŽs,52347428,132,172,
’A”n“ì•”,—{•ƒŽs,52347437,137,179,
’A”n“ì•”,—{•ƒŽs,52347438,131,171,
’A”n“ì•”,—{•ƒŽs,52347439,131,171,
’A”n“ì•”,—{•ƒŽs,52347446,133,174,
’A”n“ì•”,—{•ƒŽs,52347447,131,171,
’A”n“ì•”,—{•ƒŽs,52347448,131,171,
’A”n“ì•”,—{•ƒŽs,52347449,132,172,
’A”n“ì•”,—{•ƒŽs,52347456,118,154,
’A”n“ì•”,—{•ƒŽs,52347457,133,173,
’A”n“ì•”,—{•ƒŽs,52347458,132,172,
’A”n“ì•”,—{•ƒŽs,52347459,132,172,
’A”n“ì•”,—{•ƒŽs,52347465,123,161,
’A”n“ì•”,—{•ƒŽs,52347466,117,153,
’A”n“ì•”,—{•ƒŽs,52347467,119,155,
’A”n“ì•”,—{•ƒŽs,52347468,113,148,
’A”n“ì•”,—{•ƒŽs,52347469,113,147,
’A”n“ì•”,—{•ƒŽs,52347474,124,162,
’A”n“ì•”,—{•ƒŽs,52347475,123,160,
’A”n“ì•”,—{•ƒŽs,52347476,118,154,
’A”n“ì•”,—{•ƒŽs,52347477,120,156,
’A”n“ì•”,—{•ƒŽs,52347478,116,151,
’A”n“ì•”,—{•ƒŽs,52347479,114,149,
’A”n“ì•”,—{•ƒŽs,52347483,143,|,
’A”n“ì•”,—{•ƒŽs,52347484,123,160,
’A”n“ì•”,—{•ƒŽs,52347485,117,153,
’A”n“ì•”,—{•ƒŽs,52347486,117,153,
’A”n“ì•”,—{•ƒŽs,52347487,113,148,
’A”n“ì•”,—{•ƒŽs,52347488,114,149,
’A”n“ì•”,—{•ƒŽs,52347489,133,174,
’A”n“ì•”,—{•ƒŽs,52347492,143,|,
’A”n“ì•”,—{•ƒŽs,52347493,143,|,
’A”n“ì•”,—{•ƒŽs,52347494,143,|,
’A”n“ì•”,—{•ƒŽs,52347495,117,152,
’A”n“ì•”,—{•ƒŽs,52347496,117,152,
’A”n“ì•”,—{•ƒŽs,52347497,131,171,
’A”n“ì•”,—{•ƒŽs,52347498,132,172,
’A”n“ì•”,—{•ƒŽs,52347499,131,171,
’A”n“ì•”,—{•ƒŽs,52347502,131,171,
’A”n“ì•”,—{•ƒŽs,52347503,138,|,
’A”n“ì•”,—{•ƒŽs,52347504,138,|,
’A”n“ì•”,—{•ƒŽs,52347505,138,|,
’A”n“ì•”,—{•ƒŽs,52347512,117,152,
’A”n“ì•”,—{•ƒŽs,52347513,138,|,
’A”n“ì•”,—{•ƒŽs,52347514,138,|,
’A”n“ì•”,—{•ƒŽs,52347515,138,|,
’A”n“ì•”,—{•ƒŽs,52347521,117,152,
’A”n“ì•”,—{•ƒŽs,52347522,120,156,
’A”n“ì•”,—{•ƒŽs,52347523,120,157,
’A”n“ì•”,—{•ƒŽs,52347524,138,|,
’A”n“ì•”,—{•ƒŽs,52347530,144,|,
’A”n“ì•”,—{•ƒŽs,52347531,132,172,
’A”n“ì•”,—{•ƒŽs,52347532,122,159,
’A”n“ì•”,—{•ƒŽs,52347533,127,166,
’A”n“ì•”,—{•ƒŽs,52347534,138,|,
’A”n“ì•”,—{•ƒŽs,52347537,124,162,
’A”n“ì•”,—{•ƒŽs,52347539,130,170,
’A”n“ì•”,—{•ƒŽs,52347540,144,|,
’A”n“ì•”,—{•ƒŽs,52347541,113,147,
’A”n“ì•”,—{•ƒŽs,52347542,122,159,
’A”n“ì•”,—{•ƒŽs,52347543,128,167,
’A”n“ì•”,—{•ƒŽs,52347544,127,165,
’A”n“ì•”,—{•ƒŽs,52347545,118,154,
’A”n“ì•”,—{•ƒŽs,52347546,131,171,
’A”n“ì•”,—{•ƒŽs,52347547,130,170,
’A”n“ì•”,—{•ƒŽs,52347548,123,161,
’A”n“ì•”,—{•ƒŽs,52347549,136,177,
’A”n“ì•”,—{•ƒŽs,52347550,144,|,
’A”n“ì•”,—{•ƒŽs,52347551,133,173,
’A”n“ì•”,—{•ƒŽs,52347552,117,152,
’A”n“ì•”,—{•ƒŽs,52347553,127,166,
’A”n“ì•”,—{•ƒŽs,52347554,120,157,
’A”n“ì•”,—{•ƒŽs,52347555,117,153,
’A”n“ì•”,—{•ƒŽs,52347556,130,170,
’A”n“ì•”,—{•ƒŽs,52347557,130,169,
’A”n“ì•”,—{•ƒŽs,52347558,114,149,
’A”n“ì•”,—{•ƒŽs,52347559,123,161,
’A”n“ì•”,—{•ƒŽs,52347560,131,171,
’A”n“ì•”,—{•ƒŽs,52347561,132,172,
’A”n“ì•”,—{•ƒŽs,52347562,136,177,
’A”n“ì•”,—{•ƒŽs,52347563,116,151,
’A”n“ì•”,—{•ƒŽs,52347564,115,150,
’A”n“ì•”,—{•ƒŽs,52347565,113,147,
’A”n“ì•”,—{•ƒŽs,52347566,132,|,
’A”n“ì•”,—{•ƒŽs,52347567,130,169,
’A”n“ì•”,—{•ƒŽs,52347568,129,168,
’A”n“ì•”,—{•ƒŽs,52347569,128,167,
’A”n“ì•”,—{•ƒŽs,52347570,132,172,
’A”n“ì•”,—{•ƒŽs,52347571,131,171,
’A”n“ì•”,—{•ƒŽs,52347572,113,147,
’A”n“ì•”,—{•ƒŽs,52347573,113,147,
’A”n“ì•”,—{•ƒŽs,52347574,122,159,
’A”n“ì•”,—{•ƒŽs,52347575,132,172,
’A”n“ì•”,—{•ƒŽs,52347576,132,|,
’A”n“ì•”,—{•ƒŽs,52347577,132,|,
’A”n“ì•”,—{•ƒŽs,52347578,128,167,
’A”n“ì•”,—{•ƒŽs,52347579,129,168,
’A”n“ì•”,—{•ƒŽs,52347580,131,171,
’A”n“ì•”,—{•ƒŽs,52347581,131,171,
’A”n“ì•”,—{•ƒŽs,52347582,133,173,
’A”n“ì•”,—{•ƒŽs,52347583,114,149,
’A”n“ì•”,—{•ƒŽs,52347584,128,167,
’A”n“ì•”,—{•ƒŽs,52347585,132,172,
’A”n“ì•”,—{•ƒŽs,52347586,130,169,
’A”n“ì•”,—{•ƒŽs,52347587,132,|,
’A”n“ì•”,—{•ƒŽs,52347588,128,167,
’A”n“ì•”,—{•ƒŽs,52347589,127,166,
’A”n“ì•”,—{•ƒŽs,52347590,131,171,
’A”n“ì•”,—{•ƒŽs,52347591,131,171,
’A”n“ì•”,—{•ƒŽs,52347592,109,142,
’A”n“ì•”,—{•ƒŽs,52347593,120,157,
’A”n“ì•”,—{•ƒŽs,52347594,114,149,
’A”n“ì•”,—{•ƒŽs,52347595,132,172,
’A”n“ì•”,—{•ƒŽs,52347596,130,169,
’A”n“ì•”,—{•ƒŽs,52347597,132,|,
’A”n“ì•”,—{•ƒŽs,52347598,128,167,
’A”n“ì•”,—{•ƒŽs,52347599,128,167,
’A”n“ì•”,—{•ƒŽs,52347620,137,178,
’A”n“ì•”,—{•ƒŽs,52347621,137,178,
’A”n“ì•”,—{•ƒŽs,52347630,136,177,
’A”n“ì•”,—{•ƒŽs,52347631,143,186,
’A”n“ì•”,—{•ƒŽs,52347632,136,177,
’A”n“ì•”,—{•ƒŽs,52347640,136,177,
’A”n“ì•”,—{•ƒŽs,52347641,136,177,
’A”n“ì•”,—{•ƒŽs,52347642,142,185,
’A”n“ì•”,—{•ƒŽs,52347643,136,177,
’A”n“ì•”,—{•ƒŽs,52347650,129,168,
’A”n“ì•”,—{•ƒŽs,52347651,142,|,
’A”n“ì•”,—{•ƒŽs,52347652,134,175,
’A”n“ì•”,—{•ƒŽs,52347653,142,|,
’A”n“ì•”,—{•ƒŽs,52347660,128,167,
’A”n“ì•”,—{•ƒŽs,52347661,142,|,
’A”n“ì•”,—{•ƒŽs,52347662,142,|,
’A”n“ì•”,—{•ƒŽs,52347670,123,160,
’A”n“ì•”,—{•ƒŽs,52347671,123,160,
’A”n“ì•”,—{•ƒŽs,52347680,117,153,
’A”n“ì•”,—{•ƒŽs,52347681,117,153,
’A”n“ì•”,—{•ƒŽs,52347690,113,147,
’A”n“ì•”,—{•ƒŽs,52347691,117,152,
’A”n“ì•”,—{•ƒŽs,52347692,117,153,
’A”n“ì•”,—{•ƒŽs,52347693,127,165,
’A”n“ì•”,—{•ƒŽs,53340401,143,|,
’A”n“ì•”,—{•ƒŽs,53340402,143,|,
’A”n“ì•”,—{•ƒŽs,53340403,122,159,
’A”n“ì•”,—{•ƒŽs,53340404,123,160,
’A”n“ì•”,—{•ƒŽs,53340405,117,152,
’A”n“ì•”,—{•ƒŽs,53340406,112,146,
’A”n“ì•”,—{•ƒŽs,53340407,111,145,
’A”n“ì•”,—{•ƒŽs,53340408,130,170,
’A”n“ì•”,—{•ƒŽs,53340409,130,169,
’A”n“ì•”,—{•ƒŽs,53340411,143,|,
’A”n“ì•”,—{•ƒŽs,53340412,143,|,
’A”n“ì•”,—{•ƒŽs,53340413,122,159,
’A”n“ì•”,—{•ƒŽs,53340414,123,160,
’A”n“ì•”,—{•ƒŽs,53340415,117,153,
’A”n“ì•”,—{•ƒŽs,53340416,112,146,
’A”n“ì•”,—{•ƒŽs,53340417,132,172,
’A”n“ì•”,—{•ƒŽs,53340418,131,171,
’A”n“ì•”,—{•ƒŽs,53340419,130,169,
’A”n“ì•”,—{•ƒŽs,53340421,135,176,
’A”n“ì•”,—{•ƒŽs,53340422,143,|,
’A”n“ì•”,—{•ƒŽs,53340423,143,|,
’A”n“ì•”,—{•ƒŽs,53340424,138,180,
’A”n“ì•”,—{•ƒŽs,53340425,118,154,
’A”n“ì•”,—{•ƒŽs,53340426,119,155,
’A”n“ì•”,—{•ƒŽs,53340427,114,149,
’A”n“ì•”,—{•ƒŽs,53340428,113,147,
’A”n“ì•”,—{•ƒŽs,53340429,110,144,
’A”n“ì•”,—{•ƒŽs,53340430,143,|,
’A”n“ì•”,—{•ƒŽs,53340431,143,|,
’A”n“ì•”,—{•ƒŽs,53340432,130,170,
’A”n“ì•”,—{•ƒŽs,53340433,143,|,
’A”n“ì•”,—{•ƒŽs,53340434,129,168,
’A”n“ì•”,—{•ƒŽs,53340435,119,155,
’A”n“ì•”,—{•ƒŽs,53340436,120,156,
’A”n“ì•”,—{•ƒŽs,53340437,122,159,
’A”n“ì•”,—{•ƒŽs,53340438,113,148,
’A”n“ì•”,—{•ƒŽs,53340439,115,150,
’A”n“ì•”,—{•ƒŽs,53340440,143,|,
’A”n“ì•”,—{•ƒŽs,53340441,143,|,
’A”n“ì•”,—{•ƒŽs,53340442,136,177,
’A”n“ì•”,—{•ƒŽs,53340443,127,166,
’A”n“ì•”,—{•ƒŽs,53340444,130,169,
’A”n“ì•”,—{•ƒŽs,53340445,118,154,
’A”n“ì•”,—{•ƒŽs,53340446,117,153,
’A”n“ì•”,—{•ƒŽs,53340447,113,148,
’A”n“ì•”,—{•ƒŽs,53340448,117,152,
’A”n“ì•”,—{•ƒŽs,53340449,115,150,
’A”n“ì•”,—{•ƒŽs,53340451,143,|,
’A”n“ì•”,—{•ƒŽs,53340452,134,175,
’A”n“ì•”,—{•ƒŽs,53340453,135,176,
’A”n“ì•”,—{•ƒŽs,53340454,138,180,
’A”n“ì•”,—{•ƒŽs,53340455,116,151,
’A”n“ì•”,—{•ƒŽs,53340456,110,144,
’A”n“ì•”,—{•ƒŽs,53340457,115,150,
’A”n“ì•”,—{•ƒŽs,53340458,115,150,
’A”n“ì•”,—{•ƒŽs,53340459,113,148,
’A”n“ì•”,—{•ƒŽs,53340462,137,178,
’A”n“ì•”,—{•ƒŽs,53340463,136,177,
’A”n“ì•”,—{•ƒŽs,53340464,136,177,
’A”n“ì•”,—{•ƒŽs,53340465,113,148,
’A”n“ì•”,—{•ƒŽs,53340466,113,147,
’A”n“ì•”,—{•ƒŽs,53340467,113,147,
’A”n“ì•”,—{•ƒŽs,53340468,132,|,
’A”n“ì•”,—{•ƒŽs,53340469,132,|,
’A”n“ì•”,—{•ƒŽs,53340479,112,146,
’A”n“ì•”,—{•ƒŽs,53340489,117,152,
’A”n“ì•”,—{•ƒŽs,53340500,135,176,
’A”n“ì•”,—{•ƒŽs,53340501,130,169,
’A”n“ì•”,—{•ƒŽs,53340502,133,173,
’A”n“ì•”,—{•ƒŽs,53340503,135,176,
’A”n“ì•”,—{•ƒŽs,53340504,133,174,
’A”n“ì•”,—{•ƒŽs,53340505,133,173,
’A”n“ì•”,—{•ƒŽs,53340506,129,168,
’A”n“ì•”,—{•ƒŽs,53340507,132,|,
’A”n“ì•”,—{•ƒŽs,53340508,127,166,
’A”n“ì•”,—{•ƒŽs,53340509,128,167,
’A”n“ì•”,—{•ƒŽs,53340510,133,174,
’A”n“ì•”,—{•ƒŽs,53340511,133,174,
’A”n“ì•”,—{•ƒŽs,53340512,134,175,
’A”n“ì•”,—{•ƒŽs,53340513,135,|,
’A”n“ì•”,—{•ƒŽs,53340514,131,171,
’A”n“ì•”,—{•ƒŽs,53340515,130,169,
’A”n“ì•”,—{•ƒŽs,53340516,129,168,
’A”n“ì•”,—{•ƒŽs,53340517,127,166,
’A”n“ì•”,—{•ƒŽs,53340518,128,167,
’A”n“ì•”,—{•ƒŽs,53340519,129,168,
’A”n“ì•”,—{•ƒŽs,53340520,133,|,
’A”n“ì•”,—{•ƒŽs,53340521,128,167,
’A”n“ì•”,—{•ƒŽs,53340522,133,174,
’A”n“ì•”,—{•ƒŽs,53340523,134,175,
’A”n“ì•”,—{•ƒŽs,53340524,134,175,
’A”n“ì•”,—{•ƒŽs,53340525,113,148,
’A”n“ì•”,—{•ƒŽs,53340526,113,147,
’A”n“ì•”,—{•ƒŽs,53340527,112,146,
’A”n“ì•”,—{•ƒŽs,53340528,113,147,
’A”n“ì•”,—{•ƒŽs,53340529,113,148,
’A”n“ì•”,—{•ƒŽs,53340530,124,162,
’A”n“ì•”,—{•ƒŽs,53340531,129,168,
’A”n“ì•”,—{•ƒŽs,53340532,133,174,
’A”n“ì•”,—{•ƒŽs,53340533,134,|,
’A”n“ì•”,—{•ƒŽs,53340534,133,174,
’A”n“ì•”,—{•ƒŽs,53340535,113,147,
’A”n“ì•”,—{•ƒŽs,53340536,113,147,
’A”n“ì•”,—{•ƒŽs,53340537,112,146,
’A”n“ì•”,—{•ƒŽs,53340538,113,147,
’A”n“ì•”,—{•ƒŽs,53340539,113,147,
’A”n“ì•”,—{•ƒŽs,53340540,124,162,
’A”n“ì•”,—{•ƒŽs,53340541,124,162,
’A”n“ì•”,—{•ƒŽs,53340542,129,168,
’A”n“ì•”,—{•ƒŽs,53340543,134,|,
’A”n“ì•”,—{•ƒŽs,53340544,134,|,
’A”n“ì•”,—{•ƒŽs,53340545,134,|,
’A”n“ì•”,—{•ƒŽs,53340546,111,145,
’A”n“ì•”,—{•ƒŽs,53340547,111,145,
’A”n“ì•”,—{•ƒŽs,53340548,112,146,
’A”n“ì•”,—{•ƒŽs,53340549,111,145,
’A”n“ì•”,—{•ƒŽs,53340550,123,161,
’A”n“ì•”,—{•ƒŽs,53340551,113,148,
’A”n“ì•”,—{•ƒŽs,53340552,127,166,
’A”n“ì•”,—{•ƒŽs,53340553,127,166,
’A”n“ì•”,—{•ƒŽs,53340554,134,|,
’A”n“ì•”,—{•ƒŽs,53340555,111,145,
’A”n“ì•”,—{•ƒŽs,53340556,111,145,
’A”n“ì•”,—{•ƒŽs,53340557,111,145,
’A”n“ì•”,—{•ƒŽs,53340558,112,146,
’A”n“ì•”,—{•ƒŽs,53340559,111,145,
’A”n“ì•”,—{•ƒŽs,53340560,121,158,
’A”n“ì•”,—{•ƒŽs,53340561,121,158,
’A”n“ì•”,—{•ƒŽs,53340562,122,159,
’A”n“ì•”,—{•ƒŽs,53340563,127,165,
’A”n“ì•”,—{•ƒŽs,53340564,131,171,
’A”n“ì•”,—{•ƒŽs,53340565,110,144,
’A”n“ì•”,—{•ƒŽs,53340566,110,144,
’A”n“ì•”,—{•ƒŽs,53340567,112,146,
’A”n“ì•”,—{•ƒŽs,53340568,113,147,
’A”n“ì•”,—{•ƒŽs,53340569,113,147,
’A”n“ì•”,—{•ƒŽs,53340570,120,157,
’A”n“ì•”,—{•ƒŽs,53340571,120,157,
’A”n“ì•”,—{•ƒŽs,53340572,121,158,
’A”n“ì•”,—{•ƒŽs,53340573,126,164,
’A”n“ì•”,—{•ƒŽs,53340574,126,164,
’A”n“ì•”,—{•ƒŽs,53340575,111,145,
’A”n“ì•”,—{•ƒŽs,53340576,115,150,
’A”n“ì•”,—{•ƒŽs,53340577,111,145,
’A”n“ì•”,—{•ƒŽs,53340578,113,147,
’A”n“ì•”,—{•ƒŽs,53340579,113,148,
’A”n“ì•”,—{•ƒŽs,53340580,116,151,
’A”n“ì•”,—{•ƒŽs,53340581,116,151,
’A”n“ì•”,—{•ƒŽs,53340582,116,151,
’A”n“ì•”,—{•ƒŽs,53340583,116,151,
’A”n“ì•”,—{•ƒŽs,53340584,116,151,
’A”n“ì•”,—{•ƒŽs,53340585,125,163,
’A”n“ì•”,—{•ƒŽs,53340586,125,163,
’A”n“ì•”,—{•ƒŽs,53340587,126,164,
’A”n“ì•”,—{•ƒŽs,53340588,127,166,
’A”n“ì•”,—{•ƒŽs,53340589,127,166,
’A”n“ì•”,—{•ƒŽs,53340592,115,150,
’A”n“ì•”,—{•ƒŽs,53340593,115,150,
’A”n“ì•”,—{•ƒŽs,53340594,115,150,
’A”n“ì•”,—{•ƒŽs,53340595,120,156,
’A”n“ì•”,—{•ƒŽs,53340596,120,156,
’A”n“ì•”,—{•ƒŽs,53340597,125,163,
’A”n“ì•”,—{•ƒŽs,53340598,126,164,
’A”n“ì•”,—{•ƒŽs,53340599,127,165,
’A”n“ì•”,—{•ƒŽs,53340600,123,161,
’A”n“ì•”,—{•ƒŽs,53340601,117,153,
’A”n“ì•”,—{•ƒŽs,53340602,117,153,
’A”n“ì•”,—{•ƒŽs,53340603,122,159,
’A”n“ì•”,—{•ƒŽs,53340610,120,156,
’A”n“ì•”,—{•ƒŽs,53340611,119,155,
’A”n“ì•”,—{•ƒŽs,53340612,112,146,
’A”n“ì•”,—{•ƒŽs,53340613,112,146,
’A”n“ì•”,—{•ƒŽs,53340620,135,176,
’A”n“ì•”,—{•ƒŽs,53340621,123,161,
’A”n“ì•”,—{•ƒŽs,53340622,132,172,
’A”n“ì•”,—{•ƒŽs,53340623,132,172,
’A”n“ì•”,—{•ƒŽs,53340630,113,148,
’A”n“ì•”,—{•ƒŽs,53340631,122,159,
’A”n“ì•”,—{•ƒŽs,53340632,132,172,
’A”n“ì•”,—{•ƒŽs,53340633,133,173,
’A”n“ì•”,—{•ƒŽs,53340634,133,173,
’A”n“ì•”,—{•ƒŽs,53340640,127,165,
’A”n“ì•”,—{•ƒŽs,53340641,131,171,
’A”n“ì•”,—{•ƒŽs,53340642,133,173,
’A”n“ì•”,—{•ƒŽs,53340643,133,174,
’A”n“ì•”,—{•ƒŽs,53340644,133,173,
’A”n“ì•”,—{•ƒŽs,53340645,117,152,
’A”n“ì•”,—{•ƒŽs,53340650,127,165,
’A”n“ì•”,—{•ƒŽs,53340651,131,171,
’A”n“ì•”,—{•ƒŽs,53340652,133,173,
’A”n“ì•”,—{•ƒŽs,53340653,133,174,
’A”n“ì•”,—{•ƒŽs,53340654,131,171,
’A”n“ì•”,—{•ƒŽs,53340655,116,151,
’A”n“ì•”,—{•ƒŽs,53340656,120,156,
’A”n“ì•”,—{•ƒŽs,53340657,120,156,
’A”n“ì•”,—{•ƒŽs,53340660,133,173,
’A”n“ì•”,—{•ƒŽs,53340661,133,173,
’A”n“ì•”,—{•ƒŽs,53340662,132,172,
’A”n“ì•”,—{•ƒŽs,53340663,133,173,
’A”n“ì•”,—{•ƒŽs,53340664,131,171,
’A”n“ì•”,—{•ƒŽs,53340665,120,156,
’A”n“ì•”,—{•ƒŽs,53340666,119,155,
’A”n“ì•”,—{•ƒŽs,53340667,120,156,
’A”n“ì•”,—{•ƒŽs,53340668,120,157,
’A”n“ì•”,—{•ƒŽs,53340670,133,174,
’A”n“ì•”,—{•ƒŽs,53340671,133,174,
’A”n“ì•”,—{•ƒŽs,53340672,132,172,
’A”n“ì•”,—{•ƒŽs,53340673,131,171,
’A”n“ì•”,—{•ƒŽs,53340674,131,171,
’A”n“ì•”,—{•ƒŽs,53340675,119,155,
’A”n“ì•”,—{•ƒŽs,53340676,120,156,
’A”n“ì•”,—{•ƒŽs,53340677,119,155,
’A”n“ì•”,—{•ƒŽs,53340678,120,156,
’A”n“ì•”,—{•ƒŽs,53340680,118,154,
’A”n“ì•”,—{•ƒŽs,53340681,122,159,
’A”n“ì•”,—{•ƒŽs,53340682,121,158,
’A”n“ì•”,—{•ƒŽs,53340683,120,157,
’A”n“ì•”,—{•ƒŽs,53340684,119,155,
’A”n“ì•”,—{•ƒŽs,53340685,114,149,
’A”n“ì•”,—{•ƒŽs,53340686,120,|,
’A”n“ì•”,—{•ƒŽs,53340687,115,150,
’A”n“ì•”,—{•ƒŽs,53340688,115,150,
’A”n“ì•”,—{•ƒŽs,53340690,116,151,
’A”n“ì•”,—{•ƒŽs,53340691,122,159,
’A”n“ì•”,—{•ƒŽs,53340692,121,158,
’A”n“ì•”,—{•ƒŽs,53340693,120,156,
’A”n“ì•”,—{•ƒŽs,53340694,119,155,
’A”n“ì•”,—{•ƒŽs,53340695,113,148,
’A”n“ì•”,—{•ƒŽs,53340696,113,147,
’A”n“ì•”,—{•ƒŽs,53340697,113,147,
’A”n“ì•”,—{•ƒŽs,53341502,115,150,
’A”n“ì•”,—{•ƒŽs,53341503,115,150,
’A”n“ì•”,—{•ƒŽs,53341504,115,150,
’A”n“ì•”,—{•ƒŽs,53341505,115,150,
’A”n“ì•”,—{•ƒŽs,53341506,120,156,
’A”n“ì•”,—{•ƒŽs,53341507,115,150,
’A”n“ì•”,—{•ƒŽs,53341508,124,162,
’A”n“ì•”,—{•ƒŽs,53341509,124,162,
’A”n“ì•”,—{•ƒŽs,53341512,115,150,
’A”n“ì•”,—{•ƒŽs,53341513,116,151,
’A”n“ì•”,—{•ƒŽs,53341600,120,156,
’A”n“ì•”,—{•ƒŽs,53341601,120,156,
’A”n“ì•”,—{•ƒŽs,53341602,120,156,
’A”n“ì•”,—{•ƒŽs,53341603,120,156,
’A”n“ì•”,—{•ƒŽs,53341604,120,156,
’A”n“ì•”,—{•ƒŽs,53341605,113,148,
’A”n“ì•”,—{•ƒŽs,53341606,113,148,
’A”n“ì•”,—{•ƒŽs,53341610,119,155,
’A”n“ì•”,—{•ƒŽs,53341611,120,156,
’A”n“ì•”,—{•ƒŽs,53341612,119,155,
’A”n“ì•”,—{•ƒŽs,53341613,119,155,
’A”n“ì•”,—{•ƒŽs,53341614,120,156,
’A”n“ì•”,—{•ƒŽs,53341615,114,149,
’A”n“ì•”,—{•ƒŽs,53341616,113,148,
’A”n“ì•”,—{•ƒŽs,53341620,120,156,
’A”n“ì•”,—{•ƒŽs,53341621,119,155,
’A”n“ì•”,—{•ƒŽs,53341622,120,156,
’A”n“ì•”,—{•ƒŽs,53341623,119,155,
’A”n“ì•”,—{•ƒŽs,53341624,119,155,
’A”n“ì•”,—{•ƒŽs,53341625,113,148,
’A”n“ì•”,—{•ƒŽs,53341631,119,155,
’A”n“ì•”,—{•ƒŽs,53341633,120,156,
’A”n“ì•”,—{•ƒŽs,53341634,100,131,
’A”n“ì•”,’©—ˆŽs,52345578,124,162,
’A”n“ì•”,’©—ˆŽs,52345579,123,161,
’A”n“ì•”,’©—ˆŽs,52345588,140,183,
’A”n“ì•”,’©—ˆŽs,52345589,125,163,
’A”n“ì•”,’©—ˆŽs,52345598,135,176,
’A”n“ì•”,’©—ˆŽs,52345599,126,164,
’A”n“ì•”,’©—ˆŽs,52345661,138,|,
’A”n“ì•”,’©—ˆŽs,52345662,127,165,
’A”n“ì•”,’©—ˆŽs,52345670,119,155,
’A”n“ì•”,’©—ˆŽs,52345671,119,155,
’A”n“ì•”,’©—ˆŽs,52345672,117,153,
’A”n“ì•”,’©—ˆŽs,52345673,117,152,
’A”n“ì•”,’©—ˆŽs,52345674,112,146,
’A”n“ì•”,’©—ˆŽs,52345675,147,|,
’A”n“ì•”,’©—ˆŽs,52345676,123,161,
’A”n“ì•”,’©—ˆŽs,52345680,121,158,
’A”n“ì•”,’©—ˆŽs,52345681,121,158,
’A”n“ì•”,’©—ˆŽs,52345682,120,156,
’A”n“ì•”,’©—ˆŽs,52345683,128,167,
’A”n“ì•”,’©—ˆŽs,52345684,113,147,
’A”n“ì•”,’©—ˆŽs,52345685,147,|,
’A”n“ì•”,’©—ˆŽs,52345686,117,153,
’A”n“ì•”,’©—ˆŽs,52345687,123,160,
’A”n“ì•”,’©—ˆŽs,52345690,122,159,
’A”n“ì•”,’©—ˆŽs,52345691,127,166,
’A”n“ì•”,’©—ˆŽs,52345692,122,159,
’A”n“ì•”,’©—ˆŽs,52345693,115,150,
’A”n“ì•”,’©—ˆŽs,52345694,118,154,
’A”n“ì•”,’©—ˆŽs,52345695,117,153,
’A”n“ì•”,’©—ˆŽs,52345696,117,153,
’A”n“ì•”,’©—ˆŽs,52345697,117,153,
’A”n“ì•”,’©—ˆŽs,52346508,140,183,
’A”n“ì•”,’©—ˆŽs,52346509,147,|,
’A”n“ì•”,’©—ˆŽs,52346518,147,|,
’A”n“ì•”,’©—ˆŽs,52346519,147,|,
’A”n“ì•”,’©—ˆŽs,52346528,147,|,
’A”n“ì•”,’©—ˆŽs,52346529,147,|,
’A”n“ì•”,’©—ˆŽs,52346538,141,184,
’A”n“ì•”,’©—ˆŽs,52346539,140,183,
’A”n“ì•”,’©—ˆŽs,52346547,136,177,
’A”n“ì•”,’©—ˆŽs,52346548,142,185,
’A”n“ì•”,’©—ˆŽs,52346549,147,191,
’A”n“ì•”,’©—ˆŽs,52346556,133,174,
’A”n“ì•”,’©—ˆŽs,52346557,136,177,
’A”n“ì•”,’©—ˆŽs,52346558,138,180,
’A”n“ì•”,’©—ˆŽs,52346559,137,178,
’A”n“ì•”,’©—ˆŽs,52346566,137,|,
’A”n“ì•”,’©—ˆŽs,52346567,137,179,
’A”n“ì•”,’©—ˆŽs,52346568,144,188,
’A”n“ì•”,’©—ˆŽs,52346569,137,178,
’A”n“ì•”,’©—ˆŽs,52346576,127,166,
’A”n“ì•”,’©—ˆŽs,52346577,135,176,
’A”n“ì•”,’©—ˆŽs,52346578,142,185,
’A”n“ì•”,’©—ˆŽs,52346579,136,177,
’A”n“ì•”,’©—ˆŽs,52346585,116,151,
’A”n“ì•”,’©—ˆŽs,52346586,120,156,
’A”n“ì•”,’©—ˆŽs,52346587,127,165,
’A”n“ì•”,’©—ˆŽs,52346588,128,167,
’A”n“ì•”,’©—ˆŽs,52346589,133,174,
’A”n“ì•”,’©—ˆŽs,52346596,115,150,
’A”n“ì•”,’©—ˆŽs,52346597,115,150,
’A”n“ì•”,’©—ˆŽs,52346598,130,170,
’A”n“ì•”,’©—ˆŽs,52346599,131,171,
’A”n“ì•”,’©—ˆŽs,52346600,125,163,
’A”n“ì•”,’©—ˆŽs,52346601,122,159,
’A”n“ì•”,’©—ˆŽs,52346602,122,159,
’A”n“ì•”,’©—ˆŽs,52346603,121,158,
’A”n“ì•”,’©—ˆŽs,52346604,120,156,
’A”n“ì•”,’©—ˆŽs,52346605,112,146,
’A”n“ì•”,’©—ˆŽs,52346606,117,152,
’A”n“ì•”,’©—ˆŽs,52346607,117,152,
’A”n“ì•”,’©—ˆŽs,52346608,122,159,
’A”n“ì•”,’©—ˆŽs,52346609,123,160,
’A”n“ì•”,’©—ˆŽs,52346610,134,175,
’A”n“ì•”,’©—ˆŽs,52346611,125,163,
’A”n“ì•”,’©—ˆŽs,52346612,120,157,
’A”n“ì•”,’©—ˆŽs,52346613,115,150,
’A”n“ì•”,’©—ˆŽs,52346614,114,149,
’A”n“ì•”,’©—ˆŽs,52346615,117,153,
’A”n“ì•”,’©—ˆŽs,52346616,117,153,
’A”n“ì•”,’©—ˆŽs,52346617,157,|,
’A”n“ì•”,’©—ˆŽs,52346618,157,|,
’A”n“ì•”,’©—ˆŽs,52346619,157,|,
’A”n“ì•”,’©—ˆŽs,52346620,140,182,
’A”n“ì•”,’©—ˆŽs,52346621,139,181,
’A”n“ì•”,’©—ˆŽs,52346622,123,160,
’A”n“ì•”,’©—ˆŽs,52346623,128,167,
’A”n“ì•”,’©—ˆŽs,52346624,128,167,
’A”n“ì•”,’©—ˆŽs,52346625,117,153,
’A”n“ì•”,’©—ˆŽs,52346626,112,146,
’A”n“ì•”,’©—ˆŽs,52346627,115,150,
’A”n“ì•”,’©—ˆŽs,52346628,120,156,
’A”n“ì•”,’©—ˆŽs,52346629,121,158,
’A”n“ì•”,’©—ˆŽs,52346630,140,182,
’A”n“ì•”,’©—ˆŽs,52346631,138,180,
’A”n“ì•”,’©—ˆŽs,52346632,132,172,
’A”n“ì•”,’©—ˆŽs,52346633,127,165,
’A”n“ì•”,’©—ˆŽs,52346634,127,165,
’A”n“ì•”,’©—ˆŽs,52346635,136,|,
’A”n“ì•”,’©—ˆŽs,52346636,120,157,
’A”n“ì•”,’©—ˆŽs,52346637,115,150,
’A”n“ì•”,’©—ˆŽs,52346638,119,155,
’A”n“ì•”,’©—ˆŽs,52346639,120,157,
’A”n“ì•”,’©—ˆŽs,52346640,139,181,
’A”n“ì•”,’©—ˆŽs,52346641,138,180,
’A”n“ì•”,’©—ˆŽs,52346642,131,171,
’A”n“ì•”,’©—ˆŽs,52346643,136,177,
’A”n“ì•”,’©—ˆŽs,52346644,130,170,
’A”n“ì•”,’©—ˆŽs,52346645,136,|,
’A”n“ì•”,’©—ˆŽs,52346646,136,|,
’A”n“ì•”,’©—ˆŽs,52346647,136,|,
’A”n“ì•”,’©—ˆŽs,52346648,110,143,
’A”n“ì•”,’©—ˆŽs,52346649,121,158,
’A”n“ì•”,’©—ˆŽs,52346650,147,|,
’A”n“ì•”,’©—ˆŽs,52346651,143,187,
’A”n“ì•”,’©—ˆŽs,52346652,143,186,
’A”n“ì•”,’©—ˆŽs,52346653,136,177,
’A”n“ì•”,’©—ˆŽs,52346654,136,177,
’A”n“ì•”,’©—ˆŽs,52346655,129,168,
’A”n“ì•”,’©—ˆŽs,52346656,136,|,
’A”n“ì•”,’©—ˆŽs,52346657,136,|,
’A”n“ì•”,’©—ˆŽs,52346658,136,|,
’A”n“ì•”,’©—ˆŽs,52346659,117,152,
’A”n“ì•”,’©—ˆŽs,52346660,140,182,
’A”n“ì•”,’©—ˆŽs,52346661,143,186,
’A”n“ì•”,’©—ˆŽs,52346662,142,185,
’A”n“ì•”,’©—ˆŽs,52346663,135,176,
’A”n“ì•”,’©—ˆŽs,52346664,135,176,
’A”n“ì•”,’©—ˆŽs,52346665,129,168,
’A”n“ì•”,’©—ˆŽs,52346666,136,|,
’A”n“ì•”,’©—ˆŽs,52346667,136,|,
’A”n“ì•”,’©—ˆŽs,52346668,108,141,
’A”n“ì•”,’©—ˆŽs,52346669,115,150,
’A”n“ì•”,’©—ˆŽs,52346670,145,189,
’A”n“ì•”,’©—ˆŽs,52346671,143,186,
’A”n“ì•”,’©—ˆŽs,52346672,143,186,
’A”n“ì•”,’©—ˆŽs,52346673,135,176,
’A”n“ì•”,’©—ˆŽs,52346674,135,176,
’A”n“ì•”,’©—ˆŽs,52346675,128,167,
’A”n“ì•”,’©—ˆŽs,52346676,136,|,
’A”n“ì•”,’©—ˆŽs,52346677,136,|,
’A”n“ì•”,’©—ˆŽs,52346678,107,140,
’A”n“ì•”,’©—ˆŽs,52346679,108,141,
’A”n“ì•”,’©—ˆŽs,52346680,132,172,
’A”n“ì•”,’©—ˆŽs,52346681,131,171,
’A”n“ì•”,’©—ˆŽs,52346682,137,178,
’A”n“ì•”,’©—ˆŽs,52346683,142,185,
’A”n“ì•”,’©—ˆŽs,52346684,136,177,
’A”n“ì•”,’©—ˆŽs,52346685,133,174,
’A”n“ì•”,’©—ˆŽs,52346686,127,165,
’A”n“ì•”,’©—ˆŽs,52346687,136,|,
’A”n“ì•”,’©—ˆŽs,52346688,117,152,
’A”n“ì•”,’©—ˆŽs,52346689,107,139,
’A”n“ì•”,’©—ˆŽs,52346690,131,171,
’A”n“ì•”,’©—ˆŽs,52346691,142,185,
’A”n“ì•”,’©—ˆŽs,52346692,143,186,
’A”n“ì•”,’©—ˆŽs,52346693,143,186,
’A”n“ì•”,’©—ˆŽs,52346694,136,177,
’A”n“ì•”,’©—ˆŽs,52346695,133,174,
’A”n“ì•”,’©—ˆŽs,52346696,127,165,
’A”n“ì•”,’©—ˆŽs,52346697,122,159,
’A”n“ì•”,’©—ˆŽs,52346698,117,152,
’A”n“ì•”,’©—ˆŽs,52346699,128,|,
’A”n“ì•”,’©—ˆŽs,52346710,157,|,
’A”n“ì•”,’©—ˆŽs,52346720,157,|,
’A”n“ì•”,’©—ˆŽs,52346730,157,|,
’A”n“ì•”,’©—ˆŽs,52346731,157,|,
’A”n“ì•”,’©—ˆŽs,52346740,157,|,
’A”n“ì•”,’©—ˆŽs,52346741,157,|,
’A”n“ì•”,’©—ˆŽs,52346742,157,|,
’A”n“ì•”,’©—ˆŽs,52346750,123,160,
’A”n“ì•”,’©—ˆŽs,52346751,122,159,
’A”n“ì•”,’©—ˆŽs,52346752,121,158,
’A”n“ì•”,’©—ˆŽs,52346760,117,153,
’A”n“ì•”,’©—ˆŽs,52346761,116,151,
’A”n“ì•”,’©—ˆŽs,52346762,115,150,
’A”n“ì•”,’©—ˆŽs,52346770,113,148,
’A”n“ì•”,’©—ˆŽs,52346771,113,148,
’A”n“ì•”,’©—ˆŽs,52346780,117,153,
’A”n“ì•”,’©—ˆŽs,52346781,108,141,
’A”n“ì•”,’©—ˆŽs,52346790,128,|,
’A”n“ì•”,’©—ˆŽs,52346791,128,|,
’A”n“ì•”,’©—ˆŽs,52347506,125,163,
’A”n“ì•”,’©—ˆŽs,52347507,114,149,
’A”n“ì•”,’©—ˆŽs,52347508,130,170,
’A”n“ì•”,’©—ˆŽs,52347509,131,171,
’A”n“ì•”,’©—ˆŽs,52347516,138,|,
’A”n“ì•”,’©—ˆŽs,52347517,120,156,
’A”n“ì•”,’©—ˆŽs,52347518,124,162,
’A”n“ì•”,’©—ˆŽs,52347519,125,163,
’A”n“ì•”,’©—ˆŽs,52347525,138,|,
’A”n“ì•”,’©—ˆŽs,52347526,138,|,
’A”n“ì•”,’©—ˆŽs,52347527,138,|,
’A”n“ì•”,’©—ˆŽs,52347528,138,|,
’A”n“ì•”,’©—ˆŽs,52347529,125,163,
’A”n“ì•”,’©—ˆŽs,52347535,138,|,
’A”n“ì•”,’©—ˆŽs,52347536,115,150,
’A”n“ì•”,’©—ˆŽs,52347538,119,155,
’A”n“ì•”,’©—ˆŽs,52347600,130,170,
’A”n“ì•”,’©—ˆŽs,52347601,130,170,
’A”n“ì•”,’©—ˆŽs,52347602,136,177,
’A”n“ì•”,’©—ˆŽs,52347603,143,186,
’A”n“ì•”,’©—ˆŽs,52347604,135,176,
’A”n“ì•”,’©—ˆŽs,52347605,133,174,
’A”n“ì•”,’©—ˆŽs,52347606,127,165,
’A”n“ì•”,’©—ˆŽs,52347607,127,165,
’A”n“ì•”,’©—ˆŽs,52347608,117,152,
’A”n“ì•”,’©—ˆŽs,52347609,117,153,
’A”n“ì•”,’©—ˆŽs,52347610,136,177,
’A”n“ì•”,’©—ˆŽs,52347611,130,170,
’A”n“ì•”,’©—ˆŽs,52347612,130,169,
’A”n“ì•”,’©—ˆŽs,52347613,130,169,
’A”n“ì•”,’©—ˆŽs,52347614,129,168,
’A”n“ì•”,’©—ˆŽs,52347615,133,174,
’A”n“ì•”,’©—ˆŽs,52347616,132,172,
’A”n“ì•”,’©—ˆŽs,52347617,122,159,
’A”n“ì•”,’©—ˆŽs,52347618,122,159,
’A”n“ì•”,’©—ˆŽs,52347619,117,153,
’A”n“ì•”,’©—ˆŽs,52347622,136,177,
’A”n“ì•”,’©—ˆŽs,52347623,129,168,
’A”n“ì•”,’©—ˆŽs,52347624,128,167,
’A”n“ì•”,’©—ˆŽs,52347625,133,174,
’A”n“ì•”,’©—ˆŽs,52347626,122,159,
’A”n“ì•”,’©—ˆŽs,52347627,132,|,
’A”n“ì•”,’©—ˆŽs,52347628,127,165,
’A”n“ì•”,’©—ˆŽs,52347629,122,159,
’A”n“ì•”,’©—ˆŽs,52347633,136,177,
’A”n“ì•”,’©—ˆŽs,52347634,135,176,
’A”n“ì•”,’©—ˆŽs,52347635,140,183,
’A”n“ì•”,’©—ˆŽs,52347636,128,167,
’A”n“ì•”,’©—ˆŽs,52347637,122,159,
’A”n“ì•”,’©—ˆŽs,52347638,122,159,
’A”n“ì•”,’©—ˆŽs,52347639,122,159,
’A”n“ì•”,’©—ˆŽs,52347644,142,|,
’A”n“ì•”,’©—ˆŽs,52347645,141,184,
’A”n“ì•”,’©—ˆŽs,52347646,134,175,
’A”n“ì•”,’©—ˆŽs,52347647,122,159,
’A”n“ì•”,’©—ˆŽs,52347648,121,158,
’A”n“ì•”,’©—ˆŽs,52347649,122,159,
’A”n“ì•”,’©—ˆŽs,52347654,130,169,
’A”n“ì•”,’©—ˆŽs,52347655,135,176,
’A”n“ì•”,’©—ˆŽs,52347656,133,174,
’A”n“ì•”,’©—ˆŽs,52347657,122,159,
’A”n“ì•”,’©—ˆŽs,52347658,127,165,
’A”n“ì•”,’©—ˆŽs,52347659,128,167,
’A”n“ì•”,’©—ˆŽs,52347663,142,|,
’A”n“ì•”,’©—ˆŽs,52347664,129,168,
’A”n“ì•”,’©—ˆŽs,52347665,134,175,
’A”n“ì•”,’©—ˆŽs,52347666,133,174,
’A”n“ì•”,’©—ˆŽs,52347667,122,159,
’A”n“ì•”,’©—ˆŽs,52347668,127,166,
’A”n“ì•”,’©—ˆŽs,52347669,129,168,
’A”n“ì•”,’©—ˆŽs,52347672,128,167,
’A”n“ì•”,’©—ˆŽs,52347673,133,173,
’A”n“ì•”,’©—ˆŽs,52347674,133,174,
’A”n“ì•”,’©—ˆŽs,52347675,133,174,
’A”n“ì•”,’©—ˆŽs,52347676,134,175,
’A”n“ì•”,’©—ˆŽs,52347677,133,174,
’A”n“ì•”,’©—ˆŽs,52347678,122,159,
’A”n“ì•”,’©—ˆŽs,52347679,123,161,
’A”n“ì•”,’©—ˆŽs,52347682,127,165,
’A”n“ì•”,’©—ˆŽs,52347683,133,173,
’A”n“ì•”,’©—ˆŽs,52347684,127,166,
’A”n“ì•”,’©—ˆŽs,52347685,135,|,
’A”n“ì•”,’©—ˆŽs,52347686,135,176,
’A”n“ì•”,’©—ˆŽs,52347687,134,175,
’A”n“ì•”,’©—ˆŽs,52347688,123,161,
’A”n“ì•”,’©—ˆŽs,52347689,122,159,
’A”n“ì•”,’©—ˆŽs,52347694,127,166,
’A”n“ì•”,’©—ˆŽs,52347695,128,167,
’A”n“ì•”,’©—ˆŽs,52347696,135,176,
’A”n“ì•”,’©—ˆŽs,52347697,130,169,
’A”n“ì•”,’©—ˆŽs,52347698,124,162,
’A”n“ì•”,’©—ˆŽs,52347699,122,159,
’A”n“ì•”,’©—ˆŽs,52347700,122,159,
’A”n“ì•”,’©—ˆŽs,52347701,128,|,
’A”n“ì•”,’©—ˆŽs,52347710,128,167,
’A”n“ì•”,’©—ˆŽs,52347711,127,166,
’A”n“ì•”,’©—ˆŽs,52347712,123,161,
’A”n“ì•”,’©—ˆŽs,52347720,128,167,
’A”n“ì•”,’©—ˆŽs,52347721,127,166,
’A”n“ì•”,’©—ˆŽs,52347722,123,160,
’A”n“ì•”,’©—ˆŽs,52347730,133,173,
’A”n“ì•”,’©—ˆŽs,52347731,128,167,
’A”n“ì•”,’©—ˆŽs,52347732,127,166,
’A”n“ì•”,’©—ˆŽs,52347733,122,159,
’A”n“ì•”,’©—ˆŽs,52347740,127,166,
’A”n“ì•”,’©—ˆŽs,52347741,128,167,
’A”n“ì•”,’©—ˆŽs,52347742,122,159,
’A”n“ì•”,’©—ˆŽs,52347743,127,166,
’A”n“ì•”,’©—ˆŽs,52347750,124,162,
’A”n“ì•”,’©—ˆŽs,52347751,119,155,
’A”n“ì•”,’©—ˆŽs,52347752,128,167,
’A”n“ì•”,’©—ˆŽs,52347753,127,165,
’A”n“ì•”,’©—ˆŽs,52347754,122,159,
’A”n“ì•”,’©—ˆŽs,52347760,130,169,
’A”n“ì•”,’©—ˆŽs,52347761,130,|,
’A”n“ì•”,’©—ˆŽs,52347762,117,153,
’A”n“ì•”,’©—ˆŽs,52347763,127,165,
’A”n“ì•”,’©—ˆŽs,52347764,122,159,
’A”n“ì•”,’©—ˆŽs,52347770,124,162,
’A”n“ì•”,’©—ˆŽs,52347771,123,160,
’A”n“ì•”,’©—ˆŽs,52347772,127,165,
’A”n“ì•”,’©—ˆŽs,52347773,127,165,
’A”n“ì•”,’©—ˆŽs,52347780,122,159,
’A”n“ì•”,’©—ˆŽs,52347781,122,159,
’A”n“ì•”,’©—ˆŽs,52347782,127,165,
’A”n“ì•”,’©—ˆŽs,52347783,127,165,
’A”n“ì•”,’©—ˆŽs,52347790,127,165,
’A”n“ì•”,’©—ˆŽs,52347791,120,157,
’A”n“ì•”,’©—ˆŽs,52347792,127,165,
’A”n“ì•”,’©—ˆŽs,52347793,127,166,
’A”n“ì•”,’©—ˆŽs,53340604,117,153,
’A”n“ì•”,’©—ˆŽs,53340605,117,153,
’A”n“ì•”,’©—ˆŽs,53340606,122,159,
’A”n“ì•”,’©—ˆŽs,53340607,123,161,
’A”n“ì•”,’©—ˆŽs,53340608,124,162,
’A”n“ì•”,’©—ˆŽs,53340609,128,167,
’A”n“ì•”,’©—ˆŽs,53340614,112,146,
’A”n“ì•”,’©—ˆŽs,53340615,144,188,
’A”n“ì•”,’©—ˆŽs,53340616,145,189,
’A”n“ì•”,’©—ˆŽs,53340617,145,189,
’A”n“ì•”,’©—ˆŽs,53340618,123,160,
’A”n“ì•”,’©—ˆŽs,53340619,133,173,
’A”n“ì•”,’©—ˆŽs,53340624,107,139,
’A”n“ì•”,’©—ˆŽs,53340625,111,145,
’A”n“ì•”,’©—ˆŽs,53340626,111,145,
’A”n“ì•”,’©—ˆŽs,53340627,117,152,
’A”n“ì•”,’©—ˆŽs,53340628,117,153,
’A”n“ì•”,’©—ˆŽs,53340629,121,158,
’A”n“ì•”,’©—ˆŽs,53340635,112,146,
’A”n“ì•”,’©—ˆŽs,53340636,110,144,
’A”n“ì•”,’©—ˆŽs,53340637,110,144,
’A”n“ì•”,’©—ˆŽs,53340638,115,150,
’A”n“ì•”,’©—ˆŽs,53340639,116,151,
’A”n“ì•”,’©—ˆŽs,53340646,101,132,
’A”n“ì•”,’©—ˆŽs,53340647,101,132,
’A”n“ì•”,’©—ˆŽs,53340648,106,138,
’A”n“ì•”,’©—ˆŽs,53340649,112,146,
’A”n“ì•”,’©—ˆŽs,53340658,110,144,
’A”n“ì•”,’©—ˆŽs,53340659,112,146,
’A”n“ì•”,’©—ˆŽs,53340669,107,140,
’A”n“ì•”,’©—ˆŽs,53340679,116,151,
’A”n“ì•”,’©—ˆŽs,53340689,117,152,
’A”n“ì•”,’©—ˆŽs,53340700,127,165,
’A”n“ì•”,’©—ˆŽs,53340701,116,151,
’A”n“ì•”,’©—ˆŽs,53340702,111,145,
’A”n“ì•”,’©—ˆŽs,53340703,113,147,
’A”n“ì•”,’©—ˆŽs,53340710,132,172,
’A”n“ì•”,’©—ˆŽs,53340711,116,151,
’A”n“ì•”,’©—ˆŽs,53340712,126,|,
’A”n“ì•”,’©—ˆŽs,53340720,131,171,
’A”n“ì•”,’©—ˆŽs,53340721,120,157,
’A”n“ì•”,’©—ˆŽs,53340722,111,145,
’A”n“ì•”,’©—ˆŽs,53340723,126,164,
’A”n“ì•”,’©—ˆŽs,53340730,121,158,
’A”n“ì•”,’©—ˆŽs,53340731,120,157,
’A”n“ì•”,’©—ˆŽs,53340732,115,150,
’A”n“ì•”,’©—ˆŽs,53340733,115,150,
’A”n“ì•”,’©—ˆŽs,53340740,117,153,
’A”n“ì•”,’©—ˆŽs,53340741,121,158,
’A”n“ì•”,’©—ˆŽs,53340742,130,|,
’A”n“ì•”,’©—ˆŽs,53340743,130,|,
’A”n“ì•”,’©—ˆŽs,53340750,123,160,
’A”n“ì•”,’©—ˆŽs,53340751,113,147,
’A”n“ì•”,’©—ˆŽs,53340752,106,138,
’A”n“ì•”,’©—ˆŽs,53340753,130,|,
’A”n“ì•”,’©—ˆŽs,53340760,113,147,
’A”n“ì•”,’©—ˆŽs,53340761,112,146,
’A”n“ì•”,’©—ˆŽs,53340762,126,164,
’A”n“ì•”,’©—ˆŽs,53340763,130,|,
’A”n“ì•”,’©—ˆŽs,53340770,122,159,
’A”n“ì•”,’©—ˆŽs,53340771,122,159,
’A”n“ì•”,’©—ˆŽs,53340772,125,163,
’A”n“ì•”,’©—ˆŽs,53340773,130,|,
’A”n“ì•”,’©—ˆŽs,53340780,127,166,
’A”n“ì•”,’©—ˆŽs,53340781,132,172,
’A”n“ì•”,’©—ˆŽs,53340782,130,170,
’A”n“ì•”,’©—ˆŽs,53340783,130,|,
’A”n“ì•”,’©—ˆŽs,53340784,120,157,
’A”n“ì•”,’©—ˆŽs,53340792,124,162,
’A”n“ì•”,’©—ˆŽs,53340793,119,155,
