（別添）大雨警報・注意報の土壌雨量指数基準値,,,,令和6年5月23日現在,
市町村等をまとめた地域,市町村等,地域メッシュコード（１km格子対応）,土壌雨量指数基準（注意報）,土壌雨量指数基準（警報）,
岡山地域,岡山市,51336628,75,110,
岡山地域,岡山市,51336629,77,113,
岡山地域,岡山市,51336638,80,116,
岡山地域,岡山市,51336639,78,114,
岡山地域,岡山市,51336646,80,116,
岡山地域,岡山市,51336647,80,116,
岡山地域,岡山市,51336648,80,116,
岡山地域,岡山市,51336649,80,116,
岡山地域,岡山市,51336656,79,115,
岡山地域,岡山市,51336657,79,115,
岡山地域,岡山市,51336658,80,116,
岡山地域,岡山市,51336659,94,－,
岡山地域,岡山市,51336666,79,115,
岡山地域,岡山市,51336667,80,116,
岡山地域,岡山市,51336668,80,116,
岡山地域,岡山市,51336669,94,－,
岡山地域,岡山市,51336676,79,115,
岡山地域,岡山市,51336677,94,－,
岡山地域,岡山市,51336678,94,－,
岡山地域,岡山市,51336679,94,－,
岡山地域,岡山市,51336687,94,－,
岡山地域,岡山市,51336688,94,－,
岡山地域,岡山市,51336689,94,－,
岡山地域,岡山市,51336697,94,－,
岡山地域,岡山市,51336698,94,－,
岡山地域,岡山市,51336699,94,－,
岡山地域,岡山市,51336730,77,113,
岡山地域,岡山市,51336740,78,114,
岡山地域,岡山市,51336750,94,－,
岡山地域,岡山市,51336751,94,－,
岡山地域,岡山市,51336752,94,－,
岡山地域,岡山市,51336753,94,－,
岡山地域,岡山市,51336760,94,－,
岡山地域,岡山市,51336761,94,－,
岡山地域,岡山市,51336762,94,－,
岡山地域,岡山市,51336763,94,－,
岡山地域,岡山市,51336770,94,－,
岡山地域,岡山市,51336771,94,－,
岡山地域,岡山市,51336772,94,－,
岡山地域,岡山市,51336773,94,－,
岡山地域,岡山市,51336774,94,－,
岡山地域,岡山市,51336777,79,115,
岡山地域,岡山市,51336780,94,－,
岡山地域,岡山市,51336781,94,－,
岡山地域,岡山市,51336782,94,－,
岡山地域,岡山市,51336783,94,－,
岡山地域,岡山市,51336784,94,－,
岡山地域,岡山市,51336786,80,116,
岡山地域,岡山市,51336787,80,116,
岡山地域,岡山市,51336788,80,116,
岡山地域,岡山市,51336790,94,－,
岡山地域,岡山市,51336791,94,－,
岡山地域,岡山市,51336792,94,－,
岡山地域,岡山市,51336793,94,－,
岡山地域,岡山市,51336794,94,－,
岡山地域,岡山市,51336795,80,116,
岡山地域,岡山市,51336796,80,117,
岡山地域,岡山市,51336797,80,117,
岡山地域,岡山市,51336798,80,117,
岡山地域,岡山市,51336799,80,116,
岡山地域,岡山市,51337607,94,－,
岡山地域,岡山市,51337608,94,－,
岡山地域,岡山市,51337609,94,－,
岡山地域,岡山市,51337617,94,－,
岡山地域,岡山市,51337618,94,－,
岡山地域,岡山市,51337619,94,－,
岡山地域,岡山市,51337627,77,113,
岡山地域,岡山市,51337628,77,113,
岡山地域,岡山市,51337629,94,－,
岡山地域,岡山市,51337637,77,113,
岡山地域,岡山市,51337638,77,113,
岡山地域,岡山市,51337639,77,113,
岡山地域,岡山市,51337647,78,114,
岡山地域,岡山市,51337648,78,114,
岡山地域,岡山市,51337649,78,114,
岡山地域,岡山市,51337657,78,114,
岡山地域,岡山市,51337658,79,115,
岡山地域,岡山市,51337659,77,113,
岡山地域,岡山市,51337667,80,116,
岡山地域,岡山市,51337668,94,－,
岡山地域,岡山市,51337669,94,－,
岡山地域,岡山市,51337677,94,－,
岡山地域,岡山市,51337678,94,－,
岡山地域,岡山市,51337679,94,－,
岡山地域,岡山市,51337687,80,116,
岡山地域,岡山市,51337688,77,113,
岡山地域,岡山市,51337689,77,113,
岡山地域,岡山市,51337697,80,116,
岡山地域,岡山市,51337698,78,114,
岡山地域,岡山市,51337699,77,113,
岡山地域,岡山市,51337700,94,－,
岡山地域,岡山市,51337701,94,－,
岡山地域,岡山市,51337702,94,－,
岡山地域,岡山市,51337703,94,－,
岡山地域,岡山市,51337704,94,－,
岡山地域,岡山市,51337705,94,－,
岡山地域,岡山市,51337706,81,118,
岡山地域,岡山市,51337707,81,118,
岡山地域,岡山市,51337708,81,118,
岡山地域,岡山市,51337709,81,118,
岡山地域,岡山市,51337710,94,－,
岡山地域,岡山市,51337711,94,－,
岡山地域,岡山市,51337712,94,－,
岡山地域,岡山市,51337713,94,－,
岡山地域,岡山市,51337714,94,－,
岡山地域,岡山市,51337715,94,－,
岡山地域,岡山市,51337716,94,－,
岡山地域,岡山市,51337717,94,－,
岡山地域,岡山市,51337718,80,117,
岡山地域,岡山市,51337719,80,117,
岡山地域,岡山市,51337720,94,－,
岡山地域,岡山市,51337721,94,－,
岡山地域,岡山市,51337722,94,－,
岡山地域,岡山市,51337723,94,－,
岡山地域,岡山市,51337724,94,－,
岡山地域,岡山市,51337725,94,－,
岡山地域,岡山市,51337726,94,－,
岡山地域,岡山市,51337727,94,－,
岡山地域,岡山市,51337728,94,－,
岡山地域,岡山市,51337729,80,117,
岡山地域,岡山市,51337730,94,－,
岡山地域,岡山市,51337731,94,－,
岡山地域,岡山市,51337732,94,－,
岡山地域,岡山市,51337733,94,－,
岡山地域,岡山市,51337734,94,－,
岡山地域,岡山市,51337735,94,－,
岡山地域,岡山市,51337736,94,－,
岡山地域,岡山市,51337737,94,－,
岡山地域,岡山市,51337738,94,－,
岡山地域,岡山市,51337739,94,－,
岡山地域,岡山市,51337740,94,－,
岡山地域,岡山市,51337741,94,－,
岡山地域,岡山市,51337742,94,－,
岡山地域,岡山市,51337743,94,－,
岡山地域,岡山市,51337744,94,－,
岡山地域,岡山市,51337745,94,－,
岡山地域,岡山市,51337746,94,－,
岡山地域,岡山市,51337747,94,－,
岡山地域,岡山市,51337748,94,－,
岡山地域,岡山市,51337749,94,－,
岡山地域,岡山市,51337750,94,－,
岡山地域,岡山市,51337751,94,－,
岡山地域,岡山市,51337752,94,－,
岡山地域,岡山市,51337753,94,－,
岡山地域,岡山市,51337754,94,－,
岡山地域,岡山市,51337755,94,－,
岡山地域,岡山市,51337756,94,－,
岡山地域,岡山市,51337757,94,－,
岡山地域,岡山市,51337758,94,－,
岡山地域,岡山市,51337759,94,－,
岡山地域,岡山市,51337760,94,－,
岡山地域,岡山市,51337761,94,－,
岡山地域,岡山市,51337762,94,－,
岡山地域,岡山市,51337763,94,－,
岡山地域,岡山市,51337764,94,－,
岡山地域,岡山市,51337765,81,118,
岡山地域,岡山市,51337766,81,118,
岡山地域,岡山市,51337767,94,－,
岡山地域,岡山市,51337768,94,－,
岡山地域,岡山市,51337769,94,－,
岡山地域,岡山市,51337770,94,－,
岡山地域,岡山市,51337771,94,－,
岡山地域,岡山市,51337772,94,－,
岡山地域,岡山市,51337773,94,－,
岡山地域,岡山市,51337774,82,119,
岡山地域,岡山市,51337775,82,119,
岡山地域,岡山市,51337776,80,117,
岡山地域,岡山市,51337777,94,－,
岡山地域,岡山市,51337778,94,－,
岡山地域,岡山市,51337779,94,－,
岡山地域,岡山市,51337780,94,－,
岡山地域,岡山市,51337781,94,－,
岡山地域,岡山市,51337782,94,－,
岡山地域,岡山市,51337783,94,－,
岡山地域,岡山市,51337784,94,－,
岡山地域,岡山市,51337785,81,118,
岡山地域,岡山市,51337786,80,117,
岡山地域,岡山市,51337787,81,118,
岡山地域,岡山市,51337788,80,116,
岡山地域,岡山市,51337789,94,－,
岡山地域,岡山市,51337790,78,114,
岡山地域,岡山市,51337791,79,115,
岡山地域,岡山市,51337792,94,－,
岡山地域,岡山市,51337793,94,－,
岡山地域,岡山市,51337794,94,－,
岡山地域,岡山市,51337795,81,118,
岡山地域,岡山市,51337796,81,118,
岡山地域,岡山市,51337797,80,117,
岡山地域,岡山市,51337798,80,116,
岡山地域,岡山市,51337799,80,117,
岡山地域,岡山市,51346077,80,117,
岡山地域,岡山市,51346078,82,119,
岡山地域,岡山市,51346083,80,117,
岡山地域,岡山市,51346087,82,119,
岡山地域,岡山市,51346088,82,－,
岡山地域,岡山市,51346090,80,116,
岡山地域,岡山市,51346091,80,116,
岡山地域,岡山市,51346092,80,117,
岡山地域,岡山市,51346093,81,118,
岡山地域,岡山市,51346096,82,119,
岡山地域,岡山市,51346097,82,119,
岡山地域,岡山市,51347000,80,117,
岡山地域,岡山市,51347001,81,118,
岡山地域,岡山市,51347002,81,118,
岡山地域,岡山市,51347003,82,119,
岡山地域,岡山市,51347004,82,119,
岡山地域,岡山市,51347005,82,119,
岡山地域,岡山市,51347006,82,119,
岡山地域,岡山市,51347007,82,119,
岡山地域,岡山市,51347008,82,119,
岡山地域,岡山市,51347010,80,117,
岡山地域,岡山市,51347011,80,117,
岡山地域,岡山市,51347012,81,118,
岡山地域,岡山市,51347013,94,－,
岡山地域,岡山市,51347014,82,119,
岡山地域,岡山市,51347015,82,119,
岡山地域,岡山市,51347016,82,119,
岡山地域,岡山市,51347017,82,120,
岡山地域,岡山市,51347018,82,119,
岡山地域,岡山市,51347021,94,－,
岡山地域,岡山市,51347022,94,－,
岡山地域,岡山市,51347023,81,118,
岡山地域,岡山市,51347024,82,119,
岡山地域,岡山市,51347025,82,119,
岡山地域,岡山市,51347026,82,119,
岡山地域,岡山市,51347027,82,119,
岡山地域,岡山市,51347028,82,120,
岡山地域,岡山市,51347030,94,－,
岡山地域,岡山市,51347031,94,－,
岡山地域,岡山市,51347032,94,－,
岡山地域,岡山市,51347033,81,118,
岡山地域,岡山市,51347034,81,118,
岡山地域,岡山市,51347035,82,119,
岡山地域,岡山市,51347036,82,119,
岡山地域,岡山市,51347037,82,120,
岡山地域,岡山市,51347038,82,119,
岡山地域,岡山市,51347040,94,－,
岡山地域,岡山市,51347041,94,－,
岡山地域,岡山市,51347042,94,－,
岡山地域,岡山市,51347043,94,－,
岡山地域,岡山市,51347044,94,－,
岡山地域,岡山市,51347045,82,119,
岡山地域,岡山市,51347046,82,120,
岡山地域,岡山市,51347047,82,119,
岡山地域,岡山市,51347048,82,120,
岡山地域,岡山市,51347050,94,－,
岡山地域,岡山市,51347051,94,－,
岡山地域,岡山市,51347052,94,－,
岡山地域,岡山市,51347053,80,116,
岡山地域,岡山市,51347054,80,117,
岡山地域,岡山市,51347055,82,119,
岡山地域,岡山市,51347056,82,119,
岡山地域,岡山市,51347057,82,119,
岡山地域,岡山市,51347058,82,119,
岡山地域,岡山市,51347060,94,－,
岡山地域,岡山市,51347061,94,－,
岡山地域,岡山市,51347062,94,－,
岡山地域,岡山市,51347063,94,－,
岡山地域,岡山市,51347064,80,116,
岡山地域,岡山市,51347065,80,117,
岡山地域,岡山市,51347070,94,－,
岡山地域,岡山市,51347071,94,－,
岡山地域,岡山市,51347072,94,－,
岡山地域,岡山市,51347073,94,－,
岡山地域,岡山市,51347074,94,－,
岡山地域,岡山市,51347075,80,117,
岡山地域,岡山市,51347080,94,－,
岡山地域,岡山市,51347081,94,－,
岡山地域,岡山市,51347082,94,－,
岡山地域,岡山市,51347083,94,－,
岡山地域,岡山市,51347084,80,116,
岡山地域,岡山市,51347090,80,117,
岡山地域,岡山市,51347091,81,118,
岡山地域,岡山市,51347092,81,118,
岡山地域,岡山市,51347093,80,116,
岡山地域,岡山市,52330604,79,115,
岡山地域,岡山市,52330605,79,115,
岡山地域,岡山市,52330606,79,115,
岡山地域,岡山市,52330607,78,114,
岡山地域,岡山市,52330608,78,114,
岡山地域,岡山市,52330609,78,114,
岡山地域,岡山市,52330614,78,114,
岡山地域,岡山市,52330615,79,115,
岡山地域,岡山市,52330616,79,115,
岡山地域,岡山市,52330617,78,114,
岡山地域,岡山市,52330618,79,115,
岡山地域,岡山市,52330619,78,114,
岡山地域,岡山市,52330624,77,113,
岡山地域,岡山市,52330625,79,－,
岡山地域,岡山市,52330626,79,115,
岡山地域,岡山市,52330627,80,116,
岡山地域,岡山市,52330628,79,115,
岡山地域,岡山市,52330629,78,114,
岡山地域,岡山市,52330633,77,112,
岡山地域,岡山市,52330634,77,113,
岡山地域,岡山市,52330635,78,114,
岡山地域,岡山市,52330636,78,114,
岡山地域,岡山市,52330637,78,114,
岡山地域,岡山市,52330638,79,115,
岡山地域,岡山市,52330639,78,114,
岡山地域,岡山市,52330644,77,113,
岡山地域,岡山市,52330645,77,113,
岡山地域,岡山市,52330646,78,114,
岡山地域,岡山市,52330647,78,114,
岡山地域,岡山市,52330648,79,115,
岡山地域,岡山市,52330649,77,113,
岡山地域,岡山市,52330654,77,113,
岡山地域,岡山市,52330655,77,113,
岡山地域,岡山市,52330656,77,113,
岡山地域,岡山市,52330657,77,113,
岡山地域,岡山市,52330658,77,113,
岡山地域,岡山市,52330659,77,113,
岡山地域,岡山市,52330664,77,113,
岡山地域,岡山市,52330665,77,113,
岡山地域,岡山市,52330666,77,113,
岡山地域,岡山市,52330667,77,113,
岡山地域,岡山市,52330668,77,113,
岡山地域,岡山市,52330669,77,113,
岡山地域,岡山市,52330673,77,113,
岡山地域,岡山市,52330674,79,115,
岡山地域,岡山市,52330675,77,113,
岡山地域,岡山市,52330676,77,113,
岡山地域,岡山市,52330677,77,112,
岡山地域,岡山市,52330678,77,113,
岡山地域,岡山市,52330679,77,113,
岡山地域,岡山市,52330682,77,113,
岡山地域,岡山市,52330683,77,113,
岡山地域,岡山市,52330684,78,114,
岡山地域,岡山市,52330685,77,113,
岡山地域,岡山市,52330686,77,112,
岡山地域,岡山市,52330687,77,113,
岡山地域,岡山市,52330688,78,114,
岡山地域,岡山市,52330689,77,113,
岡山地域,岡山市,52330691,77,113,
岡山地域,岡山市,52330692,77,113,
岡山地域,岡山市,52330693,77,113,
岡山地域,岡山市,52330694,77,113,
岡山地域,岡山市,52330695,77,113,
岡山地域,岡山市,52330696,77,112,
岡山地域,岡山市,52330697,78,114,
岡山地域,岡山市,52330698,80,116,
岡山地域,岡山市,52330699,79,115,
岡山地域,岡山市,52330700,78,114,
岡山地域,岡山市,52330701,79,115,
岡山地域,岡山市,52330702,80,117,
岡山地域,岡山市,52330703,94,－,
岡山地域,岡山市,52330704,94,－,
岡山地域,岡山市,52330705,94,－,
岡山地域,岡山市,52330706,81,118,
岡山地域,岡山市,52330707,80,116,
岡山地域,岡山市,52330708,80,116,
岡山地域,岡山市,52330709,80,116,
岡山地域,岡山市,52330710,77,113,
岡山地域,岡山市,52330711,78,114,
岡山地域,岡山市,52330712,80,116,
岡山地域,岡山市,52330713,94,－,
岡山地域,岡山市,52330714,94,－,
岡山地域,岡山市,52330715,94,－,
岡山地域,岡山市,52330716,94,－,
岡山地域,岡山市,52330717,94,－,
岡山地域,岡山市,52330718,94,－,
岡山地域,岡山市,52330719,94,－,
岡山地域,岡山市,52330720,78,114,
岡山地域,岡山市,52330721,77,113,
岡山地域,岡山市,52330722,80,116,
岡山地域,岡山市,52330723,80,116,
岡山地域,岡山市,52330724,82,119,
岡山地域,岡山市,52330725,94,－,
岡山地域,岡山市,52330726,94,－,
岡山地域,岡山市,52330727,94,－,
岡山地域,岡山市,52330728,80,116,
岡山地域,岡山市,52330729,80,116,
岡山地域,岡山市,52330730,77,113,
岡山地域,岡山市,52330731,77,113,
岡山地域,岡山市,52330732,78,114,
岡山地域,岡山市,52330733,80,116,
岡山地域,岡山市,52330734,80,117,
岡山地域,岡山市,52330735,80,117,
岡山地域,岡山市,52330736,80,116,
岡山地域,岡山市,52330737,80,116,
岡山地域,岡山市,52330738,79,115,
岡山地域,岡山市,52330739,80,116,
岡山地域,岡山市,52330740,77,113,
岡山地域,岡山市,52330741,77,113,
岡山地域,岡山市,52330742,77,113,
岡山地域,岡山市,52330743,79,115,
岡山地域,岡山市,52330744,79,115,
岡山地域,岡山市,52330745,79,115,
岡山地域,岡山市,52330746,80,116,
岡山地域,岡山市,52330747,80,116,
岡山地域,岡山市,52330748,79,115,
岡山地域,岡山市,52330749,79,115,
岡山地域,岡山市,52330750,77,113,
岡山地域,岡山市,52330751,77,113,
岡山地域,岡山市,52330752,77,113,
岡山地域,岡山市,52330753,78,114,
岡山地域,岡山市,52330754,78,114,
岡山地域,岡山市,52330755,79,115,
岡山地域,岡山市,52330756,80,116,
岡山地域,岡山市,52330757,80,116,
岡山地域,岡山市,52330758,79,115,
岡山地域,岡山市,52330759,79,115,
岡山地域,岡山市,52330760,77,113,
岡山地域,岡山市,52330761,77,113,
岡山地域,岡山市,52330762,77,113,
岡山地域,岡山市,52330763,78,114,
岡山地域,岡山市,52330764,78,114,
岡山地域,岡山市,52330765,80,116,
岡山地域,岡山市,52330766,80,116,
岡山地域,岡山市,52330767,80,116,
岡山地域,岡山市,52330768,80,116,
岡山地域,岡山市,52330769,80,116,
岡山地域,岡山市,52330770,77,113,
岡山地域,岡山市,52330771,77,113,
岡山地域,岡山市,52330772,77,113,
岡山地域,岡山市,52330773,79,115,
岡山地域,岡山市,52330774,80,116,
岡山地域,岡山市,52330775,80,116,
岡山地域,岡山市,52330776,80,116,
岡山地域,岡山市,52330777,80,116,
岡山地域,岡山市,52330778,80,116,
岡山地域,岡山市,52330780,77,113,
岡山地域,岡山市,52330781,77,113,
岡山地域,岡山市,52330782,78,114,
岡山地域,岡山市,52330783,80,116,
岡山地域,岡山市,52330784,81,118,
岡山地域,岡山市,52330785,80,117,
岡山地域,岡山市,52330786,80,116,
岡山地域,岡山市,52330787,80,116,
岡山地域,岡山市,52330788,80,116,
岡山地域,岡山市,52330790,78,114,
岡山地域,岡山市,52330791,78,114,
岡山地域,岡山市,52330792,80,116,
岡山地域,岡山市,52330793,82,119,
岡山地域,岡山市,52330794,82,119,
岡山地域,岡山市,52330795,80,117,
岡山地域,岡山市,52330796,80,116,
岡山地域,岡山市,52330797,80,116,
岡山地域,岡山市,52331519,79,115,
岡山地域,岡山市,52331529,79,115,
岡山地域,岡山市,52331600,78,114,
岡山地域,岡山市,52331601,77,113,
岡山地域,岡山市,52331602,78,114,
岡山地域,岡山市,52331603,77,113,
岡山地域,岡山市,52331604,77,113,
岡山地域,岡山市,52331605,77,113,
岡山地域,岡山市,52331606,77,113,
岡山地域,岡山市,52331607,79,115,
岡山地域,岡山市,52331608,80,116,
岡山地域,岡山市,52331609,80,116,
岡山地域,岡山市,52331610,78,114,
岡山地域,岡山市,52331611,77,113,
岡山地域,岡山市,52331612,77,113,
岡山地域,岡山市,52331613,78,114,
岡山地域,岡山市,52331614,77,113,
岡山地域,岡山市,52331615,77,113,
岡山地域,岡山市,52331616,77,113,
岡山地域,岡山市,52331617,77,113,
岡山地域,岡山市,52331618,78,114,
岡山地域,岡山市,52331619,80,116,
岡山地域,岡山市,52331620,78,114,
岡山地域,岡山市,52331621,79,115,
岡山地域,岡山市,52331622,78,114,
岡山地域,岡山市,52331623,78,114,
岡山地域,岡山市,52331624,78,114,
岡山地域,岡山市,52331625,77,113,
岡山地域,岡山市,52331626,77,113,
岡山地域,岡山市,52331627,77,113,
岡山地域,岡山市,52331628,77,113,
岡山地域,岡山市,52331629,77,113,
岡山地域,岡山市,52331630,80,116,
岡山地域,岡山市,52331631,78,114,
岡山地域,岡山市,52331632,80,116,
岡山地域,岡山市,52331633,79,115,
岡山地域,岡山市,52331634,79,115,
岡山地域,岡山市,52331635,77,113,
岡山地域,岡山市,52331636,77,113,
岡山地域,岡山市,52331637,77,113,
岡山地域,岡山市,52331638,77,113,
岡山地域,岡山市,52331639,77,112,
岡山地域,岡山市,52331641,78,114,
岡山地域,岡山市,52331642,79,115,
岡山地域,岡山市,52331643,80,116,
岡山地域,岡山市,52331644,80,116,
岡山地域,岡山市,52331645,80,116,
岡山地域,岡山市,52331646,77,113,
岡山地域,岡山市,52331647,77,113,
岡山地域,岡山市,52331648,77,113,
岡山地域,岡山市,52331649,77,113,
岡山地域,岡山市,52331652,80,116,
岡山地域,岡山市,52331653,80,116,
岡山地域,岡山市,52331654,80,116,
岡山地域,岡山市,52331655,80,116,
岡山地域,岡山市,52331656,80,116,
岡山地域,岡山市,52331657,80,116,
岡山地域,岡山市,52331658,79,115,
岡山地域,岡山市,52331659,77,113,
岡山地域,岡山市,52331662,80,117,
岡山地域,岡山市,52331663,80,117,
岡山地域,岡山市,52331664,80,117,
岡山地域,岡山市,52331665,80,117,
岡山地域,岡山市,52331666,80,117,
岡山地域,岡山市,52331667,80,116,
岡山地域,岡山市,52331668,80,116,
岡山地域,岡山市,52331669,77,113,
岡山地域,岡山市,52331673,82,119,
岡山地域,岡山市,52331676,80,116,
岡山地域,岡山市,52331677,80,116,
岡山地域,岡山市,52331678,80,116,
岡山地域,岡山市,52331679,79,115,
岡山地域,岡山市,52331686,80,116,
岡山地域,岡山市,52331687,80,116,
岡山地域,岡山市,52331688,80,116,
岡山地域,岡山市,52331689,79,115,
岡山地域,岡山市,52331695,80,116,
岡山地域,岡山市,52331696,80,116,
岡山地域,岡山市,52331697,80,116,
岡山地域,岡山市,52331698,80,116,
岡山地域,岡山市,52331699,80,116,
岡山地域,岡山市,52331700,80,116,
岡山地域,岡山市,52331701,80,116,
岡山地域,岡山市,52331702,80,117,
岡山地域,岡山市,52331703,82,119,
岡山地域,岡山市,52331704,81,118,
岡山地域,岡山市,52331705,80,117,
岡山地域,岡山市,52331706,80,116,
岡山地域,岡山市,52331707,80,116,
岡山地域,岡山市,52331710,78,114,
岡山地域,岡山市,52331711,79,115,
岡山地域,岡山市,52331712,80,117,
岡山地域,岡山市,52331713,81,118,
岡山地域,岡山市,52331714,80,116,
岡山地域,岡山市,52331715,80,116,
岡山地域,岡山市,52331716,79,115,
岡山地域,岡山市,52331717,80,116,
岡山地域,岡山市,52331718,80,116,
岡山地域,岡山市,52331720,77,113,
岡山地域,岡山市,52331721,78,114,
岡山地域,岡山市,52331722,79,115,
岡山地域,岡山市,52331723,80,116,
岡山地域,岡山市,52331724,80,116,
岡山地域,岡山市,52331725,80,116,
岡山地域,岡山市,52331726,80,116,
岡山地域,岡山市,52331727,80,116,
岡山地域,岡山市,52331730,77,113,
岡山地域,岡山市,52331731,78,114,
岡山地域,岡山市,52331732,79,115,
岡山地域,岡山市,52331733,79,115,
岡山地域,岡山市,52331734,80,116,
岡山地域,岡山市,52331735,80,116,
岡山地域,岡山市,52331736,79,115,
岡山地域,岡山市,52331737,80,116,
岡山地域,岡山市,52331740,77,113,
岡山地域,岡山市,52331741,78,114,
岡山地域,岡山市,52331742,79,115,
岡山地域,岡山市,52331743,80,117,
岡山地域,岡山市,52331744,82,119,
岡山地域,岡山市,52331745,80,117,
岡山地域,岡山市,52331746,79,115,
岡山地域,岡山市,52331750,77,113,
岡山地域,岡山市,52331751,77,113,
岡山地域,岡山市,52331752,80,116,
岡山地域,岡山市,52331753,80,117,
岡山地域,岡山市,52331754,81,118,
岡山地域,岡山市,52331755,81,118,
岡山地域,岡山市,52331756,80,116,
岡山地域,岡山市,52331757,78,114,
岡山地域,岡山市,52331760,77,113,
岡山地域,岡山市,52331761,77,113,
岡山地域,岡山市,52331762,79,115,
岡山地域,岡山市,52331763,79,115,
岡山地域,岡山市,52331764,80,117,
岡山地域,岡山市,52331765,81,118,
岡山地域,岡山市,52331766,80,116,
岡山地域,岡山市,52331767,79,115,
岡山地域,岡山市,52331770,77,113,
岡山地域,岡山市,52331771,78,114,
岡山地域,岡山市,52331772,77,113,
岡山地域,岡山市,52331773,79,115,
岡山地域,岡山市,52331774,80,116,
岡山地域,岡山市,52331775,80,116,
岡山地域,岡山市,52331776,80,116,
岡山地域,岡山市,52331777,79,115,
岡山地域,岡山市,52331778,79,115,
岡山地域,岡山市,52331780,78,114,
岡山地域,岡山市,52331781,77,113,
岡山地域,岡山市,52331782,77,113,
岡山地域,岡山市,52331783,78,114,
岡山地域,岡山市,52331784,79,115,
岡山地域,岡山市,52331785,80,116,
岡山地域,岡山市,52331786,80,116,
岡山地域,岡山市,52331787,79,115,
岡山地域,岡山市,52331788,78,114,
岡山地域,岡山市,52331790,78,114,
岡山地域,岡山市,52331791,78,114,
岡山地域,岡山市,52331792,78,114,
岡山地域,岡山市,52331793,78,114,
岡山地域,岡山市,52331794,79,115,
岡山地域,岡山市,52331795,79,115,
岡山地域,岡山市,52331796,78,114,
岡山地域,岡山市,52331797,79,115,
岡山地域,岡山市,52331798,78,114,
岡山地域,岡山市,52332606,80,117,
岡山地域,岡山市,52332607,80,116,
岡山地域,岡山市,52332608,80,116,
岡山地域,岡山市,52332609,79,115,
岡山地域,岡山市,52332617,80,116,
岡山地域,岡山市,52332618,79,115,
岡山地域,岡山市,52332619,79,115,
岡山地域,岡山市,52332628,80,116,
岡山地域,岡山市,52332629,80,116,
岡山地域,岡山市,52332638,80,116,
岡山地域,岡山市,52332639,80,116,
岡山地域,岡山市,52332648,80,116,
岡山地域,岡山市,52332649,80,116,
岡山地域,岡山市,52332658,79,115,
岡山地域,岡山市,52332659,80,116,
岡山地域,岡山市,52332668,79,115,
岡山地域,岡山市,52332669,80,116,
岡山地域,岡山市,52332679,80,116,
岡山地域,岡山市,52332699,82,119,
岡山地域,岡山市,52332700,79,115,
岡山地域,岡山市,52332701,77,113,
岡山地域,岡山市,52332702,77,113,
岡山地域,岡山市,52332703,77,113,
岡山地域,岡山市,52332704,78,114,
岡山地域,岡山市,52332705,79,115,
岡山地域,岡山市,52332706,78,114,
岡山地域,岡山市,52332707,78,114,
岡山地域,岡山市,52332708,78,114,
岡山地域,岡山市,52332710,79,115,
岡山地域,岡山市,52332711,79,115,
岡山地域,岡山市,52332712,78,114,
岡山地域,岡山市,52332713,77,113,
岡山地域,岡山市,52332714,78,114,
岡山地域,岡山市,52332715,78,114,
岡山地域,岡山市,52332716,78,114,
岡山地域,岡山市,52332717,78,114,
岡山地域,岡山市,52332718,79,115,
岡山地域,岡山市,52332720,80,116,
岡山地域,岡山市,52332721,79,115,
岡山地域,岡山市,52332722,79,115,
岡山地域,岡山市,52332723,79,115,
岡山地域,岡山市,52332724,80,116,
岡山地域,岡山市,52332725,78,114,
岡山地域,岡山市,52332726,78,114,
岡山地域,岡山市,52332730,80,116,
岡山地域,岡山市,52332731,80,117,
岡山地域,岡山市,52332732,81,118,
岡山地域,岡山市,52332733,80,116,
岡山地域,岡山市,52332734,79,115,
岡山地域,岡山市,52332735,79,115,
岡山地域,岡山市,52332736,80,116,
岡山地域,岡山市,52332740,80,116,
岡山地域,岡山市,52332741,82,119,
岡山地域,岡山市,52332742,82,119,
岡山地域,岡山市,52332743,80,117,
岡山地域,岡山市,52332744,79,115,
岡山地域,岡山市,52332746,79,115,
岡山地域,岡山市,52332750,80,116,
岡山地域,岡山市,52332751,80,117,
岡山地域,岡山市,52332752,81,118,
岡山地域,岡山市,52332753,80,116,
岡山地域,岡山市,52332754,80,116,
岡山地域,岡山市,52332760,80,116,
岡山地域,岡山市,52332761,80,116,
岡山地域,岡山市,52332762,80,116,
岡山地域,岡山市,52332763,79,115,
岡山地域,岡山市,52332764,79,115,
岡山地域,岡山市,52332770,80,116,
岡山地域,岡山市,52332771,79,115,
岡山地域,岡山市,52332772,79,115,
岡山地域,岡山市,52332773,77,113,
岡山地域,岡山市,52332780,80,116,
岡山地域,岡山市,52332781,79,115,
岡山地域,岡山市,52332782,80,116,
岡山地域,岡山市,52332790,81,118,
岡山地域,岡山市,52332791,78,114,
岡山地域,岡山市,52333608,82,120,
岡山地域,岡山市,52333609,82,119,
岡山地域,岡山市,52333618,82,119,
岡山地域,岡山市,52333619,81,118,
岡山地域,岡山市,52333628,80,116,
岡山地域,岡山市,52333629,81,118,
岡山地域,岡山市,52333700,80,117,
岡山地域,岡山市,52333701,80,116,
岡山地域,岡山市,52333710,80,117,
岡山地域,岡山市,52333711,80,116,
岡山地域,岡山市,52333712,80,116,
岡山地域,岡山市,52333720,81,118,
岡山地域,岡山市,52333721,81,118,
岡山地域,岡山市,52333722,80,117,
岡山地域,岡山市,52333732,81,118,
岡山地域,岡山市,52340000,80,116,
岡山地域,岡山市,52340001,80,117,
岡山地域,岡山市,52340002,80,117,
岡山地域,岡山市,52340003,80,116,
岡山地域,岡山市,52340004,80,116,
岡山地域,岡山市,52340010,80,116,
岡山地域,岡山市,52340011,80,116,
岡山地域,岡山市,52340012,80,116,
岡山地域,岡山市,52340013,80,116,
岡山地域,岡山市,52340014,80,116,
岡山地域,岡山市,52340015,80,116,
岡山地域,岡山市,52340020,80,116,
岡山地域,岡山市,52340021,80,116,
岡山地域,岡山市,52340022,80,116,
岡山地域,岡山市,52340023,80,116,
岡山地域,岡山市,52340024,80,116,
岡山地域,岡山市,52340025,79,115,
岡山地域,岡山市,52340030,80,116,
岡山地域,岡山市,52340031,80,116,
岡山地域,岡山市,52340032,79,115,
岡山地域,岡山市,52340033,80,116,
岡山地域,岡山市,52340034,79,115,
岡山地域,岡山市,52340035,79,115,
岡山地域,岡山市,52340036,80,116,
岡山地域,岡山市,52340040,79,115,
岡山地域,岡山市,52340041,78,114,
岡山地域,岡山市,52340042,78,114,
岡山地域,岡山市,52340043,79,115,
岡山地域,岡山市,52340044,80,116,
岡山地域,岡山市,52340045,80,116,
岡山地域,岡山市,52340046,80,116,
岡山地域,岡山市,52340050,80,116,
岡山地域,岡山市,52340051,79,115,
岡山地域,岡山市,52340052,78,114,
岡山地域,岡山市,52340053,78,114,
岡山地域,岡山市,52340054,78,114,
岡山地域,岡山市,52340055,79,115,
岡山地域,岡山市,52340056,80,116,
岡山地域,岡山市,52340060,80,116,
岡山地域,岡山市,52340061,80,116,
岡山地域,岡山市,52340062,80,116,
岡山地域,岡山市,52340063,79,115,
岡山地域,岡山市,52340064,79,115,
岡山地域,岡山市,52340065,79,115,
岡山地域,岡山市,52340066,79,115,
岡山地域,岡山市,52340067,80,116,
岡山地域,岡山市,52340071,80,117,
岡山地域,岡山市,52340072,80,117,
岡山地域,岡山市,52340073,80,116,
岡山地域,岡山市,52340074,78,114,
岡山地域,岡山市,52340075,78,114,
岡山地域,岡山市,52340076,79,115,
岡山地域,岡山市,52340077,79,115,
岡山地域,岡山市,52340082,82,119,
岡山地域,岡山市,52340083,80,117,
岡山地域,岡山市,52340084,79,115,
岡山地域,岡山市,52340085,78,114,
岡山地域,岡山市,52340086,78,114,
岡山地域,岡山市,52340087,79,115,
岡山地域,岡山市,52340093,80,117,
岡山地域,岡山市,52340094,80,116,
岡山地域,岡山市,52340095,78,114,
岡山地域,岡山市,52340096,79,115,
岡山地域,岡山市,52340097,80,116,
岡山地域,岡山市,52340098,80,116,
岡山地域,岡山市,52341004,80,116,
岡山地域,岡山市,52341005,80,116,
岡山地域,岡山市,52341006,80,117,
岡山地域,岡山市,52341007,80,117,
岡山地域,岡山市,52341008,80,117,
岡山地域,岡山市,52341009,80,117,
岡山地域,岡山市,52341014,79,115,
岡山地域,岡山市,52341015,80,116,
岡山地域,岡山市,52341016,80,117,
岡山地域,岡山市,52341017,81,118,
岡山地域,岡山市,52341025,80,116,
岡山地域,岡山市,52341026,80,117,
岡山地域,岡山市,52341035,80,116,
岡山地域,岡山市,52341036,80,116,
岡山地域,玉野市,51335679,78,114,
岡山地域,玉野市,51335689,78,114,
岡山地域,玉野市,51335699,77,113,
岡山地域,玉野市,51335740,78,114,
岡山地域,玉野市,51335741,77,113,
岡山地域,玉野市,51335742,78,114,
岡山地域,玉野市,51335743,77,113,
岡山地域,玉野市,51335744,77,113,
岡山地域,玉野市,51335745,79,115,
岡山地域,玉野市,51335750,77,113,
岡山地域,玉野市,51335751,77,113,
岡山地域,玉野市,51335752,77,113,
岡山地域,玉野市,51335753,77,113,
岡山地域,玉野市,51335754,77,113,
岡山地域,玉野市,51335755,78,114,
岡山地域,玉野市,51335760,78,114,
岡山地域,玉野市,51335761,77,113,
岡山地域,玉野市,51335762,77,113,
岡山地域,玉野市,51335763,78,114,
岡山地域,玉野市,51335764,79,115,
岡山地域,玉野市,51335765,81,－,
岡山地域,玉野市,51335770,79,115,
岡山地域,玉野市,51335771,77,113,
岡山地域,玉野市,51335772,78,114,
岡山地域,玉野市,51335773,78,114,
岡山地域,玉野市,51335774,80,116,
岡山地域,玉野市,51335775,81,118,
岡山地域,玉野市,51335780,77,113,
岡山地域,玉野市,51335781,77,113,
岡山地域,玉野市,51335782,77,113,
岡山地域,玉野市,51335783,79,115,
岡山地域,玉野市,51335784,80,116,
岡山地域,玉野市,51335785,82,119,
岡山地域,玉野市,51335786,82,－,
岡山地域,玉野市,51335790,77,113,
岡山地域,玉野市,51335791,77,112,
岡山地域,玉野市,51335792,77,113,
岡山地域,玉野市,51335793,77,113,
岡山地域,玉野市,51335794,80,117,
岡山地域,玉野市,51335795,81,118,
岡山地域,玉野市,51335796,81,118,
岡山地域,玉野市,51336619,77,113,
岡山地域,玉野市,51336700,77,112,
岡山地域,玉野市,51336701,76,111,
岡山地域,玉野市,51336702,77,112,
岡山地域,玉野市,51336703,78,114,
岡山地域,玉野市,51336704,79,115,
岡山地域,玉野市,51336705,80,116,
岡山地域,玉野市,51336706,79,115,
岡山地域,玉野市,51336710,77,112,
岡山地域,玉野市,51336711,77,112,
岡山地域,玉野市,51336712,77,113,
岡山地域,玉野市,51336713,80,116,
岡山地域,玉野市,51336714,80,116,
岡山地域,玉野市,51336715,80,116,
岡山地域,玉野市,51336716,77,113,
岡山地域,玉野市,51336719,79,－,
岡山地域,玉野市,51336720,77,113,
岡山地域,玉野市,51336721,77,113,
岡山地域,玉野市,51336722,77,113,
岡山地域,玉野市,51336723,80,116,
岡山地域,玉野市,51336724,80,117,
岡山地域,玉野市,51336725,80,116,
岡山地域,玉野市,51336726,78,114,
岡山地域,玉野市,51336729,78,114,
岡山地域,玉野市,51336731,77,112,
岡山地域,玉野市,51336732,77,113,
岡山地域,玉野市,51336733,79,115,
岡山地域,玉野市,51336734,80,116,
岡山地域,玉野市,51336735,79,115,
岡山地域,玉野市,51336736,77,113,
岡山地域,玉野市,51336737,77,113,
岡山地域,玉野市,51336738,77,113,
岡山地域,玉野市,51336739,78,114,
岡山地域,玉野市,51336741,77,113,
岡山地域,玉野市,51336742,77,113,
岡山地域,玉野市,51336743,77,113,
岡山地域,玉野市,51336744,79,115,
岡山地域,玉野市,51336745,77,113,
岡山地域,玉野市,51336746,77,113,
岡山地域,玉野市,51336747,77,113,
岡山地域,玉野市,51336748,78,114,
岡山地域,玉野市,51336749,78,114,
岡山地域,玉野市,51336754,77,113,
岡山地域,玉野市,51336755,77,113,
岡山地域,玉野市,51336756,77,113,
岡山地域,玉野市,51336757,78,114,
岡山地域,玉野市,51336758,78,114,
岡山地域,玉野市,51336759,79,115,
岡山地域,玉野市,51336764,79,115,
岡山地域,玉野市,51336765,78,114,
岡山地域,玉野市,51336766,78,114,
岡山地域,玉野市,51336767,77,113,
岡山地域,玉野市,51336768,78,114,
岡山地域,玉野市,51336769,78,114,
岡山地域,玉野市,51336775,79,115,
岡山地域,玉野市,51336776,79,115,
岡山地域,玉野市,51336778,79,115,
岡山地域,玉野市,51336779,79,115,
岡山地域,玉野市,51336785,80,116,
岡山地域,玉野市,51336789,80,116,
岡山地域,玉野市,51346000,79,115,
岡山地域,玉野市,51346001,79,115,
岡山地域,玉野市,51346010,79,115,
岡山地域,玉野市,51346020,78,114,
岡山地域,玉野市,51346030,78,－,
岡山地域,玉野市,51346050,79,115,
岡山地域,玉野市,51346051,79,115,
岡山地域,玉野市,51346060,79,115,
岡山地域,玉野市,51346061,80,116,
岡山地域,玉野市,51346062,80,116,
岡山地域,玉野市,51346070,80,116,
岡山地域,玉野市,51346071,80,116,
岡山地域,玉野市,51346072,80,116,
岡山地域,玉野市,51346080,80,116,
岡山地域,玉野市,51346081,80,116,
岡山地域,玉野市,51346082,80,116,
岡山地域,瀬戸内市,51347009,83,121,
岡山地域,瀬戸内市,51347019,83,121,
岡山地域,瀬戸内市,51347029,82,120,
岡山地域,瀬戸内市,51347039,83,121,
岡山地域,瀬戸内市,51347049,82,120,
岡山地域,瀬戸内市,51347059,82,119,
岡山地域,瀬戸内市,51347066,80,117,
岡山地域,瀬戸内市,51347067,81,118,
岡山地域,瀬戸内市,51347068,80,117,
岡山地域,瀬戸内市,51347069,81,118,
岡山地域,瀬戸内市,51347076,81,118,
岡山地域,瀬戸内市,51347077,81,118,
岡山地域,瀬戸内市,51347078,80,117,
岡山地域,瀬戸内市,51347079,82,119,
岡山地域,瀬戸内市,51347085,81,118,
岡山地域,瀬戸内市,51347086,82,－,
岡山地域,瀬戸内市,51347087,81,118,
岡山地域,瀬戸内市,51347088,82,119,
岡山地域,瀬戸内市,51347089,82,119,
岡山地域,瀬戸内市,51347094,80,116,
岡山地域,瀬戸内市,51347095,80,116,
岡山地域,瀬戸内市,51347096,82,－,
岡山地域,瀬戸内市,51347097,82,－,
岡山地域,瀬戸内市,51347098,82,－,
岡山地域,瀬戸内市,51347099,82,119,
岡山地域,瀬戸内市,51347110,83,121,
岡山地域,瀬戸内市,51347111,84,－,
岡山地域,瀬戸内市,51347112,84,－,
岡山地域,瀬戸内市,51347113,84,－,
岡山地域,瀬戸内市,51347115,83,－,
岡山地域,瀬戸内市,51347116,83,－,
岡山地域,瀬戸内市,51347120,84,122,
岡山地域,瀬戸内市,51347121,84,－,
岡山地域,瀬戸内市,51347122,84,－,
岡山地域,瀬戸内市,51347123,84,122,
岡山地域,瀬戸内市,51347124,83,121,
岡山地域,瀬戸内市,51347125,83,－,
岡山地域,瀬戸内市,51347126,83,－,
岡山地域,瀬戸内市,51347130,83,121,
岡山地域,瀬戸内市,51347131,84,122,
岡山地域,瀬戸内市,51347132,84,－,
岡山地域,瀬戸内市,51347133,82,120,
岡山地域,瀬戸内市,51347134,82,120,
岡山地域,瀬戸内市,51347135,83,－,
岡山地域,瀬戸内市,51347136,83,－,
岡山地域,瀬戸内市,51347140,83,121,
岡山地域,瀬戸内市,51347141,82,120,
岡山地域,瀬戸内市,51347142,83,121,
岡山地域,瀬戸内市,51347143,82,119,
岡山地域,瀬戸内市,51347144,83,－,
岡山地域,瀬戸内市,51347145,83,－,
岡山地域,瀬戸内市,51347150,82,119,
岡山地域,瀬戸内市,51347151,82,119,
岡山地域,瀬戸内市,51347152,81,118,
岡山地域,瀬戸内市,51347153,81,118,
岡山地域,瀬戸内市,51347154,83,－,
岡山地域,瀬戸内市,51347160,81,118,
岡山地域,瀬戸内市,51347161,80,117,
岡山地域,瀬戸内市,51347162,83,－,
岡山地域,瀬戸内市,51347163,83,－,
岡山地域,瀬戸内市,51347164,83,－,
岡山地域,瀬戸内市,51347170,81,118,
岡山地域,瀬戸内市,51347171,81,118,
岡山地域,瀬戸内市,51347172,80,117,
岡山地域,瀬戸内市,51347173,83,－,
岡山地域,瀬戸内市,51347180,81,118,
岡山地域,瀬戸内市,51347181,80,117,
岡山地域,瀬戸内市,51347182,80,117,
岡山地域,瀬戸内市,51347183,80,117,
岡山地域,瀬戸内市,51347184,80,117,
岡山地域,瀬戸内市,51347185,105,－,
岡山地域,瀬戸内市,51347190,81,118,
岡山地域,瀬戸内市,51347191,81,118,
岡山地域,瀬戸内市,51347192,80,117,
岡山地域,瀬戸内市,51347193,80,117,
岡山地域,瀬戸内市,51347194,82,119,
岡山地域,瀬戸内市,51347195,82,119,
岡山地域,瀬戸内市,51347196,105,－,
岡山地域,瀬戸内市,52340005,80,116,
岡山地域,瀬戸内市,52340006,82,－,
岡山地域,瀬戸内市,52340007,82,－,
岡山地域,瀬戸内市,52340008,81,118,
岡山地域,瀬戸内市,52340009,81,118,
岡山地域,瀬戸内市,52340016,80,116,
岡山地域,瀬戸内市,52340017,80,116,
岡山地域,瀬戸内市,52340018,80,116,
岡山地域,瀬戸内市,52340019,80,116,
岡山地域,瀬戸内市,52340026,80,116,
岡山地域,瀬戸内市,52340027,80,116,
岡山地域,瀬戸内市,52340028,80,116,
岡山地域,瀬戸内市,52340029,80,116,
岡山地域,瀬戸内市,52340037,80,116,
岡山地域,瀬戸内市,52340038,81,118,
岡山地域,瀬戸内市,52340039,80,117,
岡山地域,瀬戸内市,52340047,102,－,
岡山地域,瀬戸内市,52340048,102,－,
岡山地域,瀬戸内市,52340049,102,－,
岡山地域,瀬戸内市,52340057,80,117,
岡山地域,瀬戸内市,52340058,80,117,
岡山地域,瀬戸内市,52340068,80,116,
岡山地域,瀬戸内市,52340100,81,118,
岡山地域,瀬戸内市,52340101,80,117,
岡山地域,瀬戸内市,52340102,80,116,
岡山地域,瀬戸内市,52340103,81,118,
岡山地域,瀬戸内市,52340104,82,119,
岡山地域,瀬戸内市,52340105,82,120,
岡山地域,瀬戸内市,52340106,84,122,
岡山地域,瀬戸内市,52340107,105,－,
岡山地域,瀬戸内市,52340108,105,－,
岡山地域,瀬戸内市,52340109,105,－,
岡山地域,瀬戸内市,52340110,80,116,
岡山地域,瀬戸内市,52340111,80,117,
岡山地域,瀬戸内市,52340112,80,117,
岡山地域,瀬戸内市,52340113,80,117,
岡山地域,瀬戸内市,52340114,82,119,
岡山地域,瀬戸内市,52340115,84,122,
岡山地域,瀬戸内市,52340116,85,124,
岡山地域,瀬戸内市,52340117,84,122,
岡山地域,瀬戸内市,52340118,105,－,
岡山地域,瀬戸内市,52340119,105,－,
岡山地域,瀬戸内市,52340120,80,116,
岡山地域,瀬戸内市,52340121,80,116,
岡山地域,瀬戸内市,52340122,81,118,
岡山地域,瀬戸内市,52340124,82,119,
岡山地域,瀬戸内市,52340125,83,121,
岡山地域,瀬戸内市,52340126,84,122,
岡山地域,瀬戸内市,52340127,84,122,
岡山地域,瀬戸内市,52340128,105,－,
岡山地域,瀬戸内市,52340129,105,－,
岡山地域,瀬戸内市,52340130,80,116,
岡山地域,瀬戸内市,52340131,80,116,
岡山地域,瀬戸内市,52340132,80,116,
岡山地域,瀬戸内市,52340135,82,119,
岡山地域,瀬戸内市,52340136,82,120,
岡山地域,瀬戸内市,52340137,83,121,
岡山地域,瀬戸内市,52340138,83,121,
岡山地域,瀬戸内市,52340139,83,121,
岡山地域,瀬戸内市,52340140,80,116,
岡山地域,瀬戸内市,52340141,80,116,
岡山地域,瀬戸内市,52340142,80,116,
岡山地域,瀬戸内市,52340148,82,120,
岡山地域,瀬戸内市,52340149,82,120,
岡山地域,瀬戸内市,52340150,80,116,
岡山地域,瀬戸内市,52340151,80,116,
岡山地域,瀬戸内市,52340152,80,116,
岡山地域,瀬戸内市,52340158,82,119,
岡山地域,瀬戸内市,52340161,80,116,
岡山地域,瀬戸内市,52340200,105,－,
岡山地域,瀬戸内市,52340210,84,122,
岡山地域,瀬戸内市,52340211,105,－,
岡山地域,瀬戸内市,52340220,84,122,
岡山地域,瀬戸内市,52340221,105,－,
岡山地域,吉備中央町,52331504,80,116,
岡山地域,吉備中央町,52331514,80,116,
岡山地域,吉備中央町,52331515,89,－,
岡山地域,吉備中央町,52331516,80,116,
岡山地域,吉備中央町,52331524,80,117,
岡山地域,吉備中央町,52331525,80,116,
岡山地域,吉備中央町,52331526,79,115,
岡山地域,吉備中央町,52331528,80,116,
岡山地域,吉備中央町,52331533,81,118,
岡山地域,吉備中央町,52331534,81,118,
岡山地域,吉備中央町,52331535,80,116,
岡山地域,吉備中央町,52331536,80,116,
岡山地域,吉備中央町,52331537,80,116,
岡山地域,吉備中央町,52331538,80,116,
岡山地域,吉備中央町,52331539,80,116,
岡山地域,吉備中央町,52331543,82,119,
岡山地域,吉備中央町,52331544,81,118,
岡山地域,吉備中央町,52331545,81,118,
岡山地域,吉備中央町,52331546,80,117,
岡山地域,吉備中央町,52331547,80,116,
岡山地域,吉備中央町,52331548,80,116,
岡山地域,吉備中央町,52331549,80,116,
岡山地域,吉備中央町,52331553,83,121,
岡山地域,吉備中央町,52331554,82,120,
岡山地域,吉備中央町,52331555,82,119,
岡山地域,吉備中央町,52331556,82,119,
岡山地域,吉備中央町,52331557,80,116,
岡山地域,吉備中央町,52331558,80,116,
岡山地域,吉備中央町,52331559,80,116,
岡山地域,吉備中央町,52331563,84,122,
岡山地域,吉備中央町,52331564,83,121,
岡山地域,吉備中央町,52331565,82,120,
岡山地域,吉備中央町,52331566,82,120,
岡山地域,吉備中央町,52331567,82,119,
岡山地域,吉備中央町,52331568,81,118,
岡山地域,吉備中央町,52331569,80,117,
岡山地域,吉備中央町,52331572,83,121,
岡山地域,吉備中央町,52331573,82,120,
岡山地域,吉備中央町,52331574,83,121,
岡山地域,吉備中央町,52331575,84,122,
岡山地域,吉備中央町,52331576,84,122,
岡山地域,吉備中央町,52331577,83,121,
岡山地域,吉備中央町,52331578,82,119,
岡山地域,吉備中央町,52331579,82,119,
岡山地域,吉備中央町,52331582,82,120,
岡山地域,吉備中央町,52331583,82,119,
岡山地域,吉備中央町,52331584,83,121,
岡山地域,吉備中央町,52331585,84,123,
岡山地域,吉備中央町,52331586,84,123,
岡山地域,吉備中央町,52331587,84,122,
岡山地域,吉備中央町,52331588,82,119,
岡山地域,吉備中央町,52331589,82,119,
岡山地域,吉備中央町,52331591,84,122,
岡山地域,吉備中央町,52331592,83,121,
岡山地域,吉備中央町,52331593,83,121,
岡山地域,吉備中央町,52331594,84,122,
岡山地域,吉備中央町,52331595,84,122,
岡山地域,吉備中央町,52331596,84,122,
岡山地域,吉備中央町,52331597,83,121,
岡山地域,吉備中央町,52331598,82,120,
岡山地域,吉備中央町,52331599,82,120,
岡山地域,吉備中央町,52331640,80,116,
岡山地域,吉備中央町,52331650,80,116,
岡山地域,吉備中央町,52331651,80,116,
岡山地域,吉備中央町,52331660,80,117,
岡山地域,吉備中央町,52331661,80,117,
岡山地域,吉備中央町,52331670,82,119,
岡山地域,吉備中央町,52331671,83,121,
岡山地域,吉備中央町,52331672,82,120,
岡山地域,吉備中央町,52331674,80,117,
岡山地域,吉備中央町,52331675,80,117,
岡山地域,吉備中央町,52331680,82,120,
岡山地域,吉備中央町,52331681,84,122,
岡山地域,吉備中央町,52331682,82,119,
岡山地域,吉備中央町,52331683,82,119,
岡山地域,吉備中央町,52331684,80,116,
岡山地域,吉備中央町,52331685,81,118,
岡山地域,吉備中央町,52331690,83,121,
岡山地域,吉備中央町,52331691,82,120,
岡山地域,吉備中央町,52331692,82,119,
岡山地域,吉備中央町,52331693,80,117,
岡山地域,吉備中央町,52331694,80,117,
岡山地域,吉備中央町,52332501,84,122,
岡山地域,吉備中央町,52332502,84,122,
岡山地域,吉備中央町,52332503,83,121,
岡山地域,吉備中央町,52332504,84,122,
岡山地域,吉備中央町,52332505,82,120,
岡山地域,吉備中央町,52332506,83,121,
岡山地域,吉備中央町,52332507,82,120,
岡山地域,吉備中央町,52332508,82,119,
岡山地域,吉備中央町,52332509,82,119,
岡山地域,吉備中央町,52332512,84,122,
岡山地域,吉備中央町,52332513,84,122,
岡山地域,吉備中央町,52332514,83,121,
岡山地域,吉備中央町,52332515,84,122,
岡山地域,吉備中央町,52332516,83,121,
岡山地域,吉備中央町,52332517,83,121,
岡山地域,吉備中央町,52332518,82,119,
岡山地域,吉備中央町,52332519,82,119,
岡山地域,吉備中央町,52332523,84,122,
岡山地域,吉備中央町,52332524,84,123,
岡山地域,吉備中央町,52332525,85,124,
岡山地域,吉備中央町,52332526,84,122,
岡山地域,吉備中央町,52332527,83,121,
岡山地域,吉備中央町,52332528,82,120,
岡山地域,吉備中央町,52332529,82,119,
岡山地域,吉備中央町,52332533,85,124,
岡山地域,吉備中央町,52332534,85,124,
岡山地域,吉備中央町,52332535,86,125,
岡山地域,吉備中央町,52332536,84,123,
岡山地域,吉備中央町,52332537,84,122,
岡山地域,吉備中央町,52332538,82,120,
岡山地域,吉備中央町,52332539,82,119,
岡山地域,吉備中央町,52332543,85,124,
岡山地域,吉備中央町,52332544,85,124,
岡山地域,吉備中央町,52332545,86,125,
岡山地域,吉備中央町,52332546,85,124,
岡山地域,吉備中央町,52332547,84,122,
岡山地域,吉備中央町,52332548,82,120,
岡山地域,吉備中央町,52332549,82,119,
岡山地域,吉備中央町,52332554,85,124,
岡山地域,吉備中央町,52332555,84,123,
岡山地域,吉備中央町,52332556,84,122,
岡山地域,吉備中央町,52332557,82,120,
岡山地域,吉備中央町,52332558,82,120,
岡山地域,吉備中央町,52332559,82,119,
岡山地域,吉備中央町,52332565,84,122,
岡山地域,吉備中央町,52332566,83,121,
岡山地域,吉備中央町,52332567,82,120,
岡山地域,吉備中央町,52332568,82,120,
岡山地域,吉備中央町,52332569,82,119,
岡山地域,吉備中央町,52332576,83,121,
岡山地域,吉備中央町,52332577,83,121,
岡山地域,吉備中央町,52332578,83,－,
岡山地域,吉備中央町,52332579,82,120,
岡山地域,吉備中央町,52332587,83,121,
岡山地域,吉備中央町,52332588,83,121,
岡山地域,吉備中央町,52332589,83,121,
岡山地域,吉備中央町,52332597,83,121,
岡山地域,吉備中央町,52332598,84,－,
岡山地域,吉備中央町,52332599,84,122,
岡山地域,吉備中央町,52332600,82,120,
岡山地域,吉備中央町,52332601,82,120,
岡山地域,吉備中央町,52332602,82,119,
岡山地域,吉備中央町,52332603,81,118,
岡山地域,吉備中央町,52332604,80,117,
岡山地域,吉備中央町,52332605,80,117,
岡山地域,吉備中央町,52332610,82,119,
岡山地域,吉備中央町,52332611,82,119,
岡山地域,吉備中央町,52332612,82,120,
岡山地域,吉備中央町,52332613,82,119,
岡山地域,吉備中央町,52332614,81,118,
岡山地域,吉備中央町,52332615,80,116,
岡山地域,吉備中央町,52332616,80,117,
岡山地域,吉備中央町,52332620,82,119,
岡山地域,吉備中央町,52332621,83,121,
岡山地域,吉備中央町,52332622,84,122,
岡山地域,吉備中央町,52332623,83,121,
岡山地域,吉備中央町,52332624,82,119,
岡山地域,吉備中央町,52332625,82,119,
岡山地域,吉備中央町,52332626,80,117,
岡山地域,吉備中央町,52332627,80,116,
岡山地域,吉備中央町,52332630,82,119,
岡山地域,吉備中央町,52332631,82,119,
岡山地域,吉備中央町,52332632,83,121,
岡山地域,吉備中央町,52332633,84,122,
岡山地域,吉備中央町,52332634,84,122,
岡山地域,吉備中央町,52332635,82,120,
岡山地域,吉備中央町,52332636,82,119,
岡山地域,吉備中央町,52332637,80,117,
岡山地域,吉備中央町,52332640,82,119,
岡山地域,吉備中央町,52332641,82,119,
岡山地域,吉備中央町,52332642,82,119,
岡山地域,吉備中央町,52332643,82,120,
岡山地域,吉備中央町,52332644,84,122,
岡山地域,吉備中央町,52332645,84,122,
岡山地域,吉備中央町,52332646,82,119,
岡山地域,吉備中央町,52332647,80,116,
岡山地域,吉備中央町,52332650,81,118,
岡山地域,吉備中央町,52332651,81,118,
岡山地域,吉備中央町,52332652,81,118,
岡山地域,吉備中央町,52332653,81,118,
岡山地域,吉備中央町,52332654,82,119,
岡山地域,吉備中央町,52332655,82,119,
岡山地域,吉備中央町,52332656,81,118,
岡山地域,吉備中央町,52332657,80,116,
岡山地域,吉備中央町,52332660,82,119,
岡山地域,吉備中央町,52332661,82,119,
岡山地域,吉備中央町,52332662,82,119,
岡山地域,吉備中央町,52332663,80,117,
岡山地域,吉備中央町,52332664,81,118,
岡山地域,吉備中央町,52332665,81,118,
岡山地域,吉備中央町,52332666,80,116,
岡山地域,吉備中央町,52332667,80,116,
岡山地域,吉備中央町,52332670,82,120,
岡山地域,吉備中央町,52332671,82,119,
岡山地域,吉備中央町,52332672,81,118,
岡山地域,吉備中央町,52332673,81,118,
岡山地域,吉備中央町,52332674,80,117,
岡山地域,吉備中央町,52332675,80,116,
岡山地域,吉備中央町,52332676,80,116,
岡山地域,吉備中央町,52332677,80,116,
岡山地域,吉備中央町,52332678,80,117,
岡山地域,吉備中央町,52332680,82,120,
岡山地域,吉備中央町,52332681,82,119,
岡山地域,吉備中央町,52332682,82,119,
岡山地域,吉備中央町,52332683,81,118,
岡山地域,吉備中央町,52332684,82,119,
岡山地域,吉備中央町,52332685,80,117,
岡山地域,吉備中央町,52332686,81,118,
岡山地域,吉備中央町,52332687,82,119,
岡山地域,吉備中央町,52332688,82,119,
岡山地域,吉備中央町,52332689,82,119,
岡山地域,吉備中央町,52332690,84,122,
岡山地域,吉備中央町,52332691,84,122,
岡山地域,吉備中央町,52332692,82,119,
岡山地域,吉備中央町,52332693,82,119,
岡山地域,吉備中央町,52332694,82,119,
岡山地域,吉備中央町,52332695,82,119,
岡山地域,吉備中央町,52332696,82,119,
岡山地域,吉備中央町,52332697,82,120,
岡山地域,吉備中央町,52332698,83,121,
岡山地域,吉備中央町,52333507,83,121,
岡山地域,吉備中央町,52333508,84,122,
岡山地域,吉備中央町,52333509,84,123,
岡山地域,吉備中央町,52333517,84,122,
岡山地域,吉備中央町,52333518,84,122,
岡山地域,吉備中央町,52333519,84,123,
岡山地域,吉備中央町,52333528,84,122,
岡山地域,吉備中央町,52333529,84,122,
岡山地域,吉備中央町,52333537,84,122,
岡山地域,吉備中央町,52333538,84,123,
岡山地域,吉備中央町,52333539,84,123,
岡山地域,吉備中央町,52333600,85,124,
岡山地域,吉備中央町,52333601,84,122,
岡山地域,吉備中央町,52333602,83,121,
岡山地域,吉備中央町,52333603,82,119,
岡山地域,吉備中央町,52333604,82,119,
岡山地域,吉備中央町,52333605,81,118,
岡山地域,吉備中央町,52333606,82,119,
岡山地域,吉備中央町,52333607,82,120,
岡山地域,吉備中央町,52333610,85,124,
岡山地域,吉備中央町,52333611,84,123,
岡山地域,吉備中央町,52333612,83,121,
岡山地域,吉備中央町,52333613,82,119,
岡山地域,吉備中央町,52333614,82,119,
岡山地域,吉備中央町,52333615,81,118,
岡山地域,吉備中央町,52333616,81,118,
岡山地域,吉備中央町,52333617,82,119,
岡山地域,吉備中央町,52333620,84,123,
岡山地域,吉備中央町,52333621,84,122,
岡山地域,吉備中央町,52333624,82,119,
岡山地域,吉備中央町,52333625,81,118,
岡山地域,吉備中央町,52333626,93,－,
岡山地域,吉備中央町,52333627,93,－,
岡山地域,吉備中央町,52333630,84,123,
岡山地域,吉備中央町,52333635,82,119,
岡山地域,吉備中央町,52333636,81,118,
東備地域,備前市,52340059,102,148,
東備地域,備前市,52340069,100,146,
東備地域,備前市,52340078,100,146,
東備地域,備前市,52340079,101,147,
東備地域,備前市,52340088,101,147,
東備地域,備前市,52340089,100,146,
東備地域,備前市,52340099,101,147,
東備地域,備前市,52340123,102,148,
東備地域,備前市,52340133,102,148,
東備地域,備前市,52340134,102,148,
東備地域,備前市,52340143,102,148,
東備地域,備前市,52340144,102,148,
東備地域,備前市,52340145,102,149,
東備地域,備前市,52340146,102,149,
東備地域,備前市,52340147,102,149,
東備地域,備前市,52340153,102,148,
東備地域,備前市,52340154,102,148,
東備地域,備前市,52340155,102,148,
東備地域,備前市,52340156,102,148,
東備地域,備前市,52340157,103,150,
東備地域,備前市,52340159,105,－,
東備地域,備前市,52340160,101,147,
東備地域,備前市,52340162,101,147,
東備地域,備前市,52340163,102,148,
東備地域,備前市,52340164,102,148,
東備地域,備前市,52340165,102,148,
東備地域,備前市,52340166,103,－,
東備地域,備前市,52340167,103,－,
東備地域,備前市,52340168,102,148,
東備地域,備前市,52340169,103,150,
東備地域,備前市,52340170,101,147,
東備地域,備前市,52340171,101,147,
東備地域,備前市,52340172,102,148,
東備地域,備前市,52340173,102,148,
東備地域,備前市,52340174,102,148,
東備地域,備前市,52340175,102,148,
東備地域,備前市,52340176,102,148,
東備地域,備前市,52340177,102,148,
東備地域,備前市,52340178,102,148,
東備地域,備前市,52340179,103,150,
東備地域,備前市,52340180,100,146,
東備地域,備前市,52340181,101,147,
東備地域,備前市,52340182,102,148,
東備地域,備前市,52340183,102,149,
東備地域,備前市,52340184,103,150,
東備地域,備前市,52340185,103,150,
東備地域,備前市,52340186,102,148,
東備地域,備前市,52340187,102,148,
東備地域,備前市,52340188,102,148,
東備地域,備前市,52340189,103,150,
東備地域,備前市,52340190,101,147,
東備地域,備前市,52340191,101,147,
東備地域,備前市,52340192,102,148,
東備地域,備前市,52340193,102,149,
東備地域,備前市,52340194,103,150,
東備地域,備前市,52340195,103,150,
東備地域,備前市,52340196,104,151,
東備地域,備前市,52340197,103,150,
東備地域,備前市,52340198,103,150,
東備地域,備前市,52340199,103,150,
東備地域,備前市,52340213,104,152,
東備地域,備前市,52340214,104,152,
東備地域,備前市,52340223,104,152,
東備地域,備前市,52340224,104,152,
東備地域,備前市,52340230,105,153,
東備地域,備前市,52340231,105,153,
東備地域,備前市,52340232,105,153,
東備地域,備前市,52340233,105,153,
東備地域,備前市,52340235,104,－,
東備地域,備前市,52340240,104,152,
東備地域,備前市,52340241,104,152,
東備地域,備前市,52340242,105,153,
東備地域,備前市,52340243,105,153,
東備地域,備前市,52340244,104,152,
東備地域,備前市,52340245,104,152,
東備地域,備前市,52340247,104,－,
東備地域,備前市,52340250,105,－,
東備地域,備前市,52340251,105,－,
東備地域,備前市,52340252,105,153,
東備地域,備前市,52340253,104,152,
東備地域,備前市,52340254,104,152,
東備地域,備前市,52340255,104,152,
東備地域,備前市,52340256,104,－,
東備地域,備前市,52340257,104,－,
東備地域,備前市,52340260,104,152,
東備地域,備前市,52340261,105,153,
東備地域,備前市,52340262,105,153,
東備地域,備前市,52340263,104,152,
東備地域,備前市,52340264,104,152,
東備地域,備前市,52340265,104,152,
東備地域,備前市,52340266,104,－,
東備地域,備前市,52340267,104,－,
東備地域,備前市,52340270,105,153,
東備地域,備前市,52340271,105,153,
東備地域,備前市,52340272,105,153,
東備地域,備前市,52340273,103,150,
東備地域,備前市,52340274,104,151,
東備地域,備前市,52340275,104,151,
東備地域,備前市,52340280,104,151,
東備地域,備前市,52340281,105,153,
東備地域,備前市,52340282,105,153,
東備地域,備前市,52340283,103,150,
東備地域,備前市,52340284,103,150,
東備地域,備前市,52340290,103,150,
東備地域,備前市,52340291,103,150,
東備地域,備前市,52340292,103,150,
東備地域,備前市,52340293,103,150,
東備地域,備前市,52340294,103,150,
東備地域,備前市,52341100,102,148,
東備地域,備前市,52341101,102,148,
東備地域,備前市,52341102,102,148,
東備地域,備前市,52341103,102,148,
東備地域,備前市,52341104,102,149,
東備地域,備前市,52341105,103,150,
東備地域,備前市,52341106,104,152,
東備地域,備前市,52341107,104,152,
東備地域,備前市,52341108,103,150,
東備地域,備前市,52341109,103,150,
東備地域,備前市,52341111,102,－,
東備地域,備前市,52341114,102,148,
東備地域,備前市,52341115,102,148,
東備地域,備前市,52341116,103,150,
東備地域,備前市,52341117,103,150,
東備地域,備前市,52341118,103,150,
東備地域,備前市,52341119,103,150,
東備地域,備前市,52341126,102,148,
東備地域,備前市,52341127,102,148,
東備地域,備前市,52341128,102,148,
東備地域,備前市,52341129,103,150,
東備地域,備前市,52341136,100,146,
東備地域,備前市,52341137,101,147,
東備地域,備前市,52341138,102,148,
東備地域,備前市,52341139,103,150,
東備地域,備前市,52341146,100,146,
東備地域,備前市,52341147,101,147,
東備地域,備前市,52341148,101,147,
東備地域,備前市,52341149,103,150,
東備地域,備前市,52341155,101,147,
東備地域,備前市,52341156,102,148,
東備地域,備前市,52341157,100,146,
東備地域,備前市,52341158,100,146,
東備地域,備前市,52341159,102,149,
東備地域,備前市,52341165,102,148,
東備地域,備前市,52341166,102,148,
東備地域,備前市,52341167,102,148,
東備地域,備前市,52341168,101,147,
東備地域,備前市,52341169,102,148,
東備地域,備前市,52341176,102,148,
東備地域,備前市,52341177,102,148,
東備地域,備前市,52341178,102,148,
東備地域,備前市,52341179,102,148,
東備地域,備前市,52341186,102,148,
東備地域,備前市,52341187,102,148,
東備地域,備前市,52341188,101,147,
東備地域,備前市,52341189,102,148,
東備地域,備前市,52341197,102,148,
東備地域,備前市,52341198,102,148,
東備地域,備前市,52341199,102,148,
東備地域,備前市,52341200,103,150,
東備地域,備前市,52341201,103,150,
東備地域,備前市,52341202,103,150,
東備地域,備前市,52341203,103,150,
東備地域,備前市,52341204,103,150,
東備地域,備前市,52341210,103,150,
東備地域,備前市,52341211,103,150,
東備地域,備前市,52341212,102,149,
東備地域,備前市,52341213,103,150,
東備地域,備前市,52341214,103,150,
東備地域,備前市,52341215,103,150,
東備地域,備前市,52341220,104,152,
東備地域,備前市,52341221,103,150,
東備地域,備前市,52341222,103,150,
東備地域,備前市,52341223,103,150,
東備地域,備前市,52341224,103,150,
東備地域,備前市,52341225,103,150,
東備地域,備前市,52341226,103,150,
東備地域,備前市,52341230,104,151,
東備地域,備前市,52341231,105,153,
東備地域,備前市,52341232,103,150,
東備地域,備前市,52341233,103,150,
東備地域,備前市,52341234,104,151,
東備地域,備前市,52341240,104,152,
東備地域,備前市,52341241,105,153,
東備地域,備前市,52341242,105,153,
東備地域,備前市,52341243,104,151,
東備地域,備前市,52341244,104,152,
東備地域,備前市,52341250,104,151,
東備地域,備前市,52341251,106,154,
東備地域,備前市,52341252,105,153,
東備地域,備前市,52341253,105,153,
東備地域,備前市,52341254,105,153,
東備地域,備前市,52341260,104,151,
東備地域,備前市,52341261,106,154,
東備地域,備前市,52341262,106,155,
東備地域,備前市,52341263,105,153,
東備地域,備前市,52341264,105,153,
東備地域,備前市,52341270,103,150,
東備地域,備前市,52341271,105,153,
東備地域,備前市,52341272,106,155,
東備地域,備前市,52341273,105,153,
東備地域,備前市,52341280,102,149,
東備地域,備前市,52341281,104,151,
東備地域,備前市,52341282,105,153,
東備地域,備前市,52341290,102,148,
東備地域,備前市,52342107,102,148,
東備地域,備前市,52342108,102,148,
東備地域,備前市,52342109,101,147,
東備地域,備前市,52342117,102,148,
東備地域,備前市,52342118,102,148,
東備地域,備前市,52342119,102,148,
東備地域,備前市,52342126,102,148,
東備地域,備前市,52342127,102,148,
東備地域,備前市,52342128,102,149,
東備地域,備前市,52342129,102,149,
東備地域,備前市,52342135,102,148,
東備地域,備前市,52342136,102,148,
東備地域,備前市,52342137,102,148,
東備地域,備前市,52342138,103,150,
東備地域,備前市,52342139,104,152,
東備地域,備前市,52342145,102,149,
東備地域,備前市,52342146,102,149,
東備地域,備前市,52342147,103,150,
東備地域,備前市,52342148,103,150,
東備地域,備前市,52342149,105,153,
東備地域,備前市,52342155,102,148,
東備地域,備前市,52342156,102,149,
東備地域,備前市,52342157,103,150,
東備地域,備前市,52342158,104,151,
東備地域,備前市,52342159,104,152,
東備地域,備前市,52342166,102,149,
東備地域,備前市,52342167,103,150,
東備地域,備前市,52342168,103,150,
東備地域,備前市,52342169,103,150,
東備地域,備前市,52342176,103,150,
東備地域,備前市,52342177,103,150,
東備地域,備前市,52342178,104,151,
東備地域,備前市,52342179,104,151,
東備地域,備前市,52342186,103,150,
東備地域,備前市,52342187,103,150,
東備地域,備前市,52342188,104,152,
東備地域,備前市,52342189,105,153,
東備地域,備前市,52342198,105,153,
東備地域,備前市,52342199,107,156,
東備地域,備前市,52342200,102,148,
東備地域,備前市,52342210,102,－,
東備地域,備前市,52342230,105,153,
東備地域,備前市,52342240,106,154,
東備地域,備前市,52342250,105,153,
東備地域,備前市,52342260,104,151,
東備地域,備前市,52342261,104,151,
東備地域,備前市,52342270,104,152,
東備地域,備前市,52342271,104,151,
東備地域,備前市,52342272,107,－,
東備地域,備前市,52342280,106,155,
東備地域,備前市,52342281,106,154,
東備地域,備前市,52342282,107,－,
東備地域,備前市,52342290,108,157,
東備地域,備前市,52342291,107,156,
東備地域,備前市,52342292,105,153,
東備地域,備前市,52343108,105,153,
東備地域,備前市,52343109,108,157,
東備地域,備前市,52343119,106,155,
東備地域,備前市,52343129,109,－,
東備地域,備前市,52343200,109,158,
東備地域,備前市,52343201,109,158,
東備地域,備前市,52343210,107,156,
東備地域,備前市,52343211,109,－,
東備地域,備前市,52343220,109,－,
東備地域,赤磐市,52330779,100,146,
東備地域,赤磐市,52330789,101,147,
東備地域,赤磐市,52330798,101,147,
東備地域,赤磐市,52330799,100,146,
東備地域,赤磐市,52331708,101,147,
東備地域,赤磐市,52331709,100,146,
東備地域,赤磐市,52331719,100,146,
東備地域,赤磐市,52331728,100,146,
東備地域,赤磐市,52331729,101,147,
東備地域,赤磐市,52331738,101,147,
東備地域,赤磐市,52331739,102,148,
東備地域,赤磐市,52331747,100,146,
東備地域,赤磐市,52331748,102,148,
東備地域,赤磐市,52331749,102,149,
東備地域,赤磐市,52331758,100,146,
東備地域,赤磐市,52331759,102,148,
東備地域,赤磐市,52331768,100,146,
東備地域,赤磐市,52331769,100,146,
東備地域,赤磐市,52331779,100,146,
東備地域,赤磐市,52331789,100,145,
東備地域,赤磐市,52331799,100,145,
東備地域,赤磐市,52332709,100,145,
東備地域,赤磐市,52332719,100,145,
東備地域,赤磐市,52332727,100,145,
東備地域,赤磐市,52332728,100,145,
東備地域,赤磐市,52332729,100,146,
東備地域,赤磐市,52332737,100,145,
東備地域,赤磐市,52332738,100,145,
東備地域,赤磐市,52332739,100,146,
東備地域,赤磐市,52332747,100,145,
東備地域,赤磐市,52332748,100,146,
東備地域,赤磐市,52332749,102,148,
東備地域,赤磐市,52332758,100,146,
東備地域,赤磐市,52332759,101,147,
東備地域,赤磐市,52332769,100,146,
東備地域,赤磐市,52340070,101,147,
東備地域,赤磐市,52340080,101,147,
東備地域,赤磐市,52340081,102,148,
東備地域,赤磐市,52340090,100,146,
東備地域,赤磐市,52340091,102,148,
東備地域,赤磐市,52340092,102,148,
東備地域,赤磐市,52341000,100,145,
東備地域,赤磐市,52341001,102,－,
東備地域,赤磐市,52341002,101,147,
東備地域,赤磐市,52341003,101,147,
東備地域,赤磐市,52341010,100,146,
東備地域,赤磐市,52341011,100,146,
東備地域,赤磐市,52341012,100,146,
東備地域,赤磐市,52341013,100,146,
東備地域,赤磐市,52341018,102,148,
東備地域,赤磐市,52341019,102,148,
東備地域,赤磐市,52341020,101,147,
東備地域,赤磐市,52341021,102,－,
東備地域,赤磐市,52341022,101,147,
東備地域,赤磐市,52341023,100,146,
東備地域,赤磐市,52341024,100,145,
東備地域,赤磐市,52341027,102,148,
東備地域,赤磐市,52341028,102,148,
東備地域,赤磐市,52341029,101,147,
東備地域,赤磐市,52341030,102,148,
東備地域,赤磐市,52341031,102,148,
東備地域,赤磐市,52341032,102,－,
東備地域,赤磐市,52341033,102,－,
東備地域,赤磐市,52341034,100,146,
東備地域,赤磐市,52341037,102,148,
東備地域,赤磐市,52341038,101,147,
東備地域,赤磐市,52341039,101,147,
東備地域,赤磐市,52341040,103,150,
東備地域,赤磐市,52341041,102,149,
東備地域,赤磐市,52341042,102,148,
東備地域,赤磐市,52341043,100,146,
東備地域,赤磐市,52341044,101,147,
東備地域,赤磐市,52341045,101,147,
東備地域,赤磐市,52341046,101,147,
東備地域,赤磐市,52341047,101,147,
東備地域,赤磐市,52341048,101,147,
東備地域,赤磐市,52341049,101,147,
東備地域,赤磐市,52341050,103,150,
東備地域,赤磐市,52341051,103,150,
東備地域,赤磐市,52341052,101,147,
東備地域,赤磐市,52341053,100,145,
東備地域,赤磐市,52341054,100,145,
東備地域,赤磐市,52341055,100,146,
東備地域,赤磐市,52341056,101,147,
東備地域,赤磐市,52341057,101,147,
東備地域,赤磐市,52341058,101,147,
東備地域,赤磐市,52341060,102,148,
東備地域,赤磐市,52341061,101,147,
東備地域,赤磐市,52341062,101,147,
東備地域,赤磐市,52341063,101,147,
東備地域,赤磐市,52341064,100,146,
東備地域,赤磐市,52341065,101,147,
東備地域,赤磐市,52341066,101,147,
東備地域,赤磐市,52341067,101,147,
東備地域,赤磐市,52341070,100,146,
東備地域,赤磐市,52341071,100,145,
東備地域,赤磐市,52341072,100,145,
東備地域,赤磐市,52341073,100,146,
東備地域,赤磐市,52341074,101,147,
東備地域,赤磐市,52341075,102,148,
東備地域,赤磐市,52341076,101,147,
東備地域,赤磐市,52341080,100,145,
東備地域,赤磐市,52341081,100,145,
東備地域,赤磐市,52341082,100,145,
東備地域,赤磐市,52341083,101,147,
東備地域,赤磐市,52341084,102,148,
東備地域,赤磐市,52341085,102,148,
東備地域,赤磐市,52341086,102,148,
東備地域,赤磐市,52341090,100,145,
東備地域,赤磐市,52341091,100,145,
東備地域,赤磐市,52341092,100,145,
東備地域,赤磐市,52341093,100,146,
東備地域,赤磐市,52341110,101,147,
東備地域,赤磐市,52341120,101,147,
東備地域,赤磐市,52341121,102,148,
東備地域,赤磐市,52341130,102,148,
東備地域,赤磐市,52341131,102,148,
東備地域,赤磐市,52341140,102,148,
東備地域,赤磐市,52342000,100,145,
東備地域,赤磐市,52342001,100,145,
東備地域,赤磐市,52342002,100,145,
東備地域,赤磐市,52342010,100,145,
東備地域,赤磐市,52342011,100,145,
東備地域,赤磐市,52342012,100,145,
東備地域,赤磐市,52342020,100,145,
東備地域,赤磐市,52342021,100,145,
東備地域,赤磐市,52342022,100,145,
東備地域,赤磐市,52342023,100,145,
東備地域,赤磐市,52342030,101,147,
東備地域,赤磐市,52342031,100,146,
東備地域,赤磐市,52342032,100,145,
東備地域,赤磐市,52342033,100,145,
東備地域,赤磐市,52342034,99,144,
東備地域,赤磐市,52342035,98,143,
東備地域,赤磐市,52342040,102,148,
東備地域,赤磐市,52342041,102,148,
東備地域,赤磐市,52342042,100,145,
東備地域,赤磐市,52342043,99,144,
東備地域,赤磐市,52342044,99,144,
東備地域,赤磐市,52342045,99,144,
東備地域,赤磐市,52342050,102,148,
東備地域,赤磐市,52342051,100,146,
東備地域,赤磐市,52342052,100,145,
東備地域,赤磐市,52342053,100,145,
東備地域,赤磐市,52342054,100,145,
東備地域,赤磐市,52342055,100,145,
東備地域,赤磐市,52342056,99,144,
東備地域,赤磐市,52342057,100,145,
東備地域,赤磐市,52342060,100,146,
東備地域,赤磐市,52342061,100,146,
東備地域,赤磐市,52342062,100,145,
東備地域,赤磐市,52342063,100,146,
東備地域,赤磐市,52342064,100,145,
東備地域,赤磐市,52342065,100,145,
東備地域,赤磐市,52342066,100,145,
東備地域,赤磐市,52342067,100,145,
東備地域,赤磐市,52342070,100,145,
東備地域,赤磐市,52342071,101,147,
東備地域,赤磐市,52342072,100,145,
東備地域,赤磐市,52342073,100,145,
東備地域,赤磐市,52342074,100,145,
東備地域,赤磐市,52342075,100,145,
東備地域,赤磐市,52342076,100,145,
東備地域,赤磐市,52342080,100,145,
東備地域,赤磐市,52342081,100,146,
東備地域,赤磐市,52342082,100,145,
東備地域,赤磐市,52342083,100,145,
東備地域,赤磐市,52342084,100,146,
東備地域,赤磐市,52342085,100,146,
東備地域,赤磐市,52342086,100,146,
東備地域,赤磐市,52342090,100,146,
東備地域,赤磐市,52342091,100,146,
東備地域,赤磐市,52342092,100,146,
東備地域,赤磐市,52342093,100,145,
東備地域,赤磐市,52342094,101,147,
東備地域,赤磐市,52342095,102,148,
東備地域,赤磐市,52342096,103,150,
東備地域,赤磐市,52342097,102,149,
東備地域,赤磐市,52343001,100,146,
東備地域,赤磐市,52343002,100,145,
東備地域,赤磐市,52343003,100,146,
東備地域,赤磐市,52343004,101,147,
東備地域,赤磐市,52343005,102,149,
東備地域,赤磐市,52343006,103,150,
東備地域,赤磐市,52343007,104,151,
東備地域,赤磐市,52343011,101,147,
東備地域,赤磐市,52343012,100,146,
東備地域,赤磐市,52343013,100,146,
東備地域,赤磐市,52343014,102,148,
東備地域,赤磐市,52343015,102,148,
東備地域,赤磐市,52343016,103,150,
東備地域,赤磐市,52343021,102,148,
東備地域,赤磐市,52343022,101,147,
東備地域,赤磐市,52343023,100,146,
東備地域,赤磐市,52343024,100,146,
東備地域,赤磐市,52343025,101,147,
東備地域,赤磐市,52343026,102,148,
東備地域,赤磐市,52343032,102,148,
東備地域,和気町,52341059,102,148,
東備地域,和気町,52341068,102,148,
東備地域,和気町,52341069,102,148,
東備地域,和気町,52341077,101,147,
東備地域,和気町,52341078,101,147,
東備地域,和気町,52341079,101,147,
東備地域,和気町,52341087,101,147,
東備地域,和気町,52341088,101,147,
東備地域,和気町,52341089,101,147,
東備地域,和気町,52341094,100,146,
東備地域,和気町,52341095,101,147,
東備地域,和気町,52341096,101,147,
東備地域,和気町,52341097,100,146,
東備地域,和気町,52341098,100,146,
東備地域,和気町,52341099,101,147,
東備地域,和気町,52341112,102,148,
東備地域,和気町,52341113,101,147,
東備地域,和気町,52341122,101,147,
東備地域,和気町,52341123,102,148,
東備地域,和気町,52341124,101,147,
東備地域,和気町,52341125,102,148,
東備地域,和気町,52341132,102,148,
東備地域,和気町,52341133,102,148,
東備地域,和気町,52341134,102,148,
東備地域,和気町,52341135,102,148,
東備地域,和気町,52341141,102,149,
東備地域,和気町,52341142,102,148,
東備地域,和気町,52341143,102,148,
東備地域,和気町,52341144,102,148,
東備地域,和気町,52341145,101,147,
東備地域,和気町,52341150,102,149,
東備地域,和気町,52341151,103,150,
東備地域,和気町,52341152,103,150,
東備地域,和気町,52341153,102,149,
東備地域,和気町,52341154,102,148,
東備地域,和気町,52341160,102,148,
東備地域,和気町,52341161,103,150,
東備地域,和気町,52341162,104,151,
東備地域,和気町,52341163,104,151,
東備地域,和気町,52341164,103,150,
東備地域,和気町,52341170,102,148,
東備地域,和気町,52341171,103,150,
東備地域,和気町,52341172,103,150,
東備地域,和気町,52341173,104,151,
東備地域,和気町,52341174,104,151,
東備地域,和気町,52341175,103,150,
東備地域,和気町,52341180,101,147,
東備地域,和気町,52341181,102,148,
東備地域,和気町,52341182,102,149,
東備地域,和気町,52341183,102,149,
東備地域,和気町,52341184,103,150,
東備地域,和気町,52341185,102,149,
東備地域,和気町,52341190,101,147,
東備地域,和気町,52341191,102,148,
東備地域,和気町,52341192,102,148,
東備地域,和気町,52341193,102,148,
東備地域,和気町,52341194,102,148,
東備地域,和気町,52341195,102,148,
東備地域,和気町,52341196,102,148,
東備地域,和気町,52342003,100,145,
東備地域,和気町,52342004,100,145,
東備地域,和気町,52342005,100,145,
東備地域,和気町,52342006,100,146,
東備地域,和気町,52342007,100,146,
東備地域,和気町,52342008,100,146,
東備地域,和気町,52342009,101,147,
東備地域,和気町,52342013,100,145,
東備地域,和気町,52342014,100,145,
東備地域,和気町,52342015,100,145,
東備地域,和気町,52342016,100,145,
東備地域,和気町,52342017,100,145,
東備地域,和気町,52342018,100,145,
東備地域,和気町,52342019,100,146,
東備地域,和気町,52342024,100,145,
東備地域,和気町,52342025,99,144,
東備地域,和気町,52342026,100,145,
東備地域,和気町,52342027,100,145,
東備地域,和気町,52342028,100,145,
東備地域,和気町,52342029,100,145,
東備地域,和気町,52342036,100,145,
東備地域,和気町,52342037,100,145,
東備地域,和気町,52342038,100,145,
東備地域,和気町,52342039,100,145,
東備地域,和気町,52342046,99,144,
東備地域,和気町,52342047,100,145,
東備地域,和気町,52342048,99,144,
東備地域,和気町,52342049,101,147,
東備地域,和気町,52342058,100,145,
東備地域,和気町,52342059,101,147,
東備地域,和気町,52342068,100,146,
東備地域,和気町,52342069,100,146,
東備地域,和気町,52342077,100,145,
東備地域,和気町,52342078,100,146,
東備地域,和気町,52342079,101,147,
東備地域,和気町,52342087,101,147,
東備地域,和気町,52342088,102,148,
東備地域,和気町,52342089,101,147,
東備地域,和気町,52342098,102,148,
東備地域,和気町,52342099,102,148,
東備地域,和気町,52342100,100,146,
東備地域,和気町,52342101,102,148,
東備地域,和気町,52342102,102,148,
東備地域,和気町,52342103,101,147,
東備地域,和気町,52342104,101,147,
東備地域,和気町,52342105,102,148,
東備地域,和気町,52342106,102,148,
東備地域,和気町,52342110,101,147,
東備地域,和気町,52342111,102,148,
東備地域,和気町,52342112,101,147,
東備地域,和気町,52342113,101,147,
東備地域,和気町,52342114,101,147,
東備地域,和気町,52342115,102,148,
東備地域,和気町,52342116,102,148,
東備地域,和気町,52342120,100,146,
東備地域,和気町,52342121,102,148,
東備地域,和気町,52342122,102,148,
東備地域,和気町,52342123,102,148,
東備地域,和気町,52342124,102,148,
東備地域,和気町,52342125,102,148,
東備地域,和気町,52342130,100,146,
東備地域,和気町,52342131,102,148,
東備地域,和気町,52342132,101,147,
東備地域,和気町,52342133,102,148,
東備地域,和気町,52342134,102,148,
東備地域,和気町,52342140,101,147,
東備地域,和気町,52342141,100,146,
東備地域,和気町,52342142,102,148,
東備地域,和気町,52342143,102,148,
東備地域,和気町,52342144,102,148,
東備地域,和気町,52342150,100,146,
東備地域,和気町,52342151,100,146,
東備地域,和気町,52342152,102,148,
東備地域,和気町,52342153,102,149,
東備地域,和気町,52342154,102,149,
東備地域,和気町,52342160,101,147,
東備地域,和気町,52342161,102,148,
東備地域,和気町,52342163,102,148,
東備地域,和気町,52342164,102,148,
東備地域,和気町,52342165,102,149,
東備地域,和気町,52342174,102,149,
倉敷地域,倉敷市,51335489,90,114,
倉敷地域,倉敷市,51335498,88,112,
倉敷地域,倉敷市,51335499,87,111,
倉敷地域,倉敷市,51335567,90,－,
倉敷地域,倉敷市,51335568,90,－,
倉敷地域,倉敷市,51335569,90,－,
倉敷地域,倉敷市,51335576,90,－,
倉敷地域,倉敷市,51335577,90,－,
倉敷地域,倉敷市,51335578,90,－,
倉敷地域,倉敷市,51335579,90,－,
倉敷地域,倉敷市,51335583,90,－,
倉敷地域,倉敷市,51335584,90,－,
倉敷地域,倉敷市,51335586,90,－,
倉敷地域,倉敷市,51335587,90,－,
倉敷地域,倉敷市,51335588,90,－,
倉敷地域,倉敷市,51335589,90,－,
倉敷地域,倉敷市,51335590,－,－,
倉敷地域,倉敷市,51335593,90,－,
倉敷地域,倉敷市,51335594,90,－,
倉敷地域,倉敷市,51335596,90,－,
倉敷地域,倉敷市,51335597,90,－,
倉敷地域,倉敷市,51335598,90,－,
倉敷地域,倉敷市,51335599,90,－,
倉敷地域,倉敷市,51335600,85,108,
倉敷地域,倉敷市,51335601,84,107,
倉敷地域,倉敷市,51335602,84,107,
倉敷地域,倉敷市,51335605,90,114,
倉敷地域,倉敷市,51335610,85,108,
倉敷地域,倉敷市,51335611,85,108,
倉敷地域,倉敷市,51335612,86,－,
倉敷地域,倉敷市,51335615,86,110,
倉敷地域,倉敷市,51335622,86,110,
倉敷地域,倉敷市,51335623,86,110,
倉敷地域,倉敷市,51335624,86,109,
倉敷地域,倉敷市,51335625,86,110,
倉敷地域,倉敷市,51335632,86,110,
倉敷地域,倉敷市,51335633,86,110,
倉敷地域,倉敷市,51335634,86,110,
倉敷地域,倉敷市,51335635,89,113,
倉敷地域,倉敷市,51335641,86,109,
倉敷地域,倉敷市,51335642,87,111,
倉敷地域,倉敷市,51335643,87,111,
倉敷地域,倉敷市,51335644,87,111,
倉敷地域,倉敷市,51335651,86,110,
倉敷地域,倉敷市,51335652,89,113,
倉敷地域,倉敷市,51335653,90,114,
倉敷地域,倉敷市,51335654,92,－,
倉敷地域,倉敷市,51335655,92,－,
倉敷地域,倉敷市,51335659,87,111,
倉敷地域,倉敷市,51335660,86,110,
倉敷地域,倉敷市,51335661,86,110,
倉敷地域,倉敷市,51335662,88,112,
倉敷地域,倉敷市,51335663,90,115,
倉敷地域,倉敷市,51335664,92,117,
倉敷地域,倉敷市,51335665,90,115,
倉敷地域,倉敷市,51335666,92,－,
倉敷地域,倉敷市,51335667,87,111,
倉敷地域,倉敷市,51335668,87,111,
倉敷地域,倉敷市,51335669,88,112,
倉敷地域,倉敷市,51335670,86,110,
倉敷地域,倉敷市,51335671,86,110,
倉敷地域,倉敷市,51335672,89,113,
倉敷地域,倉敷市,51335673,90,114,
倉敷地域,倉敷市,51335674,90,115,
倉敷地域,倉敷市,51335675,90,114,
倉敷地域,倉敷市,51335676,88,112,
倉敷地域,倉敷市,51335677,88,112,
倉敷地域,倉敷市,51335678,87,111,
倉敷地域,倉敷市,51335680,90,－,
倉敷地域,倉敷市,51335681,86,110,
倉敷地域,倉敷市,51335682,86,110,
倉敷地域,倉敷市,51335683,89,113,
倉敷地域,倉敷市,51335684,89,113,
倉敷地域,倉敷市,51335685,88,112,
倉敷地域,倉敷市,51335686,88,112,
倉敷地域,倉敷市,51335687,87,111,
倉敷地域,倉敷市,51335688,86,110,
倉敷地域,倉敷市,51335690,90,－,
倉敷地域,倉敷市,51335691,86,110,
倉敷地域,倉敷市,51335692,87,111,
倉敷地域,倉敷市,51335693,86,110,
倉敷地域,倉敷市,51335694,88,112,
倉敷地域,倉敷市,51335695,86,110,
倉敷地域,倉敷市,51335696,86,110,
倉敷地域,倉敷市,51335697,86,110,
倉敷地域,倉敷市,51335698,86,110,
倉敷地域,倉敷市,51336409,87,111,
倉敷地域,倉敷市,51336500,87,111,
倉敷地域,倉敷市,51336501,86,110,
倉敷地域,倉敷市,51336502,90,－,
倉敷地域,倉敷市,51336503,90,－,
倉敷地域,倉敷市,51336504,90,－,
倉敷地域,倉敷市,51336506,90,－,
倉敷地域,倉敷市,51336507,90,－,
倉敷地域,倉敷市,51336508,90,－,
倉敷地域,倉敷市,51336509,90,－,
倉敷地域,倉敷市,51336510,87,111,
倉敷地域,倉敷市,51336511,86,110,
倉敷地域,倉敷市,51336512,86,110,
倉敷地域,倉敷市,51336513,90,－,
倉敷地域,倉敷市,51336514,90,－,
倉敷地域,倉敷市,51336515,90,－,
倉敷地域,倉敷市,51336516,90,－,
倉敷地域,倉敷市,51336517,90,－,
倉敷地域,倉敷市,51336518,90,－,
倉敷地域,倉敷市,51336519,90,－,
倉敷地域,倉敷市,51336520,87,111,
倉敷地域,倉敷市,51336521,86,110,
倉敷地域,倉敷市,51336522,87,111,
倉敷地域,倉敷市,51336523,86,110,
倉敷地域,倉敷市,51336524,90,－,
倉敷地域,倉敷市,51336525,90,－,
倉敷地域,倉敷市,51336526,90,－,
倉敷地域,倉敷市,51336527,90,－,
倉敷地域,倉敷市,51336528,90,－,
倉敷地域,倉敷市,51336529,90,－,
倉敷地域,倉敷市,51336531,88,112,
倉敷地域,倉敷市,51336532,87,111,
倉敷地域,倉敷市,51336533,87,111,
倉敷地域,倉敷市,51336534,86,110,
倉敷地域,倉敷市,51336535,90,－,
倉敷地域,倉敷市,51336536,90,－,
倉敷地域,倉敷市,51336537,90,－,
倉敷地域,倉敷市,51336538,89,113,
倉敷地域,倉敷市,51336539,90,－,
倉敷地域,倉敷市,51336541,87,111,
倉敷地域,倉敷市,51336542,87,111,
倉敷地域,倉敷市,51336543,87,111,
倉敷地域,倉敷市,51336544,88,112,
倉敷地域,倉敷市,51336545,90,－,
倉敷地域,倉敷市,51336546,90,－,
倉敷地域,倉敷市,51336547,90,－,
倉敷地域,倉敷市,51336548,88,112,
倉敷地域,倉敷市,51336549,90,－,
倉敷地域,倉敷市,51336552,86,110,
倉敷地域,倉敷市,51336553,87,111,
倉敷地域,倉敷市,51336554,89,113,
倉敷地域,倉敷市,51336555,89,113,
倉敷地域,倉敷市,51336556,90,－,
倉敷地域,倉敷市,51336557,89,113,
倉敷地域,倉敷市,51336558,88,112,
倉敷地域,倉敷市,51336559,90,－,
倉敷地域,倉敷市,51336562,87,111,
倉敷地域,倉敷市,51336563,89,113,
倉敷地域,倉敷市,51336564,90,114,
倉敷地域,倉敷市,51336565,90,115,
倉敷地域,倉敷市,51336566,90,114,
倉敷地域,倉敷市,51336567,89,113,
倉敷地域,倉敷市,51336568,88,112,
倉敷地域,倉敷市,51336569,88,112,
倉敷地域,倉敷市,51336571,88,112,
倉敷地域,倉敷市,51336572,87,111,
倉敷地域,倉敷市,51336573,91,－,
倉敷地域,倉敷市,51336574,91,－,
倉敷地域,倉敷市,51336575,91,116,
倉敷地域,倉敷市,51336576,90,114,
倉敷地域,倉敷市,51336577,90,114,
倉敷地域,倉敷市,51336578,89,113,
倉敷地域,倉敷市,51336579,90,114,
倉敷地域,倉敷市,51336581,88,112,
倉敷地域,倉敷市,51336582,87,111,
倉敷地域,倉敷市,51336583,88,112,
倉敷地域,倉敷市,51336584,90,114,
倉敷地域,倉敷市,51336585,90,114,
倉敷地域,倉敷市,51336586,92,－,
倉敷地域,倉敷市,51336587,92,－,
倉敷地域,倉敷市,51336588,89,113,
倉敷地域,倉敷市,51336589,89,113,
倉敷地域,倉敷市,51336590,87,111,
倉敷地域,倉敷市,51336591,87,111,
倉敷地域,倉敷市,51336592,87,111,
倉敷地域,倉敷市,51336593,88,112,
倉敷地域,倉敷市,51336594,89,113,
倉敷地域,倉敷市,51336595,88,112,
倉敷地域,倉敷市,51336596,92,－,
倉敷地域,倉敷市,51336597,90,114,
倉敷地域,倉敷市,51336598,92,－,
倉敷地域,倉敷市,51336599,92,－,
倉敷地域,倉敷市,51336600,85,108,
倉敷地域,倉敷市,51336601,86,110,
倉敷地域,倉敷市,51336602,86,110,
倉敷地域,倉敷市,51336603,88,112,
倉敷地域,倉敷市,51336604,87,111,
倉敷地域,倉敷市,51336605,88,112,
倉敷地域,倉敷市,51336606,86,110,
倉敷地域,倉敷市,51336607,86,110,
倉敷地域,倉敷市,51336608,86,110,
倉敷地域,倉敷市,51336609,86,109,
倉敷地域,倉敷市,51336610,86,110,
倉敷地域,倉敷市,51336611,87,111,
倉敷地域,倉敷市,51336612,86,110,
倉敷地域,倉敷市,51336613,88,112,
倉敷地域,倉敷市,51336614,88,112,
倉敷地域,倉敷市,51336615,87,111,
倉敷地域,倉敷市,51336616,86,110,
倉敷地域,倉敷市,51336617,86,110,
倉敷地域,倉敷市,51336618,86,110,
倉敷地域,倉敷市,51336620,90,－,
倉敷地域,倉敷市,51336621,87,111,
倉敷地域,倉敷市,51336622,87,111,
倉敷地域,倉敷市,51336623,87,111,
倉敷地域,倉敷市,51336624,89,113,
倉敷地域,倉敷市,51336625,88,112,
倉敷地域,倉敷市,51336626,88,112,
倉敷地域,倉敷市,51336627,88,112,
倉敷地域,倉敷市,51336630,90,－,
倉敷地域,倉敷市,51336631,89,113,
倉敷地域,倉敷市,51336632,88,112,
倉敷地域,倉敷市,51336633,88,112,
倉敷地域,倉敷市,51336634,88,112,
倉敷地域,倉敷市,51336635,89,113,
倉敷地域,倉敷市,51336636,88,112,
倉敷地域,倉敷市,51336637,89,113,
倉敷地域,倉敷市,51336640,90,－,
倉敷地域,倉敷市,51336641,88,112,
倉敷地域,倉敷市,51336642,87,111,
倉敷地域,倉敷市,51336643,89,113,
倉敷地域,倉敷市,51336644,89,113,
倉敷地域,倉敷市,51336645,89,113,
倉敷地域,倉敷市,51336650,90,－,
倉敷地域,倉敷市,51336651,88,112,
倉敷地域,倉敷市,51336652,87,111,
倉敷地域,倉敷市,51336653,89,113,
倉敷地域,倉敷市,51336654,88,112,
倉敷地域,倉敷市,51336655,88,112,
倉敷地域,倉敷市,51336660,87,111,
倉敷地域,倉敷市,51336661,88,112,
倉敷地域,倉敷市,51336662,87,111,
倉敷地域,倉敷市,51336663,86,110,
倉敷地域,倉敷市,51336664,88,112,
倉敷地域,倉敷市,51336665,88,112,
倉敷地域,倉敷市,51336670,90,114,
倉敷地域,倉敷市,51336671,89,113,
倉敷地域,倉敷市,51336672,89,113,
倉敷地域,倉敷市,51336673,88,112,
倉敷地域,倉敷市,51336674,88,112,
倉敷地域,倉敷市,51336675,87,111,
倉敷地域,倉敷市,51336680,90,114,
倉敷地域,倉敷市,51336681,89,113,
倉敷地域,倉敷市,51336682,90,－,
倉敷地域,倉敷市,51336683,88,112,
倉敷地域,倉敷市,51336684,87,111,
倉敷地域,倉敷市,51336685,94,－,
倉敷地域,倉敷市,51336686,94,－,
倉敷地域,倉敷市,51336690,90,114,
倉敷地域,倉敷市,51336691,90,115,
倉敷地域,倉敷市,51336692,90,114,
倉敷地域,倉敷市,51336693,89,113,
倉敷地域,倉敷市,51336694,87,111,
倉敷地域,倉敷市,51336695,94,－,
倉敷地域,倉敷市,51336696,94,－,
倉敷地域,倉敷市,51337501,87,111,
倉敷地域,倉敷市,51337502,86,110,
倉敷地域,倉敷市,51337503,87,111,
倉敷地域,倉敷市,51337504,88,112,
倉敷地域,倉敷市,51337505,89,113,
倉敷地域,倉敷市,51337506,89,113,
倉敷地域,倉敷市,51337507,92,－,
倉敷地域,倉敷市,51337508,92,－,
倉敷地域,倉敷市,51337509,92,－,
倉敷地域,倉敷市,51337512,86,110,
倉敷地域,倉敷市,51337513,86,110,
倉敷地域,倉敷市,51337514,87,111,
倉敷地域,倉敷市,51337515,90,114,
倉敷地域,倉敷市,51337516,90,114,
倉敷地域,倉敷市,51337517,90,115,
倉敷地域,倉敷市,51337518,92,－,
倉敷地域,倉敷市,51337519,92,－,
倉敷地域,倉敷市,51337521,88,112,
倉敷地域,倉敷市,51337522,87,111,
倉敷地域,倉敷市,51337523,86,110,
倉敷地域,倉敷市,51337524,87,111,
倉敷地域,倉敷市,51337525,90,114,
倉敷地域,倉敷市,51337526,90,114,
倉敷地域,倉敷市,51337527,90,115,
倉敷地域,倉敷市,51337528,90,114,
倉敷地域,倉敷市,51337529,90,114,
倉敷地域,倉敷市,51337531,89,113,
倉敷地域,倉敷市,51337532,87,111,
倉敷地域,倉敷市,51337533,87,111,
倉敷地域,倉敷市,51337534,88,112,
倉敷地域,倉敷市,51337535,90,114,
倉敷地域,倉敷市,51337536,90,114,
倉敷地域,倉敷市,51337537,90,114,
倉敷地域,倉敷市,51337538,90,114,
倉敷地域,倉敷市,51337539,90,114,
倉敷地域,倉敷市,51337541,88,112,
倉敷地域,倉敷市,51337542,87,111,
倉敷地域,倉敷市,51337543,88,112,
倉敷地域,倉敷市,51337544,90,114,
倉敷地域,倉敷市,51337545,90,115,
倉敷地域,倉敷市,51337546,91,116,
倉敷地域,倉敷市,51337547,90,114,
倉敷地域,倉敷市,51337548,90,114,
倉敷地域,倉敷市,51337549,90,114,
倉敷地域,倉敷市,51337551,86,110,
倉敷地域,倉敷市,51337552,87,111,
倉敷地域,倉敷市,51337553,87,111,
倉敷地域,倉敷市,51337554,89,113,
倉敷地域,倉敷市,51337555,91,116,
倉敷地域,倉敷市,51337556,90,114,
倉敷地域,倉敷市,51337557,89,113,
倉敷地域,倉敷市,51337561,88,112,
倉敷地域,倉敷市,51337562,86,110,
倉敷地域,倉敷市,51337563,87,111,
倉敷地域,倉敷市,51337564,89,113,
倉敷地域,倉敷市,51337565,90,114,
倉敷地域,倉敷市,51337566,91,－,
倉敷地域,倉敷市,51337567,91,－,
倉敷地域,倉敷市,51337572,86,110,
倉敷地域,倉敷市,51337573,86,110,
倉敷地域,倉敷市,51337574,86,110,
倉敷地域,倉敷市,51337575,88,112,
倉敷地域,倉敷市,51337576,91,－,
倉敷地域,倉敷市,51337577,91,－,
倉敷地域,倉敷市,51337584,87,111,
倉敷地域,倉敷市,51337585,86,110,
倉敷地域,倉敷市,51337586,86,110,
倉敷地域,倉敷市,51337600,92,－,
倉敷地域,倉敷市,51337601,91,116,
倉敷地域,倉敷市,51337602,90,115,
倉敷地域,倉敷市,51337603,89,113,
倉敷地域,倉敷市,51337604,94,－,
倉敷地域,倉敷市,51337605,94,－,
倉敷地域,倉敷市,51337606,94,－,
倉敷地域,倉敷市,51337610,92,－,
倉敷地域,倉敷市,51337611,92,117,
倉敷地域,倉敷市,51337612,90,114,
倉敷地域,倉敷市,51337613,90,114,
倉敷地域,倉敷市,51337614,94,－,
倉敷地域,倉敷市,51337615,86,110,
倉敷地域,倉敷市,51337620,92,－,
倉敷地域,倉敷市,51337621,92,－,
倉敷地域,倉敷市,51337622,90,115,
倉敷地域,倉敷市,51337623,90,114,
倉敷地域,倉敷市,51337630,92,－,
倉敷地域,倉敷市,51337631,92,－,
倉敷地域,倉敷市,51337632,92,－,
倉敷地域,倉敷市,51337633,90,114,
倉敷地域,倉敷市,51337634,88,112,
倉敷地域,倉敷市,51337640,90,114,
倉敷地域,倉敷市,51337641,90,114,
倉敷地域,倉敷市,51337642,90,114,
倉敷地域,倉敷市,51337643,89,113,
倉敷地域,倉敷市,51337644,88,112,
倉敷地域,倉敷市,51337645,86,110,
倉敷地域,倉敷市,51337650,90,114,
倉敷地域,倉敷市,51337651,89,113,
倉敷地域,倉敷市,51337652,89,113,
倉敷地域,倉敷市,51337653,89,113,
倉敷地域,倉敷市,51337654,89,113,
倉敷地域,倉敷市,51337655,88,112,
倉敷地域,倉敷市,51337656,87,111,
倉敷地域,倉敷市,51337660,89,113,
倉敷地域,倉敷市,51337661,89,113,
倉敷地域,倉敷市,51337662,89,113,
倉敷地域,倉敷市,51337663,88,112,
倉敷地域,倉敷市,51337664,88,112,
倉敷地域,倉敷市,51337665,88,112,
倉敷地域,倉敷市,51337666,88,112,
倉敷地域,倉敷市,51337674,88,112,
倉敷地域,倉敷市,51337675,88,112,
倉敷地域,倉敷市,51337676,90,114,
倉敷地域,倉敷市,51337684,89,113,
倉敷地域,倉敷市,51337685,89,113,
倉敷地域,倉敷市,51337686,89,113,
倉敷地域,倉敷市,51337694,88,112,
倉敷地域,倉敷市,51337695,89,113,
倉敷地域,倉敷市,51337696,88,112,
倉敷地域,総社市,51337499,87,111,
倉敷地域,総社市,51337558,88,112,
倉敷地域,総社市,51337559,89,113,
倉敷地域,総社市,51337568,88,112,
倉敷地域,総社市,51337569,88,112,
倉敷地域,総社市,51337570,87,111,
倉敷地域,総社市,51337571,86,110,
倉敷地域,総社市,51337578,87,111,
倉敷地域,総社市,51337579,88,112,
倉敷地域,総社市,51337580,87,111,
倉敷地域,総社市,51337581,86,110,
倉敷地域,総社市,51337582,87,111,
倉敷地域,総社市,51337583,87,111,
倉敷地域,総社市,51337587,87,111,
倉敷地域,総社市,51337588,91,－,
倉敷地域,総社市,51337589,89,113,
倉敷地域,総社市,51337590,87,111,
倉敷地域,総社市,51337591,86,110,
倉敷地域,総社市,51337592,88,112,
倉敷地域,総社市,51337593,88,112,
倉敷地域,総社市,51337594,89,113,
倉敷地域,総社市,51337595,89,113,
倉敷地域,総社市,51337596,86,110,
倉敷地域,総社市,51337597,87,111,
倉敷地域,総社市,51337598,91,－,
倉敷地域,総社市,51337599,89,113,
倉敷地域,総社市,51337670,89,113,
倉敷地域,総社市,51337671,89,113,
倉敷地域,総社市,51337672,89,113,
倉敷地域,総社市,51337673,88,112,
倉敷地域,総社市,51337680,89,113,
倉敷地域,総社市,51337681,89,113,
倉敷地域,総社市,51337682,89,113,
倉敷地域,総社市,51337683,88,112,
倉敷地域,総社市,51337690,90,114,
倉敷地域,総社市,51337691,89,113,
倉敷地域,総社市,51337692,88,112,
倉敷地域,総社市,51337693,88,112,
倉敷地域,総社市,52330409,86,110,
倉敷地域,総社市,52330419,86,110,
倉敷地域,総社市,52330457,90,114,
倉敷地域,総社市,52330458,90,114,
倉敷地域,総社市,52330459,90,115,
倉敷地域,総社市,52330467,90,114,
倉敷地域,総社市,52330468,90,114,
倉敷地域,総社市,52330469,90,114,
倉敷地域,総社市,52330478,90,114,
倉敷地域,総社市,52330479,90,114,
倉敷地域,総社市,52330488,90,114,
倉敷地域,総社市,52330489,90,114,
倉敷地域,総社市,52330499,90,115,
倉敷地域,総社市,52330500,87,111,
倉敷地域,総社市,52330501,86,110,
倉敷地域,総社市,52330502,87,111,
倉敷地域,総社市,52330503,88,112,
倉敷地域,総社市,52330504,88,112,
倉敷地域,総社市,52330505,89,113,
倉敷地域,総社市,52330506,87,111,
倉敷地域,総社市,52330507,91,－,
倉敷地域,総社市,52330508,91,－,
倉敷地域,総社市,52330509,91,－,
倉敷地域,総社市,52330510,87,111,
倉敷地域,総社市,52330511,86,110,
倉敷地域,総社市,52330512,88,112,
倉敷地域,総社市,52330513,89,113,
倉敷地域,総社市,52330514,89,113,
倉敷地域,総社市,52330515,88,112,
倉敷地域,総社市,52330516,87,111,
倉敷地域,総社市,52330517,88,112,
倉敷地域,総社市,52330518,88,112,
倉敷地域,総社市,52330519,89,113,
倉敷地域,総社市,52330520,87,111,
倉敷地域,総社市,52330521,87,111,
倉敷地域,総社市,52330522,87,111,
倉敷地域,総社市,52330523,88,112,
倉敷地域,総社市,52330524,88,112,
倉敷地域,総社市,52330525,86,110,
倉敷地域,総社市,52330526,87,111,
倉敷地域,総社市,52330527,88,112,
倉敷地域,総社市,52330528,90,114,
倉敷地域,総社市,52330529,88,112,
倉敷地域,総社市,52330530,89,113,
倉敷地域,総社市,52330531,89,113,
倉敷地域,総社市,52330532,89,113,
倉敷地域,総社市,52330533,89,113,
倉敷地域,総社市,52330534,89,113,
倉敷地域,総社市,52330535,88,112,
倉敷地域,総社市,52330536,88,112,
倉敷地域,総社市,52330537,89,113,
倉敷地域,総社市,52330538,89,113,
倉敷地域,総社市,52330539,88,112,
倉敷地域,総社市,52330540,90,114,
倉敷地域,総社市,52330541,90,115,
倉敷地域,総社市,52330542,90,115,
倉敷地域,総社市,52330543,90,114,
倉敷地域,総社市,52330544,90,114,
倉敷地域,総社市,52330545,90,114,
倉敷地域,総社市,52330546,90,114,
倉敷地域,総社市,52330547,89,113,
倉敷地域,総社市,52330548,89,113,
倉敷地域,総社市,52330549,86,110,
倉敷地域,総社市,52330550,90,115,
倉敷地域,総社市,52330551,92,117,
倉敷地域,総社市,52330552,91,116,
倉敷地域,総社市,52330553,90,115,
倉敷地域,総社市,52330554,90,114,
倉敷地域,総社市,52330555,91,116,
倉敷地域,総社市,52330556,90,115,
倉敷地域,総社市,52330557,89,113,
倉敷地域,総社市,52330558,88,112,
倉敷地域,総社市,52330559,86,110,
倉敷地域,総社市,52330560,92,117,
倉敷地域,総社市,52330561,92,117,
倉敷地域,総社市,52330562,91,116,
倉敷地域,総社市,52330563,90,114,
倉敷地域,総社市,52330564,90,114,
倉敷地域,総社市,52330565,90,114,
倉敷地域,総社市,52330566,90,114,
倉敷地域,総社市,52330567,88,112,
倉敷地域,総社市,52330568,88,112,
倉敷地域,総社市,52330569,86,110,
倉敷地域,総社市,52330570,92,117,
倉敷地域,総社市,52330571,92,117,
倉敷地域,総社市,52330572,92,117,
倉敷地域,総社市,52330573,90,114,
倉敷地域,総社市,52330574,89,113,
倉敷地域,総社市,52330575,90,114,
倉敷地域,総社市,52330576,89,113,
倉敷地域,総社市,52330577,89,113,
倉敷地域,総社市,52330578,89,113,
倉敷地域,総社市,52330579,86,110,
倉敷地域,総社市,52330580,91,116,
倉敷地域,総社市,52330581,91,116,
倉敷地域,総社市,52330582,90,114,
倉敷地域,総社市,52330583,90,114,
倉敷地域,総社市,52330584,87,111,
倉敷地域,総社市,52330585,88,112,
倉敷地域,総社市,52330586,89,113,
倉敷地域,総社市,52330587,90,114,
倉敷地域,総社市,52330588,90,114,
倉敷地域,総社市,52330589,87,111,
倉敷地域,総社市,52330590,90,115,
倉敷地域,総社市,52330591,90,115,
倉敷地域,総社市,52330592,90,114,
倉敷地域,総社市,52330593,90,114,
倉敷地域,総社市,52330594,87,111,
倉敷地域,総社市,52330595,88,112,
倉敷地域,総社市,52330596,90,114,
倉敷地域,総社市,52330597,90,114,
倉敷地域,総社市,52330598,89,113,
倉敷地域,総社市,52330599,87,111,
倉敷地域,総社市,52330600,91,－,
倉敷地域,総社市,52330601,88,112,
倉敷地域,総社市,52330602,86,110,
倉敷地域,総社市,52330603,87,111,
倉敷地域,総社市,52330610,91,－,
倉敷地域,総社市,52330611,91,－,
倉敷地域,総社市,52330612,86,110,
倉敷地域,総社市,52330613,87,111,
倉敷地域,総社市,52330620,87,111,
倉敷地域,総社市,52330621,86,110,
倉敷地域,総社市,52330622,87,111,
倉敷地域,総社市,52330623,86,110,
倉敷地域,総社市,52330630,86,110,
倉敷地域,総社市,52330631,86,110,
倉敷地域,総社市,52330632,86,109,
倉敷地域,総社市,52330640,86,110,
倉敷地域,総社市,52330641,86,110,
倉敷地域,総社市,52330642,86,109,
倉敷地域,総社市,52330643,86,109,
倉敷地域,総社市,52330650,86,110,
倉敷地域,総社市,52330651,86,109,
倉敷地域,総社市,52330652,85,108,
倉敷地域,総社市,52330653,86,109,
倉敷地域,総社市,52330660,86,110,
倉敷地域,総社市,52330661,86,109,
倉敷地域,総社市,52330662,86,110,
倉敷地域,総社市,52330663,86,110,
倉敷地域,総社市,52330670,86,110,
倉敷地域,総社市,52330671,86,110,
倉敷地域,総社市,52330672,86,109,
倉敷地域,総社市,52330680,86,110,
倉敷地域,総社市,52330681,86,110,
倉敷地域,総社市,52330690,86,110,
倉敷地域,総社市,52331500,91,116,
倉敷地域,総社市,52331501,90,115,
倉敷地域,総社市,52331502,90,114,
倉敷地域,総社市,52331503,90,114,
倉敷地域,総社市,52331505,88,112,
倉敷地域,総社市,52331506,89,113,
倉敷地域,総社市,52331507,88,112,
倉敷地域,総社市,52331508,89,113,
倉敷地域,総社市,52331509,88,112,
倉敷地域,総社市,52331511,90,115,
倉敷地域,総社市,52331512,90,114,
倉敷地域,総社市,52331513,90,114,
倉敷地域,総社市,52331517,87,111,
倉敷地域,総社市,52331518,88,112,
倉敷地域,総社市,52331522,90,114,
倉敷地域,総社市,52331523,90,115,
倉敷地域,総社市,52331527,87,111,
倉敷地域,総社市,52331532,91,116,
倉敷地域,早島町,51337616,94,－,
倉敷地域,早島町,51337624,94,119,
倉敷地域,早島町,51337625,92,117,
倉敷地域,早島町,51337626,91,116,
倉敷地域,早島町,51337635,92,117,
倉敷地域,早島町,51337636,92,117,
倉敷地域,早島町,51337646,92,117,
井笠地域,笠岡市,51333452,－,－,
井笠地域,笠岡市,51333462,79,100,
井笠地域,笠岡市,51333463,79,100,
井笠地域,笠岡市,51333472,79,100,
井笠地域,笠岡市,51333473,79,100,
井笠地域,笠岡市,51334309,79,100,
井笠地域,笠岡市,51334319,79,100,
井笠地域,笠岡市,51334329,79,100,
井笠地域,笠岡市,51334359,79,100,
井笠地域,笠岡市,51334369,79,100,
井笠地域,笠岡市,51334400,79,100,
井笠地域,笠岡市,51334410,79,100,
井笠地域,笠岡市,51334411,79,100,
井笠地域,笠岡市,51334415,－,－,
井笠地域,笠岡市,51334416,－,－,
井笠地域,笠岡市,51334421,79,100,
井笠地域,笠岡市,51334425,79,100,
井笠地域,笠岡市,51334426,79,100,
井笠地域,笠岡市,51334435,79,100,
井笠地域,笠岡市,51334436,79,100,
井笠地域,笠岡市,51334437,79,100,
井笠地域,笠岡市,51334442,79,100,
井笠地域,笠岡市,51334443,79,100,
井笠地域,笠岡市,51334444,79,100,
井笠地域,笠岡市,51334450,79,100,
井笠地域,笠岡市,51334451,79,100,
井笠地域,笠岡市,51334452,79,100,
井笠地域,笠岡市,51334453,79,100,
井笠地域,笠岡市,51334454,79,100,
井笠地域,笠岡市,51334460,79,100,
井笠地域,笠岡市,51334461,79,100,
井笠地域,笠岡市,51334462,79,100,
井笠地域,笠岡市,51334463,79,100,
井笠地域,笠岡市,51334464,79,100,
井笠地域,笠岡市,51334470,79,100,
井笠地域,笠岡市,51334471,79,100,
井笠地域,笠岡市,51334472,79,100,
井笠地域,笠岡市,51334473,79,100,
井笠地域,笠岡市,51334474,79,100,
井笠地域,笠岡市,51334480,79,100,
井笠地域,笠岡市,51334481,79,100,
井笠地域,笠岡市,51334482,79,100,
井笠地域,笠岡市,51334483,79,100,
井笠地域,笠岡市,51334491,79,100,
井笠地域,笠岡市,51334492,79,100,
井笠地域,笠岡市,51335309,79,100,
井笠地域,笠岡市,51335319,79,100,
井笠地域,笠岡市,51335327,79,100,
井笠地域,笠岡市,51335328,79,100,
井笠地域,笠岡市,51335329,79,100,
井笠地域,笠岡市,51335337,79,100,
井笠地域,笠岡市,51335338,79,100,
井笠地域,笠岡市,51335339,79,100,
井笠地域,笠岡市,51335347,103,－,
井笠地域,笠岡市,51335348,79,100,
井笠地域,笠岡市,51335349,79,100,
井笠地域,笠岡市,51335356,103,－,
井笠地域,笠岡市,51335357,103,－,
井笠地域,笠岡市,51335358,103,－,
井笠地域,笠岡市,51335359,100,127,
井笠地域,笠岡市,51335366,103,－,
井笠地域,笠岡市,51335367,103,－,
井笠地域,笠岡市,51335368,103,－,
井笠地域,笠岡市,51335369,99,126,
井笠地域,笠岡市,51335376,100,127,
井笠地域,笠岡市,51335377,103,－,
井笠地域,笠岡市,51335378,103,－,
井笠地域,笠岡市,51335379,99,126,
井笠地域,笠岡市,51335386,100,127,
井笠地域,笠岡市,51335387,100,127,
井笠地域,笠岡市,51335388,103,－,
井笠地域,笠岡市,51335389,103,－,
井笠地域,笠岡市,51335396,100,127,
井笠地域,笠岡市,51335397,101,128,
井笠地域,笠岡市,51335398,101,128,
井笠地域,笠岡市,51335399,103,－,
井笠地域,笠岡市,51335400,79,100,
井笠地域,笠岡市,51335410,79,100,
井笠地域,笠岡市,51335411,79,100,
井笠地域,笠岡市,51335420,79,100,
井笠地域,笠岡市,51335421,79,100,
井笠地域,笠岡市,51335430,79,100,
井笠地域,笠岡市,51335431,79,100,
井笠地域,笠岡市,51335440,79,100,
井笠地域,笠岡市,51335441,79,100,
井笠地域,笠岡市,51335442,79,100,
井笠地域,笠岡市,51335450,79,100,
井笠地域,笠岡市,51335451,79,100,
井笠地域,笠岡市,51335452,79,100,
井笠地域,笠岡市,51335453,99,126,
井笠地域,笠岡市,51335454,99,126,
井笠地域,笠岡市,51335455,98,125,
井笠地域,笠岡市,51335460,99,126,
井笠地域,笠岡市,51335461,79,100,
井笠地域,笠岡市,51335462,99,126,
井笠地域,笠岡市,51335463,99,126,
井笠地域,笠岡市,51335464,98,125,
井笠地域,笠岡市,51335465,99,126,
井笠地域,笠岡市,51335470,99,126,
井笠地域,笠岡市,51335471,100,127,
井笠地域,笠岡市,51335472,99,126,
井笠地域,笠岡市,51335473,99,126,
井笠地域,笠岡市,51335474,98,125,
井笠地域,笠岡市,51335475,99,126,
井笠地域,笠岡市,51335480,101,128,
井笠地域,笠岡市,51335481,101,128,
井笠地域,笠岡市,51335482,101,128,
井笠地域,笠岡市,51335483,99,126,
井笠地域,笠岡市,51335484,99,126,
井笠地域,笠岡市,51335490,102,130,
井笠地域,笠岡市,51335491,101,129,
井笠地域,笠岡市,51335492,101,128,
井笠地域,笠岡市,51336306,101,128,
井笠地域,笠岡市,51336307,101,128,
井笠地域,笠岡市,51336308,101,129,
井笠地域,笠岡市,51336309,102,130,
井笠地域,笠岡市,51336316,101,128,
井笠地域,笠岡市,51336317,101,129,
井笠地域,笠岡市,51336318,101,129,
井笠地域,笠岡市,51336319,102,130,
井笠地域,笠岡市,51336326,101,128,
井笠地域,笠岡市,51336327,101,128,
井笠地域,笠岡市,51336328,101,129,
井笠地域,笠岡市,51336329,101,129,
井笠地域,笠岡市,51336336,100,127,
井笠地域,笠岡市,51336337,100,127,
井笠地域,笠岡市,51336338,100,127,
井笠地域,笠岡市,51336339,100,127,
井笠地域,笠岡市,51336346,99,126,
井笠地域,笠岡市,51336347,100,127,
井笠地域,笠岡市,51336348,100,127,
井笠地域,笠岡市,51336349,99,126,
井笠地域,笠岡市,51336358,100,127,
井笠地域,笠岡市,51336359,99,126,
井笠地域,笠岡市,51336369,99,126,
井笠地域,笠岡市,51336400,103,131,
井笠地域,笠岡市,51336401,102,130,
井笠地域,笠岡市,51336402,101,129,
井笠地域,笠岡市,51336410,101,129,
井笠地域,笠岡市,51336411,101,129,
井笠地域,笠岡市,51336412,101,128,
井笠地域,笠岡市,51336420,100,127,
井笠地域,笠岡市,51336421,101,128,
井笠地域,笠岡市,51336422,101,128,
井笠地域,笠岡市,51336423,100,127,
井笠地域,笠岡市,51336430,100,127,
井笠地域,笠岡市,51336431,100,127,
井笠地域,笠岡市,51336432,100,127,
井笠地域,笠岡市,51336433,100,127,
井笠地域,笠岡市,51336440,100,127,
井笠地域,笠岡市,51336441,99,126,
井笠地域,笠岡市,51336442,100,127,
井笠地域,笠岡市,51336450,99,126,
井笠地域,笠岡市,51336451,100,127,
井笠地域,笠岡市,51336452,101,128,
井笠地域,笠岡市,51336460,99,126,
井笠地域,笠岡市,51336461,101,128,
井笠地域,笠岡市,51336462,101,129,
井笠地域,笠岡市,51336463,101,128,
井笠地域,笠岡市,51336464,99,126,
井笠地域,笠岡市,51336470,99,126,
井笠地域,笠岡市,51336471,101,129,
井笠地域,笠岡市,51336472,101,129,
井笠地域,笠岡市,51336473,101,128,
井笠地域,笠岡市,51336474,99,126,
井笠地域,笠岡市,51336480,100,127,
井笠地域,笠岡市,51336481,101,129,
井笠地域,笠岡市,51336482,101,129,
井笠地域,笠岡市,51336483,100,127,
井笠地域,笠岡市,51336484,99,126,
井笠地域,笠岡市,51336491,101,129,
井笠地域,笠岡市,51336492,101,128,
井笠地域,笠岡市,51336493,100,127,
井笠地域,笠岡市,51336494,99,126,
井笠地域,笠岡市,51337401,101,128,
井笠地域,笠岡市,51337402,100,127,
井笠地域,笠岡市,51337403,100,127,
井笠地域,笠岡市,51337404,99,126,
井笠地域,笠岡市,51337412,100,127,
井笠地域,笠岡市,51337413,101,128,
井笠地域,井原市,51336356,100,127,
井笠地域,井原市,51336357,99,126,
井笠地域,井原市,51336366,100,127,
井笠地域,井原市,51336367,99,126,
井笠地域,井原市,51336368,100,127,
井笠地域,井原市,51336375,100,127,
井笠地域,井原市,51336376,100,127,
井笠地域,井原市,51336377,100,127,
井笠地域,井原市,51336378,99,126,
井笠地域,井原市,51336379,99,126,
井笠地域,井原市,51336384,101,129,
井笠地域,井原市,51336385,101,128,
井笠地域,井原市,51336386,100,127,
井笠地域,井原市,51336387,101,128,
井笠地域,井原市,51336388,100,127,
井笠地域,井原市,51336389,100,127,
井笠地域,井原市,51336394,101,129,
井笠地域,井原市,51336395,101,128,
井笠地域,井原市,51336396,100,127,
井笠地域,井原市,51336397,101,128,
井笠地域,井原市,51336398,101,128,
井笠地域,井原市,51336399,101,128,
井笠地域,井原市,51336490,101,129,
井笠地域,井原市,51337303,101,128,
井笠地域,井原市,51337304,101,129,
井笠地域,井原市,51337305,101,128,
井笠地域,井原市,51337306,101,128,
井笠地域,井原市,51337307,101,129,
井笠地域,井原市,51337308,101,129,
井笠地域,井原市,51337309,101,129,
井笠地域,井原市,51337312,100,127,
井笠地域,井原市,51337313,100,127,
井笠地域,井原市,51337314,100,127,
井笠地域,井原市,51337315,100,127,
井笠地域,井原市,51337316,101,129,
井笠地域,井原市,51337317,102,130,
井笠地域,井原市,51337318,102,130,
井笠地域,井原市,51337319,101,129,
井笠地域,井原市,51337322,99,126,
井笠地域,井原市,51337323,99,126,
井笠地域,井原市,51337324,100,127,
井笠地域,井原市,51337325,100,127,
井笠地域,井原市,51337326,101,129,
井笠地域,井原市,51337327,102,130,
井笠地域,井原市,51337328,101,129,
井笠地域,井原市,51337329,101,128,
井笠地域,井原市,51337331,99,126,
井笠地域,井原市,51337332,100,127,
井笠地域,井原市,51337333,100,127,
井笠地域,井原市,51337334,100,127,
井笠地域,井原市,51337335,101,128,
井笠地域,井原市,51337336,101,129,
井笠地域,井原市,51337337,101,129,
井笠地域,井原市,51337338,101,128,
井笠地域,井原市,51337339,101,128,
井笠地域,井原市,51337341,99,126,
井笠地域,井原市,51337342,99,126,
井笠地域,井原市,51337343,101,129,
井笠地域,井原市,51337344,101,129,
井笠地域,井原市,51337345,101,128,
井笠地域,井原市,51337346,100,127,
井笠地域,井原市,51337347,99,126,
井笠地域,井原市,51337348,100,127,
井笠地域,井原市,51337349,99,126,
井笠地域,井原市,51337351,99,126,
井笠地域,井原市,51337352,100,127,
井笠地域,井原市,51337353,101,129,
井笠地域,井原市,51337354,102,130,
井笠地域,井原市,51337355,101,129,
井笠地域,井原市,51337356,99,126,
井笠地域,井原市,51337357,99,126,
井笠地域,井原市,51337358,99,126,
井笠地域,井原市,51337359,99,126,
井笠地域,井原市,51337361,101,128,
井笠地域,井原市,51337362,101,128,
井笠地域,井原市,51337363,101,129,
井笠地域,井原市,51337364,101,129,
井笠地域,井原市,51337365,101,128,
井笠地域,井原市,51337366,100,127,
井笠地域,井原市,51337367,100,127,
井笠地域,井原市,51337368,100,127,
井笠地域,井原市,51337369,99,126,
井笠地域,井原市,51337371,101,129,
井笠地域,井原市,51337372,101,129,
井笠地域,井原市,51337373,101,129,
井笠地域,井原市,51337374,101,128,
井笠地域,井原市,51337375,100,127,
井笠地域,井原市,51337376,99,126,
井笠地域,井原市,51337377,100,127,
井笠地域,井原市,51337378,100,127,
井笠地域,井原市,51337379,100,127,
井笠地域,井原市,51337382,101,129,
井笠地域,井原市,51337383,101,128,
井笠地域,井原市,51337384,99,126,
井笠地域,井原市,51337385,99,126,
井笠地域,井原市,51337386,100,127,
井笠地域,井原市,51337387,101,128,
井笠地域,井原市,51337388,100,127,
井笠地域,井原市,51337389,100,127,
井笠地域,井原市,51337392,101,129,
井笠地域,井原市,51337393,101,128,
井笠地域,井原市,51337394,99,126,
井笠地域,井原市,51337395,99,126,
井笠地域,井原市,51337396,100,127,
井笠地域,井原市,51337397,100,127,
井笠地域,井原市,51337398,101,128,
井笠地域,井原市,51337399,100,127,
井笠地域,井原市,51337400,101,128,
井笠地域,井原市,51337410,101,128,
井笠地域,井原市,51337411,100,127,
井笠地域,井原市,51337420,100,127,
井笠地域,井原市,51337421,100,127,
井笠地域,井原市,51337430,99,126,
井笠地域,井原市,51337431,100,127,
井笠地域,井原市,51337432,101,128,
井笠地域,井原市,51337440,99,126,
井笠地域,井原市,51337441,99,126,
井笠地域,井原市,51337450,99,126,
井笠地域,井原市,51337451,99,126,
井笠地域,井原市,51337460,99,126,
井笠地域,井原市,51337461,99,126,
井笠地域,井原市,51337462,99,126,
井笠地域,井原市,51337470,99,126,
井笠地域,井原市,51337471,99,126,
井笠地域,井原市,51337474,99,126,
井笠地域,井原市,51337480,99,126,
井笠地域,井原市,51337481,99,126,
井笠地域,井原市,51337482,99,126,
井笠地域,井原市,51337483,99,126,
井笠地域,井原市,51337484,99,126,
井笠地域,井原市,51337490,100,127,
井笠地域,井原市,51337491,99,126,
井笠地域,井原市,51337492,99,126,
井笠地域,井原市,51337493,99,126,
井笠地域,井原市,51337494,99,126,
井笠地域,井原市,52330279,101,129,
井笠地域,井原市,52330289,102,130,
井笠地域,井原市,52330302,101,129,
井笠地域,井原市,52330303,101,129,
井笠地域,井原市,52330304,101,129,
井笠地域,井原市,52330305,101,128,
井笠地域,井原市,52330306,101,128,
井笠地域,井原市,52330307,101,128,
井笠地域,井原市,52330308,100,127,
井笠地域,井原市,52330309,101,128,
井笠地域,井原市,52330311,102,130,
井笠地域,井原市,52330312,103,131,
井笠地域,井原市,52330313,103,131,
井笠地域,井原市,52330314,103,131,
井笠地域,井原市,52330315,105,133,
井笠地域,井原市,52330316,103,131,
井笠地域,井原市,52330317,101,129,
井笠地域,井原市,52330318,101,128,
井笠地域,井原市,52330319,101,128,
井笠地域,井原市,52330321,104,132,
井笠地域,井原市,52330322,105,133,
井笠地域,井原市,52330323,105,133,
井笠地域,井原市,52330324,105,133,
井笠地域,井原市,52330325,105,134,
井笠地域,井原市,52330327,105,－,
井笠地域,井原市,52330328,101,128,
井笠地域,井原市,52330329,101,129,
井笠地域,井原市,52330330,102,130,
井笠地域,井原市,52330331,103,131,
井笠地域,井原市,52330332,105,133,
井笠地域,井原市,52330333,104,132,
井笠地域,井原市,52330340,101,129,
井笠地域,井原市,52330341,102,130,
井笠地域,井原市,52330342,103,131,
井笠地域,井原市,52330343,102,130,
井笠地域,井原市,52330350,101,129,
井笠地域,井原市,52330351,101,129,
井笠地域,井原市,52330352,102,130,
井笠地域,井原市,52330360,101,129,
井笠地域,井原市,52330361,101,129,
井笠地域,井原市,52330362,103,131,
井笠地域,井原市,52330370,101,129,
井笠地域,井原市,52330371,101,129,
井笠地域,井原市,52330380,102,130,
井笠地域,井原市,52330400,99,126,
井笠地域,井原市,52330401,99,126,
井笠地域,井原市,52330402,100,127,
井笠地域,井原市,52330403,100,127,
井笠地域,井原市,52330404,100,127,
井笠地域,井原市,52330405,99,126,
井笠地域,井原市,52330410,100,127,
井笠地域,井原市,52330411,100,127,
井笠地域,井原市,52330412,101,128,
井笠地域,井原市,52330413,101,129,
井笠地域,井原市,52330414,101,128,
井笠地域,井原市,52330415,99,126,
井笠地域,井原市,52330420,100,127,
井笠地域,井原市,52330421,101,128,
井笠地域,井原市,52330422,101,129,
井笠地域,井原市,52330423,102,130,
井笠地域,井原市,52330424,101,129,
井笠地域,井原市,52330425,99,126,
井笠地域,井原市,52330426,99,126,
井笠地域,井原市,52330430,101,129,
井笠地域,井原市,52330431,101,129,
井笠地域,井原市,52330432,101,129,
井笠地域,井原市,52330433,101,129,
井笠地域,井原市,52330434,101,128,
井笠地域,井原市,52330435,99,126,
井笠地域,井原市,52330436,99,126,
井笠地域,井原市,52330440,101,129,
井笠地域,井原市,52330441,101,129,
井笠地域,井原市,52330442,101,128,
井笠地域,井原市,52330443,101,128,
井笠地域,井原市,52330444,100,127,
井笠地域,井原市,52330445,99,126,
井笠地域,井原市,52330446,99,126,
井笠地域,井原市,52330447,99,126,
井笠地域,井原市,52330452,101,128,
井笠地域,井原市,52330453,100,127,
井笠地域,井原市,52330454,99,126,
井笠地域,井原市,52330455,99,126,
井笠地域,井原市,52330456,98,125,
井笠地域,井原市,52330462,101,129,
井笠地域,井原市,52330463,101,－,
井笠地域,井原市,52330464,101,－,
井笠地域,井原市,52330472,101,－,
井笠地域,井原市,52330473,101,128,
井笠地域,井原市,52330482,101,129,
井笠地域,井原市,52330483,101,128,
井笠地域,井原市,52330484,101,128,
井笠地域,浅口市,51335456,97,124,
井笠地域,浅口市,51335466,100,127,
井笠地域,浅口市,51335467,99,126,
井笠地域,浅口市,51335468,98,125,
井笠地域,浅口市,51335476,99,126,
井笠地域,浅口市,51335477,100,127,
井笠地域,浅口市,51335485,99,126,
井笠地域,浅口市,51335486,99,126,
井笠地域,浅口市,51335487,99,126,
井笠地域,浅口市,51335495,99,126,
井笠地域,浅口市,51335496,99,126,
井笠地域,浅口市,51335497,97,124,
井笠地域,浅口市,51336405,99,126,
井笠地域,浅口市,51336406,98,125,
井笠地域,浅口市,51336407,98,125,
井笠地域,浅口市,51336408,97,124,
井笠地域,浅口市,51336416,99,126,
井笠地域,浅口市,51336417,99,126,
井笠地域,浅口市,51336418,98,125,
井笠地域,浅口市,51336419,97,124,
井笠地域,浅口市,51336426,99,126,
井笠地域,浅口市,51336427,99,126,
井笠地域,浅口市,51336428,98,125,
井笠地域,浅口市,51336429,97,124,
井笠地域,浅口市,51336436,99,126,
井笠地域,浅口市,51336437,99,126,
井笠地域,浅口市,51336438,99,126,
井笠地域,浅口市,51336439,98,125,
井笠地域,浅口市,51336443,99,126,
井笠地域,浅口市,51336444,99,126,
井笠地域,浅口市,51336445,100,127,
井笠地域,浅口市,51336446,99,126,
井笠地域,浅口市,51336447,99,126,
井笠地域,浅口市,51336448,99,126,
井笠地域,浅口市,51336449,100,127,
井笠地域,浅口市,51336453,100,127,
井笠地域,浅口市,51336454,99,126,
井笠地域,浅口市,51336455,99,126,
井笠地域,浅口市,51336456,99,126,
井笠地域,浅口市,51336457,99,126,
井笠地域,浅口市,51336458,100,127,
井笠地域,浅口市,51336459,101,128,
井笠地域,浅口市,51336465,99,126,
井笠地域,浅口市,51336466,99,126,
井笠地域,浅口市,51336467,99,126,
井笠地域,浅口市,51336468,100,127,
井笠地域,浅口市,51336469,100,127,
井笠地域,浅口市,51336475,99,126,
井笠地域,浅口市,51336476,98,125,
井笠地域,浅口市,51336477,99,126,
井笠地域,浅口市,51336478,99,126,
井笠地域,浅口市,51336479,99,126,
井笠地域,浅口市,51336485,99,126,
井笠地域,浅口市,51336486,99,126,
井笠地域,浅口市,51336487,98,125,
井笠地域,浅口市,51336488,98,125,
井笠地域,浅口市,51336489,97,124,
井笠地域,浅口市,51336495,99,126,
井笠地域,浅口市,51336496,99,126,
井笠地域,浅口市,51336530,97,123,
井笠地域,浅口市,51336540,97,124,
井笠地域,浅口市,51336550,99,126,
井笠地域,浅口市,51336551,98,125,
井笠地域,浅口市,51336560,99,126,
井笠地域,浅口市,51336561,98,125,
井笠地域,浅口市,51336570,97,124,
井笠地域,浅口市,51336580,97,124,
井笠地域,浅口市,51337406,99,126,
井笠地域,里庄町,51335493,100,127,
井笠地域,里庄町,51335494,99,126,
井笠地域,里庄町,51336403,101,128,
井笠地域,里庄町,51336404,100,127,
井笠地域,里庄町,51336413,101,128,
井笠地域,里庄町,51336414,99,126,
井笠地域,里庄町,51336415,99,126,
井笠地域,里庄町,51336424,100,127,
井笠地域,里庄町,51336425,99,126,
井笠地域,里庄町,51336434,99,126,
井笠地域,里庄町,51336435,99,126,
井笠地域,矢掛町,51336497,99,126,
井笠地域,矢掛町,51336498,98,125,
井笠地域,矢掛町,51336499,98,125,
井笠地域,矢掛町,51337405,99,126,
井笠地域,矢掛町,51337407,98,125,
井笠地域,矢掛町,51337408,98,125,
井笠地域,矢掛町,51337409,97,124,
井笠地域,矢掛町,51337414,100,127,
井笠地域,矢掛町,51337415,99,126,
井笠地域,矢掛町,51337416,98,125,
井笠地域,矢掛町,51337417,99,126,
井笠地域,矢掛町,51337418,98,125,
井笠地域,矢掛町,51337419,97,124,
井笠地域,矢掛町,51337422,100,127,
井笠地域,矢掛町,51337423,100,127,
井笠地域,矢掛町,51337424,99,126,
井笠地域,矢掛町,51337425,100,127,
井笠地域,矢掛町,51337426,99,126,
井笠地域,矢掛町,51337427,99,126,
井笠地域,矢掛町,51337428,99,126,
井笠地域,矢掛町,51337429,98,125,
井笠地域,矢掛町,51337433,101,128,
井笠地域,矢掛町,51337434,100,127,
井笠地域,矢掛町,51337435,100,127,
井笠地域,矢掛町,51337436,100,127,
井笠地域,矢掛町,51337437,99,126,
井笠地域,矢掛町,51337438,99,126,
井笠地域,矢掛町,51337439,99,126,
井笠地域,矢掛町,51337442,100,127,
井笠地域,矢掛町,51337443,100,127,
井笠地域,矢掛町,51337444,101,128,
井笠地域,矢掛町,51337445,101,128,
井笠地域,矢掛町,51337446,100,127,
井笠地域,矢掛町,51337447,101,128,
井笠地域,矢掛町,51337448,100,127,
井笠地域,矢掛町,51337449,99,126,
井笠地域,矢掛町,51337452,99,126,
井笠地域,矢掛町,51337453,100,127,
井笠地域,矢掛町,51337454,100,127,
井笠地域,矢掛町,51337455,100,127,
井笠地域,矢掛町,51337456,101,128,
井笠地域,矢掛町,51337457,100,127,
井笠地域,矢掛町,51337458,99,126,
井笠地域,矢掛町,51337459,99,126,
井笠地域,矢掛町,51337463,99,126,
井笠地域,矢掛町,51337464,100,127,
井笠地域,矢掛町,51337465,101,128,
井笠地域,矢掛町,51337466,100,127,
井笠地域,矢掛町,51337467,99,126,
井笠地域,矢掛町,51337468,99,126,
井笠地域,矢掛町,51337469,97,124,
井笠地域,矢掛町,51337472,99,126,
井笠地域,矢掛町,51337473,99,126,
井笠地域,矢掛町,51337475,99,126,
井笠地域,矢掛町,51337476,99,126,
井笠地域,矢掛町,51337477,98,125,
井笠地域,矢掛町,51337478,98,125,
井笠地域,矢掛町,51337479,97,124,
井笠地域,矢掛町,51337485,98,125,
井笠地域,矢掛町,51337486,99,126,
井笠地域,矢掛町,51337487,98,125,
井笠地域,矢掛町,51337488,97,124,
井笠地域,矢掛町,51337489,97,124,
井笠地域,矢掛町,51337495,99,126,
井笠地域,矢掛町,51337496,98,125,
井笠地域,矢掛町,51337497,98,125,
井笠地域,矢掛町,51337498,97,124,
井笠地域,矢掛町,51337500,97,123,
井笠地域,矢掛町,51337510,97,124,
井笠地域,矢掛町,51337511,97,123,
井笠地域,矢掛町,51337520,98,125,
井笠地域,矢掛町,51337530,99,126,
井笠地域,矢掛町,51337540,99,126,
井笠地域,矢掛町,51337550,98,125,
井笠地域,矢掛町,51337560,97,123,
井笠地域,矢掛町,52330406,99,126,
井笠地域,矢掛町,52330407,97,123,
井笠地域,矢掛町,52330408,97,124,
井笠地域,矢掛町,52330416,99,126,
井笠地域,矢掛町,52330417,97,124,
井笠地域,矢掛町,52330418,97,123,
井笠地域,矢掛町,52330427,97,123,
井笠地域,矢掛町,52330428,97,124,
井笠地域,矢掛町,52330429,97,124,
井笠地域,矢掛町,52330437,98,125,
井笠地域,矢掛町,52330438,97,124,
井笠地域,矢掛町,52330439,97,124,
井笠地域,矢掛町,52330448,99,126,
井笠地域,矢掛町,52330449,99,126,
高梁地域,高梁市,52330326,105,133,
高梁地域,高梁市,52330334,105,133,
高梁地域,高梁市,52330335,105,133,
高梁地域,高梁市,52330336,105,133,
高梁地域,高梁市,52330337,101,129,
高梁地域,高梁市,52330338,101,129,
高梁地域,高梁市,52330339,101,129,
高梁地域,高梁市,52330344,102,130,
高梁地域,高梁市,52330345,101,129,
高梁地域,高梁市,52330346,102,130,
高梁地域,高梁市,52330347,101,129,
高梁地域,高梁市,52330348,102,130,
高梁地域,高梁市,52330349,102,130,
高梁地域,高梁市,52330353,102,130,
高梁地域,高梁市,52330354,101,129,
高梁地域,高梁市,52330355,101,129,
高梁地域,高梁市,52330356,101,129,
高梁地域,高梁市,52330357,101,129,
高梁地域,高梁市,52330358,102,130,
高梁地域,高梁市,52330359,101,129,
高梁地域,高梁市,52330363,103,131,
高梁地域,高梁市,52330364,102,130,
高梁地域,高梁市,52330365,101,129,
高梁地域,高梁市,52330366,102,130,
高梁地域,高梁市,52330367,103,131,
高梁地域,高梁市,52330368,103,131,
高梁地域,高梁市,52330369,103,131,
高梁地域,高梁市,52330372,102,130,
高梁地域,高梁市,52330373,102,130,
高梁地域,高梁市,52330374,102,130,
高梁地域,高梁市,52330375,102,130,
高梁地域,高梁市,52330376,104,132,
高梁地域,高梁市,52330377,105,133,
高梁地域,高梁市,52330378,105,133,
高梁地域,高梁市,52330379,105,133,
高梁地域,高梁市,52330381,102,130,
高梁地域,高梁市,52330382,102,130,
高梁地域,高梁市,52330383,102,130,
高梁地域,高梁市,52330384,102,130,
高梁地域,高梁市,52330385,102,130,
高梁地域,高梁市,52330386,104,132,
高梁地域,高梁市,52330387,105,133,
高梁地域,高梁市,52330388,106,135,
高梁地域,高梁市,52330389,105,134,
高梁地域,高梁市,52330390,103,131,
高梁地域,高梁市,52330391,102,130,
高梁地域,高梁市,52330392,102,130,
高梁地域,高梁市,52330393,103,131,
高梁地域,高梁市,52330394,103,131,
高梁地域,高梁市,52330395,102,130,
高梁地域,高梁市,52330396,103,131,
高梁地域,高梁市,52330397,105,133,
高梁地域,高梁市,52330398,105,134,
高梁地域,高梁市,52330399,105,134,
高梁地域,高梁市,52330450,101,129,
高梁地域,高梁市,52330451,101,129,
高梁地域,高梁市,52330460,101,129,
高梁地域,高梁市,52330461,101,129,
高梁地域,高梁市,52330465,99,126,
高梁地域,高梁市,52330466,99,126,
高梁地域,高梁市,52330470,103,131,
高梁地域,高梁市,52330471,101,129,
高梁地域,高梁市,52330474,100,127,
高梁地域,高梁市,52330475,99,126,
高梁地域,高梁市,52330476,100,127,
高梁地域,高梁市,52330477,99,126,
高梁地域,高梁市,52330480,104,132,
高梁地域,高梁市,52330481,101,129,
高梁地域,高梁市,52330485,101,128,
高梁地域,高梁市,52330486,100,127,
高梁地域,高梁市,52330487,100,127,
高梁地域,高梁市,52330490,104,132,
高梁地域,高梁市,52330491,101,129,
高梁地域,高梁市,52330492,101,129,
高梁地域,高梁市,52330493,100,127,
高梁地域,高梁市,52330494,101,128,
高梁地域,高梁市,52330495,100,127,
高梁地域,高梁市,52330496,101,128,
高梁地域,高梁市,52330497,100,127,
高梁地域,高梁市,52330498,101,128,
高梁地域,高梁市,52331209,103,131,
高梁地域,高梁市,52331219,105,133,
高梁地域,高梁市,52331229,105,133,
高梁地域,高梁市,52331289,105,133,
高梁地域,高梁市,52331298,106,－,
高梁地域,高梁市,52331299,105,133,
高梁地域,高梁市,52331300,105,133,
高梁地域,高梁市,52331301,104,132,
高梁地域,高梁市,52331302,104,132,
高梁地域,高梁市,52331303,103,131,
高梁地域,高梁市,52331304,102,130,
高梁地域,高梁市,52331305,102,130,
高梁地域,高梁市,52331306,103,131,
高梁地域,高梁市,52331307,105,133,
高梁地域,高梁市,52331308,105,133,
高梁地域,高梁市,52331309,105,133,
高梁地域,高梁市,52331310,104,132,
高梁地域,高梁市,52331311,103,131,
高梁地域,高梁市,52331312,104,132,
高梁地域,高梁市,52331313,102,130,
高梁地域,高梁市,52331314,103,131,
高梁地域,高梁市,52331315,103,131,
高梁地域,高梁市,52331316,103,131,
高梁地域,高梁市,52331317,103,131,
高梁地域,高梁市,52331318,105,133,
高梁地域,高梁市,52331319,105,133,
高梁地域,高梁市,52331320,104,132,
高梁地域,高梁市,52331321,105,133,
高梁地域,高梁市,52331322,104,132,
高梁地域,高梁市,52331323,103,131,
高梁地域,高梁市,52331324,103,131,
高梁地域,高梁市,52331325,103,131,
高梁地域,高梁市,52331326,105,133,
高梁地域,高梁市,52331327,105,133,
高梁地域,高梁市,52331328,105,133,
高梁地域,高梁市,52331329,105,133,
高梁地域,高梁市,52331330,105,133,
高梁地域,高梁市,52331331,105,133,
高梁地域,高梁市,52331332,103,131,
高梁地域,高梁市,52331333,104,132,
高梁地域,高梁市,52331334,105,133,
高梁地域,高梁市,52331335,105,133,
高梁地域,高梁市,52331336,105,134,
高梁地域,高梁市,52331337,106,135,
高梁地域,高梁市,52331338,105,133,
高梁地域,高梁市,52331339,105,133,
高梁地域,高梁市,52331340,104,132,
高梁地域,高梁市,52331341,105,133,
高梁地域,高梁市,52331342,105,133,
高梁地域,高梁市,52331343,105,134,
高梁地域,高梁市,52331344,105,133,
高梁地域,高梁市,52331345,105,134,
高梁地域,高梁市,52331346,107,136,
高梁地域,高梁市,52331347,107,136,
高梁地域,高梁市,52331348,105,133,
高梁地域,高梁市,52331349,105,133,
高梁地域,高梁市,52331350,104,132,
高梁地域,高梁市,52331351,105,133,
高梁地域,高梁市,52331352,105,133,
高梁地域,高梁市,52331353,106,135,
高梁地域,高梁市,52331354,106,135,
高梁地域,高梁市,52331355,105,134,
高梁地域,高梁市,52331356,105,134,
高梁地域,高梁市,52331357,105,134,
高梁地域,高梁市,52331358,105,133,
高梁地域,高梁市,52331359,104,132,
高梁地域,高梁市,52331360,104,132,
高梁地域,高梁市,52331361,105,133,
高梁地域,高梁市,52331362,106,135,
高梁地域,高梁市,52331363,107,136,
高梁地域,高梁市,52331364,106,135,
高梁地域,高梁市,52331365,105,134,
高梁地域,高梁市,52331366,105,133,
高梁地域,高梁市,52331367,104,132,
高梁地域,高梁市,52331368,104,132,
高梁地域,高梁市,52331369,104,132,
高梁地域,高梁市,52331370,105,133,
高梁地域,高梁市,52331371,105,133,
高梁地域,高梁市,52331372,106,135,
高梁地域,高梁市,52331373,107,136,
高梁地域,高梁市,52331374,106,135,
高梁地域,高梁市,52331375,105,134,
高梁地域,高梁市,52331376,104,132,
高梁地域,高梁市,52331377,103,131,
高梁地域,高梁市,52331378,103,131,
高梁地域,高梁市,52331379,103,131,
高梁地域,高梁市,52331380,105,133,
高梁地域,高梁市,52331381,105,133,
高梁地域,高梁市,52331382,105,133,
高梁地域,高梁市,52331383,105,133,
高梁地域,高梁市,52331384,105,133,
高梁地域,高梁市,52331385,105,133,
高梁地域,高梁市,52331386,105,133,
高梁地域,高梁市,52331387,104,132,
高梁地域,高梁市,52331388,103,131,
高梁地域,高梁市,52331389,104,132,
高梁地域,高梁市,52331390,105,133,
高梁地域,高梁市,52331391,105,133,
高梁地域,高梁市,52331392,105,134,
高梁地域,高梁市,52331393,105,133,
高梁地域,高梁市,52331394,105,133,
高梁地域,高梁市,52331395,105,133,
高梁地域,高梁市,52331396,105,133,
高梁地域,高梁市,52331397,104,132,
高梁地域,高梁市,52331398,103,131,
高梁地域,高梁市,52331399,105,134,
高梁地域,高梁市,52331400,105,133,
高梁地域,高梁市,52331401,102,130,
高梁地域,高梁市,52331402,101,129,
高梁地域,高梁市,52331403,101,128,
高梁地域,高梁市,52331404,101,129,
高梁地域,高梁市,52331405,101,128,
高梁地域,高梁市,52331406,100,127,
高梁地域,高梁市,52331407,100,127,
高梁地域,高梁市,52331408,101,128,
高梁地域,高梁市,52331409,101,129,
高梁地域,高梁市,52331410,104,132,
高梁地域,高梁市,52331411,103,131,
高梁地域,高梁市,52331412,103,131,
高梁地域,高梁市,52331413,101,129,
高梁地域,高梁市,52331414,101,129,
高梁地域,高梁市,52331415,101,129,
高梁地域,高梁市,52331416,101,128,
高梁地域,高梁市,52331417,101,128,
高梁地域,高梁市,52331418,101,128,
高梁地域,高梁市,52331419,101,129,
高梁地域,高梁市,52331420,105,133,
高梁地域,高梁市,52331421,105,133,
高梁地域,高梁市,52331422,105,133,
高梁地域,高梁市,52331423,104,132,
高梁地域,高梁市,52331424,102,130,
高梁地域,高梁市,52331425,101,129,
高梁地域,高梁市,52331426,101,129,
高梁地域,高梁市,52331427,101,129,
高梁地域,高梁市,52331428,102,130,
高梁地域,高梁市,52331429,102,130,
高梁地域,高梁市,52331430,105,133,
高梁地域,高梁市,52331431,106,135,
高梁地域,高梁市,52331432,106,135,
高梁地域,高梁市,52331433,105,134,
高梁地域,高梁市,52331434,104,132,
高梁地域,高梁市,52331435,102,130,
高梁地域,高梁市,52331436,102,130,
高梁地域,高梁市,52331437,103,131,
高梁地域,高梁市,52331438,103,131,
高梁地域,高梁市,52331439,103,131,
高梁地域,高梁市,52331440,105,133,
高梁地域,高梁市,52331441,105,133,
高梁地域,高梁市,52331442,105,134,
高梁地域,高梁市,52331443,105,134,
高梁地域,高梁市,52331444,103,131,
高梁地域,高梁市,52331445,102,130,
高梁地域,高梁市,52331446,103,131,
高梁地域,高梁市,52331447,105,133,
高梁地域,高梁市,52331448,105,134,
高梁地域,高梁市,52331449,105,133,
高梁地域,高梁市,52331450,104,132,
高梁地域,高梁市,52331451,105,133,
高梁地域,高梁市,52331452,105,133,
高梁地域,高梁市,52331453,105,133,
高梁地域,高梁市,52331454,101,129,
高梁地域,高梁市,52331455,102,130,
高梁地域,高梁市,52331456,103,131,
高梁地域,高梁市,52331457,105,133,
高梁地域,高梁市,52331458,106,135,
高梁地域,高梁市,52331459,105,133,
高梁地域,高梁市,52331460,103,131,
高梁地域,高梁市,52331461,103,131,
高梁地域,高梁市,52331462,103,131,
高梁地域,高梁市,52331463,104,132,
高梁地域,高梁市,52331464,103,131,
高梁地域,高梁市,52331465,103,131,
高梁地域,高梁市,52331466,103,131,
高梁地域,高梁市,52331467,105,133,
高梁地域,高梁市,52331468,105,134,
高梁地域,高梁市,52331469,105,133,
高梁地域,高梁市,52331470,103,131,
高梁地域,高梁市,52331471,104,132,
高梁地域,高梁市,52331472,105,133,
高梁地域,高梁市,52331473,105,133,
高梁地域,高梁市,52331474,103,131,
高梁地域,高梁市,52331475,103,131,
高梁地域,高梁市,52331476,105,133,
高梁地域,高梁市,52331477,105,133,
高梁地域,高梁市,52331478,105,133,
高梁地域,高梁市,52331479,105,133,
高梁地域,高梁市,52331480,105,134,
高梁地域,高梁市,52331481,106,135,
高梁地域,高梁市,52331482,106,135,
高梁地域,高梁市,52331483,105,133,
高梁地域,高梁市,52331484,105,133,
高梁地域,高梁市,52331485,105,133,
高梁地域,高梁市,52331486,105,133,
高梁地域,高梁市,52331487,104,132,
高梁地域,高梁市,52331488,103,131,
高梁地域,高梁市,52331489,104,132,
高梁地域,高梁市,52331490,107,136,
高梁地域,高梁市,52331491,108,137,
高梁地域,高梁市,52331492,108,137,
高梁地域,高梁市,52331493,106,135,
高梁地域,高梁市,52331494,105,133,
高梁地域,高梁市,52331495,105,133,
高梁地域,高梁市,52331496,105,133,
高梁地域,高梁市,52331497,105,134,
高梁地域,高梁市,52331498,105,133,
高梁地域,高梁市,52331499,105,133,
高梁地域,高梁市,52331510,101,128,
高梁地域,高梁市,52331520,101,129,
高梁地域,高梁市,52331521,101,128,
高梁地域,高梁市,52331530,101,129,
高梁地域,高梁市,52331531,101,128,
高梁地域,高梁市,52331540,103,131,
高梁地域,高梁市,52331541,102,130,
高梁地域,高梁市,52331542,102,130,
高梁地域,高梁市,52331550,104,132,
高梁地域,高梁市,52331551,103,131,
高梁地域,高梁市,52331552,105,133,
高梁地域,高梁市,52331560,104,132,
高梁地域,高梁市,52331561,103,131,
高梁地域,高梁市,52331562,102,130,
高梁地域,高梁市,52331570,102,130,
高梁地域,高梁市,52331571,103,131,
高梁地域,高梁市,52331580,104,132,
高梁地域,高梁市,52331581,102,130,
高梁地域,高梁市,52331590,103,131,
高梁地域,高梁市,52332207,105,134,
高梁地域,高梁市,52332208,106,135,
高梁地域,高梁市,52332209,105,133,
高梁地域,高梁市,52332217,106,135,
高梁地域,高梁市,52332218,106,135,
高梁地域,高梁市,52332219,106,135,
高梁地域,高梁市,52332226,107,136,
高梁地域,高梁市,52332227,107,136,
高梁地域,高梁市,52332228,107,136,
高梁地域,高梁市,52332229,106,135,
高梁地域,高梁市,52332237,107,136,
高梁地域,高梁市,52332238,107,136,
高梁地域,高梁市,52332239,107,136,
高梁地域,高梁市,52332247,107,－,
高梁地域,高梁市,52332248,107,136,
高梁地域,高梁市,52332249,107,136,
高梁地域,高梁市,52332300,105,133,
高梁地域,高梁市,52332301,105,133,
高梁地域,高梁市,52332302,105,134,
高梁地域,高梁市,52332303,105,133,
高梁地域,高梁市,52332304,105,133,
高梁地域,高梁市,52332305,105,134,
高梁地域,高梁市,52332306,105,134,
高梁地域,高梁市,52332307,105,133,
高梁地域,高梁市,52332308,104,132,
高梁地域,高梁市,52332309,105,134,
高梁地域,高梁市,52332310,105,134,
高梁地域,高梁市,52332311,105,134,
高梁地域,高梁市,52332312,105,133,
高梁地域,高梁市,52332313,105,134,
高梁地域,高梁市,52332314,106,135,
高梁地域,高梁市,52332315,107,136,
高梁地域,高梁市,52332316,107,136,
高梁地域,高梁市,52332317,105,134,
高梁地域,高梁市,52332318,105,134,
高梁地域,高梁市,52332319,105,134,
高梁地域,高梁市,52332320,105,134,
高梁地域,高梁市,52332321,105,134,
高梁地域,高梁市,52332322,107,136,
高梁地域,高梁市,52332323,107,136,
高梁地域,高梁市,52332324,108,137,
高梁地域,高梁市,52332325,107,136,
高梁地域,高梁市,52332326,107,136,
高梁地域,高梁市,52332327,105,134,
高梁地域,高梁市,52332328,106,135,
高梁地域,高梁市,52332329,106,135,
高梁地域,高梁市,52332330,107,136,
高梁地域,高梁市,52332331,107,136,
高梁地域,高梁市,52332332,107,136,
高梁地域,高梁市,52332333,108,137,
高梁地域,高梁市,52332334,108,137,
高梁地域,高梁市,52332335,108,137,
高梁地域,高梁市,52332336,108,137,
高梁地域,高梁市,52332337,107,136,
高梁地域,高梁市,52332338,107,136,
高梁地域,高梁市,52332339,106,135,
高梁地域,高梁市,52332340,107,136,
高梁地域,高梁市,52332341,107,136,
高梁地域,高梁市,52332342,109,138,
高梁地域,高梁市,52332343,109,139,
高梁地域,高梁市,52332344,109,139,
高梁地域,高梁市,52332345,109,138,
高梁地域,高梁市,52332346,107,136,
高梁地域,高梁市,52332347,107,136,
高梁地域,高梁市,52332348,107,136,
高梁地域,高梁市,52332349,107,136,
高梁地域,高梁市,52332353,109,139,
高梁地域,高梁市,52332354,109,139,
高梁地域,高梁市,52332355,108,137,
高梁地域,高梁市,52332357,107,136,
高梁地域,高梁市,52332400,107,136,
高梁地域,高梁市,52332401,108,137,
高梁地域,高梁市,52332402,107,136,
高梁地域,高梁市,52332403,105,134,
高梁地域,高梁市,52332404,105,133,
高梁地域,高梁市,52332405,106,135,
高梁地域,高梁市,52332406,106,135,
高梁地域,高梁市,52332407,107,136,
高梁地域,高梁市,52332408,105,134,
高梁地域,高梁市,52332409,105,133,
高梁地域,高梁市,52332410,106,135,
高梁地域,高梁市,52332411,107,136,
高梁地域,高梁市,52332412,105,134,
高梁地域,高梁市,52332413,105,134,
高梁地域,高梁市,52332414,105,133,
高梁地域,高梁市,52332415,106,135,
高梁地域,高梁市,52332416,107,136,
高梁地域,高梁市,52332417,107,136,
高梁地域,高梁市,52332418,107,136,
高梁地域,高梁市,52332419,105,133,
高梁地域,高梁市,52332420,105,133,
高梁地域,高梁市,52332421,105,134,
高梁地域,高梁市,52332422,106,135,
高梁地域,高梁市,52332423,105,134,
高梁地域,高梁市,52332424,105,133,
高梁地域,高梁市,52332425,105,134,
高梁地域,高梁市,52332426,106,135,
高梁地域,高梁市,52332427,107,136,
高梁地域,高梁市,52332428,106,135,
高梁地域,高梁市,52332429,105,133,
高梁地域,高梁市,52332430,105,134,
高梁地域,高梁市,52332431,105,133,
高梁地域,高梁市,52332432,105,134,
高梁地域,高梁市,52332433,105,134,
高梁地域,高梁市,52332434,105,134,
高梁地域,高梁市,52332435,105,134,
高梁地域,高梁市,52332436,105,134,
高梁地域,高梁市,52332437,106,135,
高梁地域,高梁市,52332438,105,133,
高梁地域,高梁市,52332439,105,133,
高梁地域,高梁市,52332442,107,136,
高梁地域,高梁市,52332443,107,136,
高梁地域,高梁市,52332444,107,136,
高梁地域,高梁市,52332445,106,135,
高梁地域,高梁市,52332446,105,133,
高梁地域,高梁市,52332447,105,133,
高梁地域,高梁市,52332448,104,132,
高梁地域,高梁市,52332449,105,133,
高梁地域,高梁市,52332453,107,136,
高梁地域,高梁市,52332454,108,137,
高梁地域,高梁市,52332455,107,136,
高梁地域,高梁市,52332456,105,133,
高梁地域,高梁市,52332457,105,133,
高梁地域,高梁市,52332458,105,133,
高梁地域,高梁市,52332459,105,133,
高梁地域,高梁市,52332465,106,135,
高梁地域,高梁市,52332466,105,133,
高梁地域,高梁市,52332467,105,133,
高梁地域,高梁市,52332468,104,132,
高梁地域,高梁市,52332469,104,132,
高梁地域,高梁市,52332475,105,133,
高梁地域,高梁市,52332476,104,132,
高梁地域,高梁市,52332477,105,133,
高梁地域,高梁市,52332478,104,132,
高梁地域,高梁市,52332479,103,131,
高梁地域,高梁市,52332485,104,132,
高梁地域,高梁市,52332486,104,132,
高梁地域,高梁市,52332487,104,132,
高梁地域,高梁市,52332488,103,131,
高梁地域,高梁市,52332489,104,132,
高梁地域,高梁市,52332495,104,132,
高梁地域,高梁市,52332496,105,133,
高梁地域,高梁市,52332497,104,132,
高梁地域,高梁市,52332498,105,133,
高梁地域,高梁市,52332499,105,133,
高梁地域,高梁市,52332500,104,132,
高梁地域,高梁市,52332510,105,133,
高梁地域,高梁市,52332511,105,133,
高梁地域,高梁市,52332520,105,133,
高梁地域,高梁市,52332521,105,133,
高梁地域,高梁市,52332522,105,133,
高梁地域,高梁市,52332530,105,133,
高梁地域,高梁市,52332531,105,133,
高梁地域,高梁市,52332532,105,133,
高梁地域,高梁市,52332540,105,133,
高梁地域,高梁市,52332541,105,133,
高梁地域,高梁市,52332542,105,133,
高梁地域,高梁市,52332550,105,133,
高梁地域,高梁市,52332551,105,133,
高梁地域,高梁市,52332552,105,134,
高梁地域,高梁市,52332553,105,133,
高梁地域,高梁市,52332560,105,133,
高梁地域,高梁市,52332561,105,134,
高梁地域,高梁市,52332562,105,133,
高梁地域,高梁市,52332563,105,134,
高梁地域,高梁市,52332564,104,132,
高梁地域,高梁市,52332570,105,133,
高梁地域,高梁市,52332571,106,135,
高梁地域,高梁市,52332572,107,136,
高梁地域,高梁市,52332573,106,135,
高梁地域,高梁市,52332574,105,133,
高梁地域,高梁市,52332575,103,131,
高梁地域,高梁市,52332580,105,133,
高梁地域,高梁市,52332581,106,135,
高梁地域,高梁市,52332582,107,136,
高梁地域,高梁市,52332583,106,135,
高梁地域,高梁市,52332584,105,133,
高梁地域,高梁市,52332585,102,130,
高梁地域,高梁市,52332586,103,131,
高梁地域,高梁市,52332591,105,133,
高梁地域,高梁市,52332592,105,134,
高梁地域,高梁市,52332593,105,133,
高梁地域,高梁市,52332594,104,132,
高梁地域,高梁市,52332595,103,131,
高梁地域,高梁市,52332596,103,131,
高梁地域,高梁市,52333405,103,131,
高梁地域,高梁市,52333406,104,132,
高梁地域,高梁市,52333407,105,133,
高梁地域,高梁市,52333408,105,133,
高梁地域,高梁市,52333409,104,132,
高梁地域,高梁市,52333416,103,131,
高梁地域,高梁市,52333417,103,131,
高梁地域,高梁市,52333418,105,133,
高梁地域,高梁市,52333427,105,133,
高梁地域,高梁市,52333428,104,132,
高梁地域,高梁市,52333437,105,133,
高梁地域,高梁市,52333502,105,133,
高梁地域,高梁市,52333503,103,131,
高梁地域,高梁市,52333504,103,131,
高梁地域,高梁市,52333505,102,130,
高梁地域,高梁市,52333506,102,130,
高梁地域,高梁市,52333512,104,132,
高梁地域,高梁市,52333513,104,132,
高梁地域,高梁市,52333514,103,131,
高梁地域,高梁市,52333515,103,131,
高梁地域,高梁市,52333516,103,131,
高梁地域,高梁市,52333522,105,133,
高梁地域,高梁市,52333523,105,133,
高梁地域,高梁市,52333524,104,132,
高梁地域,高梁市,52333525,104,132,
高梁地域,高梁市,52333526,104,132,
高梁地域,高梁市,52333527,104,132,
高梁地域,高梁市,52333534,105,133,
高梁地域,高梁市,52333535,105,133,
高梁地域,高梁市,52333536,105,133,
高梁地域,高梁市,52333546,105,133,
新見地域,新見市,52332236,90,115,
新見地域,新見市,52332245,90,115,
新見地域,新見市,52332246,107,－,
新見地域,新見市,52332255,90,115,
新見地域,新見市,52332256,90,115,
新見地域,新見市,52332257,90,115,
新見地域,新見市,52332258,90,115,
新見地域,新見市,52332259,90,115,
新見地域,新見市,52332264,90,115,
新見地域,新見市,52332265,90,115,
新見地域,新見市,52332266,90,115,
新見地域,新見市,52332267,90,115,
新見地域,新見市,52332268,90,115,
新見地域,新見市,52332269,90,115,
新見地域,新見市,52332274,90,115,
新見地域,新見市,52332275,90,115,
新見地域,新見市,52332276,90,115,
新見地域,新見市,52332277,90,115,
新見地域,新見市,52332278,90,115,
新見地域,新見市,52332279,90,115,
新見地域,新見市,52332284,90,115,
新見地域,新見市,52332285,90,115,
新見地域,新見市,52332286,90,115,
新見地域,新見市,52332287,90,115,
新見地域,新見市,52332288,90,115,
新見地域,新見市,52332289,90,115,
新見地域,新見市,52332294,90,115,
新見地域,新見市,52332295,90,115,
新見地域,新見市,52332296,90,115,
新見地域,新見市,52332297,90,115,
新見地域,新見市,52332298,90,115,
新見地域,新見市,52332299,90,115,
新見地域,新見市,52332350,90,115,
新見地域,新見市,52332351,90,115,
新見地域,新見市,52332352,90,115,
新見地域,新見市,52332356,90,115,
新見地域,新見市,52332358,107,－,
新見地域,新見市,52332359,107,－,
新見地域,新見市,52332360,90,115,
新見地域,新見市,52332361,90,115,
新見地域,新見市,52332362,90,115,
新見地域,新見市,52332363,90,115,
新見地域,新見市,52332364,90,115,
新見地域,新見市,52332365,90,115,
新見地域,新見市,52332366,90,115,
新見地域,新見市,52332367,90,115,
新見地域,新見市,52332368,90,115,
新見地域,新見市,52332369,107,－,
新見地域,新見市,52332370,90,115,
新見地域,新見市,52332371,90,115,
新見地域,新見市,52332372,90,115,
新見地域,新見市,52332373,90,115,
新見地域,新見市,52332374,90,115,
新見地域,新見市,52332375,90,115,
新見地域,新見市,52332376,90,115,
新見地域,新見市,52332377,90,115,
新見地域,新見市,52332378,90,115,
新見地域,新見市,52332379,90,115,
新見地域,新見市,52332380,90,115,
新見地域,新見市,52332381,90,115,
新見地域,新見市,52332382,90,115,
新見地域,新見市,52332383,90,115,
新見地域,新見市,52332384,90,115,
新見地域,新見市,52332385,90,115,
新見地域,新見市,52332386,90,115,
新見地域,新見市,52332387,90,115,
新見地域,新見市,52332388,90,115,
新見地域,新見市,52332389,90,115,
新見地域,新見市,52332390,90,115,
新見地域,新見市,52332391,90,115,
新見地域,新見市,52332392,90,115,
新見地域,新見市,52332393,90,115,
新見地域,新見市,52332394,90,115,
新見地域,新見市,52332395,90,115,
新見地域,新見市,52332396,90,115,
新見地域,新見市,52332397,90,115,
新見地域,新見市,52332398,90,115,
新見地域,新見市,52332399,90,115,
新見地域,新見市,52332440,90,115,
新見地域,新見市,52332441,90,115,
新見地域,新見市,52332450,90,115,
新見地域,新見市,52332451,90,115,
新見地域,新見市,52332452,90,115,
新見地域,新見市,52332460,90,115,
新見地域,新見市,52332461,90,115,
新見地域,新見市,52332462,90,115,
新見地域,新見市,52332463,90,115,
新見地域,新見市,52332464,90,115,
新見地域,新見市,52332470,90,115,
新見地域,新見市,52332471,90,115,
新見地域,新見市,52332472,90,115,
新見地域,新見市,52332473,90,115,
新見地域,新見市,52332474,90,115,
新見地域,新見市,52332480,90,115,
新見地域,新見市,52332481,90,115,
新見地域,新見市,52332482,90,115,
新見地域,新見市,52332483,90,115,
新見地域,新見市,52332484,90,115,
新見地域,新見市,52332490,90,115,
新見地域,新見市,52332491,90,115,
新見地域,新見市,52332492,90,115,
新見地域,新見市,52332493,90,115,
新見地域,新見市,52332494,104,－,
新見地域,新見市,52333204,90,115,
新見地域,新見市,52333205,90,115,
新見地域,新見市,52333206,90,115,
新見地域,新見市,52333207,90,115,
新見地域,新見市,52333208,90,115,
新見地域,新見市,52333209,90,115,
新見地域,新見市,52333214,90,115,
新見地域,新見市,52333215,90,115,
新見地域,新見市,52333216,90,115,
新見地域,新見市,52333217,90,115,
新見地域,新見市,52333218,90,115,
新見地域,新見市,52333219,90,115,
新見地域,新見市,52333225,90,115,
新見地域,新見市,52333226,90,115,
新見地域,新見市,52333227,90,115,
新見地域,新見市,52333228,90,115,
新見地域,新見市,52333229,90,115,
新見地域,新見市,52333234,90,115,
新見地域,新見市,52333235,90,115,
新見地域,新見市,52333236,90,115,
新見地域,新見市,52333237,90,115,
新見地域,新見市,52333238,90,115,
新見地域,新見市,52333239,90,115,
新見地域,新見市,52333244,90,115,
新見地域,新見市,52333245,90,115,
新見地域,新見市,52333246,90,115,
新見地域,新見市,52333247,90,115,
新見地域,新見市,52333248,90,115,
新見地域,新見市,52333249,90,115,
新見地域,新見市,52333254,90,115,
新見地域,新見市,52333255,90,115,
新見地域,新見市,52333256,90,115,
新見地域,新見市,52333257,90,115,
新見地域,新見市,52333258,90,115,
新見地域,新見市,52333259,90,115,
新見地域,新見市,52333264,90,115,
新見地域,新見市,52333265,90,115,
新見地域,新見市,52333266,90,115,
新見地域,新見市,52333267,90,115,
新見地域,新見市,52333268,90,115,
新見地域,新見市,52333269,90,115,
新見地域,新見市,52333275,90,115,
新見地域,新見市,52333276,90,115,
新見地域,新見市,52333277,90,115,
新見地域,新見市,52333278,90,115,
新見地域,新見市,52333279,90,115,
新見地域,新見市,52333286,90,115,
新見地域,新見市,52333287,90,115,
新見地域,新見市,52333288,90,115,
新見地域,新見市,52333289,90,115,
新見地域,新見市,52333296,90,115,
新見地域,新見市,52333297,90,115,
新見地域,新見市,52333298,90,115,
新見地域,新見市,52333299,90,115,
新見地域,新見市,52333300,90,115,
新見地域,新見市,52333301,90,115,
新見地域,新見市,52333302,90,115,
新見地域,新見市,52333303,90,115,
新見地域,新見市,52333304,90,115,
新見地域,新見市,52333305,90,115,
新見地域,新見市,52333306,90,115,
新見地域,新見市,52333307,90,115,
新見地域,新見市,52333308,90,115,
新見地域,新見市,52333309,90,115,
新見地域,新見市,52333310,90,115,
新見地域,新見市,52333311,90,115,
新見地域,新見市,52333312,90,115,
新見地域,新見市,52333313,90,115,
新見地域,新見市,52333314,90,115,
新見地域,新見市,52333315,90,115,
新見地域,新見市,52333316,90,115,
新見地域,新見市,52333317,90,115,
新見地域,新見市,52333318,90,115,
新見地域,新見市,52333319,90,－,
新見地域,新見市,52333320,90,115,
新見地域,新見市,52333321,90,115,
新見地域,新見市,52333322,90,115,
新見地域,新見市,52333323,90,115,
新見地域,新見市,52333324,90,115,
新見地域,新見市,52333325,90,115,
新見地域,新見市,52333326,90,115,
新見地域,新見市,52333327,90,115,
新見地域,新見市,52333328,90,115,
新見地域,新見市,52333329,90,115,
新見地域,新見市,52333330,90,115,
新見地域,新見市,52333331,90,115,
新見地域,新見市,52333332,90,115,
新見地域,新見市,52333333,90,115,
新見地域,新見市,52333334,90,115,
新見地域,新見市,52333335,90,115,
新見地域,新見市,52333336,90,115,
新見地域,新見市,52333337,90,115,
新見地域,新見市,52333338,90,115,
新見地域,新見市,52333339,90,115,
新見地域,新見市,52333340,90,115,
新見地域,新見市,52333341,90,115,
新見地域,新見市,52333342,90,115,
新見地域,新見市,52333343,90,115,
新見地域,新見市,52333344,90,115,
新見地域,新見市,52333345,90,115,
新見地域,新見市,52333346,90,115,
新見地域,新見市,52333347,90,115,
新見地域,新見市,52333348,90,115,
新見地域,新見市,52333349,90,115,
新見地域,新見市,52333350,90,115,
新見地域,新見市,52333351,90,115,
新見地域,新見市,52333352,90,115,
新見地域,新見市,52333353,90,115,
新見地域,新見市,52333354,90,115,
新見地域,新見市,52333355,90,115,
新見地域,新見市,52333356,90,115,
新見地域,新見市,52333357,90,115,
新見地域,新見市,52333358,90,115,
新見地域,新見市,52333359,90,115,
新見地域,新見市,52333360,90,115,
新見地域,新見市,52333361,90,115,
新見地域,新見市,52333362,90,115,
新見地域,新見市,52333363,90,115,
新見地域,新見市,52333364,90,115,
新見地域,新見市,52333365,90,115,
新見地域,新見市,52333366,90,115,
新見地域,新見市,52333367,90,115,
新見地域,新見市,52333368,90,115,
新見地域,新見市,52333369,90,115,
新見地域,新見市,52333370,90,115,
新見地域,新見市,52333371,90,115,
新見地域,新見市,52333372,90,115,
新見地域,新見市,52333373,90,－,
新見地域,新見市,52333374,90,115,
新見地域,新見市,52333375,90,115,
新見地域,新見市,52333376,90,115,
新見地域,新見市,52333377,90,115,
新見地域,新見市,52333378,90,115,
新見地域,新見市,52333379,90,115,
新見地域,新見市,52333380,90,115,
新見地域,新見市,52333381,90,115,
新見地域,新見市,52333382,90,115,
新見地域,新見市,52333383,90,115,
新見地域,新見市,52333384,90,115,
新見地域,新見市,52333385,90,115,
新見地域,新見市,52333386,90,115,
新見地域,新見市,52333387,90,115,
新見地域,新見市,52333388,90,115,
新見地域,新見市,52333389,90,115,
新見地域,新見市,52333390,90,115,
新見地域,新見市,52333391,90,115,
新見地域,新見市,52333392,90,115,
新見地域,新見市,52333393,90,115,
新見地域,新見市,52333394,90,115,
新見地域,新見市,52333395,90,115,
新見地域,新見市,52333396,90,115,
新見地域,新見市,52333397,90,115,
新見地域,新見市,52333398,90,115,
新見地域,新見市,52333399,90,115,
新見地域,新見市,52333400,90,115,
新見地域,新見市,52333401,90,115,
新見地域,新見市,52333402,90,115,
新見地域,新見市,52333403,90,115,
新見地域,新見市,52333404,90,115,
新見地域,新見市,52333410,90,115,
新見地域,新見市,52333411,90,115,
新見地域,新見市,52333412,90,115,
新見地域,新見市,52333413,90,115,
新見地域,新見市,52333414,90,115,
新見地域,新見市,52333415,90,115,
新見地域,新見市,52333420,90,115,
新見地域,新見市,52333421,90,115,
新見地域,新見市,52333422,90,115,
新見地域,新見市,52333423,90,115,
新見地域,新見市,52333424,90,115,
新見地域,新見市,52333425,90,115,
新見地域,新見市,52333426,90,115,
新見地域,新見市,52333430,90,115,
新見地域,新見市,52333431,90,115,
新見地域,新見市,52333432,90,115,
新見地域,新見市,52333433,90,115,
新見地域,新見市,52333434,90,115,
新見地域,新見市,52333435,90,115,
新見地域,新見市,52333436,90,115,
新見地域,新見市,52333440,90,115,
新見地域,新見市,52333441,90,115,
新見地域,新見市,52333442,90,115,
新見地域,新見市,52333443,90,115,
新見地域,新見市,52333444,90,115,
新見地域,新見市,52333445,90,115,
新見地域,新見市,52333446,90,115,
新見地域,新見市,52333447,90,115,
新見地域,新見市,52333450,90,115,
新見地域,新見市,52333451,90,115,
新見地域,新見市,52333452,90,115,
新見地域,新見市,52333453,90,115,
新見地域,新見市,52333454,90,115,
新見地域,新見市,52333455,90,115,
新見地域,新見市,52333456,90,115,
新見地域,新見市,52333457,90,115,
新見地域,新見市,52333458,90,115,
新見地域,新見市,52333460,90,115,
新見地域,新見市,52333461,90,115,
新見地域,新見市,52333462,90,115,
新見地域,新見市,52333463,90,－,
新見地域,新見市,52333464,90,－,
新見地域,新見市,52333465,90,115,
新見地域,新見市,52333466,90,115,
新見地域,新見市,52333467,90,115,
新見地域,新見市,52333468,90,115,
新見地域,新見市,52333470,90,115,
新見地域,新見市,52333471,90,115,
新見地域,新見市,52333472,90,115,
新見地域,新見市,52333473,90,－,
新見地域,新見市,52333474,90,－,
新見地域,新見市,52333475,90,115,
新見地域,新見市,52333476,90,115,
新見地域,新見市,52333477,90,115,
新見地域,新見市,52333478,90,115,
新見地域,新見市,52333480,90,115,
新見地域,新見市,52333481,90,115,
新見地域,新見市,52333482,90,－,
新見地域,新見市,52333483,90,－,
新見地域,新見市,52333484,90,－,
新見地域,新見市,52333485,90,115,
新見地域,新見市,52333486,90,115,
新見地域,新見市,52333487,90,115,
新見地域,新見市,52333490,90,115,
新見地域,新見市,52333491,90,115,
新見地域,新見市,52333492,90,115,
新見地域,新見市,52333493,90,115,
新見地域,新見市,52333494,90,115,
新見地域,新見市,52333495,90,115,
新見地域,新見市,52333496,90,115,
新見地域,新見市,52333497,90,115,
新見地域,新見市,52334206,90,115,
新見地域,新見市,52334207,90,115,
新見地域,新見市,52334208,90,115,
新見地域,新見市,52334209,90,115,
新見地域,新見市,52334215,90,－,
新見地域,新見市,52334216,90,115,
新見地域,新見市,52334217,90,115,
新見地域,新見市,52334218,90,115,
新見地域,新見市,52334219,90,115,
新見地域,新見市,52334224,90,－,
新見地域,新見市,52334225,90,－,
新見地域,新見市,52334226,90,115,
新見地域,新見市,52334227,90,115,
新見地域,新見市,52334228,90,115,
新見地域,新見市,52334229,90,115,
新見地域,新見市,52334234,90,115,
新見地域,新見市,52334235,90,115,
新見地域,新見市,52334236,90,115,
新見地域,新見市,52334237,90,115,
新見地域,新見市,52334238,90,115,
新見地域,新見市,52334239,90,－,
新見地域,新見市,52334243,90,－,
新見地域,新見市,52334244,90,115,
新見地域,新見市,52334245,90,115,
新見地域,新見市,52334246,90,115,
新見地域,新見市,52334247,90,115,
新見地域,新見市,52334248,90,115,
新見地域,新見市,52334249,90,115,
新見地域,新見市,52334252,90,－,
新見地域,新見市,52334253,90,－,
新見地域,新見市,52334254,90,115,
新見地域,新見市,52334255,90,115,
新見地域,新見市,52334256,90,115,
新見地域,新見市,52334257,90,115,
新見地域,新見市,52334258,90,115,
新見地域,新見市,52334259,90,115,
新見地域,新見市,52334261,90,－,
新見地域,新見市,52334262,90,－,
新見地域,新見市,52334263,90,－,
新見地域,新見市,52334264,90,115,
新見地域,新見市,52334265,90,115,
新見地域,新見市,52334266,90,115,
新見地域,新見市,52334267,90,115,
新見地域,新見市,52334268,90,115,
新見地域,新見市,52334269,90,115,
新見地域,新見市,52334272,90,－,
新見地域,新見市,52334273,90,－,
新見地域,新見市,52334274,90,115,
新見地域,新見市,52334275,90,115,
新見地域,新見市,52334276,90,115,
新見地域,新見市,52334277,90,115,
新見地域,新見市,52334278,90,－,
新見地域,新見市,52334279,90,115,
新見地域,新見市,52334283,90,－,
新見地域,新見市,52334284,90,115,
新見地域,新見市,52334285,90,115,
新見地域,新見市,52334286,90,115,
新見地域,新見市,52334287,90,115,
新見地域,新見市,52334288,90,115,
新見地域,新見市,52334289,90,115,
新見地域,新見市,52334293,90,115,
新見地域,新見市,52334294,90,115,
新見地域,新見市,52334295,90,115,
新見地域,新見市,52334296,90,115,
新見地域,新見市,52334297,90,115,
新見地域,新見市,52334298,90,115,
新見地域,新見市,52334299,90,115,
新見地域,新見市,52334300,90,115,
新見地域,新見市,52334301,90,115,
新見地域,新見市,52334302,90,115,
新見地域,新見市,52334303,90,115,
新見地域,新見市,52334304,90,115,
新見地域,新見市,52334305,90,115,
新見地域,新見市,52334306,90,115,
新見地域,新見市,52334307,90,115,
新見地域,新見市,52334308,90,115,
新見地域,新見市,52334309,90,115,
新見地域,新見市,52334310,90,115,
新見地域,新見市,52334311,90,115,
新見地域,新見市,52334312,90,115,
新見地域,新見市,52334313,90,115,
新見地域,新見市,52334314,90,115,
新見地域,新見市,52334315,90,115,
新見地域,新見市,52334316,90,115,
新見地域,新見市,52334317,90,115,
新見地域,新見市,52334318,90,115,
新見地域,新見市,52334319,90,115,
新見地域,新見市,52334320,90,115,
新見地域,新見市,52334321,90,115,
新見地域,新見市,52334322,90,－,
新見地域,新見市,52334323,90,115,
新見地域,新見市,52334324,90,115,
新見地域,新見市,52334325,90,115,
新見地域,新見市,52334326,90,115,
新見地域,新見市,52334327,90,115,
新見地域,新見市,52334328,90,115,
新見地域,新見市,52334329,90,115,
新見地域,新見市,52334330,90,－,
新見地域,新見市,52334331,90,115,
新見地域,新見市,52334332,90,－,
新見地域,新見市,52334333,90,115,
新見地域,新見市,52334334,90,115,
新見地域,新見市,52334335,90,115,
新見地域,新見市,52334336,90,115,
新見地域,新見市,52334337,90,115,
新見地域,新見市,52334338,90,115,
新見地域,新見市,52334339,90,115,
新見地域,新見市,52334340,90,115,
新見地域,新見市,52334341,90,115,
新見地域,新見市,52334342,90,115,
新見地域,新見市,52334343,90,115,
新見地域,新見市,52334344,90,115,
新見地域,新見市,52334345,90,115,
新見地域,新見市,52334346,90,115,
新見地域,新見市,52334347,90,115,
新見地域,新見市,52334348,90,115,
新見地域,新見市,52334349,90,115,
新見地域,新見市,52334350,90,115,
新見地域,新見市,52334351,90,115,
新見地域,新見市,52334352,90,115,
新見地域,新見市,52334353,90,115,
新見地域,新見市,52334354,90,115,
新見地域,新見市,52334355,90,115,
新見地域,新見市,52334356,90,115,
新見地域,新見市,52334357,90,115,
新見地域,新見市,52334358,90,115,
新見地域,新見市,52334359,90,115,
新見地域,新見市,52334360,90,115,
新見地域,新見市,52334361,90,115,
新見地域,新見市,52334362,90,115,
新見地域,新見市,52334363,90,115,
新見地域,新見市,52334364,90,115,
新見地域,新見市,52334365,90,115,
新見地域,新見市,52334366,90,115,
新見地域,新見市,52334367,90,115,
新見地域,新見市,52334368,90,115,
新見地域,新見市,52334369,90,115,
新見地域,新見市,52334370,90,115,
新見地域,新見市,52334371,90,115,
新見地域,新見市,52334372,90,115,
新見地域,新見市,52334373,90,115,
新見地域,新見市,52334374,90,－,
新見地域,新見市,52334375,90,115,
新見地域,新見市,52334376,90,115,
新見地域,新見市,52334377,90,115,
新見地域,新見市,52334378,90,115,
新見地域,新見市,52334379,90,115,
新見地域,新見市,52334380,90,115,
新見地域,新見市,52334381,90,115,
新見地域,新見市,52334382,90,115,
新見地域,新見市,52334383,90,115,
新見地域,新見市,52334384,90,115,
新見地域,新見市,52334385,90,－,
新見地域,新見市,52334386,90,115,
新見地域,新見市,52334387,90,115,
新見地域,新見市,52334388,90,－,
新見地域,新見市,52334389,90,115,
新見地域,新見市,52334390,90,115,
新見地域,新見市,52334391,90,115,
新見地域,新見市,52334392,90,115,
新見地域,新見市,52334393,90,115,
新見地域,新見市,52334394,90,115,
新見地域,新見市,52334395,90,115,
新見地域,新見市,52334396,90,115,
新見地域,新見市,52334397,90,115,
新見地域,新見市,52334398,90,－,
新見地域,新見市,52334399,90,115,
新見地域,新見市,52334400,90,115,
新見地域,新見市,52334401,90,115,
新見地域,新見市,52334402,90,115,
新見地域,新見市,52334403,90,115,
新見地域,新見市,52334404,90,115,
新見地域,新見市,52334405,90,115,
新見地域,新見市,52334406,90,115,
新見地域,新見市,52334410,90,115,
新見地域,新見市,52334411,90,115,
新見地域,新見市,52334412,90,115,
新見地域,新見市,52334413,90,115,
新見地域,新見市,52334414,90,115,
新見地域,新見市,52334415,90,115,
新見地域,新見市,52334416,90,115,
新見地域,新見市,52334417,90,115,
新見地域,新見市,52334420,90,115,
新見地域,新見市,52334421,90,115,
新見地域,新見市,52334422,90,115,
新見地域,新見市,52334423,90,115,
新見地域,新見市,52334424,90,115,
新見地域,新見市,52334425,90,115,
新見地域,新見市,52334426,90,115,
新見地域,新見市,52334427,90,115,
新見地域,新見市,52334430,90,115,
新見地域,新見市,52334431,90,115,
新見地域,新見市,52334432,90,115,
新見地域,新見市,52334433,90,115,
新見地域,新見市,52334434,90,115,
新見地域,新見市,52334435,90,115,
新見地域,新見市,52334436,90,115,
新見地域,新見市,52334440,90,115,
新見地域,新見市,52334441,90,115,
新見地域,新見市,52334442,90,115,
新見地域,新見市,52334443,90,115,
新見地域,新見市,52334444,90,115,
新見地域,新見市,52334445,90,115,
新見地域,新見市,52334446,90,115,
新見地域,新見市,52334450,90,115,
新見地域,新見市,52334451,90,115,
新見地域,新見市,52334452,90,115,
新見地域,新見市,52334453,90,115,
新見地域,新見市,52334454,90,115,
新見地域,新見市,52334455,90,115,
新見地域,新見市,52334456,90,115,
新見地域,新見市,52334460,90,115,
新見地域,新見市,52334461,90,115,
新見地域,新見市,52334462,90,115,
新見地域,新見市,52334463,90,115,
新見地域,新見市,52334464,90,115,
新見地域,新見市,52334465,90,115,
新見地域,新見市,52334466,90,115,
新見地域,新見市,52334470,90,115,
新見地域,新見市,52334471,90,115,
新見地域,新見市,52334472,90,115,
新見地域,新見市,52334473,90,115,
新見地域,新見市,52334474,90,115,
新見地域,新見市,52334475,90,115,
新見地域,新見市,52334476,90,115,
新見地域,新見市,52334480,90,115,
新見地域,新見市,52334481,90,115,
新見地域,新見市,52334482,90,115,
新見地域,新見市,52334483,90,115,
新見地域,新見市,52334484,90,115,
新見地域,新見市,52334485,90,115,
新見地域,新見市,52334486,90,115,
新見地域,新見市,52334490,90,115,
新見地域,新見市,52334491,90,115,
新見地域,新見市,52334492,90,115,
新見地域,新見市,52334493,90,115,
新見地域,新見市,52334494,90,115,
新見地域,新見市,52334495,90,115,
新見地域,新見市,52334496,90,115,
新見地域,新見市,52335203,90,－,
新見地域,新見市,52335204,90,115,
新見地域,新見市,52335205,90,115,
新見地域,新見市,52335206,90,115,
新見地域,新見市,52335207,90,115,
新見地域,新見市,52335208,90,115,
新見地域,新見市,52335209,90,115,
新見地域,新見市,52335213,90,115,
新見地域,新見市,52335214,90,115,
新見地域,新見市,52335216,90,－,
新見地域,新見市,52335217,90,115,
新見地域,新見市,52335218,90,115,
新見地域,新見市,52335219,90,115,
新見地域,新見市,52335227,90,115,
新見地域,新見市,52335229,90,115,
新見地域,新見市,52335300,90,115,
新見地域,新見市,52335301,90,115,
新見地域,新見市,52335302,90,115,
新見地域,新見市,52335303,90,115,
新見地域,新見市,52335304,90,115,
新見地域,新見市,52335305,90,115,
新見地域,新見市,52335306,90,115,
新見地域,新見市,52335307,90,115,
新見地域,新見市,52335308,90,115,
新見地域,新見市,52335309,90,115,
新見地域,新見市,52335310,90,115,
新見地域,新見市,52335311,90,115,
新見地域,新見市,52335312,90,115,
新見地域,新見市,52335313,90,115,
新見地域,新見市,52335314,90,115,
新見地域,新見市,52335315,90,115,
新見地域,新見市,52335316,90,115,
新見地域,新見市,52335317,90,115,
新見地域,新見市,52335318,90,115,
新見地域,新見市,52335319,90,115,
新見地域,新見市,52335320,90,115,
新見地域,新見市,52335321,90,115,
新見地域,新見市,52335322,90,115,
新見地域,新見市,52335323,90,115,
新見地域,新見市,52335324,90,115,
新見地域,新見市,52335325,90,115,
新見地域,新見市,52335326,90,115,
新見地域,新見市,52335327,90,115,
新見地域,新見市,52335328,90,115,
新見地域,新見市,52335329,90,115,
新見地域,新見市,52335330,90,115,
新見地域,新見市,52335331,90,115,
新見地域,新見市,52335332,90,115,
新見地域,新見市,52335333,90,－,
新見地域,新見市,52335334,90,115,
新見地域,新見市,52335335,90,115,
新見地域,新見市,52335336,90,115,
新見地域,新見市,52335337,90,115,
新見地域,新見市,52335338,90,115,
新見地域,新見市,52335339,90,115,
新見地域,新見市,52335343,90,115,
新見地域,新見市,52335344,90,115,
新見地域,新見市,52335345,90,115,
新見地域,新見市,52335346,90,115,
新見地域,新見市,52335347,90,115,
新見地域,新見市,52335348,90,－,
新見地域,新見市,52335349,90,115,
新見地域,新見市,52335353,90,115,
新見地域,新見市,52335354,90,115,
新見地域,新見市,52335355,90,115,
新見地域,新見市,52335356,90,115,
新見地域,新見市,52335357,90,115,
新見地域,新見市,52335358,90,115,
新見地域,新見市,52335359,90,－,
新見地域,新見市,52335363,90,115,
新見地域,新見市,52335364,90,115,
新見地域,新見市,52335365,90,115,
新見地域,新見市,52335366,90,115,
新見地域,新見市,52335367,90,115,
新見地域,新見市,52335368,90,115,
新見地域,新見市,52335369,90,115,
新見地域,新見市,52335372,90,115,
新見地域,新見市,52335373,90,115,
新見地域,新見市,52335374,90,115,
新見地域,新見市,52335375,90,115,
新見地域,新見市,52335376,90,115,
新見地域,新見市,52335377,90,115,
新見地域,新見市,52335378,90,115,
新見地域,新見市,52335379,90,115,
新見地域,新見市,52335382,90,115,
新見地域,新見市,52335383,90,115,
新見地域,新見市,52335384,90,115,
新見地域,新見市,52335385,90,115,
新見地域,新見市,52335386,90,115,
新見地域,新見市,52335387,90,115,
新見地域,新見市,52335388,90,115,
新見地域,新見市,52335389,90,115,
新見地域,新見市,52335392,90,115,
新見地域,新見市,52335393,90,115,
新見地域,新見市,52335394,90,115,
新見地域,新見市,52335395,90,115,
新見地域,新見市,52335396,90,115,
新見地域,新見市,52335397,90,115,
新見地域,新見市,52335398,90,－,
新見地域,新見市,52335399,90,115,
新見地域,新見市,52335400,90,115,
新見地域,新見市,52335401,90,115,
新見地域,新見市,52335402,90,115,
新見地域,新見市,52335403,90,115,
新見地域,新見市,52335404,90,115,
新見地域,新見市,52335405,90,115,
新見地域,新見市,52335406,90,115,
新見地域,新見市,52335410,90,115,
新見地域,新見市,52335411,90,115,
新見地域,新見市,52335412,90,115,
新見地域,新見市,52335413,90,115,
新見地域,新見市,52335414,90,115,
新見地域,新見市,52335415,90,115,
新見地域,新見市,52335420,90,115,
新見地域,新見市,52335421,90,－,
新見地域,新見市,52335422,90,115,
新見地域,新見市,52335423,90,115,
新見地域,新見市,52335424,90,115,
新見地域,新見市,52335425,90,115,
新見地域,新見市,52335430,90,115,
新見地域,新見市,52335431,90,115,
新見地域,新見市,52335432,90,115,
新見地域,新見市,52335433,90,115,
新見地域,新見市,52335434,90,115,
新見地域,新見市,52335435,90,115,
新見地域,新見市,52335440,90,115,
新見地域,新見市,52335441,90,115,
新見地域,新見市,52335442,90,115,
新見地域,新見市,52335443,90,115,
新見地域,新見市,52335444,90,115,
新見地域,新見市,52335445,90,115,
新見地域,新見市,52335446,109,－,
新見地域,新見市,52335450,90,115,
新見地域,新見市,52335451,90,115,
新見地域,新見市,52335452,90,115,
新見地域,新見市,52335453,90,115,
新見地域,新見市,52335454,90,115,
新見地域,新見市,52335455,90,115,
新見地域,新見市,52335456,109,－,
新見地域,新見市,52335460,90,115,
新見地域,新見市,52335461,90,115,
新見地域,新見市,52335462,90,115,
新見地域,新見市,52335463,90,115,
新見地域,新見市,52335464,111,－,
新見地域,新見市,52335465,90,115,
新見地域,新見市,52335466,90,115,
新見地域,新見市,52335470,90,115,
新見地域,新見市,52335471,90,115,
新見地域,新見市,52335472,90,115,
新見地域,新見市,52335473,111,－,
新見地域,新見市,52335474,111,－,
新見地域,新見市,52335475,90,115,
新見地域,新見市,52335480,90,115,
新見地域,新見市,52335481,90,115,
新見地域,新見市,52335482,90,115,
新見地域,新見市,52335490,90,115,
新見地域,新見市,52335491,90,115,
新見地域,新見市,52335492,90,115,
新見地域,新見市,52336302,90,115,
新見地域,新見市,52336303,90,115,
新見地域,新見市,52336304,90,115,
新見地域,新見市,52336305,90,115,
新見地域,新見市,52336306,90,115,
新見地域,新見市,52336307,90,115,
新見地域,新見市,52336308,90,－,
新見地域,新見市,52336309,90,115,
新見地域,新見市,52336312,90,115,
新見地域,新見市,52336313,90,115,
新見地域,新見市,52336318,90,115,
新見地域,新見市,52336319,90,115,
新見地域,新見市,52336329,90,115,
新見地域,新見市,52336400,90,115,
新見地域,新見市,52336401,90,115,
新見地域,新見市,52336402,90,115,
新見地域,新見市,52336410,90,115,
新見地域,新見市,52336411,90,115,
新見地域,新見市,52336420,90,－,
真庭地域,真庭市,52332590,105,153,
真庭地域,真庭市,52333419,105,153,
真庭地域,真庭市,52333429,105,153,
真庭地域,真庭市,52333438,106,155,
真庭地域,真庭市,52333439,107,156,
真庭地域,真庭市,52333448,107,156,
真庭地域,真庭市,52333449,108,157,
真庭地域,真庭市,52333459,108,157,
真庭地域,真庭市,52333469,108,157,
真庭地域,真庭市,52333479,107,156,
真庭地域,真庭市,52333488,106,155,
真庭地域,真庭市,52333489,106,155,
真庭地域,真庭市,52333498,106,155,
真庭地域,真庭市,52333499,107,156,
真庭地域,真庭市,52333500,105,153,
真庭地域,真庭市,52333501,105,153,
真庭地域,真庭市,52333510,105,153,
真庭地域,真庭市,52333511,105,153,
真庭地域,真庭市,52333520,106,154,
真庭地域,真庭市,52333521,106,155,
真庭地域,真庭市,52333530,107,156,
真庭地域,真庭市,52333531,107,156,
真庭地域,真庭市,52333532,106,155,
真庭地域,真庭市,52333533,106,154,
真庭地域,真庭市,52333540,108,157,
真庭地域,真庭市,52333541,107,156,
真庭地域,真庭市,52333542,106,155,
真庭地域,真庭市,52333543,106,154,
真庭地域,真庭市,52333544,106,154,
真庭地域,真庭市,52333545,106,154,
真庭地域,真庭市,52333547,106,154,
真庭地域,真庭市,52333548,106,154,
真庭地域,真庭市,52333549,106,154,
真庭地域,真庭市,52333550,109,159,
真庭地域,真庭市,52333551,109,158,
真庭地域,真庭市,52333552,107,156,
真庭地域,真庭市,52333553,106,155,
真庭地域,真庭市,52333554,106,155,
真庭地域,真庭市,52333555,106,155,
真庭地域,真庭市,52333556,106,154,
真庭地域,真庭市,52333557,106,154,
真庭地域,真庭市,52333558,106,154,
真庭地域,真庭市,52333559,105,153,
真庭地域,真庭市,52333560,109,158,
真庭地域,真庭市,52333561,109,158,
真庭地域,真庭市,52333562,109,158,
真庭地域,真庭市,52333563,108,157,
真庭地域,真庭市,52333564,108,157,
真庭地域,真庭市,52333565,107,156,
真庭地域,真庭市,52333566,106,155,
真庭地域,真庭市,52333567,106,154,
真庭地域,真庭市,52333568,106,155,
真庭地域,真庭市,52333569,106,154,
真庭地域,真庭市,52333570,107,156,
真庭地域,真庭市,52333571,108,157,
真庭地域,真庭市,52333572,109,158,
真庭地域,真庭市,52333573,109,159,
真庭地域,真庭市,52333574,107,156,
真庭地域,真庭市,52333575,106,155,
真庭地域,真庭市,52333576,106,155,
真庭地域,真庭市,52333577,106,154,
真庭地域,真庭市,52333578,107,156,
真庭地域,真庭市,52333579,106,154,
真庭地域,真庭市,52333580,106,155,
真庭地域,真庭市,52333581,107,156,
真庭地域,真庭市,52333582,107,156,
真庭地域,真庭市,52333583,107,156,
真庭地域,真庭市,52333584,107,156,
真庭地域,真庭市,52333585,107,156,
真庭地域,真庭市,52333586,106,155,
真庭地域,真庭市,52333587,106,155,
真庭地域,真庭市,52333588,106,155,
真庭地域,真庭市,52333589,106,155,
真庭地域,真庭市,52333590,107,156,
真庭地域,真庭市,52333591,108,157,
真庭地域,真庭市,52333592,108,157,
真庭地域,真庭市,52333593,108,157,
真庭地域,真庭市,52333594,107,156,
真庭地域,真庭市,52333595,107,156,
真庭地域,真庭市,52333596,107,156,
真庭地域,真庭市,52333597,106,155,
真庭地域,真庭市,52333598,107,156,
真庭地域,真庭市,52333599,106,154,
真庭地域,真庭市,52333640,105,153,
真庭地域,真庭市,52333644,105,153,
真庭地域,真庭市,52333650,105,153,
真庭地域,真庭市,52333651,105,153,
真庭地域,真庭市,52333652,105,153,
真庭地域,真庭市,52333653,105,153,
真庭地域,真庭市,52333660,105,153,
真庭地域,真庭市,52333661,105,153,
真庭地域,真庭市,52333662,105,153,
真庭地域,真庭市,52333663,106,155,
真庭地域,真庭市,52333670,105,153,
真庭地域,真庭市,52333671,105,153,
真庭地域,真庭市,52333672,105,153,
真庭地域,真庭市,52333673,106,154,
真庭地域,真庭市,52333680,106,154,
真庭地域,真庭市,52333681,106,155,
真庭地域,真庭市,52333682,106,155,
真庭地域,真庭市,52333690,106,155,
真庭地域,真庭市,52333691,106,154,
真庭地域,真庭市,52333692,106,154,
真庭地域,真庭市,52334407,106,155,
真庭地域,真庭市,52334408,107,156,
真庭地域,真庭市,52334409,106,155,
真庭地域,真庭市,52334418,107,156,
真庭地域,真庭市,52334419,107,156,
真庭地域,真庭市,52334428,107,156,
真庭地域,真庭市,52334429,107,156,
真庭地域,真庭市,52334437,107,156,
真庭地域,真庭市,52334438,107,156,
真庭地域,真庭市,52334439,107,156,
真庭地域,真庭市,52334447,109,159,
真庭地域,真庭市,52334448,109,159,
真庭地域,真庭市,52334449,109,158,
真庭地域,真庭市,52334457,110,160,
真庭地域,真庭市,52334458,110,160,
真庭地域,真庭市,52334459,110,160,
真庭地域,真庭市,52334467,111,161,
真庭地域,真庭市,52334468,111,162,
真庭地域,真庭市,52334469,111,161,
真庭地域,真庭市,52334477,110,160,
真庭地域,真庭市,52334478,111,161,
真庭地域,真庭市,52334479,111,162,
真庭地域,真庭市,52334487,109,159,
真庭地域,真庭市,52334488,109,159,
真庭地域,真庭市,52334489,110,160,
真庭地域,真庭市,52334497,109,159,
真庭地域,真庭市,52334498,109,159,
真庭地域,真庭市,52334499,109,159,
真庭地域,真庭市,52334500,107,156,
真庭地域,真庭市,52334501,109,158,
真庭地域,真庭市,52334502,109,159,
真庭地域,真庭市,52334503,109,159,
真庭地域,真庭市,52334504,109,158,
真庭地域,真庭市,52334505,107,156,
真庭地域,真庭市,52334506,107,156,
真庭地域,真庭市,52334507,107,156,
真庭地域,真庭市,52334508,106,155,
真庭地域,真庭市,52334509,106,155,
真庭地域,真庭市,52334510,108,157,
真庭地域,真庭市,52334511,109,158,
真庭地域,真庭市,52334512,110,160,
真庭地域,真庭市,52334513,109,159,
真庭地域,真庭市,52334514,109,158,
真庭地域,真庭市,52334515,108,157,
真庭地域,真庭市,52334516,107,156,
真庭地域,真庭市,52334517,107,156,
真庭地域,真庭市,52334518,107,156,
真庭地域,真庭市,52334519,107,156,
真庭地域,真庭市,52334520,108,157,
真庭地域,真庭市,52334521,109,159,
真庭地域,真庭市,52334522,109,159,
真庭地域,真庭市,52334523,109,159,
真庭地域,真庭市,52334524,109,158,
真庭地域,真庭市,52334525,107,156,
真庭地域,真庭市,52334526,107,156,
真庭地域,真庭市,52334527,107,156,
真庭地域,真庭市,52334528,107,156,
真庭地域,真庭市,52334529,107,156,
真庭地域,真庭市,52334530,108,157,
真庭地域,真庭市,52334531,109,158,
真庭地域,真庭市,52334532,107,156,
真庭地域,真庭市,52334533,109,158,
真庭地域,真庭市,52334534,108,157,
真庭地域,真庭市,52334535,107,156,
真庭地域,真庭市,52334536,107,156,
真庭地域,真庭市,52334537,107,156,
真庭地域,真庭市,52334538,107,156,
真庭地域,真庭市,52334539,107,156,
真庭地域,真庭市,52334540,109,159,
真庭地域,真庭市,52334541,109,158,
真庭地域,真庭市,52334542,108,157,
真庭地域,真庭市,52334543,108,157,
真庭地域,真庭市,52334544,108,157,
真庭地域,真庭市,52334545,107,156,
真庭地域,真庭市,52334546,107,156,
真庭地域,真庭市,52334547,107,156,
真庭地域,真庭市,52334548,106,155,
真庭地域,真庭市,52334549,106,155,
真庭地域,真庭市,52334550,109,159,
真庭地域,真庭市,52334551,109,158,
真庭地域,真庭市,52334552,109,158,
真庭地域,真庭市,52334553,109,158,
真庭地域,真庭市,52334554,109,158,
真庭地域,真庭市,52334555,107,156,
真庭地域,真庭市,52334556,107,156,
真庭地域,真庭市,52334557,107,156,
真庭地域,真庭市,52334558,106,155,
真庭地域,真庭市,52334559,106,154,
真庭地域,真庭市,52334560,109,159,
真庭地域,真庭市,52334561,109,159,
真庭地域,真庭市,52334562,108,157,
真庭地域,真庭市,52334563,109,158,
真庭地域,真庭市,52334564,109,158,
真庭地域,真庭市,52334565,108,157,
真庭地域,真庭市,52334566,107,156,
真庭地域,真庭市,52334567,107,156,
真庭地域,真庭市,52334568,106,154,
真庭地域,真庭市,52334569,106,154,
真庭地域,真庭市,52334570,110,160,
真庭地域,真庭市,52334571,109,159,
真庭地域,真庭市,52334572,109,158,
真庭地域,真庭市,52334573,109,158,
真庭地域,真庭市,52334574,109,159,
真庭地域,真庭市,52334575,109,159,
真庭地域,真庭市,52334576,108,157,
真庭地域,真庭市,52334577,107,156,
真庭地域,真庭市,52334578,106,155,
真庭地域,真庭市,52334579,107,156,
真庭地域,真庭市,52334580,109,159,
真庭地域,真庭市,52334581,109,159,
真庭地域,真庭市,52334582,109,159,
真庭地域,真庭市,52334583,109,159,
真庭地域,真庭市,52334584,109,159,
真庭地域,真庭市,52334585,109,159,
真庭地域,真庭市,52334586,109,159,
真庭地域,真庭市,52334587,108,157,
真庭地域,真庭市,52334588,107,156,
真庭地域,真庭市,52334589,108,157,
真庭地域,真庭市,52334590,109,159,
真庭地域,真庭市,52334591,109,159,
真庭地域,真庭市,52334592,109,159,
真庭地域,真庭市,52334593,109,159,
真庭地域,真庭市,52334594,111,161,
真庭地域,真庭市,52334595,111,161,
真庭地域,真庭市,52334596,110,160,
真庭地域,真庭市,52334597,109,158,
真庭地域,真庭市,52334598,107,156,
真庭地域,真庭市,52334599,108,157,
真庭地域,真庭市,52334600,106,155,
真庭地域,真庭市,52334601,106,155,
真庭地域,真庭市,52334602,106,154,
真庭地域,真庭市,52334610,106,155,
真庭地域,真庭市,52334611,106,155,
真庭地域,真庭市,52334612,106,155,
真庭地域,真庭市,52334620,107,156,
真庭地域,真庭市,52334621,107,156,
真庭地域,真庭市,52334622,107,156,
真庭地域,真庭市,52334630,107,156,
真庭地域,真庭市,52334631,107,156,
真庭地域,真庭市,52334632,107,156,
真庭地域,真庭市,52334633,106,155,
真庭地域,真庭市,52334634,107,156,
真庭地域,真庭市,52334640,107,156,
真庭地域,真庭市,52334641,107,156,
真庭地域,真庭市,52334642,107,156,
真庭地域,真庭市,52334643,107,156,
真庭地域,真庭市,52334644,107,156,
真庭地域,真庭市,52334650,106,155,
真庭地域,真庭市,52334651,106,155,
真庭地域,真庭市,52334652,106,155,
真庭地域,真庭市,52334653,106,155,
真庭地域,真庭市,52334654,107,156,
真庭地域,真庭市,52334655,107,156,
真庭地域,真庭市,52334660,106,154,
真庭地域,真庭市,52334661,107,156,
真庭地域,真庭市,52334662,107,156,
真庭地域,真庭市,52334663,107,156,
真庭地域,真庭市,52334664,107,156,
真庭地域,真庭市,52334665,107,156,
真庭地域,真庭市,52334670,109,158,
真庭地域,真庭市,52334671,108,157,
真庭地域,真庭市,52334672,108,157,
真庭地域,真庭市,52334673,108,157,
真庭地域,真庭市,52334674,108,157,
真庭地域,真庭市,52334675,108,157,
真庭地域,真庭市,52334680,109,159,
真庭地域,真庭市,52334681,109,158,
真庭地域,真庭市,52334682,108,157,
真庭地域,真庭市,52334683,107,156,
真庭地域,真庭市,52334684,108,157,
真庭地域,真庭市,52334685,108,157,
真庭地域,真庭市,52334690,109,159,
真庭地域,真庭市,52334691,109,159,
真庭地域,真庭市,52334692,109,158,
真庭地域,真庭市,52334693,109,158,
真庭地域,真庭市,52334694,109,159,
真庭地域,真庭市,52334695,109,158,
真庭地域,真庭市,52335407,109,159,
真庭地域,真庭市,52335408,109,159,
真庭地域,真庭市,52335409,109,159,
真庭地域,真庭市,52335416,109,159,
真庭地域,真庭市,52335417,109,159,
真庭地域,真庭市,52335418,109,159,
真庭地域,真庭市,52335419,109,159,
真庭地域,真庭市,52335426,109,159,
真庭地域,真庭市,52335427,109,159,
真庭地域,真庭市,52335428,109,159,
真庭地域,真庭市,52335429,109,159,
真庭地域,真庭市,52335436,109,159,
真庭地域,真庭市,52335437,109,159,
真庭地域,真庭市,52335438,109,159,
真庭地域,真庭市,52335439,109,159,
真庭地域,真庭市,52335447,109,159,
真庭地域,真庭市,52335448,109,159,
真庭地域,真庭市,52335449,109,158,
真庭地域,真庭市,52335457,109,159,
真庭地域,真庭市,52335458,109,159,
真庭地域,真庭市,52335459,109,159,
真庭地域,真庭市,52335467,109,159,
真庭地域,真庭市,52335468,109,159,
真庭地域,真庭市,52335469,109,158,
真庭地域,真庭市,52335476,109,159,
真庭地域,真庭市,52335477,109,159,
真庭地域,真庭市,52335478,109,159,
真庭地域,真庭市,52335479,109,159,
真庭地域,真庭市,52335487,109,159,
真庭地域,真庭市,52335488,109,159,
真庭地域,真庭市,52335489,109,159,
真庭地域,真庭市,52335497,109,158,
真庭地域,真庭市,52335498,109,159,
真庭地域,真庭市,52335499,110,160,
真庭地域,真庭市,52335500,109,159,
真庭地域,真庭市,52335501,109,159,
真庭地域,真庭市,52335502,109,159,
真庭地域,真庭市,52335503,109,159,
真庭地域,真庭市,52335504,110,160,
真庭地域,真庭市,52335505,110,160,
真庭地域,真庭市,52335506,109,159,
真庭地域,真庭市,52335507,108,157,
真庭地域,真庭市,52335508,107,156,
真庭地域,真庭市,52335509,107,156,
真庭地域,真庭市,52335510,109,159,
真庭地域,真庭市,52335511,109,159,
真庭地域,真庭市,52335512,109,158,
真庭地域,真庭市,52335513,109,159,
真庭地域,真庭市,52335514,109,158,
真庭地域,真庭市,52335515,108,157,
真庭地域,真庭市,52335516,108,157,
真庭地域,真庭市,52335517,107,156,
真庭地域,真庭市,52335518,107,156,
真庭地域,真庭市,52335519,107,156,
真庭地域,真庭市,52335520,109,159,
真庭地域,真庭市,52335521,109,159,
真庭地域,真庭市,52335522,109,158,
真庭地域,真庭市,52335523,108,157,
真庭地域,真庭市,52335524,109,158,
真庭地域,真庭市,52335525,107,156,
真庭地域,真庭市,52335526,107,156,
真庭地域,真庭市,52335527,107,156,
真庭地域,真庭市,52335528,108,157,
真庭地域,真庭市,52335529,108,157,
真庭地域,真庭市,52335530,109,158,
真庭地域,真庭市,52335531,109,158,
真庭地域,真庭市,52335532,109,158,
真庭地域,真庭市,52335533,108,157,
真庭地域,真庭市,52335534,109,158,
真庭地域,真庭市,52335535,108,157,
真庭地域,真庭市,52335536,108,157,
真庭地域,真庭市,52335537,108,157,
真庭地域,真庭市,52335538,108,157,
真庭地域,真庭市,52335539,108,157,
真庭地域,真庭市,52335540,109,158,
真庭地域,真庭市,52335541,108,157,
真庭地域,真庭市,52335542,108,157,
真庭地域,真庭市,52335543,109,158,
真庭地域,真庭市,52335544,109,158,
真庭地域,真庭市,52335545,109,158,
真庭地域,真庭市,52335546,108,157,
真庭地域,真庭市,52335547,109,158,
真庭地域,真庭市,52335548,109,158,
真庭地域,真庭市,52335549,109,158,
真庭地域,真庭市,52335550,108,157,
真庭地域,真庭市,52335551,108,157,
真庭地域,真庭市,52335552,108,157,
真庭地域,真庭市,52335553,108,157,
真庭地域,真庭市,52335554,109,159,
真庭地域,真庭市,52335555,109,159,
真庭地域,真庭市,52335556,109,158,
真庭地域,真庭市,52335557,109,159,
真庭地域,真庭市,52335558,109,159,
真庭地域,真庭市,52335559,109,158,
真庭地域,真庭市,52335560,109,158,
真庭地域,真庭市,52335561,109,159,
真庭地域,真庭市,52335562,109,158,
真庭地域,真庭市,52335563,109,159,
真庭地域,真庭市,52335564,109,159,
真庭地域,真庭市,52335565,109,159,
真庭地域,真庭市,52335566,109,159,
真庭地域,真庭市,52335567,109,159,
真庭地域,真庭市,52335568,109,159,
真庭地域,真庭市,52335569,109,159,
真庭地域,真庭市,52335570,109,159,
真庭地域,真庭市,52335571,110,160,
真庭地域,真庭市,52335572,109,159,
真庭地域,真庭市,52335573,110,160,
真庭地域,真庭市,52335574,109,159,
真庭地域,真庭市,52335575,110,160,
真庭地域,真庭市,52335576,110,160,
真庭地域,真庭市,52335577,110,160,
真庭地域,真庭市,52335578,109,159,
真庭地域,真庭市,52335579,109,159,
真庭地域,真庭市,52335580,109,159,
真庭地域,真庭市,52335581,110,160,
真庭地域,真庭市,52335582,110,160,
真庭地域,真庭市,52335583,109,159,
真庭地域,真庭市,52335584,110,160,
真庭地域,真庭市,52335585,110,160,
真庭地域,真庭市,52335586,111,161,
真庭地域,真庭市,52335587,110,160,
真庭地域,真庭市,52335588,110,160,
真庭地域,真庭市,52335589,111,161,
真庭地域,真庭市,52335590,110,160,
真庭地域,真庭市,52335591,111,161,
真庭地域,真庭市,52335592,110,160,
真庭地域,真庭市,52335593,109,159,
真庭地域,真庭市,52335594,110,160,
真庭地域,真庭市,52335595,111,162,
真庭地域,真庭市,52335596,111,162,
真庭地域,真庭市,52335597,111,162,
真庭地域,真庭市,52335598,111,161,
真庭地域,真庭市,52335599,111,161,
真庭地域,真庭市,52335600,109,158,
真庭地域,真庭市,52335601,109,158,
真庭地域,真庭市,52335602,109,158,
真庭地域,真庭市,52335603,109,158,
真庭地域,真庭市,52335604,109,159,
真庭地域,真庭市,52335605,109,159,
真庭地域,真庭市,52335606,109,159,
真庭地域,真庭市,52335610,109,158,
真庭地域,真庭市,52335611,109,159,
真庭地域,真庭市,52335612,109,159,
真庭地域,真庭市,52335613,109,159,
真庭地域,真庭市,52335614,109,158,
真庭地域,真庭市,52335615,109,158,
真庭地域,真庭市,52335616,109,159,
真庭地域,真庭市,52335620,109,158,
真庭地域,真庭市,52335621,109,159,
真庭地域,真庭市,52335622,110,160,
真庭地域,真庭市,52335623,109,159,
真庭地域,真庭市,52335624,109,159,
真庭地域,真庭市,52335625,109,158,
真庭地域,真庭市,52335626,109,159,
真庭地域,真庭市,52335627,109,159,
真庭地域,真庭市,52335630,109,158,
真庭地域,真庭市,52335631,109,159,
真庭地域,真庭市,52335632,110,160,
真庭地域,真庭市,52335633,109,159,
真庭地域,真庭市,52335634,109,159,
真庭地域,真庭市,52335635,109,159,
真庭地域,真庭市,52335636,110,160,
真庭地域,真庭市,52335637,109,159,
真庭地域,真庭市,52335640,109,158,
真庭地域,真庭市,52335641,109,159,
真庭地域,真庭市,52335642,109,159,
真庭地域,真庭市,52335643,109,159,
真庭地域,真庭市,52335644,109,159,
真庭地域,真庭市,52335645,109,159,
真庭地域,真庭市,52335646,110,160,
真庭地域,真庭市,52335650,109,159,
真庭地域,真庭市,52335651,109,159,
真庭地域,真庭市,52335652,109,159,
真庭地域,真庭市,52335653,110,160,
真庭地域,真庭市,52335654,111,162,
真庭地域,真庭市,52335655,110,160,
真庭地域,真庭市,52335660,109,159,
真庭地域,真庭市,52335661,109,159,
真庭地域,真庭市,52335662,109,159,
真庭地域,真庭市,52335663,110,160,
真庭地域,真庭市,52335670,110,160,
真庭地域,真庭市,52335671,111,161,
真庭地域,真庭市,52335672,111,161,
真庭地域,真庭市,52335680,111,161,
真庭地域,真庭市,52335681,111,162,
真庭地域,真庭市,52335690,111,161,
真庭地域,真庭市,52335691,111,162,
真庭地域,真庭市,52336407,110,160,
真庭地域,真庭市,52336408,111,161,
真庭地域,真庭市,52336409,111,161,
真庭地域,真庭市,52336417,110,160,
真庭地域,真庭市,52336418,111,162,
真庭地域,真庭市,52336419,111,162,
真庭地域,真庭市,52336428,111,162,
真庭地域,真庭市,52336429,111,162,
真庭地域,真庭市,52336439,111,162,
真庭地域,真庭市,52336448,111,162,
真庭地域,真庭市,52336449,111,162,
真庭地域,真庭市,52336458,111,162,
真庭地域,真庭市,52336459,111,162,
真庭地域,真庭市,52336468,111,162,
真庭地域,真庭市,52336469,111,162,
真庭地域,真庭市,52336478,111,162,
真庭地域,真庭市,52336479,111,162,
真庭地域,真庭市,52336488,111,162,
真庭地域,真庭市,52336489,111,162,
真庭地域,真庭市,52336497,112,163,
真庭地域,真庭市,52336498,112,163,
真庭地域,真庭市,52336499,112,163,
真庭地域,真庭市,52336500,111,162,
真庭地域,真庭市,52336501,110,160,
真庭地域,真庭市,52336502,111,162,
真庭地域,真庭市,52336503,111,162,
真庭地域,真庭市,52336504,111,161,
真庭地域,真庭市,52336505,111,162,
真庭地域,真庭市,52336506,111,162,
真庭地域,真庭市,52336507,111,162,
真庭地域,真庭市,52336508,111,161,
真庭地域,真庭市,52336509,111,162,
真庭地域,真庭市,52336510,111,162,
真庭地域,真庭市,52336511,111,162,
真庭地域,真庭市,52336512,111,162,
真庭地域,真庭市,52336513,111,162,
真庭地域,真庭市,52336514,111,162,
真庭地域,真庭市,52336515,111,162,
真庭地域,真庭市,52336516,112,163,
真庭地域,真庭市,52336517,113,164,
真庭地域,真庭市,52336518,113,164,
真庭地域,真庭市,52336519,113,164,
真庭地域,真庭市,52336520,112,163,
真庭地域,真庭市,52336521,111,162,
真庭地域,真庭市,52336522,111,162,
真庭地域,真庭市,52336523,111,162,
真庭地域,真庭市,52336524,111,162,
真庭地域,真庭市,52336525,112,163,
真庭地域,真庭市,52336526,113,164,
真庭地域,真庭市,52336527,114,166,
真庭地域,真庭市,52336528,115,167,
真庭地域,真庭市,52336529,115,167,
真庭地域,真庭市,52336530,112,163,
真庭地域,真庭市,52336531,111,162,
真庭地域,真庭市,52336532,111,162,
真庭地域,真庭市,52336533,112,163,
真庭地域,真庭市,52336534,111,162,
真庭地域,真庭市,52336535,112,163,
真庭地域,真庭市,52336536,113,164,
真庭地域,真庭市,52336537,115,167,
真庭地域,真庭市,52336538,116,169,
真庭地域,真庭市,52336539,115,167,
真庭地域,真庭市,52336540,111,162,
真庭地域,真庭市,52336541,111,162,
真庭地域,真庭市,52336542,112,163,
真庭地域,真庭市,52336543,112,163,
真庭地域,真庭市,52336544,111,162,
真庭地域,真庭市,52336545,112,163,
真庭地域,真庭市,52336546,111,162,
真庭地域,真庭市,52336547,113,165,
真庭地域,真庭市,52336548,115,167,
真庭地域,真庭市,52336549,115,167,
真庭地域,真庭市,52336550,112,163,
真庭地域,真庭市,52336551,112,163,
真庭地域,真庭市,52336552,112,163,
真庭地域,真庭市,52336553,112,163,
真庭地域,真庭市,52336554,111,162,
真庭地域,真庭市,52336555,112,163,
真庭地域,真庭市,52336556,112,163,
真庭地域,真庭市,52336557,113,164,
真庭地域,真庭市,52336558,113,165,
真庭地域,真庭市,52336559,113,165,
真庭地域,真庭市,52336560,111,162,
真庭地域,真庭市,52336561,111,162,
真庭地域,真庭市,52336562,111,162,
真庭地域,真庭市,52336563,111,162,
真庭地域,真庭市,52336564,111,162,
真庭地域,真庭市,52336565,111,162,
真庭地域,真庭市,52336566,111,162,
真庭地域,真庭市,52336567,113,－,
真庭地域,真庭市,52336568,113,－,
真庭地域,真庭市,52336569,111,162,
真庭地域,真庭市,52336570,111,162,
真庭地域,真庭市,52336571,111,162,
真庭地域,真庭市,52336572,111,161,
真庭地域,真庭市,52336573,111,162,
真庭地域,真庭市,52336574,111,162,
真庭地域,真庭市,52336575,113,－,
真庭地域,真庭市,52336576,113,－,
真庭地域,真庭市,52336577,113,－,
真庭地域,真庭市,52336578,113,－,
真庭地域,真庭市,52336579,111,162,
真庭地域,真庭市,52336580,111,162,
真庭地域,真庭市,52336581,111,162,
真庭地域,真庭市,52336582,111,162,
真庭地域,真庭市,52336583,111,162,
真庭地域,真庭市,52336584,111,162,
真庭地域,真庭市,52336585,112,163,
真庭地域,真庭市,52336586,112,163,
真庭地域,真庭市,52336587,112,163,
真庭地域,真庭市,52336588,111,162,
真庭地域,真庭市,52336589,111,161,
真庭地域,真庭市,52336590,113,164,
真庭地域,真庭市,52336591,113,164,
真庭地域,真庭市,52336592,111,162,
真庭地域,真庭市,52336593,111,162,
真庭地域,真庭市,52336594,111,162,
真庭地域,真庭市,52336595,111,162,
真庭地域,真庭市,52336596,111,162,
真庭地域,真庭市,52336597,111,162,
真庭地域,真庭市,52336598,111,162,
真庭地域,真庭市,52336599,110,160,
真庭地域,真庭市,52336600,111,162,
真庭地域,真庭市,52336601,111,162,
真庭地域,真庭市,52336610,112,163,
真庭地域,真庭市,52336611,111,162,
真庭地域,真庭市,52336620,113,165,
真庭地域,真庭市,52336621,113,165,
真庭地域,真庭市,52336630,113,165,
真庭地域,真庭市,52336631,113,165,
真庭地域,真庭市,52336640,114,166,
真庭地域,真庭市,52336641,113,165,
真庭地域,真庭市,52336650,113,164,
真庭地域,真庭市,52336651,113,165,
真庭地域,真庭市,52336660,111,162,
真庭地域,真庭市,52336661,112,163,
真庭地域,真庭市,52336662,113,164,
真庭地域,真庭市,52336663,113,165,
真庭地域,真庭市,52336664,113,165,
真庭地域,真庭市,52336670,111,161,
真庭地域,真庭市,52336671,111,161,
真庭地域,真庭市,52336672,112,163,
真庭地域,真庭市,52336673,113,165,
真庭地域,真庭市,52336674,113,164,
真庭地域,真庭市,52336680,112,－,
真庭地域,真庭市,52336681,112,－,
真庭地域,真庭市,52336682,111,162,
真庭地域,真庭市,52336683,112,163,
真庭地域,真庭市,52336684,112,163,
真庭地域,真庭市,52336690,109,159,
真庭地域,真庭市,52336691,110,160,
真庭地域,真庭市,52336692,109,159,
真庭地域,真庭市,52336693,111,161,
真庭地域,真庭市,52336694,111,162,
真庭地域,真庭市,52336695,111,162,
真庭地域,真庭市,52337406,113,165,
真庭地域,真庭市,52337407,112,163,
真庭地域,真庭市,52337408,113,164,
真庭地域,真庭市,52337409,113,164,
真庭地域,真庭市,52337415,112,163,
真庭地域,真庭市,52337416,111,162,
真庭地域,真庭市,52337417,111,162,
真庭地域,真庭市,52337418,111,162,
真庭地域,真庭市,52337419,112,163,
真庭地域,真庭市,52337426,111,162,
真庭地域,真庭市,52337427,111,161,
真庭地域,真庭市,52337428,111,162,
真庭地域,真庭市,52337429,111,161,
真庭地域,真庭市,52337436,111,162,
真庭地域,真庭市,52337437,110,160,
真庭地域,真庭市,52337438,110,160,
真庭地域,真庭市,52337439,110,160,
真庭地域,真庭市,52337446,111,161,
真庭地域,真庭市,52337447,111,161,
真庭地域,真庭市,52337448,110,160,
真庭地域,真庭市,52337449,109,159,
真庭地域,真庭市,52337456,111,161,
真庭地域,真庭市,52337457,110,160,
真庭地域,真庭市,52337458,109,159,
真庭地域,真庭市,52337459,109,159,
真庭地域,真庭市,52337466,109,159,
真庭地域,真庭市,52337467,109,159,
真庭地域,真庭市,52337468,109,159,
真庭地域,真庭市,52337469,109,159,
真庭地域,真庭市,52337476,109,159,
真庭地域,真庭市,52337477,109,159,
真庭地域,真庭市,52337478,111,161,
真庭地域,真庭市,52337479,112,163,
真庭地域,真庭市,52337487,113,164,
真庭地域,真庭市,52337488,115,167,
真庭地域,真庭市,52337489,115,167,
真庭地域,真庭市,52337497,119,173,
真庭地域,真庭市,52337498,118,172,
真庭地域,真庭市,52337499,120,174,
真庭地域,真庭市,52337500,113,165,
真庭地域,真庭市,52337501,113,165,
真庭地域,真庭市,52337502,112,163,
真庭地域,真庭市,52337503,111,162,
真庭地域,真庭市,52337504,111,161,
真庭地域,真庭市,52337505,111,161,
真庭地域,真庭市,52337506,111,161,
真庭地域,真庭市,52337507,110,160,
真庭地域,真庭市,52337508,111,161,
真庭地域,真庭市,52337509,109,159,
真庭地域,真庭市,52337510,111,162,
真庭地域,真庭市,52337511,111,162,
真庭地域,真庭市,52337512,111,161,
真庭地域,真庭市,52337513,111,161,
真庭地域,真庭市,52337514,110,160,
真庭地域,真庭市,52337515,111,－,
真庭地域,真庭市,52337516,109,159,
真庭地域,真庭市,52337517,109,159,
真庭地域,真庭市,52337518,109,159,
真庭地域,真庭市,52337519,109,158,
真庭地域,真庭市,52337520,111,161,
真庭地域,真庭市,52337521,110,160,
真庭地域,真庭市,52337522,109,159,
真庭地域,真庭市,52337523,109,159,
真庭地域,真庭市,52337524,109,158,
真庭地域,真庭市,52337525,109,159,
真庭地域,真庭市,52337526,109,159,
真庭地域,真庭市,52337527,109,159,
真庭地域,真庭市,52337528,109,158,
真庭地域,真庭市,52337529,107,156,
真庭地域,真庭市,52337530,109,159,
真庭地域,真庭市,52337531,109,159,
真庭地域,真庭市,52337532,108,157,
真庭地域,真庭市,52337533,109,158,
真庭地域,真庭市,52337534,109,158,
真庭地域,真庭市,52337535,110,160,
真庭地域,真庭市,52337536,111,161,
真庭地域,真庭市,52337537,110,160,
真庭地域,真庭市,52337538,109,159,
真庭地域,真庭市,52337539,108,157,
真庭地域,真庭市,52337540,109,159,
真庭地域,真庭市,52337541,109,158,
真庭地域,真庭市,52337542,108,157,
真庭地域,真庭市,52337543,108,157,
真庭地域,真庭市,52337544,109,159,
真庭地域,真庭市,52337545,110,160,
真庭地域,真庭市,52337546,111,162,
真庭地域,真庭市,52337547,111,162,
真庭地域,真庭市,52337548,111,161,
真庭地域,真庭市,52337549,109,159,
真庭地域,真庭市,52337550,109,159,
真庭地域,真庭市,52337551,109,158,
真庭地域,真庭市,52337552,109,159,
真庭地域,真庭市,52337553,108,157,
真庭地域,真庭市,52337554,108,157,
真庭地域,真庭市,52337555,109,159,
真庭地域,真庭市,52337556,110,160,
真庭地域,真庭市,52337557,111,162,
真庭地域,真庭市,52337558,111,162,
真庭地域,真庭市,52337559,111,161,
真庭地域,真庭市,52337560,111,161,
真庭地域,真庭市,52337561,111,161,
真庭地域,真庭市,52337562,110,160,
真庭地域,真庭市,52337563,110,160,
真庭地域,真庭市,52337564,109,159,
真庭地域,真庭市,52337565,109,158,
真庭地域,真庭市,52337566,109,158,
真庭地域,真庭市,52337567,110,160,
真庭地域,真庭市,52337568,111,161,
真庭地域,真庭市,52337569,110,160,
真庭地域,真庭市,52337570,113,165,
真庭地域,真庭市,52337571,113,165,
真庭地域,真庭市,52337572,111,162,
真庭地域,真庭市,52337573,110,160,
真庭地域,真庭市,52337574,109,159,
真庭地域,真庭市,52337575,109,159,
真庭地域,真庭市,52337576,109,158,
真庭地域,真庭市,52337577,109,159,
真庭地域,真庭市,52337578,109,159,
真庭地域,真庭市,52337579,109,158,
真庭地域,真庭市,52337580,117,170,
真庭地域,真庭市,52337581,116,169,
真庭地域,真庭市,52337582,114,166,
真庭地域,真庭市,52337583,113,165,
真庭地域,真庭市,52337585,110,160,
真庭地域,真庭市,52337586,109,159,
真庭地域,真庭市,52337590,123,－,
真庭地域,真庭市,52337591,119,173,
真庭地域,真庭市,52337592,119,－,
真庭地域,真庭市,52337600,109,158,
真庭地域,真庭市,52337601,109,158,
真庭地域,真庭市,52337602,109,159,
真庭地域,真庭市,52337603,110,160,
真庭地域,真庭市,52337604,111,161,
真庭地域,真庭市,52337605,111,161,
真庭地域,真庭市,52337610,108,157,
真庭地域,真庭市,52337611,108,157,
真庭地域,真庭市,52337612,107,156,
真庭地域,真庭市,52337613,109,158,
真庭地域,真庭市,52337614,110,160,
真庭地域,真庭市,52337620,109,－,
真庭地域,真庭市,52337621,106,155,
真庭地域,真庭市,52337622,107,156,
真庭地域,真庭市,52337623,109,158,
真庭地域,真庭市,52337624,111,162,
真庭地域,真庭市,52337630,109,－,
真庭地域,真庭市,52337631,106,155,
真庭地域,真庭市,52337632,107,156,
真庭地域,真庭市,52337633,109,159,
真庭地域,真庭市,52337634,113,164,
真庭地域,真庭市,52337640,107,156,
真庭地域,真庭市,52337641,107,156,
真庭地域,真庭市,52337642,106,155,
真庭地域,真庭市,52337643,109,158,
真庭地域,真庭市,52337650,109,158,
真庭地域,真庭市,52337651,108,157,
真庭地域,真庭市,52337652,108,157,
真庭地域,真庭市,52337660,109,159,
真庭地域,真庭市,52337661,109,158,
真庭地域,真庭市,53330407,124,180,
真庭地域,真庭市,53330408,124,－,
真庭地域,真庭市,53330409,123,179,
真庭地域,真庭市,53330500,123,－,
真庭地域,新庄村,52335483,111,161,
真庭地域,新庄村,52335484,110,160,
真庭地域,新庄村,52335485,109,159,
真庭地域,新庄村,52335486,109,159,
真庭地域,新庄村,52335493,111,161,
真庭地域,新庄村,52335494,111,161,
真庭地域,新庄村,52335495,110,160,
真庭地域,新庄村,52335496,109,159,
真庭地域,新庄村,52336403,111,162,
真庭地域,新庄村,52336404,111,162,
真庭地域,新庄村,52336405,111,161,
真庭地域,新庄村,52336406,109,159,
真庭地域,新庄村,52336412,111,161,
真庭地域,新庄村,52336413,111,161,
真庭地域,新庄村,52336414,111,162,
真庭地域,新庄村,52336415,111,162,
真庭地域,新庄村,52336416,110,160,
真庭地域,新庄村,52336422,111,161,
真庭地域,新庄村,52336423,111,161,
真庭地域,新庄村,52336424,111,161,
真庭地域,新庄村,52336425,111,161,
真庭地域,新庄村,52336426,110,160,
真庭地域,新庄村,52336427,111,－,
真庭地域,新庄村,52336432,111,161,
真庭地域,新庄村,52336433,111,－,
真庭地域,新庄村,52336434,109,159,
真庭地域,新庄村,52336435,109,159,
真庭地域,新庄村,52336436,110,160,
真庭地域,新庄村,52336437,111,－,
真庭地域,新庄村,52336438,111,162,
真庭地域,新庄村,52336442,110,160,
真庭地域,新庄村,52336443,109,159,
真庭地域,新庄村,52336444,109,159,
真庭地域,新庄村,52336445,109,159,
真庭地域,新庄村,52336446,110,160,
真庭地域,新庄村,52336447,111,－,
真庭地域,新庄村,52336452,109,159,
真庭地域,新庄村,52336453,109,159,
真庭地域,新庄村,52336454,109,159,
真庭地域,新庄村,52336455,109,159,
真庭地域,新庄村,52336456,111,161,
真庭地域,新庄村,52336457,111,161,
真庭地域,新庄村,52336461,109,159,
真庭地域,新庄村,52336462,109,159,
真庭地域,新庄村,52336463,109,159,
真庭地域,新庄村,52336464,109,159,
真庭地域,新庄村,52336465,109,159,
真庭地域,新庄村,52336466,111,161,
真庭地域,新庄村,52336467,111,162,
真庭地域,新庄村,52336471,109,159,
真庭地域,新庄村,52336472,109,159,
真庭地域,新庄村,52336473,110,160,
真庭地域,新庄村,52336474,113,－,
真庭地域,新庄村,52336475,110,160,
真庭地域,新庄村,52336476,111,162,
真庭地域,新庄村,52336477,111,162,
真庭地域,新庄村,52336481,109,159,
真庭地域,新庄村,52336483,111,161,
真庭地域,新庄村,52336484,113,－,
真庭地域,新庄村,52336485,111,162,
真庭地域,新庄村,52336486,111,162,
真庭地域,新庄村,52336487,111,162,
真庭地域,新庄村,52336495,113,－,
真庭地域,新庄村,52336496,113,165,
真庭地域,新庄村,52337405,113,－,
津山地域,津山市,52333781,95,139,
津山地域,津山市,52333790,96,140,
津山地域,津山市,52333791,96,140,
津山地域,津山市,52333792,95,139,
津山地域,津山市,52334656,99,144,
津山地域,津山市,52334657,100,145,
津山地域,津山市,52334658,98,143,
津山地域,津山市,52334659,98,143,
津山地域,津山市,52334666,100,145,
津山地域,津山市,52334667,99,144,
津山地域,津山市,52334668,99,144,
津山地域,津山市,52334669,98,143,
津山地域,津山市,52334676,99,144,
津山地域,津山市,52334677,99,144,
津山地域,津山市,52334678,99,144,
津山地域,津山市,52334679,99,144,
津山地域,津山市,52334686,100,145,
津山地域,津山市,52334687,98,143,
津山地域,津山市,52334688,99,144,
津山地域,津山市,52334689,100,145,
津山地域,津山市,52334696,100,145,
津山地域,津山市,52334697,100,145,
津山地域,津山市,52334698,100,145,
津山地域,津山市,52334699,100,145,
津山地域,津山市,52334700,96,140,
津山地域,津山市,52334701,96,140,
津山地域,津山市,52334702,96,140,
津山地域,津山市,52334710,97,141,
津山地域,津山市,52334711,97,141,
津山地域,津山市,52334712,96,140,
津山地域,津山市,52334713,96,140,
津山地域,津山市,52334716,95,139,
津山地域,津山市,52334720,97,142,
津山地域,津山市,52334721,96,140,
津山地域,津山市,52334722,97,141,
津山地域,津山市,52334723,97,141,
津山地域,津山市,52334724,95,139,
津山地域,津山市,52334726,95,138,
津山地域,津山市,52334727,95,138,
津山地域,津山市,52334730,97,142,
津山地域,津山市,52334731,97,142,
津山地域,津山市,52334732,97,141,
津山地域,津山市,52334733,97,141,
津山地域,津山市,52334734,96,140,
津山地域,津山市,52334736,95,139,
津山地域,津山市,52334737,96,140,
津山地域,津山市,52334738,96,140,
津山地域,津山市,52334739,95,139,
津山地域,津山市,52334740,97,142,
津山地域,津山市,52334741,97,142,
津山地域,津山市,52334742,97,142,
津山地域,津山市,52334743,97,141,
津山地域,津山市,52334744,97,141,
津山地域,津山市,52334746,96,140,
津山地域,津山市,52334747,97,141,
津山地域,津山市,52334748,96,140,
津山地域,津山市,52334749,97,141,
津山地域,津山市,52334750,98,143,
津山地域,津山市,52334751,98,143,
津山地域,津山市,52334752,98,143,
津山地域,津山市,52334753,97,142,
津山地域,津山市,52334754,97,141,
津山地域,津山市,52334755,97,142,
津山地域,津山市,52334756,97,142,
津山地域,津山市,52334757,97,142,
津山地域,津山市,52334758,97,142,
津山地域,津山市,52334759,97,142,
津山地域,津山市,52334760,99,144,
津山地域,津山市,52334761,99,144,
津山地域,津山市,52334762,100,145,
津山地域,津山市,52334763,98,143,
津山地域,津山市,52334764,97,142,
津山地域,津山市,52334765,97,142,
津山地域,津山市,52334766,97,142,
津山地域,津山市,52334767,97,142,
津山地域,津山市,52334768,98,143,
津山地域,津山市,52334769,99,144,
津山地域,津山市,52334770,100,145,
津山地域,津山市,52334771,100,145,
津山地域,津山市,52334772,102,148,
津山地域,津山市,52334773,100,146,
津山地域,津山市,52334774,98,143,
津山地域,津山市,52334775,98,143,
津山地域,津山市,52334776,97,142,
津山地域,津山市,52334777,97,142,
津山地域,津山市,52334778,98,143,
津山地域,津山市,52334779,99,144,
津山地域,津山市,52334780,100,145,
津山地域,津山市,52334781,100,145,
津山地域,津山市,52334782,101,147,
津山地域,津山市,52334785,98,143,
津山地域,津山市,52334786,97,142,
津山地域,津山市,52334787,97,142,
津山地域,津山市,52334788,98,143,
津山地域,津山市,52334789,99,144,
津山地域,津山市,52334790,100,145,
津山地域,津山市,52334791,100,145,
津山地域,津山市,52334796,98,143,
津山地域,津山市,52334797,98,143,
津山地域,津山市,52334798,97,142,
津山地域,津山市,52334799,98,143,
津山地域,津山市,52335607,100,146,
津山地域,津山市,52335608,100,146,
津山地域,津山市,52335609,100,146,
津山地域,津山市,52335617,100,146,
津山地域,津山市,52335618,100,146,
津山地域,津山市,52335619,100,146,
津山地域,津山市,52335628,100,146,
津山地域,津山市,52335706,100,145,
津山地域,津山市,52335707,98,143,
津山地域,津山市,52335708,98,143,
津山地域,津山市,52335709,97,142,
津山地域,津山市,52335716,99,144,
津山地域,津山市,52335717,98,143,
津山地域,津山市,52335718,97,142,
津山地域,津山市,52335719,98,143,
津山地域,津山市,52335727,98,143,
津山地域,津山市,52335728,98,143,
津山地域,津山市,52335729,97,142,
津山地域,津山市,52335737,100,146,
津山地域,津山市,52335738,99,144,
津山地域,津山市,52335739,100,145,
津山地域,津山市,52335747,100,146,
津山地域,津山市,52335748,100,145,
津山地域,津山市,52335749,100,146,
津山地域,津山市,52335758,100,146,
津山地域,津山市,52335759,100,146,
津山地域,津山市,52335768,102,148,
津山地域,津山市,52335769,101,147,
津山地域,津山市,52335778,100,146,
津山地域,津山市,52335779,100,146,
津山地域,津山市,52335788,101,147,
津山地域,津山市,52335789,100,145,
津山地域,津山市,52335799,101,147,
津山地域,津山市,52336709,102,148,
津山地域,津山市,52344002,93,136,
津山地域,津山市,52344011,93,136,
津山地域,津山市,52344012,93,136,
津山地域,津山市,52344020,94,137,
津山地域,津山市,52344021,95,138,
津山地域,津山市,52344022,94,137,
津山地域,津山市,52344030,95,139,
津山地域,津山市,52344031,94,137,
津山地域,津山市,52344032,94,137,
津山地域,津山市,52344033,93,136,
津山地域,津山市,52344034,93,136,
津山地域,津山市,52344035,93,136,
津山地域,津山市,52344036,95,138,
津山地域,津山市,52344040,96,140,
津山地域,津山市,52344041,95,139,
津山地域,津山市,52344042,95,138,
津山地域,津山市,52344043,93,136,
津山地域,津山市,52344044,93,136,
津山地域,津山市,52344045,94,137,
津山地域,津山市,52344046,94,137,
津山地域,津山市,52344050,97,142,
津山地域,津山市,52344051,96,140,
津山地域,津山市,52344052,95,139,
津山地域,津山市,52344053,95,139,
津山地域,津山市,52344054,95,138,
津山地域,津山市,52344055,94,137,
津山地域,津山市,52344056,95,138,
津山地域,津山市,52344060,100,145,
津山地域,津山市,52344061,98,143,
津山地域,津山市,52344062,96,140,
津山地域,津山市,52344063,95,139,
津山地域,津山市,52344064,95,139,
津山地域,津山市,52344065,94,137,
津山地域,津山市,52344066,94,137,
津山地域,津山市,52344067,95,138,
津山地域,津山市,52344070,100,145,
津山地域,津山市,52344071,99,144,
津山地域,津山市,52344072,97,141,
津山地域,津山市,52344073,95,139,
津山地域,津山市,52344074,95,139,
津山地域,津山市,52344075,95,138,
津山地域,津山市,52344076,93,136,
津山地域,津山市,52344077,95,138,
津山地域,津山市,52344080,99,144,
津山地域,津山市,52344081,99,144,
津山地域,津山市,52344082,97,142,
津山地域,津山市,52344083,96,140,
津山地域,津山市,52344084,95,139,
津山地域,津山市,52344085,95,138,
津山地域,津山市,52344086,94,137,
津山地域,津山市,52344087,94,137,
津山地域,津山市,52344090,97,142,
津山地域,津山市,52344091,97,142,
津山地域,津山市,52344092,97,141,
津山地域,津山市,52344093,97,141,
津山地域,津山市,52344094,95,139,
津山地域,津山市,52344095,95,138,
津山地域,津山市,52344096,95,139,
津山地域,津山市,52344097,94,137,
津山地域,津山市,52345000,97,141,
津山地域,津山市,52345001,97,141,
津山地域,津山市,52345002,96,140,
津山地域,津山市,52345003,96,140,
津山地域,津山市,52345004,95,139,
津山地域,津山市,52345005,95,138,
津山地域,津山市,52345006,95,139,
津山地域,津山市,52345007,95,138,
津山地域,津山市,52345008,95,139,
津山地域,津山市,52345010,97,142,
津山地域,津山市,52345011,97,142,
津山地域,津山市,52345012,97,141,
津山地域,津山市,52345013,97,141,
津山地域,津山市,52345014,96,140,
津山地域,津山市,52345015,95,139,
津山地域,津山市,52345016,95,139,
津山地域,津山市,52345017,96,140,
津山地域,津山市,52345018,97,141,
津山地域,津山市,52345019,96,140,
津山地域,津山市,52345020,98,143,
津山地域,津山市,52345021,98,143,
津山地域,津山市,52345022,97,142,
津山地域,津山市,52345023,97,142,
津山地域,津山市,52345024,97,141,
津山地域,津山市,52345025,97,141,
津山地域,津山市,52345026,97,141,
津山地域,津山市,52345027,97,142,
津山地域,津山市,52345028,97,142,
津山地域,津山市,52345029,97,141,
津山地域,津山市,52345030,100,145,
津山地域,津山市,52345031,98,143,
津山地域,津山市,52345032,97,142,
津山地域,津山市,52345033,97,142,
津山地域,津山市,52345034,97,142,
津山地域,津山市,52345035,98,143,
津山地域,津山市,52345036,100,145,
津山地域,津山市,52345037,98,143,
津山地域,津山市,52345038,98,143,
津山地域,津山市,52345039,97,142,
津山地域,津山市,52345040,99,144,
津山地域,津山市,52345041,99,144,
津山地域,津山市,52345042,98,143,
津山地域,津山市,52345043,97,142,
津山地域,津山市,52345044,98,143,
津山地域,津山市,52345045,100,145,
津山地域,津山市,52345046,100,146,
津山地域,津山市,52345047,100,145,
津山地域,津山市,52345048,98,143,
津山地域,津山市,52345049,97,142,
津山地域,津山市,52345050,100,145,
津山地域,津山市,52345051,100,145,
津山地域,津山市,52345052,99,144,
津山地域,津山市,52345053,98,143,
津山地域,津山市,52345054,100,145,
津山地域,津山市,52345055,99,144,
津山地域,津山市,52345056,100,146,
津山地域,津山市,52345057,99,144,
津山地域,津山市,52345058,98,143,
津山地域,津山市,52345059,97,142,
津山地域,津山市,52345060,100,145,
津山地域,津山市,52345061,100,145,
津山地域,津山市,52345062,100,145,
津山地域,津山市,52345063,99,144,
津山地域,津山市,52345064,98,143,
津山地域,津山市,52345065,99,144,
津山地域,津山市,52345066,100,145,
津山地域,津山市,52345067,100,145,
津山地域,津山市,52345068,98,143,
津山地域,津山市,52345069,98,143,
津山地域,津山市,52345070,100,145,
津山地域,津山市,52345071,100,145,
津山地域,津山市,52345072,100,145,
津山地域,津山市,52345073,99,144,
津山地域,津山市,52345074,98,143,
津山地域,津山市,52345075,98,143,
津山地域,津山市,52345076,98,143,
津山地域,津山市,52345077,100,145,
津山地域,津山市,52345078,100,145,
津山地域,津山市,52345079,100,145,
津山地域,津山市,52345080,100,145,
津山地域,津山市,52345081,100,145,
津山地域,津山市,52345082,100,145,
津山地域,津山市,52345083,100,145,
津山地域,津山市,52345084,100,145,
津山地域,津山市,52345085,100,145,
津山地域,津山市,52345086,100,145,
津山地域,津山市,52345087,100,146,
津山地域,津山市,52345088,102,148,
津山地域,津山市,52345089,102,148,
津山地域,津山市,52345090,100,146,
津山地域,津山市,52345091,100,145,
津山地域,津山市,52345092,100,146,
津山地域,津山市,52345093,101,147,
津山地域,津山市,52345094,102,148,
津山地域,津山市,52345095,102,148,
津山地域,津山市,52345096,100,146,
津山地域,津山市,52345097,102,149,
津山地域,津山市,52345098,103,150,
津山地域,津山市,52345099,104,151,
津山地域,津山市,52345130,95,139,
津山地域,津山市,52345140,97,141,
津山地域,津山市,52345150,97,141,
津山地域,津山市,52345160,98,143,
津山地域,津山市,52345170,100,145,
津山地域,津山市,52345180,102,149,
津山地域,津山市,52345190,103,150,
津山地域,津山市,52345191,103,150,
津山地域,津山市,52346000,101,147,
津山地域,津山市,52346001,100,145,
津山地域,津山市,52346002,100,146,
津山地域,津山市,52346003,102,148,
津山地域,津山市,52346004,104,151,
津山地域,津山市,52346005,103,150,
津山地域,津山市,52346006,102,149,
津山地域,津山市,52346007,103,150,
津山地域,津山市,52346008,105,153,
津山地域,津山市,52346009,105,153,
津山地域,津山市,52346010,102,148,
津山地域,津山市,52346011,101,147,
津山地域,津山市,52346012,101,147,
津山地域,津山市,52346013,102,148,
津山地域,津山市,52346014,103,150,
津山地域,津山市,52346015,103,150,
津山地域,津山市,52346016,103,150,
津山地域,津山市,52346017,104,151,
津山地域,津山市,52346018,105,153,
津山地域,津山市,52346019,104,152,
津山地域,津山市,52346020,103,150,
津山地域,津山市,52346021,102,148,
津山地域,津山市,52346022,102,148,
津山地域,津山市,52346023,103,150,
津山地域,津山市,52346024,103,150,
津山地域,津山市,52346025,103,150,
津山地域,津山市,52346026,103,150,
津山地域,津山市,52346027,103,150,
津山地域,津山市,52346028,103,150,
津山地域,津山市,52346029,103,150,
津山地域,津山市,52346030,103,150,
津山地域,津山市,52346031,103,150,
津山地域,津山市,52346032,102,149,
津山地域,津山市,52346033,103,150,
津山地域,津山市,52346034,103,150,
津山地域,津山市,52346035,104,151,
津山地域,津山市,52346036,103,150,
津山地域,津山市,52346037,103,150,
津山地域,津山市,52346038,103,150,
津山地域,津山市,52346039,103,150,
津山地域,津山市,52346040,103,150,
津山地域,津山市,52346041,103,150,
津山地域,津山市,52346042,103,150,
津山地域,津山市,52346043,103,150,
津山地域,津山市,52346044,104,151,
津山地域,津山市,52346045,104,152,
津山地域,津山市,52346046,104,151,
津山地域,津山市,52346047,103,150,
津山地域,津山市,52346048,104,151,
津山地域,津山市,52346049,103,150,
津山地域,津山市,52346050,104,151,
津山地域,津山市,52346051,104,152,
津山地域,津山市,52346052,104,152,
津山地域,津山市,52346053,105,153,
津山地域,津山市,52346054,105,153,
津山地域,津山市,52346055,105,153,
津山地域,津山市,52346056,105,153,
津山地域,津山市,52346057,104,151,
津山地域,津山市,52346058,103,150,
津山地域,津山市,52346059,104,152,
津山地域,津山市,52346060,104,152,
津山地域,津山市,52346061,105,153,
津山地域,津山市,52346062,106,155,
津山地域,津山市,52346063,106,155,
津山地域,津山市,52346064,106,154,
津山地域,津山市,52346065,105,153,
津山地域,津山市,52346066,104,152,
津山地域,津山市,52346067,104,151,
津山地域,津山市,52346068,103,150,
津山地域,津山市,52346069,104,151,
津山地域,津山市,52346071,106,154,
津山地域,津山市,52346072,107,156,
津山地域,津山市,52346073,109,158,
津山地域,津山市,52346074,107,156,
津山地域,津山市,52346075,107,156,
津山地域,津山市,52346076,105,153,
津山地域,津山市,52346077,105,153,
津山地域,津山市,52346078,105,153,
津山地域,津山市,52346079,104,152,
津山地域,津山市,52346081,104,152,
津山地域,津山市,52346082,107,156,
津山地域,津山市,52346083,109,159,
津山地域,津山市,52346084,109,159,
津山地域,津山市,52346085,108,157,
津山地域,津山市,52346086,106,154,
津山地域,津山市,52346087,105,153,
津山地域,津山市,52346088,105,153,
津山地域,津山市,52346089,104,152,
津山地域,津山市,52346090,104,151,
津山地域,津山市,52346091,104,152,
津山地域,津山市,52346092,105,153,
津山地域,津山市,52346093,109,158,
津山地域,津山市,52346094,109,159,
津山地域,津山市,52346095,108,157,
津山地域,津山市,52346096,106,154,
津山地域,津山市,52346097,104,152,
津山地域,津山市,52346098,104,152,
津山地域,津山市,52346099,104,151,
津山地域,津山市,52346100,103,150,
津山地域,津山市,52346101,103,150,
津山地域,津山市,52346102,103,150,
津山地域,津山市,52346110,103,150,
津山地域,津山市,52346111,102,149,
津山地域,津山市,52346112,103,150,
津山地域,津山市,52346120,103,150,
津山地域,津山市,52346121,103,150,
津山地域,津山市,52346122,104,152,
津山地域,津山市,52346130,103,150,
津山地域,津山市,52346131,104,152,
津山地域,津山市,52346140,104,151,
津山地域,津山市,52346141,105,153,
津山地域,津山市,52346150,104,151,
津山地域,津山市,52346151,105,153,
津山地域,津山市,52346152,105,153,
津山地域,津山市,52346160,104,151,
津山地域,津山市,52346161,104,152,
津山地域,津山市,52346162,105,153,
津山地域,津山市,52346170,104,152,
津山地域,津山市,52346171,105,153,
津山地域,津山市,52346172,105,153,
津山地域,津山市,52346180,104,152,
津山地域,津山市,52346190,104,152,
津山地域,津山市,52346191,104,152,
津山地域,津山市,52347000,103,150,
津山地域,津山市,52347001,104,152,
津山地域,津山市,52347002,106,154,
津山地域,津山市,52347003,106,155,
津山地域,津山市,52347004,108,157,
津山地域,津山市,52347005,106,155,
津山地域,津山市,52347006,105,153,
津山地域,津山市,52347007,104,152,
津山地域,津山市,52347008,104,152,
津山地域,津山市,52347009,105,153,
津山地域,津山市,52347011,105,153,
津山地域,津山市,52347012,106,155,
津山地域,津山市,52347013,106,154,
津山地域,津山市,52347014,105,153,
津山地域,津山市,52347015,104,152,
津山地域,津山市,52347016,104,151,
津山地域,津山市,52347017,104,152,
津山地域,津山市,52347018,105,153,
津山地域,津山市,52347019,105,153,
津山地域,津山市,52347022,107,156,
津山地域,津山市,52347023,106,155,
津山地域,津山市,52347024,105,153,
津山地域,津山市,52347025,105,153,
津山地域,津山市,52347026,105,153,
津山地域,津山市,52347027,105,153,
津山地域,津山市,52347028,105,153,
津山地域,津山市,52347029,106,154,
津山地域,津山市,52347032,107,156,
津山地域,津山市,52347033,107,156,
津山地域,津山市,52347034,108,157,
津山地域,津山市,52347035,107,156,
津山地域,津山市,52347036,107,156,
津山地域,津山市,52347037,106,155,
津山地域,津山市,52347038,106,155,
津山地域,津山市,52347039,106,154,
津山地域,津山市,52347041,105,153,
津山地域,津山市,52347042,106,154,
津山地域,津山市,52347043,106,155,
津山地域,津山市,52347044,108,157,
津山地域,津山市,52347045,109,159,
津山地域,津山市,52347046,109,159,
津山地域,津山市,52347047,107,156,
津山地域,津山市,52347048,106,154,
津山地域,津山市,52347052,105,153,
津山地域,津山市,52347053,106,154,
津山地域,津山市,52347054,107,156,
津山地域,津山市,52347055,109,158,
津山地域,津山市,52347056,107,156,
津山地域,津山市,52347057,106,155,
津山地域,津山市,52347062,105,153,
津山地域,津山市,52347067,106,154,
津山地域,津山市,52347100,105,153,
津山地域,津山市,52347101,105,153,
津山地域,津山市,52347110,105,153,
津山地域,津山市,52347111,104,152,
津山地域,津山市,52347120,105,153,
津山地域,津山市,52347130,106,154,
津山地域,鏡野町,52334783,100,145,
津山地域,鏡野町,52334784,102,－,
津山地域,鏡野町,52334792,100,145,
津山地域,鏡野町,52334793,102,－,
津山地域,鏡野町,52334794,102,－,
津山地域,鏡野町,52334795,99,144,
津山地域,鏡野町,52335629,101,147,
津山地域,鏡野町,52335638,102,148,
津山地域,鏡野町,52335639,102,148,
津山地域,鏡野町,52335647,102,148,
津山地域,鏡野町,52335648,102,148,
津山地域,鏡野町,52335649,102,148,
津山地域,鏡野町,52335656,102,149,
津山地域,鏡野町,52335657,102,149,
津山地域,鏡野町,52335658,102,149,
津山地域,鏡野町,52335659,103,150,
津山地域,鏡野町,52335664,102,149,
津山地域,鏡野町,52335665,102,149,
津山地域,鏡野町,52335666,102,149,
津山地域,鏡野町,52335667,103,150,
津山地域,鏡野町,52335668,103,150,
津山地域,鏡野町,52335669,103,150,
津山地域,鏡野町,52335673,102,148,
津山地域,鏡野町,52335674,102,149,
津山地域,鏡野町,52335675,103,150,
津山地域,鏡野町,52335676,104,151,
津山地域,鏡野町,52335677,103,150,
津山地域,鏡野町,52335678,103,150,
津山地域,鏡野町,52335679,103,150,
津山地域,鏡野町,52335682,111,－,
津山地域,鏡野町,52335683,102,149,
津山地域,鏡野町,52335684,103,150,
津山地域,鏡野町,52335685,104,152,
津山地域,鏡野町,52335686,104,152,
津山地域,鏡野町,52335687,104,152,
津山地域,鏡野町,52335688,104,151,
津山地域,鏡野町,52335689,102,149,
津山地域,鏡野町,52335692,111,－,
津山地域,鏡野町,52335693,103,150,
津山地域,鏡野町,52335694,103,150,
津山地域,鏡野町,52335695,104,152,
津山地域,鏡野町,52335696,105,153,
津山地域,鏡野町,52335697,104,152,
津山地域,鏡野町,52335698,104,151,
津山地域,鏡野町,52335699,103,150,
津山地域,鏡野町,52335700,100,145,
津山地域,鏡野町,52335701,100,145,
津山地域,鏡野町,52335702,102,－,
津山地域,鏡野町,52335703,102,－,
津山地域,鏡野町,52335704,102,－,
津山地域,鏡野町,52335705,100,145,
津山地域,鏡野町,52335710,100,146,
津山地域,鏡野町,52335711,101,147,
津山地域,鏡野町,52335712,100,146,
津山地域,鏡野町,52335713,102,－,
津山地域,鏡野町,52335714,102,－,
津山地域,鏡野町,52335715,100,145,
津山地域,鏡野町,52335720,101,147,
津山地域,鏡野町,52335721,101,147,
津山地域,鏡野町,52335722,102,148,
津山地域,鏡野町,52335723,102,148,
津山地域,鏡野町,52335724,102,148,
津山地域,鏡野町,52335725,101,147,
津山地域,鏡野町,52335726,100,146,
津山地域,鏡野町,52335730,102,148,
津山地域,鏡野町,52335731,102,149,
津山地域,鏡野町,52335732,102,149,
津山地域,鏡野町,52335733,102,148,
津山地域,鏡野町,52335734,102,148,
津山地域,鏡野町,52335735,100,146,
津山地域,鏡野町,52335736,100,145,
津山地域,鏡野町,52335740,103,150,
津山地域,鏡野町,52335741,103,150,
津山地域,鏡野町,52335742,103,150,
津山地域,鏡野町,52335743,102,148,
津山地域,鏡野町,52335744,101,147,
津山地域,鏡野町,52335745,100,146,
津山地域,鏡野町,52335746,100,145,
津山地域,鏡野町,52335750,104,151,
津山地域,鏡野町,52335751,104,－,
津山地域,鏡野町,52335752,104,151,
津山地域,鏡野町,52335753,102,148,
津山地域,鏡野町,52335754,102,148,
津山地域,鏡野町,52335755,100,146,
津山地域,鏡野町,52335756,100,146,
津山地域,鏡野町,52335757,100,146,
津山地域,鏡野町,52335760,103,150,
津山地域,鏡野町,52335761,103,150,
津山地域,鏡野町,52335762,103,150,
津山地域,鏡野町,52335763,102,149,
津山地域,鏡野町,52335764,101,147,
津山地域,鏡野町,52335765,100,145,
津山地域,鏡野町,52335766,100,146,
津山地域,鏡野町,52335767,102,148,
津山地域,鏡野町,52335770,103,150,
津山地域,鏡野町,52335771,103,150,
津山地域,鏡野町,52335772,102,149,
津山地域,鏡野町,52335773,102,148,
津山地域,鏡野町,52335774,101,147,
津山地域,鏡野町,52335775,101,147,
津山地域,鏡野町,52335776,100,146,
津山地域,鏡野町,52335777,101,147,
津山地域,鏡野町,52335780,104,－,
津山地域,鏡野町,52335781,102,149,
津山地域,鏡野町,52335782,102,149,
津山地域,鏡野町,52335783,102,149,
津山地域,鏡野町,52335784,102,148,
津山地域,鏡野町,52335785,101,147,
津山地域,鏡野町,52335786,100,146,
津山地域,鏡野町,52335787,100,146,
津山地域,鏡野町,52335790,103,150,
津山地域,鏡野町,52335791,104,151,
津山地域,鏡野町,52335792,104,152,
津山地域,鏡野町,52335793,103,150,
津山地域,鏡野町,52335794,102,148,
津山地域,鏡野町,52335795,102,148,
津山地域,鏡野町,52335796,100,146,
津山地域,鏡野町,52335797,100,146,
津山地域,鏡野町,52335798,100,146,
津山地域,鏡野町,52336602,103,150,
津山地域,鏡野町,52336603,104,152,
津山地域,鏡野町,52336604,105,153,
津山地域,鏡野町,52336605,105,153,
津山地域,鏡野町,52336606,105,153,
津山地域,鏡野町,52336607,104,152,
津山地域,鏡野町,52336608,104,151,
津山地域,鏡野町,52336609,103,150,
津山地域,鏡野町,52336612,104,152,
津山地域,鏡野町,52336613,105,153,
津山地域,鏡野町,52336614,106,154,
津山地域,鏡野町,52336615,105,153,
津山地域,鏡野町,52336616,105,153,
津山地域,鏡野町,52336617,104,152,
津山地域,鏡野町,52336618,104,151,
津山地域,鏡野町,52336619,103,150,
津山地域,鏡野町,52336622,105,153,
津山地域,鏡野町,52336623,105,153,
津山地域,鏡野町,52336624,106,154,
津山地域,鏡野町,52336625,104,152,
津山地域,鏡野町,52336626,103,150,
津山地域,鏡野町,52336627,104,151,
津山地域,鏡野町,52336628,103,150,
津山地域,鏡野町,52336629,104,151,
津山地域,鏡野町,52336632,105,153,
津山地域,鏡野町,52336633,104,152,
津山地域,鏡野町,52336634,104,151,
津山地域,鏡野町,52336635,103,150,
津山地域,鏡野町,52336636,103,150,
津山地域,鏡野町,52336637,103,150,
津山地域,鏡野町,52336638,104,－,
津山地域,鏡野町,52336639,104,－,
津山地域,鏡野町,52336642,104,152,
津山地域,鏡野町,52336643,104,152,
津山地域,鏡野町,52336644,103,150,
津山地域,鏡野町,52336645,104,151,
津山地域,鏡野町,52336646,104,151,
津山地域,鏡野町,52336647,104,151,
津山地域,鏡野町,52336648,104,151,
津山地域,鏡野町,52336649,103,150,
津山地域,鏡野町,52336652,104,151,
津山地域,鏡野町,52336653,104,152,
津山地域,鏡野町,52336654,104,152,
津山地域,鏡野町,52336655,104,152,
津山地域,鏡野町,52336656,103,150,
津山地域,鏡野町,52336657,103,150,
津山地域,鏡野町,52336658,105,153,
津山地域,鏡野町,52336659,105,153,
津山地域,鏡野町,52336665,113,－,
津山地域,鏡野町,52336666,104,151,
津山地域,鏡野町,52336667,104,152,
津山地域,鏡野町,52336668,105,153,
津山地域,鏡野町,52336669,105,153,
津山地域,鏡野町,52336675,113,－,
津山地域,鏡野町,52336676,103,150,
津山地域,鏡野町,52336677,103,150,
津山地域,鏡野町,52336678,103,150,
津山地域,鏡野町,52336679,103,150,
津山地域,鏡野町,52336685,102,148,
津山地域,鏡野町,52336686,102,148,
津山地域,鏡野町,52336687,101,147,
津山地域,鏡野町,52336688,102,148,
津山地域,鏡野町,52336689,101,147,
津山地域,鏡野町,52336696,102,148,
津山地域,鏡野町,52336697,101,147,
津山地域,鏡野町,52336698,100,146,
津山地域,鏡野町,52336699,101,147,
津山地域,鏡野町,52336700,104,151,
津山地域,鏡野町,52336701,104,152,
津山地域,鏡野町,52336702,105,153,
津山地域,鏡野町,52336703,103,150,
津山地域,鏡野町,52336704,102,148,
津山地域,鏡野町,52336705,101,147,
津山地域,鏡野町,52336706,101,147,
津山地域,鏡野町,52336707,101,147,
津山地域,鏡野町,52336708,102,148,
津山地域,鏡野町,52336710,103,150,
津山地域,鏡野町,52336711,103,150,
津山地域,鏡野町,52336712,103,150,
津山地域,鏡野町,52336713,102,148,
津山地域,鏡野町,52336714,100,146,
津山地域,鏡野町,52336715,100,145,
津山地域,鏡野町,52336716,100,146,
津山地域,鏡野町,52336717,102,148,
津山地域,鏡野町,52336718,102,148,
津山地域,鏡野町,52336719,102,149,
津山地域,鏡野町,52336720,102,149,
津山地域,鏡野町,52336721,102,148,
津山地域,鏡野町,52336722,102,148,
津山地域,鏡野町,52336723,100,145,
津山地域,鏡野町,52336724,100,145,
津山地域,鏡野町,52336725,100,146,
津山地域,鏡野町,52336726,101,147,
津山地域,鏡野町,52336727,102,149,
津山地域,鏡野町,52336728,103,150,
津山地域,鏡野町,52336729,103,150,
津山地域,鏡野町,52336730,102,148,
津山地域,鏡野町,52336731,101,147,
津山地域,鏡野町,52336732,100,146,
津山地域,鏡野町,52336733,100,146,
津山地域,鏡野町,52336734,103,－,
津山地域,鏡野町,52336735,100,146,
津山地域,鏡野町,52336736,102,148,
津山地域,鏡野町,52336737,102,149,
津山地域,鏡野町,52336738,103,150,
津山地域,鏡野町,52336739,103,150,
津山地域,鏡野町,52336740,102,148,
津山地域,鏡野町,52336741,102,148,
津山地域,鏡野町,52336742,100,145,
津山地域,鏡野町,52336743,100,146,
津山地域,鏡野町,52336744,102,148,
津山地域,鏡野町,52336745,103,150,
津山地域,鏡野町,52336746,103,150,
津山地域,鏡野町,52336747,103,150,
津山地域,鏡野町,52336748,103,150,
津山地域,鏡野町,52336749,103,150,
津山地域,鏡野町,52336750,103,150,
津山地域,鏡野町,52336751,102,148,
津山地域,鏡野町,52336752,100,145,
津山地域,鏡野町,52336753,102,149,
津山地域,鏡野町,52336754,104,152,
津山地域,鏡野町,52336755,106,155,
津山地域,鏡野町,52336756,105,153,
津山地域,鏡野町,52336757,103,150,
津山地域,鏡野町,52336758,103,150,
津山地域,鏡野町,52336759,104,151,
津山地域,鏡野町,52336760,104,151,
津山地域,鏡野町,52336761,102,149,
津山地域,鏡野町,52336762,102,148,
津山地域,鏡野町,52336763,104,152,
津山地域,鏡野町,52336764,106,154,
津山地域,鏡野町,52336765,105,153,
津山地域,鏡野町,52336766,105,153,
津山地域,鏡野町,52336767,103,150,
津山地域,鏡野町,52336768,103,150,
津山地域,鏡野町,52336769,104,151,
津山地域,鏡野町,52336770,102,148,
津山地域,鏡野町,52336771,102,148,
津山地域,鏡野町,52336772,103,150,
津山地域,鏡野町,52336773,105,153,
津山地域,鏡野町,52336774,105,153,
津山地域,鏡野町,52336775,104,152,
津山地域,鏡野町,52336776,103,150,
津山地域,鏡野町,52336777,103,150,
津山地域,鏡野町,52336778,103,150,
津山地域,鏡野町,52336779,104,152,
津山地域,鏡野町,52336780,100,146,
津山地域,鏡野町,52336781,102,148,
津山地域,鏡野町,52336782,103,150,
津山地域,鏡野町,52336783,104,151,
津山地域,鏡野町,52336784,104,151,
津山地域,鏡野町,52336785,103,150,
津山地域,鏡野町,52336786,102,149,
津山地域,鏡野町,52336787,102,149,
津山地域,鏡野町,52336788,103,150,
津山地域,鏡野町,52336789,103,150,
津山地域,鏡野町,52336790,101,147,
津山地域,鏡野町,52336791,102,148,
津山地域,鏡野町,52336792,102,149,
津山地域,鏡野町,52336793,103,150,
津山地域,鏡野町,52336794,103,150,
津山地域,鏡野町,52336795,102,148,
津山地域,鏡野町,52336796,102,149,
津山地域,鏡野町,52336797,102,149,
津山地域,鏡野町,52336798,105,－,
津山地域,鏡野町,52336799,103,150,
津山地域,鏡野町,52337608,104,－,
津山地域,鏡野町,52337609,102,148,
津山地域,鏡野町,52337618,104,－,
津山地域,鏡野町,52337619,103,150,
津山地域,鏡野町,52337629,104,151,
津山地域,鏡野町,52337639,104,152,
津山地域,鏡野町,52337649,104,152,
津山地域,鏡野町,52337700,103,150,
津山地域,鏡野町,52337701,103,150,
津山地域,鏡野町,52337702,103,150,
津山地域,鏡野町,52337703,102,148,
津山地域,鏡野町,52337704,102,148,
津山地域,鏡野町,52337705,102,149,
津山地域,鏡野町,52337706,102,149,
津山地域,鏡野町,52337707,102,149,
津山地域,鏡野町,52337708,105,－,
津山地域,鏡野町,52337709,105,－,
津山地域,鏡野町,52337710,103,150,
津山地域,鏡野町,52337711,104,151,
津山地域,鏡野町,52337712,103,150,
津山地域,鏡野町,52337713,103,150,
津山地域,鏡野町,52337714,103,150,
津山地域,鏡野町,52337715,103,150,
津山地域,鏡野町,52337716,102,149,
津山地域,鏡野町,52337717,102,148,
津山地域,鏡野町,52337718,103,150,
津山地域,鏡野町,52337719,105,－,
津山地域,鏡野町,52337720,104,151,
津山地域,鏡野町,52337721,107,－,
津山地域,鏡野町,52337722,107,－,
津山地域,鏡野町,52337723,104,152,
津山地域,鏡野町,52337724,105,153,
津山地域,鏡野町,52337725,104,151,
津山地域,鏡野町,52337726,103,150,
津山地域,鏡野町,52337727,103,150,
津山地域,鏡野町,52337728,103,150,
津山地域,鏡野町,52337729,105,－,
津山地域,鏡野町,52337730,104,151,
津山地域,鏡野町,52337731,107,－,
津山地域,鏡野町,52337732,107,－,
津山地域,鏡野町,52337733,105,153,
津山地域,鏡野町,52337734,107,156,
津山地域,鏡野町,52337735,105,153,
津山地域,鏡野町,52337736,104,151,
津山地域,鏡野町,52337737,103,150,
津山地域,鏡野町,52337738,102,149,
津山地域,鏡野町,52337739,102,149,
津山地域,鏡野町,52337740,104,152,
津山地域,鏡野町,52337741,107,－,
津山地域,鏡野町,52337742,107,－,
津山地域,鏡野町,52337743,105,153,
津山地域,鏡野町,52337744,106,155,
津山地域,鏡野町,52337745,106,155,
津山地域,鏡野町,52337746,105,153,
津山地域,鏡野町,52337747,103,150,
津山地域,鏡野町,52337748,107,－,
津山地域,鏡野町,52337749,104,152,
津山地域,鏡野町,52337751,107,－,
津山地域,鏡野町,52337752,107,－,
津山地域,鏡野町,52337753,107,－,
津山地域,鏡野町,52337754,106,155,
津山地域,鏡野町,52337755,107,156,
津山地域,鏡野町,52337756,106,155,
津山地域,鏡野町,52337757,107,156,
津山地域,鏡野町,52337758,107,156,
津山地域,鏡野町,52337759,107,156,
津山地域,鏡野町,52337762,107,－,
津山地域,鏡野町,52337763,107,－,
津山地域,鏡野町,52337764,107,156,
津山地域,鏡野町,52337765,106,155,
津山地域,鏡野町,52337766,106,154,
津山地域,鏡野町,52337767,111,－,
津山地域,鏡野町,52337768,111,161,
津山地域,鏡野町,52337769,111,161,
津山地域,鏡野町,52337774,107,156,
津山地域,鏡野町,52337775,105,153,
津山地域,鏡野町,52337776,105,153,
津山地域,鏡野町,52337777,108,157,
津山地域,鏡野町,52337778,110,160,
津山地域,鏡野町,52337779,111,161,
津山地域,鏡野町,52337784,105,153,
津山地域,鏡野町,52337785,105,153,
津山地域,鏡野町,52337786,105,153,
津山地域,鏡野町,52337787,106,155,
津山地域,鏡野町,52337788,107,156,
津山地域,鏡野町,52337789,111,－,
津山地域,鏡野町,52337794,106,154,
津山地域,鏡野町,52337795,106,154,
津山地域,鏡野町,52337796,106,155,
津山地域,鏡野町,52337797,106,154,
津山地域,鏡野町,52337798,111,－,
津山地域,鏡野町,52337799,111,－,
津山地域,鏡野町,52346070,105,153,
津山地域,鏡野町,52346080,104,151,
津山地域,鏡野町,52347010,103,150,
津山地域,鏡野町,52347020,105,－,
津山地域,鏡野町,52347021,105,153,
津山地域,鏡野町,52347030,105,－,
津山地域,鏡野町,52347031,105,153,
津山地域,鏡野町,52347040,104,152,
津山地域,鏡野町,52347050,111,－,
津山地域,鏡野町,52347051,106,154,
津山地域,鏡野町,52347060,108,157,
津山地域,鏡野町,52347061,111,－,
津山地域,鏡野町,52347090,111,－,
津山地域,鏡野町,53330706,107,156,
津山地域,鏡野町,53330707,107,156,
津山地域,鏡野町,53330708,111,－,
津山地域,鏡野町,53330709,111,－,
津山地域,鏡野町,53330717,111,－,
津山地域,鏡野町,53330719,111,－,
津山地域,鏡野町,53340000,111,－,
津山地域,鏡野町,53340010,111,－,
津山地域,久米南町,52332745,91,133,
津山地域,久米南町,52332755,91,133,
津山地域,久米南町,52332756,91,133,
津山地域,久米南町,52332757,91,133,
津山地域,久米南町,52332765,91,132,
津山地域,久米南町,52332766,91,133,
津山地域,久米南町,52332767,100,－,
津山地域,久米南町,52332768,91,133,
津山地域,久米南町,52332774,91,133,
津山地域,久米南町,52332775,91,132,
津山地域,久米南町,52332776,91,133,
津山地域,久米南町,52332777,91,133,
津山地域,久米南町,52332778,91,133,
津山地域,久米南町,52332779,91,133,
津山地域,久米南町,52332783,91,133,
津山地域,久米南町,52332784,91,133,
津山地域,久米南町,52332785,91,132,
津山地域,久米南町,52332786,91,133,
津山地域,久米南町,52332787,92,134,
津山地域,久米南町,52332788,91,133,
津山地域,久米南町,52332789,91,133,
津山地域,久米南町,52332792,91,133,
津山地域,久米南町,52332793,91,133,
津山地域,久米南町,52332794,91,133,
津山地域,久米南町,52332795,91,133,
津山地域,久米南町,52332796,92,134,
津山地域,久米南町,52332797,94,－,
津山地域,久米南町,52332798,92,134,
津山地域,久米南町,52332799,93,135,
津山地域,久米南町,52333702,91,133,
津山地域,久米南町,52333703,91,133,
津山地域,久米南町,52333704,91,133,
津山地域,久米南町,52333705,93,135,
津山地域,久米南町,52333706,94,137,
津山地域,久米南町,52333707,93,136,
津山地域,久米南町,52333708,93,135,
津山地域,久米南町,52333709,91,133,
津山地域,久米南町,52333713,91,133,
津山地域,久米南町,52333714,92,134,
津山地域,久米南町,52333715,93,136,
津山地域,久米南町,52333716,94,137,
津山地域,久米南町,52333717,93,136,
津山地域,久米南町,52333718,93,136,
津山地域,久米南町,52333719,92,134,
津山地域,久米南町,52333723,92,134,
津山地域,久米南町,52333724,92,134,
津山地域,久米南町,52333725,93,136,
津山地域,久米南町,52333726,93,136,
津山地域,久米南町,52333727,94,137,
津山地域,久米南町,52333728,93,136,
津山地域,久米南町,52333729,93,136,
津山地域,久米南町,52333733,92,134,
津山地域,久米南町,52333734,93,135,
津山地域,久米南町,52333735,93,135,
津山地域,久米南町,52333736,93,136,
津山地域,久米南町,52333737,93,136,
津山地域,久米南町,52333738,93,136,
津山地域,久米南町,52333739,93,135,
津山地域,久米南町,52333744,93,136,
津山地域,久米南町,52333745,93,136,
津山地域,久米南町,52333746,93,135,
津山地域,久米南町,52333747,93,135,
津山地域,久米南町,52333748,92,134,
津山地域,久米南町,52333749,93,135,
津山地域,久米南町,52333754,93,136,
津山地域,久米南町,52333755,93,136,
津山地域,久米南町,52333756,93,135,
津山地域,久米南町,52333758,95,－,
津山地域,久米南町,52333759,95,－,
津山地域,久米南町,52343000,92,134,
津山地域,久米南町,52343010,102,－,
津山地域,久米南町,52343020,93,135,
津山地域,美咲町,52333622,95,139,
津山地域,美咲町,52333623,94,137,
津山地域,美咲町,52333631,95,139,
津山地域,美咲町,52333632,95,139,
津山地域,美咲町,52333633,95,139,
津山地域,美咲町,52333634,95,138,
津山地域,美咲町,52333637,93,136,
津山地域,美咲町,52333638,93,136,
津山地域,美咲町,52333639,94,137,
津山地域,美咲町,52333641,96,140,
津山地域,美咲町,52333642,95,139,
津山地域,美咲町,52333643,97,141,
津山地域,美咲町,52333645,95,139,
津山地域,美咲町,52333646,94,137,
津山地域,美咲町,52333647,93,136,
津山地域,美咲町,52333648,93,136,
津山地域,美咲町,52333649,95,138,
津山地域,美咲町,52333654,97,142,
津山地域,美咲町,52333655,96,140,
津山地域,美咲町,52333656,95,138,
津山地域,美咲町,52333657,93,136,
津山地域,美咲町,52333658,93,136,
津山地域,美咲町,52333659,95,138,
津山地域,美咲町,52333664,97,142,
津山地域,美咲町,52333665,97,141,
津山地域,美咲町,52333666,95,138,
津山地域,美咲町,52333667,94,137,
津山地域,美咲町,52333668,94,137,
津山地域,美咲町,52333669,95,138,
津山地域,美咲町,52333674,97,141,
津山地域,美咲町,52333675,96,140,
津山地域,美咲町,52333676,95,139,
津山地域,美咲町,52333677,95,139,
津山地域,美咲町,52333678,95,139,
津山地域,美咲町,52333679,95,139,
津山地域,美咲町,52333683,97,141,
津山地域,美咲町,52333684,97,141,
津山地域,美咲町,52333685,95,139,
津山地域,美咲町,52333686,96,140,
津山地域,美咲町,52333687,95,139,
津山地域,美咲町,52333688,95,139,
津山地域,美咲町,52333689,96,140,
津山地域,美咲町,52333693,97,141,
津山地域,美咲町,52333694,96,140,
津山地域,美咲町,52333695,97,141,
津山地域,美咲町,52333696,97,141,
津山地域,美咲町,52333697,96,140,
津山地域,美咲町,52333698,96,140,
津山地域,美咲町,52333699,96,140,
津山地域,美咲町,52333730,95,138,
津山地域,美咲町,52333731,94,137,
津山地域,美咲町,52333740,95,139,
津山地域,美咲町,52333741,95,139,
津山地域,美咲町,52333742,94,137,
津山地域,美咲町,52333743,93,136,
津山地域,美咲町,52333750,96,140,
津山地域,美咲町,52333751,95,139,
津山地域,美咲町,52333752,95,139,
津山地域,美咲町,52333753,95,138,
津山地域,美咲町,52333757,92,134,
津山地域,美咲町,52333760,95,139,
津山地域,美咲町,52333761,95,139,
津山地域,美咲町,52333762,95,138,
津山地域,美咲町,52333763,94,137,
津山地域,美咲町,52333764,94,137,
津山地域,美咲町,52333765,93,136,
津山地域,美咲町,52333766,93,136,
津山地域,美咲町,52333767,93,136,
津山地域,美咲町,52333768,93,136,
津山地域,美咲町,52333769,95,138,
津山地域,美咲町,52333770,95,139,
津山地域,美咲町,52333771,95,139,
津山地域,美咲町,52333772,95,139,
津山地域,美咲町,52333773,95,138,
津山地域,美咲町,52333774,95,138,
津山地域,美咲町,52333775,95,138,
津山地域,美咲町,52333776,93,136,
津山地域,美咲町,52333777,93,136,
津山地域,美咲町,52333778,94,137,
津山地域,美咲町,52333779,94,137,
津山地域,美咲町,52333780,96,140,
津山地域,美咲町,52333782,95,138,
津山地域,美咲町,52333783,95,139,
津山地域,美咲町,52333784,95,139,
津山地域,美咲町,52333785,95,139,
津山地域,美咲町,52333786,95,139,
津山地域,美咲町,52333787,95,138,
津山地域,美咲町,52333788,95,138,
津山地域,美咲町,52333789,95,138,
津山地域,美咲町,52333793,95,139,
津山地域,美咲町,52333794,95,139,
津山地域,美咲町,52333795,97,141,
津山地域,美咲町,52333796,96,140,
津山地域,美咲町,52333797,96,140,
津山地域,美咲町,52333798,95,138,
津山地域,美咲町,52333799,94,137,
津山地域,美咲町,52334603,97,141,
津山地域,美咲町,52334604,97,141,
津山地域,美咲町,52334605,97,141,
津山地域,美咲町,52334606,96,140,
津山地域,美咲町,52334607,97,141,
津山地域,美咲町,52334608,97,141,
津山地域,美咲町,52334609,95,139,
津山地域,美咲町,52334613,97,141,
津山地域,美咲町,52334614,97,141,
津山地域,美咲町,52334615,97,141,
津山地域,美咲町,52334616,97,142,
津山地域,美咲町,52334617,97,142,
津山地域,美咲町,52334618,97,141,
津山地域,美咲町,52334619,97,141,
津山地域,美咲町,52334623,97,142,
津山地域,美咲町,52334624,97,141,
津山地域,美咲町,52334625,97,142,
津山地域,美咲町,52334626,98,143,
津山地域,美咲町,52334627,98,143,
津山地域,美咲町,52334628,97,142,
津山地域,美咲町,52334629,97,142,
津山地域,美咲町,52334635,99,144,
津山地域,美咲町,52334636,100,145,
津山地域,美咲町,52334637,99,144,
津山地域,美咲町,52334638,98,143,
津山地域,美咲町,52334639,97,142,
津山地域,美咲町,52334645,100,145,
津山地域,美咲町,52334646,100,145,
津山地域,美咲町,52334647,99,144,
津山地域,美咲町,52334648,98,143,
津山地域,美咲町,52334649,98,143,
津山地域,美咲町,52334703,95,139,
津山地域,美咲町,52334704,95,139,
津山地域,美咲町,52334705,97,141,
津山地域,美咲町,52334706,97,141,
津山地域,美咲町,52334707,95,139,
津山地域,美咲町,52334708,95,138,
津山地域,美咲町,52334709,94,137,
津山地域,美咲町,52334714,95,139,
津山地域,美咲町,52334715,95,139,
津山地域,美咲町,52334717,95,139,
津山地域,美咲町,52334718,95,138,
津山地域,美咲町,52334719,95,138,
津山地域,美咲町,52334725,95,139,
津山地域,美咲町,52334728,95,139,
津山地域,美咲町,52334729,95,138,
津山地域,美咲町,52334735,96,140,
津山地域,美咲町,52334745,97,141,
津山地域,美咲町,52343017,94,137,
津山地域,美咲町,52343018,94,137,
津山地域,美咲町,52343027,93,136,
津山地域,美咲町,52343028,93,136,
津山地域,美咲町,52343030,93,135,
津山地域,美咲町,52343031,93,135,
津山地域,美咲町,52343033,93,135,
津山地域,美咲町,52343034,92,134,
津山地域,美咲町,52343035,93,135,
津山地域,美咲町,52343036,92,134,
津山地域,美咲町,52343037,92,134,
津山地域,美咲町,52343038,93,135,
津山地域,美咲町,52343040,93,135,
津山地域,美咲町,52343041,93,136,
津山地域,美咲町,52343042,93,136,
津山地域,美咲町,52343043,93,136,
津山地域,美咲町,52343044,93,136,
津山地域,美咲町,52343045,93,135,
津山地域,美咲町,52343046,93,135,
津山地域,美咲町,52343047,93,135,
津山地域,美咲町,52343050,93,136,
津山地域,美咲町,52343051,93,136,
津山地域,美咲町,52343052,93,136,
津山地域,美咲町,52343053,93,136,
津山地域,美咲町,52343054,93,136,
津山地域,美咲町,52343055,93,136,
津山地域,美咲町,52343056,93,136,
津山地域,美咲町,52343060,94,137,
津山地域,美咲町,52343061,95,138,
津山地域,美咲町,52343062,95,138,
津山地域,美咲町,52343063,93,136,
津山地域,美咲町,52343064,93,136,
津山地域,美咲町,52343065,93,136,
津山地域,美咲町,52343066,93,136,
津山地域,美咲町,52343067,93,136,
津山地域,美咲町,52343070,96,140,
津山地域,美咲町,52343071,95,139,
津山地域,美咲町,52343072,95,139,
津山地域,美咲町,52343073,95,139,
津山地域,美咲町,52343074,95,139,
津山地域,美咲町,52343075,94,137,
津山地域,美咲町,52343076,93,136,
津山地域,美咲町,52343077,93,136,
津山地域,美咲町,52343080,95,139,
津山地域,美咲町,52343081,96,140,
津山地域,美咲町,52343082,95,139,
津山地域,美咲町,52343083,96,140,
津山地域,美咲町,52343084,95,139,
津山地域,美咲町,52343085,94,137,
津山地域,美咲町,52343086,94,137,
津山地域,美咲町,52343087,93,136,
津山地域,美咲町,52343090,94,137,
津山地域,美咲町,52343091,95,139,
津山地域,美咲町,52343092,95,139,
津山地域,美咲町,52343093,95,139,
津山地域,美咲町,52343094,95,139,
津山地域,美咲町,52343095,95,138,
津山地域,美咲町,52343096,94,137,
津山地域,美咲町,52344000,94,137,
津山地域,美咲町,52344001,93,136,
津山地域,美咲町,52344003,94,137,
津山地域,美咲町,52344004,95,138,
津山地域,美咲町,52344005,95,138,
津山地域,美咲町,52344006,95,138,
津山地域,美咲町,52344010,94,137,
津山地域,美咲町,52344013,93,136,
津山地域,美咲町,52344014,93,136,
津山地域,美咲町,52344015,95,138,
津山地域,美咲町,52344016,95,139,
津山地域,美咲町,52344023,93,136,
津山地域,美咲町,52344024,93,136,
津山地域,美咲町,52344025,94,137,
津山地域,美咲町,52344026,95,139,
勝英地域,美作市,52342162,102,148,
勝英地域,美作市,52342170,102,148,
勝英地域,美作市,52342171,102,148,
勝英地域,美作市,52342172,102,148,
勝英地域,美作市,52342173,102,149,
勝英地域,美作市,52342175,103,150,
勝英地域,美作市,52342180,102,148,
勝英地域,美作市,52342181,102,149,
勝英地域,美作市,52342182,103,150,
勝英地域,美作市,52342183,103,150,
勝英地域,美作市,52342184,103,150,
勝英地域,美作市,52342185,103,150,
勝英地域,美作市,52342190,102,149,
勝英地域,美作市,52342191,102,149,
勝英地域,美作市,52342192,104,151,
勝英地域,美作市,52342193,104,151,
勝英地域,美作市,52342194,103,150,
勝英地域,美作市,52342195,104,151,
勝英地域,美作市,52342196,103,150,
勝英地域,美作市,52342197,103,150,
勝英地域,美作市,52343008,103,150,
勝英地域,美作市,52343009,102,148,
勝英地域,美作市,52343019,102,148,
勝英地域,美作市,52343029,102,148,
勝英地域,美作市,52343039,102,148,
勝英地域,美作市,52343048,102,148,
勝英地域,美作市,52343049,102,148,
勝英地域,美作市,52343057,102,148,
勝英地域,美作市,52343058,102,148,
勝英地域,美作市,52343059,102,149,
勝英地域,美作市,52343068,102,148,
勝英地域,美作市,52343069,102,149,
勝英地域,美作市,52343078,102,149,
勝英地域,美作市,52343079,103,150,
勝英地域,美作市,52343088,103,150,
勝英地域,美作市,52343089,104,152,
勝英地域,美作市,52343097,102,149,
勝英地域,美作市,52343098,103,150,
勝英地域,美作市,52343099,105,153,
勝英地域,美作市,52343100,102,149,
勝英地域,美作市,52343101,103,150,
勝英地域,美作市,52343102,103,150,
勝英地域,美作市,52343103,103,150,
勝英地域,美作市,52343104,103,150,
勝英地域,美作市,52343105,103,150,
勝英地域,美作市,52343106,104,151,
勝英地域,美作市,52343107,103,150,
勝英地域,美作市,52343110,102,148,
勝英地域,美作市,52343111,102,148,
勝英地域,美作市,52343112,103,150,
勝英地域,美作市,52343113,103,150,
勝英地域,美作市,52343114,103,150,
勝英地域,美作市,52343115,103,150,
勝英地域,美作市,52343116,104,151,
勝英地域,美作市,52343117,104,151,
勝英地域,美作市,52343118,109,－,
勝英地域,美作市,52343120,102,148,
勝英地域,美作市,52343121,102,148,
勝英地域,美作市,52343122,102,149,
勝英地域,美作市,52343123,103,150,
勝英地域,美作市,52343124,103,150,
勝英地域,美作市,52343125,103,150,
勝英地域,美作市,52343126,104,151,
勝英地域,美作市,52343127,109,－,
勝英地域,美作市,52343128,109,－,
勝英地域,美作市,52343130,102,148,
勝英地域,美作市,52343131,102,148,
勝英地域,美作市,52343132,102,149,
勝英地域,美作市,52343133,102,149,
勝英地域,美作市,52343134,103,150,
勝英地域,美作市,52343135,103,150,
勝英地域,美作市,52343136,104,151,
勝英地域,美作市,52343137,109,－,
勝英地域,美作市,52343138,109,－,
勝英地域,美作市,52343139,109,－,
勝英地域,美作市,52343140,103,150,
勝英地域,美作市,52343141,102,149,
勝英地域,美作市,52343142,103,150,
勝英地域,美作市,52343143,103,150,
勝英地域,美作市,52343144,103,150,
勝英地域,美作市,52343145,104,151,
勝英地域,美作市,52343146,104,152,
勝英地域,美作市,52343147,104,152,
勝英地域,美作市,52343148,104,151,
勝英地域,美作市,52343149,104,152,
勝英地域,美作市,52343150,102,149,
勝英地域,美作市,52343151,103,150,
勝英地域,美作市,52343152,103,150,
勝英地域,美作市,52343153,103,150,
勝英地域,美作市,52343154,104,－,
勝英地域,美作市,52343155,103,150,
勝英地域,美作市,52343156,104,151,
勝英地域,美作市,52343157,104,151,
勝英地域,美作市,52343158,104,151,
勝英地域,美作市,52343159,105,153,
勝英地域,美作市,52343160,103,150,
勝英地域,美作市,52343161,103,150,
勝英地域,美作市,52343162,103,150,
勝英地域,美作市,52343163,103,150,
勝英地域,美作市,52343164,103,150,
勝英地域,美作市,52343165,103,150,
勝英地域,美作市,52343166,104,151,
勝英地域,美作市,52343167,104,152,
勝英地域,美作市,52343168,104,151,
勝英地域,美作市,52343169,105,153,
勝英地域,美作市,52343170,104,152,
勝英地域,美作市,52343171,104,151,
勝英地域,美作市,52343172,103,150,
勝英地域,美作市,52343173,103,150,
勝英地域,美作市,52343174,104,151,
勝英地域,美作市,52343175,104,151,
勝英地域,美作市,52343176,104,151,
勝英地域,美作市,52343177,104,152,
勝英地域,美作市,52343178,104,152,
勝英地域,美作市,52343179,105,153,
勝英地域,美作市,52343180,105,153,
勝英地域,美作市,52343181,105,153,
勝英地域,美作市,52343182,104,151,
勝英地域,美作市,52343183,103,150,
勝英地域,美作市,52343184,103,150,
勝英地域,美作市,52343185,104,151,
勝英地域,美作市,52343186,104,152,
勝英地域,美作市,52343187,105,153,
勝英地域,美作市,52343188,105,153,
勝英地域,美作市,52343189,105,153,
勝英地域,美作市,52343190,106,155,
勝英地域,美作市,52343191,106,154,
勝英地域,美作市,52343192,105,153,
勝英地域,美作市,52343193,104,151,
勝英地域,美作市,52343194,103,150,
勝英地域,美作市,52343195,103,150,
勝英地域,美作市,52343196,104,152,
勝英地域,美作市,52343197,105,153,
勝英地域,美作市,52343198,105,153,
勝英地域,美作市,52343199,105,153,
勝英地域,美作市,52343240,109,－,
勝英地域,美作市,52343250,105,153,
勝英地域,美作市,52343251,106,154,
勝英地域,美作市,52343260,105,153,
勝英地域,美作市,52343261,106,154,
勝英地域,美作市,52343270,105,153,
勝英地域,美作市,52343271,106,154,
勝英地域,美作市,52343280,105,153,
勝英地域,美作市,52343281,105,153,
勝英地域,美作市,52343290,105,153,
勝英地域,美作市,52343291,105,153,
勝英地域,美作市,52343292,106,154,
勝英地域,美作市,52344007,103,150,
勝英地域,美作市,52344008,103,150,
勝英地域,美作市,52344009,104,151,
勝英地域,美作市,52344017,103,150,
勝英地域,美作市,52344018,103,150,
勝英地域,美作市,52344019,104,151,
勝英地域,美作市,52344100,105,153,
勝英地域,美作市,52344101,106,154,
勝英地域,美作市,52344102,105,153,
勝英地域,美作市,52344103,104,151,
勝英地域,美作市,52344104,103,150,
勝英地域,美作市,52344105,104,151,
勝英地域,美作市,52344106,106,154,
勝英地域,美作市,52344107,107,156,
勝英地域,美作市,52344108,106,155,
勝英地域,美作市,52344109,106,154,
勝英地域,美作市,52344110,104,151,
勝英地域,美作市,52344111,104,151,
勝英地域,美作市,52344112,104,152,
勝英地域,美作市,52344113,103,150,
勝英地域,美作市,52344114,103,150,
勝英地域,美作市,52344115,104,151,
勝英地域,美作市,52344116,106,155,
勝英地域,美作市,52344117,108,157,
勝英地域,美作市,52344118,107,156,
勝英地域,美作市,52344119,106,155,
勝英地域,美作市,52344121,103,150,
勝英地域,美作市,52344122,103,150,
勝英地域,美作市,52344123,103,150,
勝英地域,美作市,52344124,104,151,
勝英地域,美作市,52344125,105,153,
勝英地域,美作市,52344126,106,155,
勝英地域,美作市,52344127,107,156,
勝英地域,美作市,52344128,107,156,
勝英地域,美作市,52344129,106,155,
勝英地域,美作市,52344131,103,150,
勝英地域,美作市,52344132,103,150,
勝英地域,美作市,52344133,105,153,
勝英地域,美作市,52344134,105,153,
勝英地域,美作市,52344135,106,154,
勝英地域,美作市,52344136,105,153,
勝英地域,美作市,52344137,105,153,
勝英地域,美作市,52344138,105,153,
勝英地域,美作市,52344139,105,153,
勝英地域,美作市,52344141,102,149,
勝英地域,美作市,52344142,104,151,
勝英地域,美作市,52344143,105,153,
勝英地域,美作市,52344144,106,155,
勝英地域,美作市,52344145,106,154,
勝英地域,美作市,52344146,105,153,
勝英地域,美作市,52344147,104,152,
勝英地域,美作市,52344148,104,152,
勝英地域,美作市,52344149,104,151,
勝英地域,美作市,52344151,103,150,
勝英地域,美作市,52344152,104,151,
勝英地域,美作市,52344154,106,155,
勝英地域,美作市,52344155,105,153,
勝英地域,美作市,52344156,104,151,
勝英地域,美作市,52344157,103,150,
勝英地域,美作市,52344158,104,151,
勝英地域,美作市,52344159,104,151,
勝英地域,美作市,52344164,104,152,
勝英地域,美作市,52344165,104,151,
勝英地域,美作市,52344166,104,151,
勝英地域,美作市,52344167,104,151,
勝英地域,美作市,52344168,104,151,
勝英地域,美作市,52344169,104,152,
勝英地域,美作市,52344174,103,150,
勝英地域,美作市,52344175,103,150,
勝英地域,美作市,52344176,103,150,
勝英地域,美作市,52344177,104,151,
勝英地域,美作市,52344178,104,152,
勝英地域,美作市,52344179,105,153,
勝英地域,美作市,52344184,102,149,
勝英地域,美作市,52344185,103,150,
勝英地域,美作市,52344186,103,150,
勝英地域,美作市,52344187,104,151,
勝英地域,美作市,52344188,104,152,
勝英地域,美作市,52344189,105,153,
勝英地域,美作市,52344194,103,150,
勝英地域,美作市,52344195,103,150,
勝英地域,美作市,52344196,104,152,
勝英地域,美作市,52344197,104,151,
勝英地域,美作市,52344198,104,151,
勝英地域,美作市,52344199,106,154,
勝英地域,美作市,52344200,106,154,
勝英地域,美作市,52344201,105,153,
勝英地域,美作市,52344210,106,154,
勝英地域,美作市,52344220,106,154,
勝英地域,美作市,52344221,106,－,
勝英地域,美作市,52344230,105,153,
勝英地域,美作市,52344231,105,153,
勝英地域,美作市,52344240,104,152,
勝英地域,美作市,52344241,105,153,
勝英地域,美作市,52344242,105,153,
勝英地域,美作市,52344250,104,151,
勝英地域,美作市,52344251,105,153,
勝英地域,美作市,52344252,105,153,
勝英地域,美作市,52344253,105,153,
勝英地域,美作市,52344254,105,153,
勝英地域,美作市,52344260,105,153,
勝英地域,美作市,52344261,106,154,
勝英地域,美作市,52344262,106,155,
勝英地域,美作市,52344263,107,156,
勝英地域,美作市,52344264,106,154,
勝英地域,美作市,52344270,105,153,
勝英地域,美作市,52344271,107,156,
勝英地域,美作市,52344272,108,157,
勝英地域,美作市,52344273,109,158,
勝英地域,美作市,52344274,107,156,
勝英地域,美作市,52344280,106,155,
勝英地域,美作市,52344281,108,157,
勝英地域,美作市,52344282,110,160,
勝英地域,美作市,52344283,109,159,
勝英地域,美作市,52344284,108,157,
勝英地域,美作市,52344285,108,157,
勝英地域,美作市,52344290,107,156,
勝英地域,美作市,52344291,109,158,
勝英地域,美作市,52344292,110,160,
勝英地域,美作市,52344293,109,159,
勝英地域,美作市,52344294,109,159,
勝英地域,美作市,52344295,109,158,
勝英地域,美作市,52345104,104,151,
勝英地域,美作市,52345105,104,152,
勝英地域,美作市,52345106,105,153,
勝英地域,美作市,52345107,105,153,
勝英地域,美作市,52345108,106,155,
勝英地域,美作市,52345109,107,156,
勝英地域,美作市,52345115,105,153,
勝英地域,美作市,52345116,106,154,
勝英地域,美作市,52345117,107,156,
勝英地域,美作市,52345118,109,158,
勝英地域,美作市,52345119,109,158,
勝英地域,美作市,52345128,109,159,
勝英地域,美作市,52345129,109,159,
勝英地域,美作市,52345138,109,159,
勝英地域,美作市,52345139,109,159,
勝英地域,美作市,52345148,110,160,
勝英地域,美作市,52345149,110,160,
勝英地域,美作市,52345158,109,159,
勝英地域,美作市,52345159,110,160,
勝英地域,美作市,52345168,111,162,
勝英地域,美作市,52345169,111,162,
勝英地域,美作市,52345178,113,164,
勝英地域,美作市,52345179,113,164,
勝英地域,美作市,52345188,114,166,
勝英地域,美作市,52345189,113,165,
勝英地域,美作市,52345198,115,168,
勝英地域,美作市,52345199,115,168,
勝英地域,美作市,52345200,107,156,
勝英地域,美作市,52345201,109,158,
勝英地域,美作市,52345202,109,158,
勝英地域,美作市,52345203,109,158,
勝英地域,美作市,52345204,109,158,
勝英地域,美作市,52345205,109,159,
勝英地域,美作市,52345206,111,162,
勝英地域,美作市,52345210,108,157,
勝英地域,美作市,52345211,108,157,
勝英地域,美作市,52345212,108,157,
勝英地域,美作市,52345213,109,158,
勝英地域,美作市,52345214,109,159,
勝英地域,美作市,52345215,111,161,
勝英地域,美作市,52345216,112,163,
勝英地域,美作市,52345217,111,162,
勝英地域,美作市,52345220,109,159,
勝英地域,美作市,52345221,109,159,
勝英地域,美作市,52345222,109,159,
勝英地域,美作市,52345223,109,159,
勝英地域,美作市,52345224,109,159,
勝英地域,美作市,52345225,111,161,
勝英地域,美作市,52345226,111,162,
勝英地域,美作市,52345227,111,162,
勝英地域,美作市,52345230,109,159,
勝英地域,美作市,52345231,109,159,
勝英地域,美作市,52345232,109,159,
勝英地域,美作市,52345233,110,160,
勝英地域,美作市,52345234,111,161,
勝英地域,美作市,52345235,111,161,
勝英地域,美作市,52345236,111,162,
勝英地域,美作市,52345237,111,162,
勝英地域,美作市,52345240,109,159,
勝英地域,美作市,52345241,110,160,
勝英地域,美作市,52345242,110,160,
勝英地域,美作市,52345243,110,160,
勝英地域,美作市,52345244,111,162,
勝英地域,美作市,52345245,111,162,
勝英地域,美作市,52345246,111,162,
勝英地域,美作市,52345247,111,162,
勝英地域,美作市,52345248,111,162,
勝英地域,美作市,52345250,111,162,
勝英地域,美作市,52345251,110,160,
勝英地域,美作市,52345252,111,161,
勝英地域,美作市,52345253,111,161,
勝英地域,美作市,52345254,111,162,
勝英地域,美作市,52345255,111,162,
勝英地域,美作市,52345256,111,162,
勝英地域,美作市,52345257,111,162,
勝英地域,美作市,52345258,111,162,
勝英地域,美作市,52345260,111,162,
勝英地域,美作市,52345261,111,162,
勝英地域,美作市,52345262,111,162,
勝英地域,美作市,52345263,111,162,
勝英地域,美作市,52345264,111,162,
勝英地域,美作市,52345265,111,161,
勝英地域,美作市,52345266,111,162,
勝英地域,美作市,52345267,111,162,
勝英地域,美作市,52345268,113,164,
勝英地域,美作市,52345270,112,163,
勝英地域,美作市,52345271,112,163,
勝英地域,美作市,52345272,113,164,
勝英地域,美作市,52345273,112,163,
勝英地域,美作市,52345274,112,163,
勝英地域,美作市,52345275,111,162,
勝英地域,美作市,52345276,111,162,
勝英地域,美作市,52345277,113,164,
勝英地域,美作市,52345278,113,165,
勝英地域,美作市,52345280,113,165,
勝英地域,美作市,52345281,112,163,
勝英地域,美作市,52345282,112,163,
勝英地域,美作市,52345283,113,164,
勝英地域,美作市,52345284,112,163,
勝英地域,美作市,52345287,113,164,
勝英地域,美作市,52345288,113,165,
勝英地域,美作市,52345289,113,165,
勝英地域,美作市,52345290,114,166,
勝英地域,美作市,52345291,113,165,
勝英地域,美作市,52345292,113,164,
勝英地域,美作市,52345298,113,164,
勝英地域,美作市,52345299,113,165,
勝英地域,美作市,52345380,113,164,
勝英地域,美作市,52345381,115,－,
勝英地域,美作市,52345382,115,－,
勝英地域,美作市,52345390,113,165,
勝英地域,美作市,52345391,113,165,
勝英地域,美作市,52345392,115,－,
勝英地域,美作市,52346108,117,171,
勝英地域,美作市,52346109,117,170,
勝英地域,美作市,52346118,117,170,
勝英地域,美作市,52346119,115,168,
勝英地域,美作市,52346127,118,172,
勝英地域,美作市,52346128,117,170,
勝英地域,美作市,52346129,115,167,
勝英地域,美作市,52346138,116,169,
勝英地域,美作市,52346139,114,166,
勝英地域,美作市,52346200,114,166,
勝英地域,美作市,52346201,114,166,
勝英地域,美作市,52346202,114,166,
勝英地域,美作市,52346209,113,165,
勝英地域,美作市,52346210,115,167,
勝英地域,美作市,52346211,115,167,
勝英地域,美作市,52346212,115,167,
勝英地域,美作市,52346220,114,166,
勝英地域,美作市,52346221,115,167,
勝英地域,美作市,52346222,115,167,
勝英地域,美作市,52346230,114,166,
勝英地域,美作市,52346231,114,166,
勝英地域,美作市,52346240,113,165,
勝英地域,美作市,52346241,113,165,
勝英地域,美作市,52346300,115,167,
勝英地域,美作市,52346301,115,167,
勝英地域,美作市,52346302,115,167,
勝英地域,美作市,52346310,115,167,
勝英地域,美作市,52346311,115,168,
勝英地域,美作市,52346312,116,－,
勝英地域,美作市,52346320,115,167,
勝英地域,美作市,52346321,116,－,
勝英地域,勝央町,52344027,103,150,
勝英地域,勝央町,52344028,103,150,
勝英地域,勝央町,52344029,103,150,
勝英地域,勝央町,52344037,103,150,
勝英地域,勝央町,52344038,103,150,
勝英地域,勝央町,52344039,103,150,
勝英地域,勝央町,52344047,103,150,
勝英地域,勝央町,52344048,103,150,
勝英地域,勝央町,52344049,103,150,
勝英地域,勝央町,52344057,103,150,
勝英地域,勝央町,52344058,103,150,
勝英地域,勝央町,52344059,103,150,
勝英地域,勝央町,52344068,103,150,
勝英地域,勝央町,52344069,104,151,
勝英地域,勝央町,52344078,103,150,
勝英地域,勝央町,52344079,103,150,
勝英地域,勝央町,52344088,103,150,
勝英地域,勝央町,52344089,103,150,
勝英地域,勝央町,52344098,103,150,
勝英地域,勝央町,52344099,103,150,
勝英地域,勝央町,52344120,102,149,
勝英地域,勝央町,52344130,103,150,
勝英地域,勝央町,52344140,103,150,
勝英地域,勝央町,52344150,103,150,
勝英地域,勝央町,52344153,105,153,
勝英地域,勝央町,52344160,103,150,
勝英地域,勝央町,52344161,103,150,
勝英地域,勝央町,52344162,103,150,
勝英地域,勝央町,52344163,104,152,
勝英地域,勝央町,52344170,103,150,
勝英地域,勝央町,52344171,103,150,
勝英地域,勝央町,52344172,103,150,
勝英地域,勝央町,52344173,103,150,
勝英地域,勝央町,52344180,103,150,
勝英地域,勝央町,52344181,103,150,
勝英地域,勝央町,52344182,102,149,
勝英地域,勝央町,52344183,103,150,
勝英地域,勝央町,52344190,103,150,
勝英地域,勝央町,52344191,103,150,
勝英地域,勝央町,52344192,102,149,
勝英地域,勝央町,52344193,103,150,
勝英地域,勝央町,52345009,103,150,
勝英地域,勝央町,52345100,103,150,
勝英地域,勝央町,52345101,104,151,
勝英地域,勝央町,52345102,102,149,
勝英地域,勝央町,52345103,103,150,
勝英地域,勝央町,52345110,104,151,
勝英地域,勝央町,52345111,103,150,
勝英地域,奈義町,52345112,104,151,
勝英地域,奈義町,52345113,104,152,
勝英地域,奈義町,52345114,105,153,
勝英地域,奈義町,52345120,105,153,
勝英地域,奈義町,52345121,105,153,
勝英地域,奈義町,52345122,106,154,
勝英地域,奈義町,52345123,107,156,
勝英地域,奈義町,52345124,107,156,
勝英地域,奈義町,52345125,106,154,
勝英地域,奈義町,52345126,106,155,
勝英地域,奈義町,52345127,108,157,
勝英地域,奈義町,52345131,106,154,
勝英地域,奈義町,52345132,107,156,
勝英地域,奈義町,52345133,109,159,
勝英地域,奈義町,52345134,108,157,
勝英地域,奈義町,52345135,107,156,
勝英地域,奈義町,52345136,107,156,
勝英地域,奈義町,52345137,109,158,
勝英地域,奈義町,52345141,106,154,
勝英地域,奈義町,52345142,107,156,
勝英地域,奈義町,52345143,108,157,
勝英地域,奈義町,52345144,109,158,
勝英地域,奈義町,52345145,109,158,
勝英地域,奈義町,52345146,109,158,
勝英地域,奈義町,52345147,109,159,
勝英地域,奈義町,52345151,106,154,
勝英地域,奈義町,52345152,107,156,
勝英地域,奈義町,52345153,108,157,
勝英地域,奈義町,52345154,109,159,
勝英地域,奈義町,52345155,111,162,
勝英地域,奈義町,52345156,111,162,
勝英地域,奈義町,52345157,111,162,
勝英地域,奈義町,52345161,107,156,
勝英地域,奈義町,52345162,108,157,
勝英地域,奈義町,52345163,109,159,
勝英地域,奈義町,52345164,110,160,
勝英地域,奈義町,52345165,113,164,
勝英地域,奈義町,52345166,113,165,
勝英地域,奈義町,52345167,112,163,
勝英地域,奈義町,52345171,109,159,
勝英地域,奈義町,52345172,110,160,
勝英地域,奈義町,52345173,111,161,
勝英地域,奈義町,52345174,111,162,
勝英地域,奈義町,52345175,113,165,
勝英地域,奈義町,52345176,113,165,
勝英地域,奈義町,52345177,113,165,
勝英地域,奈義町,52345181,111,162,
勝英地域,奈義町,52345182,112,163,
勝英地域,奈義町,52345183,112,163,
勝英地域,奈義町,52345184,113,164,
勝英地域,奈義町,52345185,113,165,
勝英地域,奈義町,52345186,113,165,
勝英地域,奈義町,52345187,113,165,
勝英地域,奈義町,52345192,113,164,
勝英地域,奈義町,52345193,113,165,
勝英地域,奈義町,52345194,113,165,
勝英地域,奈義町,52345195,113,165,
勝英地域,奈義町,52345196,114,166,
勝英地域,奈義町,52345197,115,168,
勝英地域,奈義町,52346103,113,165,
勝英地域,奈義町,52346104,113,165,
勝英地域,奈義町,52346105,114,166,
勝英地域,奈義町,52346106,115,168,
勝英地域,奈義町,52346107,117,171,
勝英地域,奈義町,52346115,115,167,
勝英地域,奈義町,52346116,117,170,
勝英地域,奈義町,52346117,117,171,
勝英地域,奈義町,52346126,119,173,
勝英地域,西粟倉村,52345285,112,163,
勝英地域,西粟倉村,52345286,111,162,
勝英地域,西粟倉村,52345293,113,164,
勝英地域,西粟倉村,52345294,113,165,
勝英地域,西粟倉村,52345295,112,163,
勝英地域,西粟倉村,52345296,111,162,
勝英地域,西粟倉村,52345297,111,162,
勝英地域,西粟倉村,52346203,113,165,
勝英地域,西粟倉村,52346204,113,165,
勝英地域,西粟倉村,52346205,113,164,
勝英地域,西粟倉村,52346206,111,162,
勝英地域,西粟倉村,52346207,112,163,
勝英地域,西粟倉村,52346208,113,165,
勝英地域,西粟倉村,52346213,114,166,
勝英地域,西粟倉村,52346214,113,165,
勝英地域,西粟倉村,52346215,113,165,
勝英地域,西粟倉村,52346216,113,165,
勝英地域,西粟倉村,52346217,113,164,
勝英地域,西粟倉村,52346218,113,164,
勝英地域,西粟倉村,52346219,113,165,
勝英地域,西粟倉村,52346223,115,167,
勝英地域,西粟倉村,52346224,115,167,
勝英地域,西粟倉村,52346225,115,167,
勝英地域,西粟倉村,52346226,115,167,
勝英地域,西粟倉村,52346227,115,167,
勝英地域,西粟倉村,52346228,113,165,
勝英地域,西粟倉村,52346229,114,166,
勝英地域,西粟倉村,52346232,115,167,
勝英地域,西粟倉村,52346233,114,166,
勝英地域,西粟倉村,52346234,115,167,
勝英地域,西粟倉村,52346235,115,168,
勝英地域,西粟倉村,52346236,115,168,
勝英地域,西粟倉村,52346237,115,168,
勝英地域,西粟倉村,52346238,114,166,
勝英地域,西粟倉村,52346239,114,166,
勝英地域,西粟倉村,52346246,117,170,
勝英地域,西粟倉村,52346247,117,170,
勝英地域,西粟倉村,52346248,115,168,
勝英地域,西粟倉村,52346249,115,168,
勝英地域,西粟倉村,52346257,117,170,
勝英地域,西粟倉村,52346258,117,170,
勝英地域,西粟倉村,52346259,116,169,
勝英地域,西粟倉村,52346267,117,171,
勝英地域,西粟倉村,52346268,117,170,
勝英地域,西粟倉村,52346269,116,169,
勝英地域,西粟倉村,52346279,115,168,
勝英地域,西粟倉村,52346330,116,169,
勝英地域,西粟倉村,52346340,116,169,
勝英地域,西粟倉村,52346360,116,169,
勝英地域,西粟倉村,52346370,115,168,
勝英地域,西粟倉村,52346371,116,169,
勝英地域,西粟倉村,52346380,116,169,
勝英地域,西粟倉村,52346381,116,169,
勝英地域,西粟倉村,52346390,115,168,
勝英地域,西粟倉村,52346391,115,168,
