i•Ê“Yj‘å‰JŒx•ñE’ˆÓ•ñ‚Ì“yë‰J—ÊŽw”Šî€’l,,,,—ß˜a6”N5ŒŽ23“úŒ»Ý,
Žs’¬‘º“™‚ð‚Ü‚Æ‚ß‚½’nˆæ,Žs’¬‘º“™,’nˆæƒƒbƒVƒ…ƒR[ƒhi‚PkmŠiŽq‘Î‰žj,“yë‰J—ÊŽw”Šî€i’ˆÓ•ñj,“yë‰J—ÊŽw”Šî€iŒx•ñj,
i’†—\j,¼ŽRŽs,50324636,155,|,
i’†—\j,¼ŽRŽs,50324637,149,214,
i’†—\j,¼ŽRŽs,50324646,112,161,
i’†—\j,¼ŽRŽs,50324647,110,158,
i’†—\j,¼ŽRŽs,50324648,111,159,
i’†—\j,¼ŽRŽs,50324656,112,161,
i’†—\j,¼ŽRŽs,50324657,113,162,
i’†—\j,¼ŽRŽs,50324658,109,157,
i’†—\j,¼ŽRŽs,50324666,111,159,
i’†—\j,¼ŽRŽs,50324667,112,160,
i’†—\j,¼ŽRŽs,50324668,112,160,
i’†—\j,¼ŽRŽs,50324669,117,168,
i’†—\j,¼ŽRŽs,50324675,111,159,
i’†—\j,¼ŽRŽs,50324676,111,159,
i’†—\j,¼ŽRŽs,50324677,111,159,
i’†—\j,¼ŽRŽs,50324678,112,160,
i’†—\j,¼ŽRŽs,50324679,112,161,
i’†—\j,¼ŽRŽs,50324685,111,159,
i’†—\j,¼ŽRŽs,50324686,110,158,
i’†—\j,¼ŽRŽs,50324687,111,159,
i’†—\j,¼ŽRŽs,50324688,111,159,
i’†—\j,¼ŽRŽs,50324695,111,159,
i’†—\j,¼ŽRŽs,50324696,111,159,
i’†—\j,¼ŽRŽs,50324697,111,159,
i’†—\j,¼ŽRŽs,50324698,111,159,
i’†—\j,¼ŽRŽs,50325574,115,|,
i’†—\j,¼ŽRŽs,50325575,115,|,
i’†—\j,¼ŽRŽs,50325576,115,|,
i’†—\j,¼ŽRŽs,50325577,115,|,
i’†—\j,¼ŽRŽs,50325578,115,|,
i’†—\j,¼ŽRŽs,50325579,115,|,
i’†—\j,¼ŽRŽs,50325585,115,|,
i’†—\j,¼ŽRŽs,50325586,115,|,
i’†—\j,¼ŽRŽs,50325587,115,|,
i’†—\j,¼ŽRŽs,50325588,115,|,
i’†—\j,¼ŽRŽs,50325589,115,|,
i’†—\j,¼ŽRŽs,50325595,115,|,
i’†—\j,¼ŽRŽs,50325596,91,130,
i’†—\j,¼ŽRŽs,50325597,89,128,
i’†—\j,¼ŽRŽs,50325598,115,|,
i’†—\j,¼ŽRŽs,50325599,115,|,
i’†—\j,¼ŽRŽs,50325604,102,147,
i’†—\j,¼ŽRŽs,50325605,102,147,
i’†—\j,¼ŽRŽs,50325606,99,142,
i’†—\j,¼ŽRŽs,50325607,99,142,
i’†—\j,¼ŽRŽs,50325614,98,140,
i’†—\j,¼ŽRŽs,50325615,98,140,
i’†—\j,¼ŽRŽs,50325616,98,141,
i’†—\j,¼ŽRŽs,50325617,99,142,
i’†—\j,¼ŽRŽs,50325624,115,|,
i’†—\j,¼ŽRŽs,50325625,98,140,
i’†—\j,¼ŽRŽs,50325626,94,135,
i’†—\j,¼ŽRŽs,50325634,99,142,
i’†—\j,¼ŽRŽs,50325635,115,|,
i’†—\j,¼ŽRŽs,50325636,115,|,
i’†—\j,¼ŽRŽs,50325643,115,|,
i’†—\j,¼ŽRŽs,50325644,115,|,
i’†—\j,¼ŽRŽs,50325645,115,|,
i’†—\j,¼ŽRŽs,50325652,115,|,
i’†—\j,¼ŽRŽs,50325653,115,|,
i’†—\j,¼ŽRŽs,50325654,115,|,
i’†—\j,¼ŽRŽs,50325655,115,|,
i’†—\j,¼ŽRŽs,50325660,115,|,
i’†—\j,¼ŽRŽs,50325661,115,|,
i’†—\j,¼ŽRŽs,50325662,115,|,
i’†—\j,¼ŽRŽs,50325663,115,|,
i’†—\j,¼ŽRŽs,50325664,115,|,
i’†—\j,¼ŽRŽs,50325665,115,|,
i’†—\j,¼ŽRŽs,50325666,115,|,
i’†—\j,¼ŽRŽs,50325667,115,|,
i’†—\j,¼ŽRŽs,50325668,102,147,
i’†—\j,¼ŽRŽs,50325670,115,|,
i’†—\j,¼ŽRŽs,50325671,115,|,
i’†—\j,¼ŽRŽs,50325672,93,134,
i’†—\j,¼ŽRŽs,50325673,98,141,
i’†—\j,¼ŽRŽs,50325674,99,142,
i’†—\j,¼ŽRŽs,50325675,97,139,
i’†—\j,¼ŽRŽs,50325676,98,140,
i’†—\j,¼ŽRŽs,50325677,98,140,
i’†—\j,¼ŽRŽs,50325678,102,147,
i’†—\j,¼ŽRŽs,50325680,115,|,
i’†—\j,¼ŽRŽs,50325681,115,|,
i’†—\j,¼ŽRŽs,50325682,98,141,
i’†—\j,¼ŽRŽs,50325683,99,142,
i’†—\j,¼ŽRŽs,50325684,98,141,
i’†—\j,¼ŽRŽs,50325685,93,133,
i’†—\j,¼ŽRŽs,50325686,97,139,
i’†—\j,¼ŽRŽs,50325687,102,147,
i’†—\j,¼ŽRŽs,50325688,99,142,
i’†—\j,¼ŽRŽs,50325689,98,141,
i’†—\j,¼ŽRŽs,50325690,115,|,
i’†—\j,¼ŽRŽs,50325691,115,|,
i’†—\j,¼ŽRŽs,50325692,115,|,
i’†—\j,¼ŽRŽs,50325693,103,148,
i’†—\j,¼ŽRŽs,50325694,102,147,
i’†—\j,¼ŽRŽs,50325695,93,133,
i’†—\j,¼ŽRŽs,50325696,97,139,
i’†—\j,¼ŽRŽs,50325697,94,135,
i’†—\j,¼ŽRŽs,50325698,95,136,
i’†—\j,¼ŽRŽs,50325699,95,136,
i’†—\j,¼ŽRŽs,50326412,104,|,
i’†—\j,¼ŽRŽs,50326421,104,|,
i’†—\j,¼ŽRŽs,50326422,104,|,
i’†—\j,¼ŽRŽs,50326505,115,|,
i’†—\j,¼ŽRŽs,50326506,89,128,
i’†—\j,¼ŽRŽs,50326507,89,128,
i’†—\j,¼ŽRŽs,50326508,89,128,
i’†—\j,¼ŽRŽs,50326509,107,153,
i’†—\j,¼ŽRŽs,50326515,115,|,
i’†—\j,¼ŽRŽs,50326516,106,152,
i’†—\j,¼ŽRŽs,50326517,107,153,
i’†—\j,¼ŽRŽs,50326518,107,153,
i’†—\j,¼ŽRŽs,50326519,107,153,
i’†—\j,¼ŽRŽs,50326525,115,|,
i’†—\j,¼ŽRŽs,50326526,115,|,
i’†—\j,¼ŽRŽs,50326527,115,|,
i’†—\j,¼ŽRŽs,50326528,106,152,
i’†—\j,¼ŽRŽs,50326529,102,146,
i’†—\j,¼ŽRŽs,50326536,115,|,
i’†—\j,¼ŽRŽs,50326537,115,|,
i’†—\j,¼ŽRŽs,50326538,101,145,
i’†—\j,¼ŽRŽs,50326539,107,|,
i’†—\j,¼ŽRŽs,50326543,96,138,
i’†—\j,¼ŽRŽs,50326544,101,|,
i’†—\j,¼ŽRŽs,50326546,101,145,
i’†—\j,¼ŽRŽs,50326547,101,145,
i’†—\j,¼ŽRŽs,50326548,101,145,
i’†—\j,¼ŽRŽs,50326549,107,|,
i’†—\j,¼ŽRŽs,50326552,104,|,
i’†—\j,¼ŽRŽs,50326553,101,145,
i’†—\j,¼ŽRŽs,50326554,97,139,
i’†—\j,¼ŽRŽs,50326555,101,145,
i’†—\j,¼ŽRŽs,50326556,102,146,
i’†—\j,¼ŽRŽs,50326557,107,153,
i’†—\j,¼ŽRŽs,50326558,106,152,
i’†—\j,¼ŽRŽs,50326559,107,|,
i’†—\j,¼ŽRŽs,50326561,104,|,
i’†—\j,¼ŽRŽs,50326563,100,144,
i’†—\j,¼ŽRŽs,50326564,100,144,
i’†—\j,¼ŽRŽs,50326566,102,147,
i’†—\j,¼ŽRŽs,50326567,103,148,
i’†—\j,¼ŽRŽs,50326568,107,153,
i’†—\j,¼ŽRŽs,50326569,102,146,
i’†—\j,¼ŽRŽs,50326570,104,|,
i’†—\j,¼ŽRŽs,50326571,104,149,
i’†—\j,¼ŽRŽs,50326572,104,|,
i’†—\j,¼ŽRŽs,50326573,100,143,
i’†—\j,¼ŽRŽs,50326576,107,153,
i’†—\j,¼ŽRŽs,50326577,106,152,
i’†—\j,¼ŽRŽs,50326578,107,153,
i’†—\j,¼ŽRŽs,50326579,105,151,
i’†—\j,¼ŽRŽs,50326582,99,142,
i’†—\j,¼ŽRŽs,50326583,99,142,
i’†—\j,¼ŽRŽs,50326584,95,137,
i’†—\j,¼ŽRŽs,50326585,97,139,
i’†—\j,¼ŽRŽs,50326586,93,134,
i’†—\j,¼ŽRŽs,50326587,93,134,
i’†—\j,¼ŽRŽs,50326588,107,|,
i’†—\j,¼ŽRŽs,50326589,107,|,
i’†—\j,¼ŽRŽs,50326592,99,|,
i’†—\j,¼ŽRŽs,50326593,99,|,
i’†—\j,¼ŽRŽs,50326594,96,138,
i’†—\j,¼ŽRŽs,50326595,97,139,
i’†—\j,¼ŽRŽs,50326600,115,|,
i’†—\j,¼ŽRŽs,50326601,103,148,
i’†—\j,¼ŽRŽs,50326602,115,|,
i’†—\j,¼ŽRŽs,50326603,115,|,
i’†—\j,¼ŽRŽs,50326604,102,147,
i’†—\j,¼ŽRŽs,50326605,101,145,
i’†—\j,¼ŽRŽs,50326606,101,145,
i’†—\j,¼ŽRŽs,50326607,93,134,
i’†—\j,¼ŽRŽs,50326608,94,135,
i’†—\j,¼ŽRŽs,50326609,115,|,
i’†—\j,¼ŽRŽs,50326610,98,141,
i’†—\j,¼ŽRŽs,50326611,103,148,
i’†—\j,¼ŽRŽs,50326612,104,149,
i’†—\j,¼ŽRŽs,50326613,103,148,
i’†—\j,¼ŽRŽs,50326614,94,135,
i’†—\j,¼ŽRŽs,50326615,93,133,
i’†—\j,¼ŽRŽs,50326616,93,133,
i’†—\j,¼ŽRŽs,50326617,93,133,
i’†—\j,¼ŽRŽs,50326618,93,134,
i’†—\j,¼ŽRŽs,50326619,115,|,
i’†—\j,¼ŽRŽs,50326620,107,|,
i’†—\j,¼ŽRŽs,50326621,97,139,
i’†—\j,¼ŽRŽs,50326622,98,140,
i’†—\j,¼ŽRŽs,50326623,97,139,
i’†—\j,¼ŽRŽs,50326624,92,132,
i’†—\j,¼ŽRŽs,50326625,92,132,
i’†—\j,¼ŽRŽs,50326626,93,133,
i’†—\j,¼ŽRŽs,50326627,110,158,
i’†—\j,¼ŽRŽs,50326628,115,|,
i’†—\j,¼ŽRŽs,50326629,115,|,
i’†—\j,¼ŽRŽs,50326630,95,136,
i’†—\j,¼ŽRŽs,50326631,95,137,
i’†—\j,¼ŽRŽs,50326632,96,138,
i’†—\j,¼ŽRŽs,50326633,96,138,
i’†—\j,¼ŽRŽs,50326634,91,131,
i’†—\j,¼ŽRŽs,50326635,92,132,
i’†—\j,¼ŽRŽs,50326636,93,133,
i’†—\j,¼ŽRŽs,50326637,115,165,
i’†—\j,¼ŽRŽs,50326638,111,159,
i’†—\j,¼ŽRŽs,50326639,115,|,
i’†—\j,¼ŽRŽs,50326640,94,135,
i’†—\j,¼ŽRŽs,50326641,95,136,
i’†—\j,¼ŽRŽs,50326642,95,136,
i’†—\j,¼ŽRŽs,50326643,95,137,
i’†—\j,¼ŽRŽs,50326644,95,137,
i’†—\j,¼ŽRŽs,50326645,105,151,
i’†—\j,¼ŽRŽs,50326646,111,159,
i’†—\j,¼ŽRŽs,50326647,116,167,
i’†—\j,¼ŽRŽs,50326648,107,153,
i’†—\j,¼ŽRŽs,50326649,103,148,
i’†—\j,¼ŽRŽs,50326650,99,142,
i’†—\j,¼ŽRŽs,50326651,94,135,
i’†—\j,¼ŽRŽs,50326652,95,136,
i’†—\j,¼ŽRŽs,50326653,100,143,
i’†—\j,¼ŽRŽs,50326654,100,144,
i’†—\j,¼ŽRŽs,50326655,105,151,
i’†—\j,¼ŽRŽs,50326656,111,159,
i’†—\j,¼ŽRŽs,50326657,116,167,
i’†—\j,¼ŽRŽs,50326658,107,154,
i’†—\j,¼ŽRŽs,50326659,102,147,
i’†—\j,¼ŽRŽs,50326660,95,136,
i’†—\j,¼ŽRŽs,50326661,93,134,
i’†—\j,¼ŽRŽs,50326662,95,136,
i’†—\j,¼ŽRŽs,50326663,99,142,
i’†—\j,¼ŽRŽs,50326664,104,149,
i’†—\j,¼ŽRŽs,50326665,105,150,
i’†—\j,¼ŽRŽs,50326666,115,165,
i’†—\j,¼ŽRŽs,50326667,112,160,
i’†—\j,¼ŽRŽs,50326668,102,147,
i’†—\j,¼ŽRŽs,50326669,107,153,
i’†—\j,¼ŽRŽs,50326670,99,142,
i’†—\j,¼ŽRŽs,50326671,98,141,
i’†—\j,¼ŽRŽs,50326672,99,142,
i’†—\j,¼ŽRŽs,50326673,99,142,
i’†—\j,¼ŽRŽs,50326674,100,143,
i’†—\j,¼ŽRŽs,50326675,105,150,
i’†—\j,¼ŽRŽs,50326676,105,151,
i’†—\j,¼ŽRŽs,50326677,115,165,
i’†—\j,¼ŽRŽs,50326678,102,146,
i’†—\j,¼ŽRŽs,50326679,102,147,
i’†—\j,¼ŽRŽs,50326680,100,143,
i’†—\j,¼ŽRŽs,50326681,96,138,
i’†—\j,¼ŽRŽs,50326682,97,139,
i’†—\j,¼ŽRŽs,50326683,97,139,
i’†—\j,¼ŽRŽs,50326684,102,146,
i’†—\j,¼ŽRŽs,50326685,104,149,
i’†—\j,¼ŽRŽs,50326686,105,150,
i’†—\j,¼ŽRŽs,50326687,105,150,
i’†—\j,¼ŽRŽs,50326688,97,139,
i’†—\j,¼ŽRŽs,50326689,101,145,
i’†—\j,¼ŽRŽs,50326690,95,137,
i’†—\j,¼ŽRŽs,50326691,95,137,
i’†—\j,¼ŽRŽs,50326692,96,138,
i’†—\j,¼ŽRŽs,50326693,101,145,
i’†—\j,¼ŽRŽs,50326694,102,146,
i’†—\j,¼ŽRŽs,50326695,96,138,
i’†—\j,¼ŽRŽs,50326696,97,139,
i’†—\j,¼ŽRŽs,50326697,97,139,
i’†—\j,¼ŽRŽs,50326698,97,139,
i’†—\j,¼ŽRŽs,50326699,101,145,
i’†—\j,¼ŽRŽs,50326710,100,143,
i’†—\j,¼ŽRŽs,50326720,115,|,
i’†—\j,¼ŽRŽs,50326750,102,146,
i’†—\j,¼ŽRŽs,50326760,107,153,
i’†—\j,¼ŽRŽs,50326761,106,152,
i’†—\j,¼ŽRŽs,50326770,106,152,
i’†—\j,¼ŽRŽs,50326771,109,157,
i’†—\j,¼ŽRŽs,50326772,116,166,
i’†—\j,¼ŽRŽs,50326780,97,139,
i’†—\j,¼ŽRŽs,50326781,117,|,
i’†—\j,¼ŽRŽs,50326782,117,|,
i’†—\j,¼ŽRŽs,50326783,117,|,
i’†—\j,¼ŽRŽs,50326790,97,139,
i’†—\j,¼ŽRŽs,50326791,103,148,
i’†—\j,¼ŽRŽs,50326792,117,|,
i’†—\j,¼ŽRŽs,50326793,117,|,
i’†—\j,¼ŽRŽs,50327359,98,|,
i’†—\j,¼ŽRŽs,50327369,98,|,
i’†—\j,¼ŽRŽs,50327379,98,|,
i’†—\j,¼ŽRŽs,50327411,103,|,
i’†—\j,¼ŽRŽs,50327412,103,148,
i’†—\j,¼ŽRŽs,50327413,98,141,
i’†—\j,¼ŽRŽs,50327421,103,|,
i’†—\j,¼ŽRŽs,50327422,103,148,
i’†—\j,¼ŽRŽs,50327423,98,141,
i’†—\j,¼ŽRŽs,50327424,98,|,
i’†—\j,¼ŽRŽs,50327437,91,131,
i’†—\j,¼ŽRŽs,50327438,92,132,
i’†—\j,¼ŽRŽs,50327447,91,130,
i’†—\j,¼ŽRŽs,50327448,91,131,
i’†—\j,¼ŽRŽs,50327449,91,130,
i’†—\j,¼ŽRŽs,50327452,102,|,
i’†—\j,¼ŽRŽs,50327453,102,|,
i’†—\j,¼ŽRŽs,50327456,95,137,
i’†—\j,¼ŽRŽs,50327457,91,130,
i’†—\j,¼ŽRŽs,50327458,91,130,
i’†—\j,¼ŽRŽs,50327459,91,130,
i’†—\j,¼ŽRŽs,50327460,98,|,
i’†—\j,¼ŽRŽs,50327462,102,|,
i’†—\j,¼ŽRŽs,50327463,93,133,
i’†—\j,¼ŽRŽs,50327464,102,|,
i’†—\j,¼ŽRŽs,50327466,96,138,
i’†—\j,¼ŽRŽs,50327467,96,138,
i’†—\j,¼ŽRŽs,50327468,95,137,
i’†—\j,¼ŽRŽs,50327469,97,139,
i’†—\j,¼ŽRŽs,50327470,98,140,
i’†—\j,¼ŽRŽs,50327471,98,140,
i’†—\j,¼ŽRŽs,50327472,102,146,
i’†—\j,¼ŽRŽs,50327473,93,133,
i’†—\j,¼ŽRŽs,50327474,93,133,
i’†—\j,¼ŽRŽs,50327477,96,138,
i’†—\j,¼ŽRŽs,50327478,97,139,
i’†—\j,¼ŽRŽs,50327479,93,134,
i’†—\j,¼ŽRŽs,50327480,98,141,
i’†—\j,¼ŽRŽs,50327481,98,141,
i’†—\j,¼ŽRŽs,50327482,102,|,
i’†—\j,¼ŽRŽs,50327483,93,134,
i’†—\j,¼ŽRŽs,50327484,93,133,
i’†—\j,¼ŽRŽs,50327485,102,|,
i’†—\j,¼ŽRŽs,50327488,92,132,
i’†—\j,¼ŽRŽs,50327489,93,133,
i’†—\j,¼ŽRŽs,50327493,102,|,
i’†—\j,¼ŽRŽs,50327494,102,|,
i’†—\j,¼ŽRŽs,50327495,102,|,
i’†—\j,¼ŽRŽs,50327498,93,|,
i’†—\j,¼ŽRŽs,50327499,88,127,
i’†—\j,¼ŽRŽs,50327504,99,|,
i’†—\j,¼ŽRŽs,50327505,97,139,
i’†—\j,¼ŽRŽs,50327506,99,|,
i’†—\j,¼ŽRŽs,50327515,99,|,
i’†—\j,¼ŽRŽs,50327516,99,|,
i’†—\j,¼ŽRŽs,50327540,99,142,
i’†—\j,¼ŽRŽs,50327541,101,|,
i’†—\j,¼ŽRŽs,50327542,99,142,
i’†—\j,¼ŽRŽs,50327543,99,142,
i’†—\j,¼ŽRŽs,50327550,95,137,
i’†—\j,¼ŽRŽs,50327551,101,|,
i’†—\j,¼ŽRŽs,50327552,99,142,
i’†—\j,¼ŽRŽs,50327553,99,142,
i’†—\j,¼ŽRŽs,50327554,101,|,
i’†—\j,¼ŽRŽs,50327555,101,|,
i’†—\j,¼ŽRŽs,50327560,101,145,
i’†—\j,¼ŽRŽs,50327561,101,|,
i’†—\j,¼ŽRŽs,50327562,101,|,
i’†—\j,¼ŽRŽs,50327563,101,|,
i’†—\j,¼ŽRŽs,50327564,101,|,
i’†—\j,¼ŽRŽs,50327565,99,142,
i’†—\j,¼ŽRŽs,50327570,98,140,
i’†—\j,¼ŽRŽs,50327571,97,139,
i’†—\j,¼ŽRŽs,50327575,95,137,
i’†—\j,¼ŽRŽs,50327580,93,134,
i’†—\j,¼ŽRŽs,50327581,97,139,
i’†—\j,¼ŽRŽs,50327590,93,133,
i’†—\j,¼ŽRŽs,50327591,92,132,
i’†—\j,¼ŽRŽs,50327600,100,143,
i’†—\j,¼ŽRŽs,50327601,95,137,
i’†—\j,¼ŽRŽs,50327602,100,144,
i’†—\j,¼ŽRŽs,50327603,101,145,
i’†—\j,¼ŽRŽs,50327604,107,153,
i’†—\j,¼ŽRŽs,50327605,105,151,
i’†—\j,¼ŽRŽs,50327606,103,148,
i’†—\j,¼ŽRŽs,50327607,102,146,
i’†—\j,¼ŽRŽs,50327608,102,146,
i’†—\j,¼ŽRŽs,50327609,99,142,
i’†—\j,¼ŽRŽs,50327610,101,145,
i’†—\j,¼ŽRŽs,50327611,100,143,
i’†—\j,¼ŽRŽs,50327612,100,144,
i’†—\j,¼ŽRŽs,50327613,101,145,
i’†—\j,¼ŽRŽs,50327614,107,153,
i’†—\j,¼ŽRŽs,50327615,105,151,
i’†—\j,¼ŽRŽs,50327616,107,153,
i’†—\j,¼ŽRŽs,50327617,104,149,
i’†—\j,¼ŽRŽs,50327618,114,|,
i’†—\j,¼ŽRŽs,50327619,114,|,
i’†—\j,¼ŽRŽs,50327620,105,|,
i’†—\j,¼ŽRŽs,50327621,100,144,
i’†—\j,¼ŽRŽs,50327622,105,150,
i’†—\j,¼ŽRŽs,50327623,101,145,
i’†—\j,¼ŽRŽs,50327624,107,153,
i’†—\j,¼ŽRŽs,50327625,109,157,
i’†—\j,¼ŽRŽs,50327626,112,161,
i’†—\j,¼ŽRŽs,50327627,114,163,
i’†—\j,¼ŽRŽs,50327628,105,151,
i’†—\j,¼ŽRŽs,50327629,114,|,
i’†—\j,¼ŽRŽs,50327631,105,150,
i’†—\j,¼ŽRŽs,50327632,105,150,
i’†—\j,¼ŽRŽs,50327633,106,152,
i’†—\j,¼ŽRŽs,50327634,111,159,
i’†—\j,¼ŽRŽs,50327635,109,157,
i’†—\j,¼ŽRŽs,50327636,112,160,
i’†—\j,¼ŽRŽs,50327637,114,163,
i’†—\j,¼ŽRŽs,50327638,111,159,
i’†—\j,¼ŽRŽs,50327639,112,160,
i’†—\j,¼ŽRŽs,50327641,111,|,
i’†—\j,¼ŽRŽs,50327642,106,152,
i’†—\j,¼ŽRŽs,50327643,107,153,
i’†—\j,¼ŽRŽs,50327644,107,154,
i’†—\j,¼ŽRŽs,50327645,109,156,
i’†—\j,¼ŽRŽs,50327646,111,159,
i’†—\j,¼ŽRŽs,50327647,113,162,
i’†—\j,¼ŽRŽs,50327648,114,164,
i’†—\j,¼ŽRŽs,50327649,112,160,
i’†—\j,¼ŽRŽs,50327651,111,|,
i’†—\j,¼ŽRŽs,50327652,111,|,
i’†—\j,¼ŽRŽs,50327653,107,154,
i’†—\j,¼ŽRŽs,50327654,108,155,
i’†—\j,¼ŽRŽs,50327655,109,156,
i’†—\j,¼ŽRŽs,50327656,109,157,
i’†—\j,¼ŽRŽs,50327657,116,166,
i’†—\j,¼ŽRŽs,50327658,114,163,
i’†—\j,¼ŽRŽs,50327659,107,153,
i’†—\j,¼ŽRŽs,50327660,111,|,
i’†—\j,¼ŽRŽs,50327661,111,159,
i’†—\j,¼ŽRŽs,50327662,111,|,
i’†—\j,¼ŽRŽs,50327663,104,149,
i’†—\j,¼ŽRŽs,50327664,104,149,
i’†—\j,¼ŽRŽs,50327665,105,151,
i’†—\j,¼ŽRŽs,50327666,109,156,
i’†—\j,¼ŽRŽs,50327667,110,158,
i’†—\j,¼ŽRŽs,50327668,103,148,
i’†—\j,¼ŽRŽs,50327669,105,150,
i’†—\j,¼ŽRŽs,50327670,111,|,
i’†—\j,¼ŽRŽs,50327671,106,152,
i’†—\j,¼ŽRŽs,50327672,111,|,
i’†—\j,¼ŽRŽs,50327673,102,147,
i’†—\j,¼ŽRŽs,50327674,104,149,
i’†—\j,¼ŽRŽs,50327675,105,150,
i’†—\j,¼ŽRŽs,50327676,114,163,
i’†—\j,¼ŽRŽs,50327677,109,156,
i’†—\j,¼ŽRŽs,50327678,110,158,
i’†—\j,¼ŽRŽs,50327679,107,154,
i’†—\j,¼ŽRŽs,50327681,111,|,
i’†—\j,¼ŽRŽs,50327682,106,152,
i’†—\j,¼ŽRŽs,50327683,102,147,
i’†—\j,¼ŽRŽs,50327684,103,148,
i’†—\j,¼ŽRŽs,50327685,105,150,
i’†—\j,¼ŽRŽs,50327686,113,162,
i’†—\j,¼ŽRŽs,50327687,113,162,
i’†—\j,¼ŽRŽs,50327688,105,150,
i’†—\j,¼ŽRŽs,50327689,106,152,
i’†—\j,¼ŽRŽs,50327691,101,145,
i’†—\j,¼ŽRŽs,50327692,101,145,
i’†—\j,¼ŽRŽs,50327693,106,152,
i’†—\j,¼ŽRŽs,50327694,111,159,
i’†—\j,¼ŽRŽs,50327695,113,162,
i’†—\j,¼ŽRŽs,50327696,113,162,
i’†—\j,¼ŽRŽs,50327697,113,162,
i’†—\j,¼ŽRŽs,50327698,105,150,
i’†—\j,¼ŽRŽs,50327700,104,149,
i’†—\j,¼ŽRŽs,50327701,102,147,
i’†—\j,¼ŽRŽs,50327702,117,|,
i’†—\j,¼ŽRŽs,50327703,117,|,
i’†—\j,¼ŽRŽs,50327710,108,155,
i’†—\j,¼ŽRŽs,50327711,116,166,
i’†—\j,¼ŽRŽs,50327712,117,|,
i’†—\j,¼ŽRŽs,50327713,117,|,
i’†—\j,¼ŽRŽs,50327720,114,163,
i’†—\j,¼ŽRŽs,50327721,116,167,
i’†—\j,¼ŽRŽs,50327722,117,|,
i’†—\j,¼ŽRŽs,50327730,112,161,
i’†—\j,¼ŽRŽs,50327731,116,166,
i’†—\j,¼ŽRŽs,50327740,112,160,
i’†—\j,¼ŽRŽs,50327750,106,152,
i’†—\j,¼ŽRŽs,50327760,107,153,
i’†—\j,¼ŽRŽs,50327770,105,150,
i’†—\j,¼ŽRŽs,50327780,100,143,
i’†—\j,¼ŽRŽs,51320500,93,|,
i’†—\j,¼ŽRŽs,51320501,90,129,
i’†—\j,¼ŽRŽs,51320511,93,|,
i’†—\j,¼ŽRŽs,51320512,93,|,
i’†—\j,¼ŽRŽs,51320521,93,|,
i’†—\j,¼ŽRŽs,51320576,107,|,
i’†—\j,¼ŽRŽs,51320586,107,153,
i’†—\j,¼ŽRŽs,51320601,101,145,
i’†—\j,¼ŽRŽs,51320602,105,150,
i’†—\j,¼ŽRŽs,51320603,105,151,
i’†—\j,¼ŽRŽs,51320604,111,159,
i’†—\j,¼ŽRŽs,51320605,112,160,
i’†—\j,¼ŽRŽs,51320612,101,145,
i’†—\j,¼ŽRŽs,51320613,101,145,
i’†—\j,¼ŽRŽs,51320614,107,153,
i’†—\j,ˆÉ—\Žs,50323434,141,202,
i’†—\j,ˆÉ—\Žs,50323435,118,169,
i’†—\j,ˆÉ—\Žs,50323444,141,202,
i’†—\j,ˆÉ—\Žs,50323445,108,155,
i’†—\j,ˆÉ—\Žs,50323453,141,202,
i’†—\j,ˆÉ—\Žs,50323454,141,202,
i’†—\j,ˆÉ—\Žs,50323455,113,162,
i’†—\j,ˆÉ—\Žs,50323456,109,156,
i’†—\j,ˆÉ—\Žs,50323457,108,155,
i’†—\j,ˆÉ—\Žs,50323462,140,201,
i’†—\j,ˆÉ—\Žs,50323463,141,202,
i’†—\j,ˆÉ—\Žs,50323464,141,202,
i’†—\j,ˆÉ—\Žs,50323465,114,163,
i’†—\j,ˆÉ—\Žs,50323466,108,155,
i’†—\j,ˆÉ—\Žs,50323467,107,154,
i’†—\j,ˆÉ—\Žs,50323468,107,154,
i’†—\j,ˆÉ—\Žs,50323473,141,202,
i’†—\j,ˆÉ—\Žs,50323474,142,203,
i’†—\j,ˆÉ—\Žs,50323475,114,163,
i’†—\j,ˆÉ—\Žs,50323476,109,156,
i’†—\j,ˆÉ—\Žs,50323477,107,154,
i’†—\j,ˆÉ—\Žs,50323478,107,154,
i’†—\j,ˆÉ—\Žs,50323485,114,164,
i’†—\j,ˆÉ—\Žs,50323486,114,163,
i’†—\j,ˆÉ—\Žs,50323487,112,161,
i’†—\j,ˆÉ—\Žs,50323488,113,162,
i’†—\j,ˆÉ—\Žs,50323489,113,162,
i’†—\j,ˆÉ—\Žs,50323497,112,160,
i’†—\j,ˆÉ—\Žs,50323498,112,160,
i’†—\j,ˆÉ—\Žs,50323499,112,161,
i’†—\j,ˆÉ—\Žs,50323536,108,155,
i’†—\j,ˆÉ—\Žs,50323537,109,156,
i’†—\j,ˆÉ—\Žs,50323542,98,140,
i’†—\j,ˆÉ—\Žs,50323543,97,139,
i’†—\j,ˆÉ—\Žs,50323544,98,140,
i’†—\j,ˆÉ—\Žs,50323545,108,155,
i’†—\j,ˆÉ—\Žs,50323546,105,150,
i’†—\j,ˆÉ—\Žs,50323547,105,150,
i’†—\j,ˆÉ—\Žs,50323552,99,142,
i’†—\j,ˆÉ—\Žs,50323553,98,140,
i’†—\j,ˆÉ—\Žs,50323554,97,139,
i’†—\j,ˆÉ—\Žs,50323555,105,150,
i’†—\j,ˆÉ—\Žs,50323556,105,151,
i’†—\j,ˆÉ—\Žs,50323557,106,152,
i’†—\j,ˆÉ—\Žs,50323558,109,|,
i’†—\j,ˆÉ—\Žs,50323559,105,150,
i’†—\j,ˆÉ—\Žs,50323562,103,148,
i’†—\j,ˆÉ—\Žs,50323563,98,140,
i’†—\j,ˆÉ—\Žs,50323564,98,140,
i’†—\j,ˆÉ—\Žs,50323565,105,150,
i’†—\j,ˆÉ—\Žs,50323566,106,152,
i’†—\j,ˆÉ—\Žs,50323567,107,153,
i’†—\j,ˆÉ—\Žs,50323568,109,157,
i’†—\j,ˆÉ—\Žs,50323569,109,157,
i’†—\j,ˆÉ—\Žs,50323572,107,154,
i’†—\j,ˆÉ—\Žs,50323573,98,140,
i’†—\j,ˆÉ—\Žs,50323574,97,139,
i’†—\j,ˆÉ—\Žs,50323575,105,150,
i’†—\j,ˆÉ—\Žs,50323576,106,152,
i’†—\j,ˆÉ—\Žs,50323577,107,153,
i’†—\j,ˆÉ—\Žs,50323578,110,158,
i’†—\j,ˆÉ—\Žs,50323579,109,157,
i’†—\j,ˆÉ—\Žs,50323580,111,159,
i’†—\j,ˆÉ—\Žs,50323582,111,159,
i’†—\j,ˆÉ—\Žs,50323583,114,164,
i’†—\j,ˆÉ—\Žs,50323584,147,|,
i’†—\j,ˆÉ—\Žs,50323585,146,209,
i’†—\j,ˆÉ—\Žs,50323586,147,210,
i’†—\j,ˆÉ—\Žs,50323587,148,212,
i’†—\j,ˆÉ—\Žs,50323588,148,212,
i’†—\j,ˆÉ—\Žs,50323589,147,210,
i’†—\j,ˆÉ—\Žs,50323590,114,164,
i’†—\j,ˆÉ—\Žs,50323591,111,159,
i’†—\j,ˆÉ—\Žs,50323592,111,159,
i’†—\j,ˆÉ—\Žs,50323593,109,157,
i’†—\j,ˆÉ—\Žs,50323594,147,|,
i’†—\j,ˆÉ—\Žs,50323595,147,210,
i’†—\j,ˆÉ—\Žs,50323596,147,210,
i’†—\j,ˆÉ—\Žs,50323597,148,212,
i’†—\j,ˆÉ—\Žs,50323598,148,212,
i’†—\j,ˆÉ—\Žs,50323599,147,210,
i’†—\j,ˆÉ—\Žs,50323670,117,168,
i’†—\j,ˆÉ—\Žs,50323680,115,165,
i’†—\j,ˆÉ—\Žs,50323690,114,163,
i’†—\j,ˆÉ—\Žs,50324408,116,167,
i’†—\j,ˆÉ—\Žs,50324409,112,161,
i’†—\j,ˆÉ—\Žs,50324419,113,162,
i’†—\j,ˆÉ—\Žs,50324500,109,157,
i’†—\j,ˆÉ—\Žs,50324501,109,157,
i’†—\j,ˆÉ—\Žs,50324502,110,158,
i’†—\j,ˆÉ—\Žs,50324503,110,158,
i’†—\j,ˆÉ—\Žs,50324504,114,163,
i’†—\j,ˆÉ—\Žs,50324505,146,209,
i’†—\j,ˆÉ—\Žs,50324506,147,210,
i’†—\j,ˆÉ—\Žs,50324507,148,|,
i’†—\j,ˆÉ—\Žs,50324508,148,|,
i’†—\j,ˆÉ—\Žs,50324509,148,|,
i’†—\j,ˆÉ—\Žs,50324510,98,140,
i’†—\j,ˆÉ—\Žs,50324511,98,140,
i’†—\j,ˆÉ—\Žs,50324512,97,139,
i’†—\j,ˆÉ—\Žs,50324513,114,164,
i’†—\j,ˆÉ—\Žs,50324514,114,163,
i’†—\j,ˆÉ—\Žs,50324515,147,210,
i’†—\j,ˆÉ—\Žs,50324516,147,210,
i’†—\j,ˆÉ—\Žs,50324517,147,210,
i’†—\j,ˆÉ—\Žs,50324518,147,210,
i’†—\j,ˆÉ—\Žs,50324519,147,210,
i’†—\j,ˆÉ—\Žs,50324520,98,141,
i’†—\j,ˆÉ—\Žs,50324521,98,140,
i’†—\j,ˆÉ—\Žs,50324522,97,139,
i’†—\j,ˆÉ—\Žs,50324523,114,163,
i’†—\j,ˆÉ—\Žs,50324524,109,157,
i’†—\j,ˆÉ—\Žs,50324525,147,210,
i’†—\j,ˆÉ—\Žs,50324526,147,210,
i’†—\j,ˆÉ—\Žs,50324527,147,210,
i’†—\j,ˆÉ—\Žs,50324528,147,210,
i’†—\j,ˆÉ—\Žs,50324529,147,210,
i’†—\j,ˆÉ—\Žs,50324531,98,140,
i’†—\j,ˆÉ—\Žs,50324532,97,139,
i’†—\j,ˆÉ—\Žs,50324533,109,157,
i’†—\j,ˆÉ—\Žs,50324534,109,157,
i’†—\j,ˆÉ—\Žs,50324535,147,210,
i’†—\j,ˆÉ—\Žs,50324536,147,210,
i’†—\j,ˆÉ—\Žs,50324537,147,210,
i’†—\j,ˆÉ—\Žs,50324538,147,211,
i’†—\j,ˆÉ—\Žs,50324539,147,210,
i’†—\j,ˆÉ—\Žs,50324542,103,148,
i’†—\j,ˆÉ—\Žs,50324543,103,148,
i’†—\j,ˆÉ—\Žs,50324544,99,142,
i’†—\j,ˆÉ—\Žs,50324545,115,165,
i’†—\j,ˆÉ—\Žs,50324546,115,165,
i’†—\j,ˆÉ—\Žs,50324547,115,165,
i’†—\j,ˆÉ—\Žs,50324548,115,165,
i’†—\j,ˆÉ—\Žs,50324549,116,166,
i’†—\j,ˆÉ—\Žs,50324552,103,|,
i’†—\j,ˆÉ—\Žs,50324553,103,148,
i’†—\j,ˆÉ—\Žs,50324554,103,148,
i’†—\j,ˆÉ—\Žs,50324555,114,164,
i’†—\j,ˆÉ—\Žs,50324556,115,165,
i’†—\j,ˆÉ—\Žs,50324557,115,165,
i’†—\j,ˆÉ—\Žs,50324558,115,165,
i’†—\j,ˆÉ—\Žs,50324559,115,165,
i’†—\j,ˆÉ—\Žs,50324563,98,141,
i’†—\j,ˆÉ—\Žs,50324564,98,141,
i’†—\j,ˆÉ—\Žs,50324565,114,163,
i’†—\j,ˆÉ—\Žs,50324566,114,164,
i’†—\j,ˆÉ—\Žs,50324567,114,164,
i’†—\j,ˆÉ—\Žs,50324568,114,164,
i’†—\j,ˆÉ—\Žs,50324569,114,164,
i’†—\j,ˆÉ—\Žs,50324573,98,|,
i’†—\j,ˆÉ—\Žs,50324574,98,140,
i’†—\j,ˆÉ—\Žs,50324575,114,163,
i’†—\j,ˆÉ—\Žs,50324576,114,163,
i’†—\j,ˆÉ—\Žs,50324577,115,165,
i’†—\j,ˆÉ—\Žs,50324578,114,164,
i’†—\j,ˆÉ—\Žs,50324584,93,134,
i’†—\j,ˆÉ—\Žs,50324585,113,162,
i’†—\j,ˆÉ—\Žs,50324586,113,162,
i’†—\j,ˆÉ—\Žs,50324587,114,163,
i’†—\j,ˆÉ—\Žs,50324588,114,163,
i’†—\j,ˆÉ—\Žs,50324594,115,|,
i’†—\j,ˆÉ—\Žs,50324595,113,162,
i’†—\j,ˆÉ—\Žs,50324596,113,162,
i’†—\j,ˆÉ—\Žs,50324597,114,163,
i’†—\j,ˆÉ—\Žs,50324598,113,162,
i’†—\j,ˆÉ—\Žs,50324599,113,162,
i’†—\j,ˆÉ—\Žs,50324600,114,163,
i’†—\j,ˆÉ—\Žs,50324601,114,163,
i’†—\j,ˆÉ—\Žs,50324610,148,|,
i’†—\j,ˆÉ—\Žs,50324611,114,164,
i’†—\j,ˆÉ—\Žs,50324620,148,|,
i’†—\j,ˆÉ—\Žs,50324621,148,|,
i’†—\j,ˆÉ—\Žs,50324630,115,165,
i’†—\j,ˆÉ—\Žs,50324631,148,|,
i’†—\j,ˆÉ—\Žs,50324640,111,159,
i’†—\j,ˆÉ—\Žs,50324650,111,159,
i’†—\j,ˆÉ—\Žs,50324660,111,159,
i’†—\j,ˆÉ—\Žs,50325505,115,|,
i’†—\j,ˆÉ—\Žs,50325506,108,155,
i’†—\j,ˆÉ—\Žs,50325507,108,155,
i’†—\j,ˆÉ—\Žs,50325508,108,155,
i’†—\j,ˆÉ—\Žs,50325509,107,154,
i’†—\j,ˆÉ—\Žs,50325515,115,|,
i’†—\j,ˆÉ—\Žs,50325516,115,|,
i’†—\j,ˆÉ—\Žs,50325517,108,155,
i’†—\j,ˆÉ—\Žs,50325518,107,154,
i’†—\j,ˆÉ—\Žs,50325519,107,154,
i’†—\j,ˆÉ—\Žs,50325525,115,|,
i’†—\j,ˆÉ—\Žs,50325526,115,|,
i’†—\j,ˆÉ—\Žs,50325527,115,|,
i’†—\j,ˆÉ—\Žs,50325528,115,|,
i’†—\j,ˆÉ—\Žs,50325529,107,154,
i’†—\j,ˆÉ—\Žs,50325539,107,153,
i’†—\j,ˆÉ—\Žs,50325610,98,140,
i’†—\j,ˆÉ—\Žs,50325620,98,140,
i’†—\j,ˆÉ—\Žs,50325630,98,140,
i’†—\j,ˆÉ—\Žs,50325631,98,141,
i’†—\j,ˆÉ—\Žs,50325641,98,141,
i’†—\j,“Œ‰·Žs,50324689,112,161,
i’†—\j,“Œ‰·Žs,50324699,112,161,
i’†—\j,“Œ‰·Žs,50324770,121,174,
i’†—\j,“Œ‰·Žs,50324771,123,176,
i’†—\j,“Œ‰·Žs,50324772,127,182,
i’†—\j,“Œ‰·Žs,50324773,127,182,
i’†—\j,“Œ‰·Žs,50324780,116,167,
i’†—\j,“Œ‰·Žs,50324781,118,169,
i’†—\j,“Œ‰·Žs,50324782,119,170,
i’†—\j,“Œ‰·Žs,50324783,128,184,
i’†—\j,“Œ‰·Žs,50324784,119,170,
i’†—\j,“Œ‰·Žs,50324785,127,182,
i’†—\j,“Œ‰·Žs,50324790,112,160,
i’†—\j,“Œ‰·Žs,50324791,117,168,
i’†—\j,“Œ‰·Žs,50324792,118,169,
i’†—\j,“Œ‰·Žs,50324793,120,172,
i’†—\j,“Œ‰·Žs,50324794,121,173,
i’†—\j,“Œ‰·Žs,50324795,129,185,
i’†—\j,“Œ‰·Žs,50324796,128,183,
i’†—\j,“Œ‰·Žs,50324798,125,179,
i’†—\j,“Œ‰·Žs,50325608,100,143,
i’†—\j,“Œ‰·Žs,50325609,100,143,
i’†—\j,“Œ‰·Žs,50325618,99,142,
i’†—\j,“Œ‰·Žs,50325619,100,143,
i’†—\j,“Œ‰·Žs,50325627,98,141,
i’†—\j,“Œ‰·Žs,50325628,99,142,
i’†—\j,“Œ‰·Žs,50325629,99,142,
i’†—\j,“Œ‰·Žs,50325637,99,142,
i’†—\j,“Œ‰·Žs,50325638,99,142,
i’†—\j,“Œ‰·Žs,50325639,99,142,
i’†—\j,“Œ‰·Žs,50325646,115,|,
i’†—\j,“Œ‰·Žs,50325647,115,|,
i’†—\j,“Œ‰·Žs,50325648,115,|,
i’†—\j,“Œ‰·Žs,50325649,115,|,
i’†—\j,“Œ‰·Žs,50325656,115,|,
i’†—\j,“Œ‰·Žs,50325657,115,|,
i’†—\j,“Œ‰·Žs,50325658,115,|,
i’†—\j,“Œ‰·Žs,50325659,115,|,
i’†—\j,“Œ‰·Žs,50325669,102,147,
i’†—\j,“Œ‰·Žs,50325679,98,141,
i’†—\j,“Œ‰·Žs,50325700,107,153,
i’†—\j,“Œ‰·Žs,50325701,112,160,
i’†—\j,“Œ‰·Žs,50325702,113,162,
i’†—\j,“Œ‰·Žs,50325703,116,166,
i’†—\j,“Œ‰·Žs,50325704,118,169,
i’†—\j,“Œ‰·Žs,50325705,119,170,
i’†—\j,“Œ‰·Žs,50325706,119,171,
i’†—\j,“Œ‰·Žs,50325707,123,177,
i’†—\j,“Œ‰·Žs,50325708,213,|,
i’†—\j,“Œ‰·Žs,50325710,105,151,
i’†—\j,“Œ‰·Žs,50325711,106,152,
i’†—\j,“Œ‰·Žs,50325712,112,161,
i’†—\j,“Œ‰·Žs,50325713,115,165,
i’†—\j,“Œ‰·Žs,50325714,117,168,
i’†—\j,“Œ‰·Žs,50325715,119,171,
i’†—\j,“Œ‰·Žs,50325716,120,172,
i’†—\j,“Œ‰·Žs,50325717,120,172,
i’†—\j,“Œ‰·Žs,50325718,125,179,
i’†—\j,“Œ‰·Žs,50325719,121,173,
i’†—\j,“Œ‰·Žs,50325720,101,145,
i’†—\j,“Œ‰·Žs,50325721,106,152,
i’†—\j,“Œ‰·Žs,50325722,116,167,
i’†—\j,“Œ‰·Žs,50325723,115,165,
i’†—\j,“Œ‰·Žs,50325724,121,173,
i’†—\j,“Œ‰·Žs,50325725,118,169,
i’†—\j,“Œ‰·Žs,50325726,119,171,
i’†—\j,“Œ‰·Žs,50325727,120,172,
i’†—\j,“Œ‰·Žs,50325728,125,179,
i’†—\j,“Œ‰·Žs,50325729,125,179,
i’†—\j,“Œ‰·Žs,50325730,109,157,
i’†—\j,“Œ‰·Žs,50325731,111,159,
i’†—\j,“Œ‰·Žs,50325732,121,173,
i’†—\j,“Œ‰·Žs,50325733,123,176,
i’†—\j,“Œ‰·Žs,50325734,114,163,
i’†—\j,“Œ‰·Žs,50325735,113,162,
i’†—\j,“Œ‰·Žs,50325736,116,166,
i’†—\j,“Œ‰·Žs,50325737,120,172,
i’†—\j,“Œ‰·Žs,50325738,124,178,
i’†—\j,“Œ‰·Žs,50325739,124,178,
i’†—\j,“Œ‰·Žs,50325740,109,157,
i’†—\j,“Œ‰·Žs,50325741,115,165,
i’†—\j,“Œ‰·Žs,50325742,112,160,
i’†—\j,“Œ‰·Žs,50325743,112,160,
i’†—\j,“Œ‰·Žs,50325744,112,161,
i’†—\j,“Œ‰·Žs,50325745,117,168,
i’†—\j,“Œ‰·Žs,50325746,120,172,
i’†—\j,“Œ‰·Žs,50325747,120,172,
i’†—\j,“Œ‰·Žs,50325748,115,165,
i’†—\j,“Œ‰·Žs,50325749,119,171,
i’†—\j,“Œ‰·Žs,50325750,115,|,
i’†—\j,“Œ‰·Žs,50325751,115,|,
i’†—\j,“Œ‰·Žs,50325752,111,159,
i’†—\j,“Œ‰·Žs,50325753,107,153,
i’†—\j,“Œ‰·Žs,50325754,112,161,
i’†—\j,“Œ‰·Žs,50325755,112,160,
i’†—\j,“Œ‰·Žs,50325756,123,177,
i’†—\j,“Œ‰·Žs,50325757,119,170,
i’†—\j,“Œ‰·Žs,50325758,114,164,
i’†—\j,“Œ‰·Žs,50325759,119,171,
i’†—\j,“Œ‰·Žs,50325760,104,149,
i’†—\j,“Œ‰·Žs,50325761,115,|,
i’†—\j,“Œ‰·Žs,50325762,106,152,
i’†—\j,“Œ‰·Žs,50325763,102,147,
i’†—\j,“Œ‰·Žs,50325764,104,149,
i’†—\j,“Œ‰·Žs,50325765,105,150,
i’†—\j,“Œ‰·Žs,50325766,109,157,
i’†—\j,“Œ‰·Žs,50325767,107,153,
i’†—\j,“Œ‰·Žs,50325768,113,162,
i’†—\j,“Œ‰·Žs,50325769,119,171,
i’†—\j,“Œ‰·Žs,50325770,100,143,
i’†—\j,“Œ‰·Žs,50325771,100,144,
i’†—\j,“Œ‰·Žs,50325772,102,146,
i’†—\j,“Œ‰·Žs,50325773,107,154,
i’†—\j,“Œ‰·Žs,50325774,109,156,
i’†—\j,“Œ‰·Žs,50325775,105,150,
i’†—\j,“Œ‰·Žs,50325776,105,150,
i’†—\j,“Œ‰·Žs,50325777,111,159,
i’†—\j,“Œ‰·Žs,50325778,114,164,
i’†—\j,“Œ‰·Žs,50325779,120,172,
i’†—\j,“Œ‰·Žs,50325780,100,143,
i’†—\j,“Œ‰·Žs,50325781,101,145,
i’†—\j,“Œ‰·Žs,50325782,101,145,
i’†—\j,“Œ‰·Žs,50325783,107,153,
i’†—\j,“Œ‰·Žs,50325784,109,156,
i’†—\j,“Œ‰·Žs,50325785,114,163,
i’†—\j,“Œ‰·Žs,50325786,106,152,
i’†—\j,“Œ‰·Žs,50325787,112,160,
i’†—\j,“Œ‰·Žs,50325788,110,158,
i’†—\j,“Œ‰·Žs,50325790,115,|,
i’†—\j,“Œ‰·Žs,50325791,102,146,
i’†—\j,“Œ‰·Žs,50325792,103,148,
i’†—\j,“Œ‰·Žs,50325793,116,|,
i’†—\j,“Œ‰·Žs,50325794,116,|,
i’†—\j,“Œ‰·Žs,50325795,114,163,
i’†—\j,“Œ‰·Žs,50325796,107,153,
i’†—\j,“Œ‰·Žs,50325797,116,166,
i’†—\j,“Œ‰·Žs,50326700,100,144,
i’†—\j,“Œ‰·Žs,50326701,102,146,
i’†—\j,“Œ‰·Žs,50326702,103,148,
i’†—\j,“Œ‰·Žs,50326703,112,161,
i’†—\j,“Œ‰·Žs,50326704,116,167,
i’†—\j,“Œ‰·Žs,50326705,112,160,
i’†—\j,“Œ‰·Žs,50326706,109,156,
i’†—\j,“Œ‰·Žs,50326707,108,155,
i’†—\j,“Œ‰·Žs,50326711,98,140,
i’†—\j,“Œ‰·Žs,50326712,103,148,
i’†—\j,“Œ‰·Žs,50326713,112,161,
i’†—\j,“Œ‰·Žs,50326714,116,166,
i’†—\j,“Œ‰·Žs,50326715,105,151,
i’†—\j,“Œ‰·Žs,50326716,112,|,
i’†—\j,“Œ‰·Žs,50326717,112,|,
i’†—\j,“Œ‰·Žs,50326721,98,141,
i’†—\j,“Œ‰·Žs,50326722,103,148,
i’†—\j,“Œ‰·Žs,50326723,112,160,
i’†—\j,“Œ‰·Žs,50326724,111,159,
i’†—\j,“Œ‰·Žs,50326725,102,147,
i’†—\j,“Œ‰·Žs,50326726,98,140,
i’†—\j,“Œ‰·Žs,50326727,112,|,
i’†—\j,“Œ‰·Žs,50326730,101,145,
i’†—\j,“Œ‰·Žs,50326731,103,148,
i’†—\j,“Œ‰·Žs,50326732,98,141,
i’†—\j,“Œ‰·Žs,50326733,102,147,
i’†—\j,“Œ‰·Žs,50326734,98,141,
i’†—\j,“Œ‰·Žs,50326735,99,142,
i’†—\j,“Œ‰·Žs,50326736,99,142,
i’†—\j,“Œ‰·Žs,50326737,112,|,
i’†—\j,“Œ‰·Žs,50326740,97,139,
i’†—\j,“Œ‰·Žs,50326741,99,142,
i’†—\j,“Œ‰·Žs,50326742,98,141,
i’†—\j,“Œ‰·Žs,50326743,98,141,
i’†—\j,“Œ‰·Žs,50326744,99,142,
i’†—\j,“Œ‰·Žs,50326745,100,144,
i’†—\j,“Œ‰·Žs,50326746,100,144,
i’†—\j,“Œ‰·Žs,50326751,105,150,
i’†—\j,“Œ‰·Žs,50326752,117,|,
i’†—\j,“Œ‰·Žs,50326753,117,|,
i’†—\j,“Œ‰·Žs,50326754,117,|,
i’†—\j,“Œ‰·Žs,50326755,117,|,
i’†—\j,“Œ‰·Žs,50326756,100,143,
i’†—\j,“Œ‰·Žs,50326762,102,146,
i’†—\j,“Œ‰·Žs,50326763,117,|,
i’†—\j,“Œ‰·Žs,50326764,117,|,
i’†—\j,“Œ‰·Žs,50326765,117,|,
i’†—\j,“Œ‰·Žs,50326766,117,|,
i’†—\j,“Œ‰·Žs,50326773,117,|,
i’†—\j,“Œ‰·Žs,50326774,117,|,
i’†—\j,“Œ‰·Žs,50326775,117,|,
i’†—\j,“Œ‰·Žs,50326776,117,|,
i’†—\j,“Œ‰·Žs,50326785,117,|,
i’†—\j,“Œ‰·Žs,50326786,117,|,
i’†—\j,“Œ‰·Žs,50335010,213,|,
i’†—\j,“Œ‰·Žs,50335011,213,|,
i’†—\j,“Œ‰·Žs,50335020,119,171,
i’†—\j,“Œ‰·Žs,50335030,124,178,
i’†—\j,“Œ‰·Žs,50335040,125,179,
i’†—\j,“Œ‰·Žs,50335041,127,182,
i’†—\j,“Œ‰·Žs,50335050,125,179,
i’†—\j,“Œ‰·Žs,50335060,129,185,
i’†—\j,“Œ‰·Žs,50335070,129,185,
i’†—\j,‹v–œ‚Œ´’¬,50321762,194,|,
i’†—\j,‹v–œ‚Œ´’¬,50321763,194,|,
i’†—\j,‹v–œ‚Œ´’¬,50321764,194,|,
i’†—\j,‹v–œ‚Œ´’¬,50321765,191,273,
i’†—\j,‹v–œ‚Œ´’¬,50321766,191,273,
i’†—\j,‹v–œ‚Œ´’¬,50321767,191,|,
i’†—\j,‹v–œ‚Œ´’¬,50321772,194,|,
i’†—\j,‹v–œ‚Œ´’¬,50321773,194,|,
i’†—\j,‹v–œ‚Œ´’¬,50321774,194,|,
i’†—\j,‹v–œ‚Œ´’¬,50321775,191,273,
i’†—\j,‹v–œ‚Œ´’¬,50321776,191,|,
i’†—\j,‹v–œ‚Œ´’¬,50321777,191,|,
i’†—\j,‹v–œ‚Œ´’¬,50321778,191,|,
i’†—\j,‹v–œ‚Œ´’¬,50321779,191,|,
i’†—\j,‹v–œ‚Œ´’¬,50321782,194,|,
i’†—\j,‹v–œ‚Œ´’¬,50321783,194,|,
i’†—\j,‹v–œ‚Œ´’¬,50321784,161,230,
i’†—\j,‹v–œ‚Œ´’¬,50321785,191,273,
i’†—\j,‹v–œ‚Œ´’¬,50321786,191,|,
i’†—\j,‹v–œ‚Œ´’¬,50321787,191,|,
i’†—\j,‹v–œ‚Œ´’¬,50321788,191,|,
i’†—\j,‹v–œ‚Œ´’¬,50321789,191,|,
i’†—\j,‹v–œ‚Œ´’¬,50321792,194,|,
i’†—\j,‹v–œ‚Œ´’¬,50321793,194,|,
i’†—\j,‹v–œ‚Œ´’¬,50321794,156,224,
i’†—\j,‹v–œ‚Œ´’¬,50321795,190,272,
i’†—\j,‹v–œ‚Œ´’¬,50321796,191,273,
i’†—\j,‹v–œ‚Œ´’¬,50321797,191,273,
i’†—\j,‹v–œ‚Œ´’¬,50321798,191,274,
i’†—\j,‹v–œ‚Œ´’¬,50321799,191,|,
i’†—\j,‹v–œ‚Œ´’¬,50322702,194,|,
i’†—\j,‹v–œ‚Œ´’¬,50322703,194,|,
i’†—\j,‹v–œ‚Œ´’¬,50322704,175,250,
i’†—\j,‹v–œ‚Œ´’¬,50322705,139,199,
i’†—\j,‹v–œ‚Œ´’¬,50322706,147,210,
i’†—\j,‹v–œ‚Œ´’¬,50322707,191,|,
i’†—\j,‹v–œ‚Œ´’¬,50322708,191,|,
i’†—\j,‹v–œ‚Œ´’¬,50322709,191,|,
i’†—\j,‹v–œ‚Œ´’¬,50322712,194,|,
i’†—\j,‹v–œ‚Œ´’¬,50322713,194,|,
i’†—\j,‹v–œ‚Œ´’¬,50322714,175,250,
i’†—\j,‹v–œ‚Œ´’¬,50322715,133,190,
i’†—\j,‹v–œ‚Œ´’¬,50322716,147,211,
i’†—\j,‹v–œ‚Œ´’¬,50322717,191,|,
i’†—\j,‹v–œ‚Œ´’¬,50322718,191,|,
i’†—\j,‹v–œ‚Œ´’¬,50322719,191,|,
i’†—\j,‹v–œ‚Œ´’¬,50322723,194,|,
i’†—\j,‹v–œ‚Œ´’¬,50322724,194,|,
i’†—\j,‹v–œ‚Œ´’¬,50322725,133,190,
i’†—\j,‹v–œ‚Œ´’¬,50322726,142,204,
i’†—\j,‹v–œ‚Œ´’¬,50322727,151,216,
i’†—\j,‹v–œ‚Œ´’¬,50322728,191,|,
i’†—\j,‹v–œ‚Œ´’¬,50322729,191,|,
i’†—\j,‹v–œ‚Œ´’¬,50322733,194,|,
i’†—\j,‹v–œ‚Œ´’¬,50322734,194,|,
i’†—\j,‹v–œ‚Œ´’¬,50322735,137,196,
i’†—\j,‹v–œ‚Œ´’¬,50322736,140,200,
i’†—\j,‹v–œ‚Œ´’¬,50322737,142,204,
i’†—\j,‹v–œ‚Œ´’¬,50322738,148,212,
i’†—\j,‹v–œ‚Œ´’¬,50322739,191,|,
i’†—\j,‹v–œ‚Œ´’¬,50322744,194,|,
i’†—\j,‹v–œ‚Œ´’¬,50322745,132,189,
i’†—\j,‹v–œ‚Œ´’¬,50322746,194,|,
i’†—\j,‹v–œ‚Œ´’¬,50322747,138,198,
i’†—\j,‹v–œ‚Œ´’¬,50322748,144,206,
i’†—\j,‹v–œ‚Œ´’¬,50322749,144,207,
i’†—\j,‹v–œ‚Œ´’¬,50322754,194,|,
i’†—\j,‹v–œ‚Œ´’¬,50322755,194,|,
i’†—\j,‹v–œ‚Œ´’¬,50322756,194,|,
i’†—\j,‹v–œ‚Œ´’¬,50322757,194,|,
i’†—\j,‹v–œ‚Œ´’¬,50322758,137,196,
i’†—\j,‹v–œ‚Œ´’¬,50322759,143,205,
i’†—\j,‹v–œ‚Œ´’¬,50322764,194,|,
i’†—\j,‹v–œ‚Œ´’¬,50322765,194,|,
i’†—\j,‹v–œ‚Œ´’¬,50322766,194,|,
i’†—\j,‹v–œ‚Œ´’¬,50322767,194,|,
i’†—\j,‹v–œ‚Œ´’¬,50322768,135,194,
i’†—\j,‹v–œ‚Œ´’¬,50322769,142,204,
i’†—\j,‹v–œ‚Œ´’¬,50322774,194,|,
i’†—\j,‹v–œ‚Œ´’¬,50322775,194,|,
i’†—\j,‹v–œ‚Œ´’¬,50322776,194,|,
i’†—\j,‹v–œ‚Œ´’¬,50322777,194,|,
i’†—\j,‹v–œ‚Œ´’¬,50322778,194,|,
i’†—\j,‹v–œ‚Œ´’¬,50322779,137,196,
i’†—\j,‹v–œ‚Œ´’¬,50322783,194,|,
i’†—\j,‹v–œ‚Œ´’¬,50322784,194,|,
i’†—\j,‹v–œ‚Œ´’¬,50322785,144,207,
i’†—\j,‹v–œ‚Œ´’¬,50322786,194,|,
i’†—\j,‹v–œ‚Œ´’¬,50322787,194,|,
i’†—\j,‹v–œ‚Œ´’¬,50322788,133,191,
i’†—\j,‹v–œ‚Œ´’¬,50322789,136,195,
i’†—\j,‹v–œ‚Œ´’¬,50322792,194,|,
i’†—\j,‹v–œ‚Œ´’¬,50322793,194,|,
i’†—\j,‹v–œ‚Œ´’¬,50322794,194,|,
i’†—\j,‹v–œ‚Œ´’¬,50322795,142,204,
i’†—\j,‹v–œ‚Œ´’¬,50322796,131,188,
i’†—\j,‹v–œ‚Œ´’¬,50322797,194,|,
i’†—\j,‹v–œ‚Œ´’¬,50322798,133,190,
i’†—\j,‹v–œ‚Œ´’¬,50322799,140,201,
i’†—\j,‹v–œ‚Œ´’¬,50323618,122,175,
i’†—\j,‹v–œ‚Œ´’¬,50323619,123,176,
i’†—\j,‹v–œ‚Œ´’¬,50323628,112,161,
i’†—\j,‹v–œ‚Œ´’¬,50323629,109,156,
i’†—\j,‹v–œ‚Œ´’¬,50323638,112,|,
i’†—\j,‹v–œ‚Œ´’¬,50323639,109,157,
i’†—\j,‹v–œ‚Œ´’¬,50323649,106,152,
i’†—\j,‹v–œ‚Œ´’¬,50323658,105,150,
i’†—\j,‹v–œ‚Œ´’¬,50323659,101,145,
i’†—\j,‹v–œ‚Œ´’¬,50323667,107,153,
i’†—\j,‹v–œ‚Œ´’¬,50323668,105,150,
i’†—\j,‹v–œ‚Œ´’¬,50323669,100,144,
i’†—\j,‹v–œ‚Œ´’¬,50323677,103,148,
i’†—\j,‹v–œ‚Œ´’¬,50323678,104,149,
i’†—\j,‹v–œ‚Œ´’¬,50323679,103,148,
i’†—\j,‹v–œ‚Œ´’¬,50323687,149,213,
i’†—\j,‹v–œ‚Œ´’¬,50323688,155,|,
i’†—\j,‹v–œ‚Œ´’¬,50323689,155,|,
i’†—\j,‹v–œ‚Œ´’¬,50323697,149,213,
i’†—\j,‹v–œ‚Œ´’¬,50323698,155,|,
i’†—\j,‹v–œ‚Œ´’¬,50323699,155,|,
i’†—\j,‹v–œ‚Œ´’¬,50323702,194,|,
i’†—\j,‹v–œ‚Œ´’¬,50323703,194,|,
i’†—\j,‹v–œ‚Œ´’¬,50323704,194,|,
i’†—\j,‹v–œ‚Œ´’¬,50323705,152,218,
i’†—\j,‹v–œ‚Œ´’¬,50323706,147,210,
i’†—\j,‹v–œ‚Œ´’¬,50323707,133,190,
i’†—\j,‹v–œ‚Œ´’¬,50323708,132,189,
i’†—\j,‹v–œ‚Œ´’¬,50323709,133,190,
i’†—\j,‹v–œ‚Œ´’¬,50323710,194,|,
i’†—\j,‹v–œ‚Œ´’¬,50323711,194,|,
i’†—\j,‹v–œ‚Œ´’¬,50323712,194,|,
i’†—\j,‹v–œ‚Œ´’¬,50323713,142,204,
i’†—\j,‹v–œ‚Œ´’¬,50323714,194,|,
i’†—\j,‹v–œ‚Œ´’¬,50323715,194,|,
i’†—\j,‹v–œ‚Œ´’¬,50323716,194,|,
i’†—\j,‹v–œ‚Œ´’¬,50323717,130,187,
i’†—\j,‹v–œ‚Œ´’¬,50323718,131,188,
i’†—\j,‹v–œ‚Œ´’¬,50323719,133,190,
i’†—\j,‹v–œ‚Œ´’¬,50323720,194,|,
i’†—\j,‹v–œ‚Œ´’¬,50323721,126,181,
i’†—\j,‹v–œ‚Œ´’¬,50323722,194,|,
i’†—\j,‹v–œ‚Œ´’¬,50323723,126,180,
i’†—\j,‹v–œ‚Œ´’¬,50323724,128,184,
i’†—\j,‹v–œ‚Œ´’¬,50323725,194,|,
i’†—\j,‹v–œ‚Œ´’¬,50323726,114,163,
i’†—\j,‹v–œ‚Œ´’¬,50323727,119,170,
i’†—\j,‹v–œ‚Œ´’¬,50323728,125,179,
i’†—\j,‹v–œ‚Œ´’¬,50323729,130,187,
i’†—\j,‹v–œ‚Œ´’¬,50323730,126,180,
i’†—\j,‹v–œ‚Œ´’¬,50323731,126,181,
i’†—\j,‹v–œ‚Œ´’¬,50323732,127,182,
i’†—\j,‹v–œ‚Œ´’¬,50323733,130,186,
i’†—\j,‹v–œ‚Œ´’¬,50323734,126,180,
i’†—\j,‹v–œ‚Œ´’¬,50323735,114,163,
i’†—\j,‹v–œ‚Œ´’¬,50323736,116,167,
i’†—\j,‹v–œ‚Œ´’¬,50323737,118,169,
i’†—\j,‹v–œ‚Œ´’¬,50323738,123,177,
i’†—\j,‹v–œ‚Œ´’¬,50323739,124,178,
i’†—\j,‹v–œ‚Œ´’¬,50323740,126,181,
i’†—\j,‹v–œ‚Œ´’¬,50323741,126,181,
i’†—\j,‹v–œ‚Œ´’¬,50323742,127,182,
i’†—\j,‹v–œ‚Œ´’¬,50323743,128,184,
i’†—\j,‹v–œ‚Œ´’¬,50323744,129,185,
i’†—\j,‹v–œ‚Œ´’¬,50323745,113,162,
i’†—\j,‹v–œ‚Œ´’¬,50323746,115,165,
i’†—\j,‹v–œ‚Œ´’¬,50323747,116,167,
i’†—\j,‹v–œ‚Œ´’¬,50323748,118,169,
i’†—\j,‹v–œ‚Œ´’¬,50323749,123,176,
i’†—\j,‹v–œ‚Œ´’¬,50323750,126,181,
i’†—\j,‹v–œ‚Œ´’¬,50323751,126,181,
i’†—\j,‹v–œ‚Œ´’¬,50323752,127,182,
i’†—\j,‹v–œ‚Œ´’¬,50323753,127,182,
i’†—\j,‹v–œ‚Œ´’¬,50323754,129,185,
i’†—\j,‹v–œ‚Œ´’¬,50323755,107,153,
i’†—\j,‹v–œ‚Œ´’¬,50323756,113,162,
i’†—\j,‹v–œ‚Œ´’¬,50323757,114,164,
i’†—\j,‹v–œ‚Œ´’¬,50323758,115,165,
i’†—\j,‹v–œ‚Œ´’¬,50323759,116,166,
i’†—\j,‹v–œ‚Œ´’¬,50323760,126,180,
i’†—\j,‹v–œ‚Œ´’¬,50323761,126,180,
i’†—\j,‹v–œ‚Œ´’¬,50323762,127,182,
i’†—\j,‹v–œ‚Œ´’¬,50323763,128,183,
i’†—\j,‹v–œ‚Œ´’¬,50323764,128,184,
i’†—\j,‹v–œ‚Œ´’¬,50323765,107,153,
i’†—\j,‹v–œ‚Œ´’¬,50323766,112,161,
i’†—\j,‹v–œ‚Œ´’¬,50323767,116,167,
i’†—\j,‹v–œ‚Œ´’¬,50323768,116,|,
i’†—\j,‹v–œ‚Œ´’¬,50323769,114,164,
i’†—\j,‹v–œ‚Œ´’¬,50323770,125,179,
i’†—\j,‹v–œ‚Œ´’¬,50323771,126,181,
i’†—\j,‹v–œ‚Œ´’¬,50323772,128,183,
i’†—\j,‹v–œ‚Œ´’¬,50323773,128,183,
i’†—\j,‹v–œ‚Œ´’¬,50323774,128,184,
i’†—\j,‹v–œ‚Œ´’¬,50323775,105,151,
i’†—\j,‹v–œ‚Œ´’¬,50323776,111,159,
i’†—\j,‹v–œ‚Œ´’¬,50323777,115,165,
i’†—\j,‹v–œ‚Œ´’¬,50323778,116,167,
i’†—\j,‹v–œ‚Œ´’¬,50323779,114,163,
i’†—\j,‹v–œ‚Œ´’¬,50323780,107,153,
i’†—\j,‹v–œ‚Œ´’¬,50323781,105,150,
i’†—\j,‹v–œ‚Œ´’¬,50323782,105,150,
i’†—\j,‹v–œ‚Œ´’¬,50323783,105,150,
i’†—\j,‹v–œ‚Œ´’¬,50323784,104,149,
i’†—\j,‹v–œ‚Œ´’¬,50323785,105,150,
i’†—\j,‹v–œ‚Œ´’¬,50323786,105,150,
i’†—\j,‹v–œ‚Œ´’¬,50323787,114,164,
i’†—\j,‹v–œ‚Œ´’¬,50323788,115,165,
i’†—\j,‹v–œ‚Œ´’¬,50323789,112,161,
i’†—\j,‹v–œ‚Œ´’¬,50323790,107,153,
i’†—\j,‹v–œ‚Œ´’¬,50323791,105,150,
i’†—\j,‹v–œ‚Œ´’¬,50323792,105,150,
i’†—\j,‹v–œ‚Œ´’¬,50323793,108,155,
i’†—\j,‹v–œ‚Œ´’¬,50323794,107,154,
i’†—\j,‹v–œ‚Œ´’¬,50323795,103,148,
i’†—\j,‹v–œ‚Œ´’¬,50323796,115,|,
i’†—\j,‹v–œ‚Œ´’¬,50323797,115,|,
i’†—\j,‹v–œ‚Œ´’¬,50323798,114,164,
i’†—\j,‹v–œ‚Œ´’¬,50323799,116,167,
i’†—\j,‹v–œ‚Œ´’¬,50324606,155,|,
i’†—\j,‹v–œ‚Œ´’¬,50324607,149,213,
i’†—\j,‹v–œ‚Œ´’¬,50324608,155,|,
i’†—\j,‹v–œ‚Œ´’¬,50324609,149,213,
i’†—\j,‹v–œ‚Œ´’¬,50324616,155,|,
i’†—\j,‹v–œ‚Œ´’¬,50324617,149,213,
i’†—\j,‹v–œ‚Œ´’¬,50324618,155,222,
i’†—\j,‹v–œ‚Œ´’¬,50324619,149,213,
i’†—\j,‹v–œ‚Œ´’¬,50324627,155,|,
i’†—\j,‹v–œ‚Œ´’¬,50324628,155,|,
i’†—\j,‹v–œ‚Œ´’¬,50324629,149,213,
i’†—\j,‹v–œ‚Œ´’¬,50324638,155,|,
i’†—\j,‹v–œ‚Œ´’¬,50324639,149,214,
i’†—\j,‹v–œ‚Œ´’¬,50324649,109,157,
i’†—\j,‹v–œ‚Œ´’¬,50324659,113,162,
i’†—\j,‹v–œ‚Œ´’¬,50324700,107,153,
i’†—\j,‹v–œ‚Œ´’¬,50324701,107,153,
i’†—\j,‹v–œ‚Œ´’¬,50324702,107,153,
i’†—\j,‹v–œ‚Œ´’¬,50324703,107,153,
i’†—\j,‹v–œ‚Œ´’¬,50324704,106,152,
i’†—\j,‹v–œ‚Œ´’¬,50324705,102,147,
i’†—\j,‹v–œ‚Œ´’¬,50324706,103,148,
i’†—\j,‹v–œ‚Œ´’¬,50324707,113,162,
i’†—\j,‹v–œ‚Œ´’¬,50324708,113,162,
i’†—\j,‹v–œ‚Œ´’¬,50324709,116,166,
i’†—\j,‹v–œ‚Œ´’¬,50324710,105,151,
i’†—\j,‹v–œ‚Œ´’¬,50324711,106,152,
i’†—\j,‹v–œ‚Œ´’¬,50324712,105,151,
i’†—\j,‹v–œ‚Œ´’¬,50324713,105,151,
i’†—\j,‹v–œ‚Œ´’¬,50324714,106,152,
i’†—\j,‹v–œ‚Œ´’¬,50324715,102,146,
i’†—\j,‹v–œ‚Œ´’¬,50324716,107,154,
i’†—\j,‹v–œ‚Œ´’¬,50324717,108,155,
i’†—\j,‹v–œ‚Œ´’¬,50324718,113,162,
i’†—\j,‹v–œ‚Œ´’¬,50324719,115,165,
i’†—\j,‹v–œ‚Œ´’¬,50324720,105,151,
i’†—\j,‹v–œ‚Œ´’¬,50324721,105,150,
i’†—\j,‹v–œ‚Œ´’¬,50324722,127,|,
i’†—\j,‹v–œ‚Œ´’¬,50324723,105,151,
i’†—\j,‹v–œ‚Œ´’¬,50324724,105,151,
i’†—\j,‹v–œ‚Œ´’¬,50324725,107,153,
i’†—\j,‹v–œ‚Œ´’¬,50324726,112,161,
i’†—\j,‹v–œ‚Œ´’¬,50324727,113,162,
i’†—\j,‹v–œ‚Œ´’¬,50324728,109,156,
i’†—\j,‹v–œ‚Œ´’¬,50324729,115,165,
i’†—\j,‹v–œ‚Œ´’¬,50324730,110,158,
i’†—\j,‹v–œ‚Œ´’¬,50324731,109,157,
i’†—\j,‹v–œ‚Œ´’¬,50324732,127,|,
i’†—\j,‹v–œ‚Œ´’¬,50324733,106,152,
i’†—\j,‹v–œ‚Œ´’¬,50324734,106,152,
i’†—\j,‹v–œ‚Œ´’¬,50324735,111,159,
i’†—\j,‹v–œ‚Œ´’¬,50324736,112,161,
i’†—\j,‹v–œ‚Œ´’¬,50324737,109,156,
i’†—\j,‹v–œ‚Œ´’¬,50324738,113,162,
i’†—\j,‹v–œ‚Œ´’¬,50324739,114,163,
i’†—\j,‹v–œ‚Œ´’¬,50324740,115,165,
i’†—\j,‹v–œ‚Œ´’¬,50324741,127,|,
i’†—\j,‹v–œ‚Œ´’¬,50324742,116,166,
i’†—\j,‹v–œ‚Œ´’¬,50324743,116,166,
i’†—\j,‹v–œ‚Œ´’¬,50324744,115,165,
i’†—\j,‹v–œ‚Œ´’¬,50324745,110,158,
i’†—\j,‹v–œ‚Œ´’¬,50324746,112,160,
i’†—\j,‹v–œ‚Œ´’¬,50324747,112,160,
i’†—\j,‹v–œ‚Œ´’¬,50324748,112,161,
i’†—\j,‹v–œ‚Œ´’¬,50324749,113,162,
i’†—\j,‹v–œ‚Œ´’¬,50324750,121,173,
i’†—\j,‹v–œ‚Œ´’¬,50324751,127,|,
i’†—\j,‹v–œ‚Œ´’¬,50324752,121,173,
i’†—\j,‹v–œ‚Œ´’¬,50324753,121,173,
i’†—\j,‹v–œ‚Œ´’¬,50324754,213,|,
i’†—\j,‹v–œ‚Œ´’¬,50324755,111,159,
i’†—\j,‹v–œ‚Œ´’¬,50324756,116,166,
i’†—\j,‹v–œ‚Œ´’¬,50324757,112,160,
i’†—\j,‹v–œ‚Œ´’¬,50324758,112,160,
i’†—\j,‹v–œ‚Œ´’¬,50324759,113,162,
i’†—\j,‹v–œ‚Œ´’¬,50324760,121,173,
i’†—\j,‹v–œ‚Œ´’¬,50324761,127,|,
i’†—\j,‹v–œ‚Œ´’¬,50324762,122,175,
i’†—\j,‹v–œ‚Œ´’¬,50324763,121,174,
i’†—\j,‹v–œ‚Œ´’¬,50324764,213,|,
i’†—\j,‹v–œ‚Œ´’¬,50324765,213,|,
i’†—\j,‹v–œ‚Œ´’¬,50324766,213,|,
i’†—\j,‹v–œ‚Œ´’¬,50324767,213,|,
i’†—\j,‹v–œ‚Œ´’¬,50324768,213,|,
i’†—\j,‹v–œ‚Œ´’¬,50324769,113,162,
i’†—\j,‹v–œ‚Œ´’¬,50324774,213,|,
i’†—\j,‹v–œ‚Œ´’¬,50324775,213,|,
i’†—\j,‹v–œ‚Œ´’¬,50324776,213,|,
i’†—\j,‹v–œ‚Œ´’¬,50324777,213,|,
i’†—\j,‹v–œ‚Œ´’¬,50324778,213,|,
i’†—\j,‹v–œ‚Œ´’¬,50324779,213,|,
i’†—\j,‹v–œ‚Œ´’¬,50324786,213,|,
i’†—\j,‹v–œ‚Œ´’¬,50324787,213,|,
i’†—\j,‹v–œ‚Œ´’¬,50324788,213,|,
i’†—\j,‹v–œ‚Œ´’¬,50324789,213,|,
i’†—\j,‹v–œ‚Œ´’¬,50324797,213,|,
i’†—\j,‹v–œ‚Œ´’¬,50324799,125,179,
i’†—\j,‹v–œ‚Œ´’¬,50325709,121,173,
i’†—\j,‹v–œ‚Œ´’¬,50331070,191,|,
i’†—\j,‹v–œ‚Œ´’¬,50331080,191,|,
i’†—\j,‹v–œ‚Œ´’¬,50331090,191,|,
i’†—\j,‹v–œ‚Œ´’¬,50331091,191,|,
i’†—\j,‹v–œ‚Œ´’¬,50332000,191,|,
i’†—\j,‹v–œ‚Œ´’¬,50332001,191,|,
i’†—\j,‹v–œ‚Œ´’¬,50332010,191,|,
i’†—\j,‹v–œ‚Œ´’¬,50332011,191,|,
i’†—\j,‹v–œ‚Œ´’¬,50332012,191,|,
i’†—\j,‹v–œ‚Œ´’¬,50332020,191,|,
i’†—\j,‹v–œ‚Œ´’¬,50332021,158,227,
i’†—\j,‹v–œ‚Œ´’¬,50332022,191,|,
i’†—\j,‹v–œ‚Œ´’¬,50332030,191,|,
i’†—\j,‹v–œ‚Œ´’¬,50332031,153,219,
i’†—\j,‹v–œ‚Œ´’¬,50332032,166,238,
i’†—\j,‹v–œ‚Œ´’¬,50332040,150,215,
i’†—\j,‹v–œ‚Œ´’¬,50332041,151,217,
i’†—\j,‹v–œ‚Œ´’¬,50332042,171,245,
i’†—\j,‹v–œ‚Œ´’¬,50332043,180,258,
i’†—\j,‹v–œ‚Œ´’¬,50332044,170,244,
i’†—\j,‹v–œ‚Œ´’¬,50332050,149,213,
i’†—\j,‹v–œ‚Œ´’¬,50332051,151,216,
i’†—\j,‹v–œ‚Œ´’¬,50332052,165,236,
i’†—\j,‹v–œ‚Œ´’¬,50332053,173,248,
i’†—\j,‹v–œ‚Œ´’¬,50332054,170,244,
i’†—\j,‹v–œ‚Œ´’¬,50332060,205,293,
i’†—\j,‹v–œ‚Œ´’¬,50332061,205,293,
i’†—\j,‹v–œ‚Œ´’¬,50332062,205,293,
i’†—\j,‹v–œ‚Œ´’¬,50332063,206,295,
i’†—\j,‹v–œ‚Œ´’¬,50332064,200,287,
i’†—\j,‹v–œ‚Œ´’¬,50332070,205,293,
i’†—\j,‹v–œ‚Œ´’¬,50332071,205,293,
i’†—\j,‹v–œ‚Œ´’¬,50332072,206,|,
i’†—\j,‹v–œ‚Œ´’¬,50332073,206,|,
i’†—\j,‹v–œ‚Œ´’¬,50332074,206,|,
i’†—\j,‹v–œ‚Œ´’¬,50332080,205,293,
i’†—\j,‹v–œ‚Œ´’¬,50332081,205,293,
i’†—\j,‹v–œ‚Œ´’¬,50332082,206,|,
i’†—\j,‹v–œ‚Œ´’¬,50332083,206,|,
i’†—\j,‹v–œ‚Œ´’¬,50332090,205,293,
i’†—\j,‹v–œ‚Œ´’¬,50332091,205,293,
i’†—\j,‹v–œ‚Œ´’¬,50332092,206,|,
i’†—\j,‹v–œ‚Œ´’¬,50332093,206,|,
i’†—\j,‹v–œ‚Œ´’¬,50333000,205,293,
i’†—\j,‹v–œ‚Œ´’¬,50333001,205,293,
i’†—\j,‹v–œ‚Œ´’¬,50333002,206,|,
i’†—\j,‹v–œ‚Œ´’¬,50333003,206,|,
i’†—\j,‹v–œ‚Œ´’¬,50333010,205,293,
i’†—\j,‹v–œ‚Œ´’¬,50333011,205,293,
i’†—\j,‹v–œ‚Œ´’¬,50333012,205,294,
i’†—\j,‹v–œ‚Œ´’¬,50333013,206,|,
i’†—\j,‹v–œ‚Œ´’¬,50333014,206,|,
i’†—\j,‹v–œ‚Œ´’¬,50333020,145,208,
i’†—\j,‹v–œ‚Œ´’¬,50333021,167,239,
i’†—\j,‹v–œ‚Œ´’¬,50333022,178,255,
i’†—\j,‹v–œ‚Œ´’¬,50333023,206,|,
i’†—\j,‹v–œ‚Œ´’¬,50333024,206,|,
i’†—\j,‹v–œ‚Œ´’¬,50333025,206,|,
i’†—\j,‹v–œ‚Œ´’¬,50333030,143,205,
i’†—\j,‹v–œ‚Œ´’¬,50333031,164,235,
i’†—\j,‹v–œ‚Œ´’¬,50333032,206,|,
i’†—\j,‹v–œ‚Œ´’¬,50333033,206,|,
i’†—\j,‹v–œ‚Œ´’¬,50333034,206,|,
i’†—\j,‹v–œ‚Œ´’¬,50333035,206,|,
i’†—\j,‹v–œ‚Œ´’¬,50333040,142,203,
i’†—\j,‹v–œ‚Œ´’¬,50333041,149,213,
i’†—\j,‹v–œ‚Œ´’¬,50333042,206,|,
i’†—\j,‹v–œ‚Œ´’¬,50333043,206,|,
i’†—\j,‹v–œ‚Œ´’¬,50333044,206,|,
i’†—\j,‹v–œ‚Œ´’¬,50333045,206,|,
i’†—\j,‹v–œ‚Œ´’¬,50333050,145,208,
i’†—\j,‹v–œ‚Œ´’¬,50333051,147,210,
i’†—\j,‹v–œ‚Œ´’¬,50333052,206,|,
i’†—\j,‹v–œ‚Œ´’¬,50333053,206,|,
i’†—\j,‹v–œ‚Œ´’¬,50333054,206,|,
i’†—\j,‹v–œ‚Œ´’¬,50333055,206,|,
i’†—\j,‹v–œ‚Œ´’¬,50333060,144,207,
i’†—\j,‹v–œ‚Œ´’¬,50333061,146,209,
i’†—\j,‹v–œ‚Œ´’¬,50333062,142,204,
i’†—\j,‹v–œ‚Œ´’¬,50333063,156,224,
i’†—\j,‹v–œ‚Œ´’¬,50333064,159,228,
i’†—\j,‹v–œ‚Œ´’¬,50333065,206,|,
i’†—\j,‹v–œ‚Œ´’¬,50333070,133,190,
i’†—\j,‹v–œ‚Œ´’¬,50333071,140,200,
i’†—\j,‹v–œ‚Œ´’¬,50333072,142,204,
i’†—\j,‹v–œ‚Œ´’¬,50333073,155,222,
i’†—\j,‹v–œ‚Œ´’¬,50333074,163,234,
i’†—\j,‹v–œ‚Œ´’¬,50333075,187,268,
i’†—\j,‹v–œ‚Œ´’¬,50333080,135,193,
i’†—\j,‹v–œ‚Œ´’¬,50333081,136,195,
i’†—\j,‹v–œ‚Œ´’¬,50333082,213,|,
i’†—\j,‹v–œ‚Œ´’¬,50333083,213,|,
i’†—\j,‹v–œ‚Œ´’¬,50333084,151,217,
i’†—\j,‹v–œ‚Œ´’¬,50333085,213,|,
i’†—\j,‹v–œ‚Œ´’¬,50333086,213,|,
i’†—\j,‹v–œ‚Œ´’¬,50333090,135,193,
i’†—\j,‹v–œ‚Œ´’¬,50333091,137,196,
i’†—\j,‹v–œ‚Œ´’¬,50333092,213,|,
i’†—\j,‹v–œ‚Œ´’¬,50333093,213,|,
i’†—\j,‹v–œ‚Œ´’¬,50333094,213,|,
i’†—\j,‹v–œ‚Œ´’¬,50333095,213,|,
i’†—\j,‹v–œ‚Œ´’¬,50333096,213,|,
i’†—\j,‹v–œ‚Œ´’¬,50333097,213,|,
i’†—\j,‹v–œ‚Œ´’¬,50333098,213,|,
i’†—\j,‹v–œ‚Œ´’¬,50334000,135,193,
i’†—\j,‹v–œ‚Œ´’¬,50334001,142,204,
i’†—\j,‹v–œ‚Œ´’¬,50334002,142,204,
i’†—\j,‹v–œ‚Œ´’¬,50334003,142,204,
i’†—\j,‹v–œ‚Œ´’¬,50334004,144,207,
i’†—\j,‹v–œ‚Œ´’¬,50334005,212,304,
i’†—\j,‹v–œ‚Œ´’¬,50334006,212,304,
i’†—\j,‹v–œ‚Œ´’¬,50334007,213,|,
i’†—\j,‹v–œ‚Œ´’¬,50334008,213,|,
i’†—\j,‹v–œ‚Œ´’¬,50334009,213,|,
i’†—\j,‹v–œ‚Œ´’¬,50334010,142,|,
i’†—\j,‹v–œ‚Œ´’¬,50334011,136,195,
i’†—\j,‹v–œ‚Œ´’¬,50334012,142,203,
i’†—\j,‹v–œ‚Œ´’¬,50334013,137,197,
i’†—\j,‹v–œ‚Œ´’¬,50334014,142,204,
i’†—\j,‹v–œ‚Œ´’¬,50334015,212,304,
i’†—\j,‹v–œ‚Œ´’¬,50334016,212,304,
i’†—\j,‹v–œ‚Œ´’¬,50334017,213,|,
i’†—\j,‹v–œ‚Œ´’¬,50334018,213,|,
i’†—\j,‹v–œ‚Œ´’¬,50334019,213,|,
i’†—\j,‹v–œ‚Œ´’¬,50334020,137,197,
i’†—\j,‹v–œ‚Œ´’¬,50334021,139,199,
i’†—\j,‹v–œ‚Œ´’¬,50334022,140,201,
i’†—\j,‹v–œ‚Œ´’¬,50334023,137,196,
i’†—\j,‹v–œ‚Œ´’¬,50334024,142,204,
i’†—\j,‹v–œ‚Œ´’¬,50334025,213,305,
i’†—\j,‹v–œ‚Œ´’¬,50334026,212,304,
i’†—\j,‹v–œ‚Œ´’¬,50334027,213,|,
i’†—\j,‹v–œ‚Œ´’¬,50334028,213,|,
i’†—\j,‹v–œ‚Œ´’¬,50334029,213,|,
i’†—\j,‹v–œ‚Œ´’¬,50334030,137,196,
i’†—\j,‹v–œ‚Œ´’¬,50334031,138,198,
i’†—\j,‹v–œ‚Œ´’¬,50334032,134,192,
i’†—\j,‹v–œ‚Œ´’¬,50334033,135,194,
i’†—\j,‹v–œ‚Œ´’¬,50334034,137,196,
i’†—\j,‹v–œ‚Œ´’¬,50334035,213,305,
i’†—\j,‹v–œ‚Œ´’¬,50334036,213,|,
i’†—\j,‹v–œ‚Œ´’¬,50334037,212,304,
i’†—\j,‹v–œ‚Œ´’¬,50334038,213,|,
i’†—\j,‹v–œ‚Œ´’¬,50334039,213,|,
i’†—\j,‹v–œ‚Œ´’¬,50334040,116,167,
i’†—\j,‹v–œ‚Œ´’¬,50334041,123,176,
i’†—\j,‹v–œ‚Œ´’¬,50334042,213,|,
i’†—\j,‹v–œ‚Œ´’¬,50334043,127,182,
i’†—\j,‹v–œ‚Œ´’¬,50334044,213,|,
i’†—\j,‹v–œ‚Œ´’¬,50334045,213,|,
i’†—\j,‹v–œ‚Œ´’¬,50334046,213,|,
i’†—\j,‹v–œ‚Œ´’¬,50334047,170,244,
i’†—\j,‹v–œ‚Œ´’¬,50334048,170,244,
i’†—\j,‹v–œ‚Œ´’¬,50334049,213,|,
i’†—\j,‹v–œ‚Œ´’¬,50334050,112,160,
i’†—\j,‹v–œ‚Œ´’¬,50334051,213,|,
i’†—\j,‹v–œ‚Œ´’¬,50334052,213,|,
i’†—\j,‹v–œ‚Œ´’¬,50334053,126,181,
i’†—\j,‹v–œ‚Œ´’¬,50334054,213,|,
i’†—\j,‹v–œ‚Œ´’¬,50334055,213,|,
i’†—\j,‹v–œ‚Œ´’¬,50334056,213,|,
i’†—\j,‹v–œ‚Œ´’¬,50334057,170,243,
i’†—\j,‹v–œ‚Œ´’¬,50334058,213,|,
i’†—\j,‹v–œ‚Œ´’¬,50334059,213,|,
i’†—\j,‹v–œ‚Œ´’¬,50334060,213,|,
i’†—\j,‹v–œ‚Œ´’¬,50334061,213,|,
i’†—\j,‹v–œ‚Œ´’¬,50334062,129,185,
i’†—\j,‹v–œ‚Œ´’¬,50334063,127,182,
i’†—\j,‹v–œ‚Œ´’¬,50334064,213,|,
i’†—\j,‹v–œ‚Œ´’¬,50334065,213,|,
i’†—\j,‹v–œ‚Œ´’¬,50334066,213,|,
i’†—\j,‹v–œ‚Œ´’¬,50334067,213,|,
i’†—\j,‹v–œ‚Œ´’¬,50334068,169,242,
i’†—\j,‹v–œ‚Œ´’¬,50334069,213,|,
i’†—\j,‹v–œ‚Œ´’¬,50334070,213,|,
i’†—\j,‹v–œ‚Œ´’¬,50334071,128,183,
i’†—\j,‹v–œ‚Œ´’¬,50334072,129,185,
i’†—\j,‹v–œ‚Œ´’¬,50334073,127,182,
i’†—\j,‹v–œ‚Œ´’¬,50334074,125,179,
i’†—\j,‹v–œ‚Œ´’¬,50334075,213,|,
i’†—\j,‹v–œ‚Œ´’¬,50334076,213,|,
i’†—\j,‹v–œ‚Œ´’¬,50334077,213,|,
i’†—\j,‹v–œ‚Œ´’¬,50334078,168,241,
i’†—\j,‹v–œ‚Œ´’¬,50334079,213,|,
i’†—\j,‹v–œ‚Œ´’¬,50334080,213,|,
i’†—\j,‹v–œ‚Œ´’¬,50334081,124,178,
i’†—\j,‹v–œ‚Œ´’¬,50334082,126,181,
i’†—\j,‹v–œ‚Œ´’¬,50334083,134,192,
i’†—\j,‹v–œ‚Œ´’¬,50334084,127,182,
i’†—\j,‹v–œ‚Œ´’¬,50334085,213,|,
i’†—\j,‹v–œ‚Œ´’¬,50334086,213,|,
i’†—\j,‹v–œ‚Œ´’¬,50334087,213,|,
i’†—\j,‹v–œ‚Œ´’¬,50334088,213,|,
i’†—\j,‹v–œ‚Œ´’¬,50334089,213,|,
i’†—\j,‹v–œ‚Œ´’¬,50334090,129,185,
i’†—\j,‹v–œ‚Œ´’¬,50334091,213,|,
i’†—\j,‹v–œ‚Œ´’¬,50334092,128,183,
i’†—\j,‹v–œ‚Œ´’¬,50334093,137,196,
i’†—\j,‹v–œ‚Œ´’¬,50334094,213,|,
i’†—\j,‹v–œ‚Œ´’¬,50334095,213,|,
i’†—\j,‹v–œ‚Œ´’¬,50334096,213,|,
i’†—\j,‹v–œ‚Œ´’¬,50334097,213,|,
i’†—\j,‹v–œ‚Œ´’¬,50334098,213,|,
i’†—\j,‹v–œ‚Œ´’¬,50334099,213,|,
i’†—\j,‹v–œ‚Œ´’¬,50334140,213,|,
i’†—\j,‹v–œ‚Œ´’¬,50334150,213,|,
i’†—\j,‹v–œ‚Œ´’¬,50334160,213,|,
i’†—\j,‹v–œ‚Œ´’¬,50334161,213,|,
i’†—\j,‹v–œ‚Œ´’¬,50334170,213,|,
i’†—\j,‹v–œ‚Œ´’¬,50334171,213,|,
i’†—\j,‹v–œ‚Œ´’¬,50334172,213,|,
i’†—\j,‹v–œ‚Œ´’¬,50334180,213,|,
i’†—\j,‹v–œ‚Œ´’¬,50334181,213,|,
i’†—\j,‹v–œ‚Œ´’¬,50334182,213,|,
i’†—\j,‹v–œ‚Œ´’¬,50334190,213,|,
i’†—\j,‹v–œ‚Œ´’¬,50334191,213,|,
i’†—\j,‹v–œ‚Œ´’¬,50334192,213,|,
i’†—\j,‹v–œ‚Œ´’¬,50335000,213,|,
i’†—\j,‹v–œ‚Œ´’¬,50335001,213,|,
i’†—\j,‹v–œ‚Œ´’¬,50335002,213,|,
i’†—\j,‹v–œ‚Œ´’¬,50335003,213,|,
i’†—\j,‹v–œ‚Œ´’¬,50335004,213,|,
i’†—\j,‹v–œ‚Œ´’¬,50335005,213,|,
i’†—\j,‹v–œ‚Œ´’¬,50335006,213,|,
i’†—\j,‹v–œ‚Œ´’¬,50335007,213,|,
i’†—\j,‹v–œ‚Œ´’¬,50335008,213,|,
i’†—\j,‹v–œ‚Œ´’¬,50335009,213,|,
i’†—\j,‹v–œ‚Œ´’¬,50335012,213,|,
i’†—\j,‹v–œ‚Œ´’¬,50335018,213,|,
i’†—\j,‹v–œ‚Œ´’¬,50335019,213,|,
i’†—\j,‹v–œ‚Œ´’¬,50335100,213,|,
i’†—\j,‹v–œ‚Œ´’¬,50335101,167,239,
i’†—\j,‹v–œ‚Œ´’¬,50335110,213,|,
i’†—\j,¼‘O’¬,50325535,115,|,
i’†—\j,¼‘O’¬,50325536,115,|,
i’†—\j,¼‘O’¬,50325537,115,|,
i’†—\j,¼‘O’¬,50325538,115,|,
i’†—\j,¼‘O’¬,50325545,115,|,
i’†—\j,¼‘O’¬,50325546,115,|,
i’†—\j,¼‘O’¬,50325547,115,|,
i’†—\j,¼‘O’¬,50325548,115,|,
i’†—\j,¼‘O’¬,50325549,115,|,
i’†—\j,¼‘O’¬,50325555,115,|,
i’†—\j,¼‘O’¬,50325556,115,|,
i’†—\j,¼‘O’¬,50325557,115,|,
i’†—\j,¼‘O’¬,50325558,115,|,
i’†—\j,¼‘O’¬,50325559,115,|,
i’†—\j,¼‘O’¬,50325565,115,|,
i’†—\j,¼‘O’¬,50325566,115,|,
i’†—\j,¼‘O’¬,50325567,115,|,
i’†—\j,¼‘O’¬,50325568,115,|,
i’†—\j,¼‘O’¬,50325569,115,|,
i’†—\j,¼‘O’¬,50325640,115,|,
i’†—\j,¼‘O’¬,50325650,115,|,
i’†—\j,¼‘O’¬,50325651,115,|,
i’†—\j,“u•”’¬,50323631,107,154,
i’†—\j,“u•”’¬,50323641,107,153,
i’†—\j,“u•”’¬,50323642,107,154,
i’†—\j,“u•”’¬,50323643,107,154,
i’†—\j,“u•”’¬,50323650,107,154,
i’†—\j,“u•”’¬,50323651,108,155,
i’†—\j,“u•”’¬,50323652,107,154,
i’†—\j,“u•”’¬,50323653,107,154,
i’†—\j,“u•”’¬,50323654,109,156,
i’†—\j,“u•”’¬,50323655,111,159,
i’†—\j,“u•”’¬,50323660,113,162,
i’†—\j,“u•”’¬,50323661,112,161,
i’†—\j,“u•”’¬,50323662,107,154,
i’†—\j,“u•”’¬,50323663,108,155,
i’†—\j,“u•”’¬,50323664,109,156,
i’†—\j,“u•”’¬,50323665,112,161,
i’†—\j,“u•”’¬,50323666,149,|,
i’†—\j,“u•”’¬,50323671,117,|,
i’†—\j,“u•”’¬,50323672,108,155,
i’†—\j,“u•”’¬,50323673,108,155,
i’†—\j,“u•”’¬,50323674,109,156,
i’†—\j,“u•”’¬,50323675,112,160,
i’†—\j,“u•”’¬,50323676,149,|,
i’†—\j,“u•”’¬,50323681,114,163,
i’†—\j,“u•”’¬,50323682,115,165,
i’†—\j,“u•”’¬,50323683,115,165,
i’†—\j,“u•”’¬,50323684,115,165,
i’†—\j,“u•”’¬,50323685,149,213,
i’†—\j,“u•”’¬,50323686,149,213,
i’†—\j,“u•”’¬,50323691,114,163,
i’†—\j,“u•”’¬,50323692,115,165,
i’†—\j,“u•”’¬,50323693,114,164,
i’†—\j,“u•”’¬,50323694,115,165,
i’†—\j,“u•”’¬,50323695,149,213,
i’†—\j,“u•”’¬,50323696,155,|,
i’†—\j,“u•”’¬,50324579,114,164,
i’†—\j,“u•”’¬,50324589,114,|,
i’†—\j,“u•”’¬,50324602,114,164,
i’†—\j,“u•”’¬,50324603,114,163,
i’†—\j,“u•”’¬,50324604,115,165,
i’†—\j,“u•”’¬,50324605,149,213,
i’†—\j,“u•”’¬,50324612,114,164,
i’†—\j,“u•”’¬,50324613,114,164,
i’†—\j,“u•”’¬,50324614,115,165,
i’†—\j,“u•”’¬,50324615,149,213,
i’†—\j,“u•”’¬,50324622,114,164,
i’†—\j,“u•”’¬,50324623,115,165,
i’†—\j,“u•”’¬,50324624,115,165,
i’†—\j,“u•”’¬,50324625,155,|,
i’†—\j,“u•”’¬,50324626,155,|,
i’†—\j,“u•”’¬,50324632,148,|,
i’†—\j,“u•”’¬,50324633,115,165,
i’†—\j,“u•”’¬,50324634,115,165,
i’†—\j,“u•”’¬,50324635,149,213,
i’†—\j,“u•”’¬,50324641,148,|,
i’†—\j,“u•”’¬,50324642,110,158,
i’†—\j,“u•”’¬,50324643,111,159,
i’†—\j,“u•”’¬,50324644,110,158,
i’†—\j,“u•”’¬,50324645,155,|,
i’†—\j,“u•”’¬,50324651,116,166,
i’†—\j,“u•”’¬,50324652,111,159,
i’†—\j,“u•”’¬,50324653,110,158,
i’†—\j,“u•”’¬,50324654,111,159,
i’†—\j,“u•”’¬,50324655,111,159,
i’†—\j,“u•”’¬,50324661,111,159,
i’†—\j,“u•”’¬,50324662,110,158,
i’†—\j,“u•”’¬,50324663,111,159,
i’†—\j,“u•”’¬,50324664,111,159,
i’†—\j,“u•”’¬,50324665,111,159,
i’†—\j,“u•”’¬,50324670,110,158,
i’†—\j,“u•”’¬,50324671,109,157,
i’†—\j,“u•”’¬,50324672,111,159,
i’†—\j,“u•”’¬,50324673,111,159,
i’†—\j,“u•”’¬,50324674,111,159,
i’†—\j,“u•”’¬,50324680,109,156,
i’†—\j,“u•”’¬,50324681,109,157,
i’†—\j,“u•”’¬,50324682,109,157,
i’†—\j,“u•”’¬,50324683,111,159,
i’†—\j,“u•”’¬,50324684,111,159,
i’†—\j,“u•”’¬,50324690,109,156,
i’†—\j,“u•”’¬,50324691,109,156,
i’†—\j,“u•”’¬,50324692,109,157,
i’†—\j,“u•”’¬,50324693,110,158,
i’†—\j,“u•”’¬,50324694,110,158,
i’†—\j,“u•”’¬,50325600,113,|,
i’†—\j,“u•”’¬,50325601,102,146,
i’†—\j,“u•”’¬,50325602,98,140,
i’†—\j,“u•”’¬,50325603,98,141,
i’†—\j,“u•”’¬,50325611,101,145,
i’†—\j,“u•”’¬,50325612,101,145,
i’†—\j,“u•”’¬,50325613,98,140,
i’†—\j,“u•”’¬,50325621,98,140,
i’†—\j,“u•”’¬,50325622,98,140,
i’†—\j,“u•”’¬,50325623,98,140,
i’†—\j,“u•”’¬,50325632,98,141,
i’†—\j,“u•”’¬,50325633,98,141,
i’†—\j,“u•”’¬,50325642,115,|,
“Œ—\“Œ•”,V‹•lŽs,50335284,193,|,
“Œ—\“Œ•”,V‹•lŽs,50335285,193,|,
“Œ—\“Œ•”,V‹•lŽs,50335286,193,|,
“Œ—\“Œ•”,V‹•lŽs,50335293,193,|,
“Œ—\“Œ•”,V‹•lŽs,50335294,193,|,
“Œ—\“Œ•”,V‹•lŽs,50335295,193,|,
“Œ—\“Œ•”,V‹•lŽs,50335296,193,|,
“Œ—\“Œ•”,V‹•lŽs,50335297,193,|,
“Œ—\“Œ•”,V‹•lŽs,50335390,193,|,
“Œ—\“Œ•”,V‹•lŽs,50335391,193,|,
“Œ—\“Œ•”,V‹•lŽs,50336199,118,162,
“Œ—\“Œ•”,V‹•lŽs,50336202,193,|,
“Œ—\“Œ•”,V‹•lŽs,50336203,193,|,
“Œ—\“Œ•”,V‹•lŽs,50336204,193,|,
“Œ—\“Œ•”,V‹•lŽs,50336205,193,|,
“Œ—\“Œ•”,V‹•lŽs,50336206,144,198,
“Œ—\“Œ•”,V‹•lŽs,50336207,193,|,
“Œ—\“Œ•”,V‹•lŽs,50336208,193,|,
“Œ—\“Œ•”,V‹•lŽs,50336209,193,|,
“Œ—\“Œ•”,V‹•lŽs,50336212,193,|,
“Œ—\“Œ•”,V‹•lŽs,50336213,193,|,
“Œ—\“Œ•”,V‹•lŽs,50336214,193,|,
“Œ—\“Œ•”,V‹•lŽs,50336215,193,|,
“Œ—\“Œ•”,V‹•lŽs,50336216,193,|,
“Œ—\“Œ•”,V‹•lŽs,50336217,148,203,
“Œ—\“Œ•”,V‹•lŽs,50336218,193,|,
“Œ—\“Œ•”,V‹•lŽs,50336219,143,196,
“Œ—\“Œ•”,V‹•lŽs,50336222,193,|,
“Œ—\“Œ•”,V‹•lŽs,50336223,193,|,
“Œ—\“Œ•”,V‹•lŽs,50336224,193,|,
“Œ—\“Œ•”,V‹•lŽs,50336225,193,|,
“Œ—\“Œ•”,V‹•lŽs,50336226,193,|,
“Œ—\“Œ•”,V‹•lŽs,50336227,148,203,
“Œ—\“Œ•”,V‹•lŽs,50336228,193,|,
“Œ—\“Œ•”,V‹•lŽs,50336229,148,203,
“Œ—\“Œ•”,V‹•lŽs,50336231,193,|,
“Œ—\“Œ•”,V‹•lŽs,50336232,193,|,
“Œ—\“Œ•”,V‹•lŽs,50336233,193,|,
“Œ—\“Œ•”,V‹•lŽs,50336234,193,|,
“Œ—\“Œ•”,V‹•lŽs,50336235,193,|,
“Œ—\“Œ•”,V‹•lŽs,50336236,193,|,
“Œ—\“Œ•”,V‹•lŽs,50336237,193,|,
“Œ—\“Œ•”,V‹•lŽs,50336238,193,|,
“Œ—\“Œ•”,V‹•lŽs,50336239,193,|,
“Œ—\“Œ•”,V‹•lŽs,50336240,193,|,
“Œ—\“Œ•”,V‹•lŽs,50336241,193,|,
“Œ—\“Œ•”,V‹•lŽs,50336242,193,|,
“Œ—\“Œ•”,V‹•lŽs,50336243,193,|,
“Œ—\“Œ•”,V‹•lŽs,50336244,193,|,
“Œ—\“Œ•”,V‹•lŽs,50336245,193,|,
“Œ—\“Œ•”,V‹•lŽs,50336246,193,|,
“Œ—\“Œ•”,V‹•lŽs,50336247,193,|,
“Œ—\“Œ•”,V‹•lŽs,50336248,193,|,
“Œ—\“Œ•”,V‹•lŽs,50336249,193,|,
“Œ—\“Œ•”,V‹•lŽs,50336250,193,|,
“Œ—\“Œ•”,V‹•lŽs,50336251,193,|,
“Œ—\“Œ•”,V‹•lŽs,50336252,193,|,
“Œ—\“Œ•”,V‹•lŽs,50336253,193,|,
“Œ—\“Œ•”,V‹•lŽs,50336254,146,200,
“Œ—\“Œ•”,V‹•lŽs,50336255,148,204,
“Œ—\“Œ•”,V‹•lŽs,50336256,193,|,
“Œ—\“Œ•”,V‹•lŽs,50336257,193,|,
“Œ—\“Œ•”,V‹•lŽs,50336258,193,|,
“Œ—\“Œ•”,V‹•lŽs,50336260,150,206,
“Œ—\“Œ•”,V‹•lŽs,50336261,193,|,
“Œ—\“Œ•”,V‹•lŽs,50336262,193,|,
“Œ—\“Œ•”,V‹•lŽs,50336263,193,|,
“Œ—\“Œ•”,V‹•lŽs,50336264,148,203,
“Œ—\“Œ•”,V‹•lŽs,50336265,193,|,
“Œ—\“Œ•”,V‹•lŽs,50336266,193,|,
“Œ—\“Œ•”,V‹•lŽs,50336267,193,|,
“Œ—\“Œ•”,V‹•lŽs,50336270,150,206,
“Œ—\“Œ•”,V‹•lŽs,50336271,150,206,
“Œ—\“Œ•”,V‹•lŽs,50336272,193,|,
“Œ—\“Œ•”,V‹•lŽs,50336273,193,|,
“Œ—\“Œ•”,V‹•lŽs,50336274,154,211,
“Œ—\“Œ•”,V‹•lŽs,50336275,193,|,
“Œ—\“Œ•”,V‹•lŽs,50336276,193,|,
“Œ—\“Œ•”,V‹•lŽs,50336277,193,|,
“Œ—\“Œ•”,V‹•lŽs,50336278,193,|,
“Œ—\“Œ•”,V‹•lŽs,50336280,140,192,
“Œ—\“Œ•”,V‹•lŽs,50336281,140,193,
“Œ—\“Œ•”,V‹•lŽs,50336282,193,|,
“Œ—\“Œ•”,V‹•lŽs,50336283,193,|,
“Œ—\“Œ•”,V‹•lŽs,50336284,146,200,
“Œ—\“Œ•”,V‹•lŽs,50336285,129,178,
“Œ—\“Œ•”,V‹•lŽs,50336286,193,|,
“Œ—\“Œ•”,V‹•lŽs,50336287,193,|,
“Œ—\“Œ•”,V‹•lŽs,50336288,193,|,
“Œ—\“Œ•”,V‹•lŽs,50336290,128,176,
“Œ—\“Œ•”,V‹•lŽs,50336291,128,176,
“Œ—\“Œ•”,V‹•lŽs,50336292,135,185,
“Œ—\“Œ•”,V‹•lŽs,50336293,136,187,
“Œ—\“Œ•”,V‹•lŽs,50336294,136,187,
“Œ—\“Œ•”,V‹•lŽs,50336295,132,181,
“Œ—\“Œ•”,V‹•lŽs,50336296,131,180,
“Œ—\“Œ•”,V‹•lŽs,50336297,193,|,
“Œ—\“Œ•”,V‹•lŽs,50336298,193,|,
“Œ—\“Œ•”,V‹•lŽs,50336300,193,|,
“Œ—\“Œ•”,V‹•lŽs,50336301,193,|,
“Œ—\“Œ•”,V‹•lŽs,50336302,193,|,
“Œ—\“Œ•”,V‹•lŽs,50336304,193,|,
“Œ—\“Œ•”,V‹•lŽs,50336305,193,|,
“Œ—\“Œ•”,V‹•lŽs,50336310,154,212,
“Œ—\“Œ•”,V‹•lŽs,50336311,154,212,
“Œ—\“Œ•”,V‹•lŽs,50336312,193,|,
“Œ—\“Œ•”,V‹•lŽs,50336313,193,|,
“Œ—\“Œ•”,V‹•lŽs,50336314,193,|,
“Œ—\“Œ•”,V‹•lŽs,50336315,193,|,
“Œ—\“Œ•”,V‹•lŽs,50336320,145,199,
“Œ—\“Œ•”,V‹•lŽs,50336321,145,199,
“Œ—\“Œ•”,V‹•lŽs,50336322,140,193,
“Œ—\“Œ•”,V‹•lŽs,50336323,140,193,
“Œ—\“Œ•”,V‹•lŽs,50336324,140,192,
“Œ—\“Œ•”,V‹•lŽs,50336325,131,180,
“Œ—\“Œ•”,V‹•lŽs,50336330,193,|,
“Œ—\“Œ•”,V‹•lŽs,50336331,149,205,
“Œ—\“Œ•”,V‹•lŽs,50336332,145,199,
“Œ—\“Œ•”,V‹•lŽs,50336333,145,199,
“Œ—\“Œ•”,V‹•lŽs,50336334,140,192,
“Œ—\“Œ•”,V‹•lŽs,50336335,129,178,
“Œ—\“Œ•”,V‹•lŽs,50336340,193,|,
“Œ—\“Œ•”,V‹•lŽs,50336341,193,|,
“Œ—\“Œ•”,V‹•lŽs,50336342,150,206,
“Œ—\“Œ•”,V‹•lŽs,50336343,149,205,
“Œ—\“Œ•”,V‹•lŽs,50336344,144,198,
“Œ—\“Œ•”,V‹•lŽs,50336345,191,|,
“Œ—\“Œ•”,V‹•lŽs,50336351,193,|,
“Œ—\“Œ•”,V‹•lŽs,50336352,193,|,
“Œ—\“Œ•”,V‹•lŽs,50336353,193,|,
“Œ—\“Œ•”,V‹•lŽs,50336354,193,|,
“Œ—\“Œ•”,V‹•lŽs,50336355,193,|,
“Œ—\“Œ•”,V‹•lŽs,50336363,193,|,
“Œ—\“Œ•”,V‹•lŽs,50336364,193,|,
“Œ—\“Œ•”,V‹•lŽs,50336365,193,|,
“Œ—\“Œ•”,V‹•lŽs,50337129,127,|,
“Œ—\“Œ•”,V‹•lŽs,50337139,113,155,
“Œ—\“Œ•”,V‹•lŽs,50337148,133,|,
“Œ—\“Œ•”,V‹•lŽs,50337149,133,|,
“Œ—\“Œ•”,V‹•lŽs,50337159,133,|,
“Œ—\“Œ•”,V‹•lŽs,50337169,133,|,
“Œ—\“Œ•”,V‹•lŽs,50337179,133,|,
“Œ—\“Œ•”,V‹•lŽs,50337200,128,|,
“Œ—\“Œ•”,V‹•lŽs,50337201,121,166,
“Œ—\“Œ•”,V‹•lŽs,50337202,116,160,
“Œ—\“Œ•”,V‹•lŽs,50337203,124,170,
“Œ—\“Œ•”,V‹•lŽs,50337204,133,183,
“Œ—\“Œ•”,V‹•lŽs,50337205,129,178,
“Œ—\“Œ•”,V‹•lŽs,50337206,193,|,
“Œ—\“Œ•”,V‹•lŽs,50337207,193,|,
“Œ—\“Œ•”,V‹•lŽs,50337208,135,185,
“Œ—\“Œ•”,V‹•lŽs,50337209,193,|,
“Œ—\“Œ•”,V‹•lŽs,50337210,127,175,
“Œ—\“Œ•”,V‹•lŽs,50337211,123,169,
“Œ—\“Œ•”,V‹•lŽs,50337212,118,163,
“Œ—\“Œ•”,V‹•lŽs,50337213,124,171,
“Œ—\“Œ•”,V‹•lŽs,50337214,133,|,
“Œ—\“Œ•”,V‹•lŽs,50337215,122,168,
“Œ—\“Œ•”,V‹•lŽs,50337216,128,176,
“Œ—\“Œ•”,V‹•lŽs,50337217,129,177,
“Œ—\“Œ•”,V‹•lŽs,50337218,129,178,
“Œ—\“Œ•”,V‹•lŽs,50337220,111,153,
“Œ—\“Œ•”,V‹•lŽs,50337221,121,166,
“Œ—\“Œ•”,V‹•lŽs,50337222,121,166,
“Œ—\“Œ•”,V‹•lŽs,50337223,133,|,
“Œ—\“Œ•”,V‹•lŽs,50337224,133,|,
“Œ—\“Œ•”,V‹•lŽs,50337225,133,|,
“Œ—\“Œ•”,V‹•lŽs,50337226,120,165,
“Œ—\“Œ•”,V‹•lŽs,50337227,126,173,
“Œ—\“Œ•”,V‹•lŽs,50337228,129,177,
“Œ—\“Œ•”,V‹•lŽs,50337230,114,157,
“Œ—\“Œ•”,V‹•lŽs,50337231,120,165,
“Œ—\“Œ•”,V‹•lŽs,50337232,120,165,
“Œ—\“Œ•”,V‹•lŽs,50337233,133,|,
“Œ—\“Œ•”,V‹•lŽs,50337234,133,|,
“Œ—\“Œ•”,V‹•lŽs,50337235,116,160,
“Œ—\“Œ•”,V‹•lŽs,50337236,113,156,
“Œ—\“Œ•”,V‹•lŽs,50337237,119,164,
“Œ—\“Œ•”,V‹•lŽs,50337238,125,172,
“Œ—\“Œ•”,V‹•lŽs,50337239,141,|,
“Œ—\“Œ•”,V‹•lŽs,50337240,116,159,
“Œ—\“Œ•”,V‹•lŽs,50337241,116,160,
“Œ—\“Œ•”,V‹•lŽs,50337242,121,167,
“Œ—\“Œ•”,V‹•lŽs,50337243,133,|,
“Œ—\“Œ•”,V‹•lŽs,50337244,111,153,
“Œ—\“Œ•”,V‹•lŽs,50337245,118,162,
“Œ—\“Œ•”,V‹•lŽs,50337246,118,163,
“Œ—\“Œ•”,V‹•lŽs,50337247,121,166,
“Œ—\“Œ•”,V‹•lŽs,50337248,141,|,
“Œ—\“Œ•”,V‹•lŽs,50337249,122,168,
“Œ—\“Œ•”,V‹•lŽs,50337250,133,|,
“Œ—\“Œ•”,V‹•lŽs,50337251,133,|,
“Œ—\“Œ•”,V‹•lŽs,50337252,133,|,
“Œ—\“Œ•”,V‹•lŽs,50337253,133,|,
“Œ—\“Œ•”,V‹•lŽs,50337254,110,152,
“Œ—\“Œ•”,V‹•lŽs,50337255,96,132,
“Œ—\“Œ•”,V‹•lŽs,50337256,97,133,
“Œ—\“Œ•”,V‹•lŽs,50337257,141,|,
“Œ—\“Œ•”,V‹•lŽs,50337258,120,165,
“Œ—\“Œ•”,V‹•lŽs,50337259,121,166,
“Œ—\“Œ•”,V‹•lŽs,50337260,133,|,
“Œ—\“Œ•”,V‹•lŽs,50337261,133,|,
“Œ—\“Œ•”,V‹•lŽs,50337262,133,|,
“Œ—\“Œ•”,V‹•lŽs,50337263,133,|,
“Œ—\“Œ•”,V‹•lŽs,50337264,133,|,
“Œ—\“Œ•”,V‹•lŽs,50337265,95,131,
“Œ—\“Œ•”,V‹•lŽs,50337266,95,131,
“Œ—\“Œ•”,V‹•lŽs,50337267,96,132,
“Œ—\“Œ•”,V‹•lŽs,50337268,122,168,
“Œ—\“Œ•”,V‹•lŽs,50337269,118,162,
“Œ—\“Œ•”,V‹•lŽs,50337270,133,|,
“Œ—\“Œ•”,V‹•lŽs,50337271,133,|,
“Œ—\“Œ•”,V‹•lŽs,50337272,133,|,
“Œ—\“Œ•”,V‹•lŽs,50337273,133,|,
“Œ—\“Œ•”,V‹•lŽs,50337274,133,|,
“Œ—\“Œ•”,V‹•lŽs,50337275,94,129,
“Œ—\“Œ•”,V‹•lŽs,50337276,94,130,
“Œ—\“Œ•”,V‹•lŽs,50337277,94,130,
“Œ—\“Œ•”,V‹•lŽs,50337278,120,165,
“Œ—\“Œ•”,V‹•lŽs,50337279,120,165,
“Œ—\“Œ•”,V‹•lŽs,50337281,133,|,
“Œ—\“Œ•”,V‹•lŽs,50337282,133,|,
“Œ—\“Œ•”,V‹•lŽs,50337284,133,|,
“Œ—\“Œ•”,V‹•lŽs,50337285,118,163,
“Œ—\“Œ•”,V‹•lŽs,50337286,118,163,
“Œ—\“Œ•”,V‹•lŽs,50337287,118,163,
“Œ—\“Œ•”,V‹•lŽs,50337288,118,163,
“Œ—\“Œ•”,V‹•lŽs,50337289,118,163,
“Œ—\“Œ•”,V‹•lŽs,50337295,133,|,
“Œ—\“Œ•”,V‹•lŽs,50337296,133,|,
“Œ—\“Œ•”,V‹•lŽs,50337297,133,|,
“Œ—\“Œ•”,V‹•lŽs,50337298,118,162,
“Œ—\“Œ•”,V‹•lŽs,50337299,118,162,
“Œ—\“Œ•”,V‹•lŽs,50337360,116,160,
“Œ—\“Œ•”,V‹•lŽs,50337370,114,157,
“Œ—\“Œ•”,V‹•lŽs,50337380,120,|,
“Œ—\“Œ•”,V‹•lŽs,51330208,103,142,
“Œ—\“Œ•”,V‹•lŽs,51330209,105,144,
“Œ—\“Œ•”,¼ðŽs,50325789,108,148,
“Œ—\“Œ•”,¼ðŽs,50325798,95,131,
“Œ—\“Œ•”,¼ðŽs,50325799,97,134,
“Œ—\“Œ•”,¼ðŽs,50326708,93,128,
“Œ—\“Œ•”,¼ðŽs,50326709,90,124,
“Œ—\“Œ•”,¼ðŽs,50326718,91,126,
“Œ—\“Œ•”,¼ðŽs,50326719,90,124,
“Œ—\“Œ•”,¼ðŽs,50326728,112,|,
“Œ—\“Œ•”,¼ðŽs,50326729,94,129,
“Œ—\“Œ•”,¼ðŽs,50326738,112,|,
“Œ—\“Œ•”,¼ðŽs,50326739,92,127,
“Œ—\“Œ•”,¼ðŽs,50326747,91,126,
“Œ—\“Œ•”,¼ðŽs,50326748,95,131,
“Œ—\“Œ•”,¼ðŽs,50326749,96,132,
“Œ—\“Œ•”,¼ðŽs,50326757,95,131,
“Œ—\“Œ•”,¼ðŽs,50326758,95,131,
“Œ—\“Œ•”,¼ðŽs,50326759,91,126,
“Œ—\“Œ•”,¼ðŽs,50326767,117,|,
“Œ—\“Œ•”,¼ðŽs,50326768,96,132,
“Œ—\“Œ•”,¼ðŽs,50326769,100,137,
“Œ—\“Œ•”,¼ðŽs,50326777,117,|,
“Œ—\“Œ•”,¼ðŽs,50326778,117,|,
“Œ—\“Œ•”,¼ðŽs,50326779,102,140,
“Œ—\“Œ•”,¼ðŽs,50326787,117,|,
“Œ—\“Œ•”,¼ðŽs,50326788,117,|,
“Œ—\“Œ•”,¼ðŽs,50326789,108,149,
“Œ—\“Œ•”,¼ðŽs,50326798,117,|,
“Œ—\“Œ•”,¼ðŽs,50326799,117,|,
“Œ—\“Œ•”,¼ðŽs,50327708,112,154,
“Œ—\“Œ•”,¼ðŽs,50327709,117,|,
“Œ—\“Œ•”,¼ðŽs,50327718,112,154,
“Œ—\“Œ•”,¼ðŽs,50327719,110,151,
“Œ—\“Œ•”,¼ðŽs,50327728,111,153,
“Œ—\“Œ•”,¼ðŽs,50327729,110,151,
“Œ—\“Œ•”,¼ðŽs,50327738,110,152,
“Œ—\“Œ•”,¼ðŽs,50327739,113,155,
“Œ—\“Œ•”,¼ðŽs,50327749,106,146,
“Œ—\“Œ•”,¼ðŽs,50335013,213,|,
“Œ—\“Œ•”,¼ðŽs,50335014,213,|,
“Œ—\“Œ•”,¼ðŽs,50335015,213,|,
“Œ—\“Œ•”,¼ðŽs,50335016,213,|,
“Œ—\“Œ•”,¼ðŽs,50335017,213,|,
“Œ—\“Œ•”,¼ðŽs,50335021,213,|,
“Œ—\“Œ•”,¼ðŽs,50335022,213,|,
“Œ—\“Œ•”,¼ðŽs,50335023,122,168,
“Œ—\“Œ•”,¼ðŽs,50335024,121,166,
“Œ—\“Œ•”,¼ðŽs,50335025,213,|,
“Œ—\“Œ•”,¼ðŽs,50335026,213,|,
“Œ—\“Œ•”,¼ðŽs,50335027,213,|,
“Œ—\“Œ•”,¼ðŽs,50335028,213,|,
“Œ—\“Œ•”,¼ðŽs,50335029,175,241,
“Œ—\“Œ•”,¼ðŽs,50335031,113,156,
“Œ—\“Œ•”,¼ðŽs,50335032,116,159,
“Œ—\“Œ•”,¼ðŽs,50335033,132,182,
“Œ—\“Œ•”,¼ðŽs,50335034,118,163,
“Œ—\“Œ•”,¼ðŽs,50335035,213,|,
“Œ—\“Œ•”,¼ðŽs,50335036,175,241,
“Œ—\“Œ•”,¼ðŽs,50335037,176,242,
“Œ—\“Œ•”,¼ðŽs,50335038,213,|,
“Œ—\“Œ•”,¼ðŽs,50335039,176,242,
“Œ—\“Œ•”,¼ðŽs,50335042,118,162,
“Œ—\“Œ•”,¼ðŽs,50335043,126,173,
“Œ—\“Œ•”,¼ðŽs,50335044,213,|,
“Œ—\“Œ•”,¼ðŽs,50335045,213,|,
“Œ—\“Œ•”,¼ðŽs,50335046,176,242,
“Œ—\“Œ•”,¼ðŽs,50335047,176,242,
“Œ—\“Œ•”,¼ðŽs,50335048,213,|,
“Œ—\“Œ•”,¼ðŽs,50335049,177,243,
“Œ—\“Œ•”,¼ðŽs,50335051,113,156,
“Œ—\“Œ•”,¼ðŽs,50335052,111,153,
“Œ—\“Œ•”,¼ðŽs,50335053,113,156,
“Œ—\“Œ•”,¼ðŽs,50335054,213,|,
“Œ—\“Œ•”,¼ðŽs,50335055,213,|,
“Œ—\“Œ•”,¼ðŽs,50335056,177,243,
“Œ—\“Œ•”,¼ðŽs,50335057,177,243,
“Œ—\“Œ•”,¼ðŽs,50335058,213,|,
“Œ—\“Œ•”,¼ðŽs,50335059,213,|,
“Œ—\“Œ•”,¼ðŽs,50335061,116,160,
“Œ—\“Œ•”,¼ðŽs,50335062,118,163,
“Œ—\“Œ•”,¼ðŽs,50335063,120,165,
“Œ—\“Œ•”,¼ðŽs,50335064,213,|,
“Œ—\“Œ•”,¼ðŽs,50335065,213,|,
“Œ—\“Œ•”,¼ðŽs,50335066,127,175,
“Œ—\“Œ•”,¼ðŽs,50335067,126,173,
“Œ—\“Œ•”,¼ðŽs,50335068,127,175,
“Œ—\“Œ•”,¼ðŽs,50335069,213,|,
“Œ—\“Œ•”,¼ðŽs,50335071,116,160,
“Œ—\“Œ•”,¼ðŽs,50335072,119,164,
“Œ—\“Œ•”,¼ðŽs,50335073,126,173,
“Œ—\“Œ•”,¼ðŽs,50335074,134,184,
“Œ—\“Œ•”,¼ðŽs,50335075,213,|,
“Œ—\“Œ•”,¼ðŽs,50335076,213,|,
“Œ—\“Œ•”,¼ðŽs,50335077,132,182,
“Œ—\“Œ•”,¼ðŽs,50335078,126,173,
“Œ—\“Œ•”,¼ðŽs,50335079,124,171,
“Œ—\“Œ•”,¼ðŽs,50335080,110,152,
“Œ—\“Œ•”,¼ðŽs,50335081,116,160,
“Œ—\“Œ•”,¼ðŽs,50335082,118,163,
“Œ—\“Œ•”,¼ðŽs,50335083,125,172,
“Œ—\“Œ•”,¼ðŽs,50335084,128,176,
“Œ—\“Œ•”,¼ðŽs,50335085,136,187,
“Œ—\“Œ•”,¼ðŽs,50335086,213,|,
“Œ—\“Œ•”,¼ðŽs,50335087,213,|,
“Œ—\“Œ•”,¼ðŽs,50335088,133,183,
“Œ—\“Œ•”,¼ðŽs,50335089,132,182,
“Œ—\“Œ•”,¼ðŽs,50335090,105,145,
“Œ—\“Œ•”,¼ðŽs,50335091,111,153,
“Œ—\“Œ•”,¼ðŽs,50335092,113,155,
“Œ—\“Œ•”,¼ðŽs,50335093,117,161,
“Œ—\“Œ•”,¼ðŽs,50335094,126,173,
“Œ—\“Œ•”,¼ðŽs,50335095,130,179,
“Œ—\“Œ•”,¼ðŽs,50335096,213,|,
“Œ—\“Œ•”,¼ðŽs,50335097,213,|,
“Œ—\“Œ•”,¼ðŽs,50335098,132,182,
“Œ—\“Œ•”,¼ðŽs,50335099,127,174,
“Œ—\“Œ•”,¼ðŽs,50335102,213,|,
“Œ—\“Œ•”,¼ðŽs,50335111,152,209,
“Œ—\“Œ•”,¼ðŽs,50335112,213,|,
“Œ—\“Œ•”,¼ðŽs,50335113,213,|,
“Œ—\“Œ•”,¼ðŽs,50335120,151,207,
“Œ—\“Œ•”,¼ðŽs,50335121,151,207,
“Œ—\“Œ•”,¼ðŽs,50335122,213,|,
“Œ—\“Œ•”,¼ðŽs,50335123,213,|,
“Œ—\“Œ•”,¼ðŽs,50335124,148,204,
“Œ—\“Œ•”,¼ðŽs,50335130,151,207,
“Œ—\“Œ•”,¼ðŽs,50335131,151,207,
“Œ—\“Œ•”,¼ðŽs,50335132,150,206,
“Œ—\“Œ•”,¼ðŽs,50335133,213,|,
“Œ—\“Œ•”,¼ðŽs,50335134,213,|,
“Œ—\“Œ•”,¼ðŽs,50335140,147,202,
“Œ—\“Œ•”,¼ðŽs,50335141,151,207,
“Œ—\“Œ•”,¼ðŽs,50335142,150,206,
“Œ—\“Œ•”,¼ðŽs,50335143,213,|,
“Œ—\“Œ•”,¼ðŽs,50335144,213,|,
“Œ—\“Œ•”,¼ðŽs,50335147,170,|,
“Œ—\“Œ•”,¼ðŽs,50335148,170,|,
“Œ—\“Œ•”,¼ðŽs,50335149,170,|,
“Œ—\“Œ•”,¼ðŽs,50335150,156,214,
“Œ—\“Œ•”,¼ðŽs,50335151,151,207,
“Œ—\“Œ•”,¼ðŽs,50335152,150,206,
“Œ—\“Œ•”,¼ðŽs,50335153,150,206,
“Œ—\“Œ•”,¼ðŽs,50335154,151,207,
“Œ—\“Œ•”,¼ðŽs,50335155,145,199,
“Œ—\“Œ•”,¼ðŽs,50335156,170,|,
“Œ—\“Œ•”,¼ðŽs,50335157,170,|,
“Œ—\“Œ•”,¼ðŽs,50335158,170,|,
“Œ—\“Œ•”,¼ðŽs,50335159,170,|,
“Œ—\“Œ•”,¼ðŽs,50335160,213,|,
“Œ—\“Œ•”,¼ðŽs,50335161,140,192,
“Œ—\“Œ•”,¼ðŽs,50335162,132,182,
“Œ—\“Œ•”,¼ðŽs,50335163,138,190,
“Œ—\“Œ•”,¼ðŽs,50335164,134,184,
“Œ—\“Œ•”,¼ðŽs,50335165,157,216,
“Œ—\“Œ•”,¼ðŽs,50335166,170,|,
“Œ—\“Œ•”,¼ðŽs,50335167,170,|,
“Œ—\“Œ•”,¼ðŽs,50335168,170,|,
“Œ—\“Œ•”,¼ðŽs,50335169,170,|,
“Œ—\“Œ•”,¼ðŽs,50335170,142,195,
“Œ—\“Œ•”,¼ðŽs,50335171,138,190,
“Œ—\“Œ•”,¼ðŽs,50335172,138,190,
“Œ—\“Œ•”,¼ðŽs,50335173,151,207,
“Œ—\“Œ•”,¼ðŽs,50335174,139,191,
“Œ—\“Œ•”,¼ðŽs,50335175,157,216,
“Œ—\“Œ•”,¼ðŽs,50335176,170,|,
“Œ—\“Œ•”,¼ðŽs,50335177,170,|,
“Œ—\“Œ•”,¼ðŽs,50335178,156,214,
“Œ—\“Œ•”,¼ðŽs,50335179,157,216,
“Œ—\“Œ•”,¼ðŽs,50335180,135,185,
“Œ—\“Œ•”,¼ðŽs,50335181,136,187,
“Œ—\“Œ•”,¼ðŽs,50335182,135,186,
“Œ—\“Œ•”,¼ðŽs,50335183,139,191,
“Œ—\“Œ•”,¼ðŽs,50335184,133,183,
“Œ—\“Œ•”,¼ðŽs,50335185,170,|,
“Œ—\“Œ•”,¼ðŽs,50335186,170,|,
“Œ—\“Œ•”,¼ðŽs,50335187,170,|,
“Œ—\“Œ•”,¼ðŽs,50335188,156,214,
“Œ—\“Œ•”,¼ðŽs,50335189,156,215,
“Œ—\“Œ•”,¼ðŽs,50335190,125,172,
“Œ—\“Œ•”,¼ðŽs,50335191,125,172,
“Œ—\“Œ•”,¼ðŽs,50335192,132,182,
“Œ—\“Œ•”,¼ðŽs,50335193,129,177,
“Œ—\“Œ•”,¼ðŽs,50335194,129,177,
“Œ—\“Œ•”,¼ðŽs,50335195,170,|,
“Œ—\“Œ•”,¼ðŽs,50335196,170,|,
“Œ—\“Œ•”,¼ðŽs,50335197,170,|,
“Œ—\“Œ•”,¼ðŽs,50335198,156,214,
“Œ—\“Œ•”,¼ðŽs,50335199,156,215,
“Œ—\“Œ•”,¼ðŽs,50335250,170,|,
“Œ—\“Œ•”,¼ðŽs,50335260,170,|,
“Œ—\“Œ•”,¼ðŽs,50335270,170,233,
“Œ—\“Œ•”,¼ðŽs,50335280,170,233,
“Œ—\“Œ•”,¼ðŽs,50335290,169,232,
“Œ—\“Œ•”,¼ðŽs,50335291,170,233,
“Œ—\“Œ•”,¼ðŽs,50336000,100,137,
“Œ—\“Œ•”,¼ðŽs,50336001,105,144,
“Œ—\“Œ•”,¼ðŽs,50336002,111,153,
“Œ—\“Œ•”,¼ðŽs,50336003,117,161,
“Œ—\“Œ•”,¼ðŽs,50336004,124,171,
“Œ—\“Œ•”,¼ðŽs,50336005,135,185,
“Œ—\“Œ•”,¼ðŽs,50336006,213,|,
“Œ—\“Œ•”,¼ðŽs,50336007,106,146,
“Œ—\“Œ•”,¼ðŽs,50336008,105,144,
“Œ—\“Œ•”,¼ðŽs,50336009,127,174,
“Œ—\“Œ•”,¼ðŽs,50336010,97,134,
“Œ—\“Œ•”,¼ðŽs,50336011,102,141,
“Œ—\“Œ•”,¼ðŽs,50336012,110,151,
“Œ—\“Œ•”,¼ðŽs,50336013,111,153,
“Œ—\“Œ•”,¼ðŽs,50336014,114,157,
“Œ—\“Œ•”,¼ðŽs,50336015,213,|,
“Œ—\“Œ•”,¼ðŽs,50336016,213,|,
“Œ—\“Œ•”,¼ðŽs,50336017,105,144,
“Œ—\“Œ•”,¼ðŽs,50336018,104,143,
“Œ—\“Œ•”,¼ðŽs,50336019,126,173,
“Œ—\“Œ•”,¼ðŽs,50336020,104,143,
“Œ—\“Œ•”,¼ðŽs,50336021,104,143,
“Œ—\“Œ•”,¼ðŽs,50336022,107,147,
“Œ—\“Œ•”,¼ðŽs,50336023,105,145,
“Œ—\“Œ•”,¼ðŽs,50336024,111,153,
“Œ—\“Œ•”,¼ðŽs,50336025,127,175,
“Œ—\“Œ•”,¼ðŽs,50336026,97,134,
“Œ—\“Œ•”,¼ðŽs,50336027,97,133,
“Œ—\“Œ•”,¼ðŽs,50336028,97,133,
“Œ—\“Œ•”,¼ðŽs,50336029,128,176,
“Œ—\“Œ•”,¼ðŽs,50336030,102,141,
“Œ—\“Œ•”,¼ðŽs,50336031,103,142,
“Œ—\“Œ•”,¼ðŽs,50336032,105,144,
“Œ—\“Œ•”,¼ðŽs,50336033,110,152,
“Œ—\“Œ•”,¼ðŽs,50336034,112,154,
“Œ—\“Œ•”,¼ðŽs,50336035,124,170,
“Œ—\“Œ•”,¼ðŽs,50336036,124,171,
“Œ—\“Œ•”,¼ðŽs,50336037,125,172,
“Œ—\“Œ•”,¼ðŽs,50336038,128,|,
“Œ—\“Œ•”,¼ðŽs,50336039,126,173,
“Œ—\“Œ•”,¼ðŽs,50336040,105,144,
“Œ—\“Œ•”,¼ðŽs,50336041,102,140,
“Œ—\“Œ•”,¼ðŽs,50336042,133,|,
“Œ—\“Œ•”,¼ðŽs,50336043,133,|,
“Œ—\“Œ•”,¼ðŽs,50336044,113,156,
“Œ—\“Œ•”,¼ðŽs,50336045,121,166,
“Œ—\“Œ•”,¼ðŽs,50336046,122,168,
“Œ—\“Œ•”,¼ðŽs,50336047,122,168,
“Œ—\“Œ•”,¼ðŽs,50336048,123,169,
“Œ—\“Œ•”,¼ðŽs,50336049,124,170,
“Œ—\“Œ•”,¼ðŽs,50336050,105,144,
“Œ—\“Œ•”,¼ðŽs,50336051,101,139,
“Œ—\“Œ•”,¼ðŽs,50336052,101,139,
“Œ—\“Œ•”,¼ðŽs,50336053,133,|,
“Œ—\“Œ•”,¼ðŽs,50336054,111,153,
“Œ—\“Œ•”,¼ðŽs,50336055,123,169,
“Œ—\“Œ•”,¼ðŽs,50336056,124,170,
“Œ—\“Œ•”,¼ðŽs,50336057,124,171,
“Œ—\“Œ•”,¼ðŽs,50336058,121,166,
“Œ—\“Œ•”,¼ðŽs,50336059,122,168,
“Œ—\“Œ•”,¼ðŽs,50336060,105,145,
“Œ—\“Œ•”,¼ðŽs,50336061,101,139,
“Œ—\“Œ•”,¼ðŽs,50336062,110,151,
“Œ—\“Œ•”,¼ðŽs,50336063,118,163,
“Œ—\“Œ•”,¼ðŽs,50336064,133,|,
“Œ—\“Œ•”,¼ðŽs,50336065,133,|,
“Œ—\“Œ•”,¼ðŽs,50336066,122,168,
“Œ—\“Œ•”,¼ðŽs,50336067,124,170,
“Œ—\“Œ•”,¼ðŽs,50336068,124,171,
“Œ—\“Œ•”,¼ðŽs,50336069,125,172,
“Œ—\“Œ•”,¼ðŽs,50336070,102,141,
“Œ—\“Œ•”,¼ðŽs,50336071,102,140,
“Œ—\“Œ•”,¼ðŽs,50336072,101,139,
“Œ—\“Œ•”,¼ðŽs,50336073,113,156,
“Œ—\“Œ•”,¼ðŽs,50336074,133,|,
“Œ—\“Œ•”,¼ðŽs,50336075,133,|,
“Œ—\“Œ•”,¼ðŽs,50336076,133,|,
“Œ—\“Œ•”,¼ðŽs,50336077,133,|,
“Œ—\“Œ•”,¼ðŽs,50336078,122,168,
“Œ—\“Œ•”,¼ðŽs,50336079,133,|,
“Œ—\“Œ•”,¼ðŽs,50336080,102,141,
“Œ—\“Œ•”,¼ðŽs,50336081,101,139,
“Œ—\“Œ•”,¼ðŽs,50336082,100,138,
“Œ—\“Œ•”,¼ðŽs,50336083,113,155,
“Œ—\“Œ•”,¼ðŽs,50336084,133,|,
“Œ—\“Œ•”,¼ðŽs,50336085,133,|,
“Œ—\“Œ•”,¼ðŽs,50336086,133,|,
“Œ—\“Œ•”,¼ðŽs,50336087,133,|,
“Œ—\“Œ•”,¼ðŽs,50336088,133,|,
“Œ—\“Œ•”,¼ðŽs,50336089,133,|,
“Œ—\“Œ•”,¼ðŽs,50336090,117,|,
“Œ—\“Œ•”,¼ðŽs,50336091,102,141,
“Œ—\“Œ•”,¼ðŽs,50336092,108,149,
“Œ—\“Œ•”,¼ðŽs,50336093,112,154,
“Œ—\“Œ•”,¼ðŽs,50336094,133,|,
“Œ—\“Œ•”,¼ðŽs,50336095,133,|,
“Œ—\“Œ•”,¼ðŽs,50336096,133,|,
“Œ—\“Œ•”,¼ðŽs,50336097,133,|,
“Œ—\“Œ•”,¼ðŽs,50336098,133,|,
“Œ—\“Œ•”,¼ðŽs,50336099,133,|,
“Œ—\“Œ•”,¼ðŽs,50336100,125,172,
“Œ—\“Œ•”,¼ðŽs,50336101,126,173,
“Œ—\“Œ•”,¼ðŽs,50336102,126,173,
“Œ—\“Œ•”,¼ðŽs,50336103,131,180,
“Œ—\“Œ•”,¼ðŽs,50336104,170,|,
“Œ—\“Œ•”,¼ðŽs,50336105,170,|,
“Œ—\“Œ•”,¼ðŽs,50336106,160,220,
“Œ—\“Œ•”,¼ðŽs,50336107,160,220,
“Œ—\“Œ•”,¼ðŽs,50336108,156,214,
“Œ—\“Œ•”,¼ðŽs,50336109,156,215,
“Œ—\“Œ•”,¼ðŽs,50336110,129,178,
“Œ—\“Œ•”,¼ðŽs,50336111,126,173,
“Œ—\“Œ•”,¼ðŽs,50336112,127,174,
“Œ—\“Œ•”,¼ðŽs,50336113,170,|,
“Œ—\“Œ•”,¼ðŽs,50336114,170,|,
“Œ—\“Œ•”,¼ðŽs,50336115,156,214,
“Œ—\“Œ•”,¼ðŽs,50336116,160,220,
“Œ—\“Œ•”,¼ðŽs,50336117,160,220,
“Œ—\“Œ•”,¼ðŽs,50336118,193,|,
“Œ—\“Œ•”,¼ðŽs,50336119,156,215,
“Œ—\“Œ•”,¼ðŽs,50336120,125,172,
“Œ—\“Œ•”,¼ðŽs,50336121,127,174,
“Œ—\“Œ•”,¼ðŽs,50336122,133,183,
“Œ—\“Œ•”,¼ðŽs,50336123,133,183,
“Œ—\“Œ•”,¼ðŽs,50336124,132,181,
“Œ—\“Œ•”,¼ðŽs,50336125,129,177,
“Œ—\“Œ•”,¼ðŽs,50336126,129,177,
“Œ—\“Œ•”,¼ðŽs,50336127,134,184,
“Œ—\“Œ•”,¼ðŽs,50336128,193,|,
“Œ—\“Œ•”,¼ðŽs,50336129,140,192,
“Œ—\“Œ•”,¼ðŽs,50336130,129,177,
“Œ—\“Œ•”,¼ðŽs,50336131,132,181,
“Œ—\“Œ•”,¼ðŽs,50336132,134,184,
“Œ—\“Œ•”,¼ðŽs,50336133,135,185,
“Œ—\“Œ•”,¼ðŽs,50336134,132,181,
“Œ—\“Œ•”,¼ðŽs,50336135,129,178,
“Œ—\“Œ•”,¼ðŽs,50336136,129,178,
“Œ—\“Œ•”,¼ðŽs,50336137,136,187,
“Œ—\“Œ•”,¼ðŽs,50336138,138,190,
“Œ—\“Œ•”,¼ðŽs,50336139,193,|,
“Œ—\“Œ•”,¼ðŽs,50336140,132,181,
“Œ—\“Œ•”,¼ðŽs,50336141,131,180,
“Œ—\“Œ•”,¼ðŽs,50336142,133,183,
“Œ—\“Œ•”,¼ðŽs,50336143,133,183,
“Œ—\“Œ•”,¼ðŽs,50336144,126,173,
“Œ—\“Œ•”,¼ðŽs,50336145,135,185,
“Œ—\“Œ•”,¼ðŽs,50336146,136,187,
“Œ—\“Œ•”,¼ðŽs,50336147,138,190,
“Œ—\“Œ•”,¼ðŽs,50336148,139,191,
“Œ—\“Œ•”,¼ðŽs,50336149,141,194,
“Œ—\“Œ•”,¼ðŽs,50336150,129,178,
“Œ—\“Œ•”,¼ðŽs,50336151,127,174,
“Œ—\“Œ•”,¼ðŽs,50336152,129,178,
“Œ—\“Œ•”,¼ðŽs,50336153,129,178,
“Œ—\“Œ•”,¼ðŽs,50336154,124,171,
“Œ—\“Œ•”,¼ðŽs,50336155,124,171,
“Œ—\“Œ•”,¼ðŽs,50336156,135,186,
“Œ—\“Œ•”,¼ðŽs,50336157,137,189,
“Œ—\“Œ•”,¼ðŽs,50336158,138,190,
“Œ—\“Œ•”,¼ðŽs,50336159,140,193,
“Œ—\“Œ•”,¼ðŽs,50336160,127,175,
“Œ—\“Œ•”,¼ðŽs,50336161,129,177,
“Œ—\“Œ•”,¼ðŽs,50336162,124,170,
“Œ—\“Œ•”,¼ðŽs,50336163,121,166,
“Œ—\“Œ•”,¼ðŽs,50336164,122,168,
“Œ—\“Œ•”,¼ðŽs,50336165,117,161,
“Œ—\“Œ•”,¼ðŽs,50336166,129,177,
“Œ—\“Œ•”,¼ðŽs,50336167,137,188,
“Œ—\“Œ•”,¼ðŽs,50336168,137,189,
“Œ—\“Œ•”,¼ðŽs,50336169,138,190,
“Œ—\“Œ•”,¼ðŽs,50336170,133,|,
“Œ—\“Œ•”,¼ðŽs,50336171,125,172,
“Œ—\“Œ•”,¼ðŽs,50336172,121,167,
“Œ—\“Œ•”,¼ðŽs,50336173,123,169,
“Œ—\“Œ•”,¼ðŽs,50336174,119,164,
“Œ—\“Œ•”,¼ðŽs,50336175,120,165,
“Œ—\“Œ•”,¼ðŽs,50336176,118,162,
“Œ—\“Œ•”,¼ðŽs,50336177,124,171,
“Œ—\“Œ•”,¼ðŽs,50336178,126,173,
“Œ—\“Œ•”,¼ðŽs,50336179,127,175,
“Œ—\“Œ•”,¼ðŽs,50336180,133,|,
“Œ—\“Œ•”,¼ðŽs,50336181,133,|,
“Œ—\“Œ•”,¼ðŽs,50336182,133,|,
“Œ—\“Œ•”,¼ðŽs,50336183,133,|,
“Œ—\“Œ•”,¼ðŽs,50336184,133,|,
“Œ—\“Œ•”,¼ðŽs,50336185,123,169,
“Œ—\“Œ•”,¼ðŽs,50336186,121,166,
“Œ—\“Œ•”,¼ðŽs,50336187,118,163,
“Œ—\“Œ•”,¼ðŽs,50336188,120,165,
“Œ—\“Œ•”,¼ðŽs,50336189,120,165,
“Œ—\“Œ•”,¼ðŽs,50336190,133,|,
“Œ—\“Œ•”,¼ðŽs,50336191,133,|,
“Œ—\“Œ•”,¼ðŽs,50336192,133,|,
“Œ—\“Œ•”,¼ðŽs,50336193,133,|,
“Œ—\“Œ•”,¼ðŽs,50336194,133,|,
“Œ—\“Œ•”,¼ðŽs,50336195,133,|,
“Œ—\“Œ•”,¼ðŽs,50336196,129,178,
“Œ—\“Œ•”,¼ðŽs,50336197,117,161,
“Œ—\“Œ•”,¼ðŽs,50336198,118,163,
“Œ—\“Œ•”,¼ðŽs,50336200,169,232,
“Œ—\“Œ•”,¼ðŽs,50336201,193,|,
“Œ—\“Œ•”,¼ðŽs,50336210,169,232,
“Œ—\“Œ•”,¼ðŽs,50336211,193,|,
“Œ—\“Œ•”,¼ðŽs,50336220,193,|,
“Œ—\“Œ•”,¼ðŽs,50336221,193,|,
“Œ—\“Œ•”,¼ðŽs,50336230,147,202,
“Œ—\“Œ•”,¼ðŽs,50337000,109,150,
“Œ—\“Œ•”,¼ðŽs,50337001,113,155,
“Œ—\“Œ•”,¼ðŽs,50337002,115,158,
“Œ—\“Œ•”,¼ðŽs,50337003,113,155,
“Œ—\“Œ•”,¼ðŽs,50337004,133,|,
“Œ—\“Œ•”,¼ðŽs,50337005,133,|,
“Œ—\“Œ•”,¼ðŽs,50337006,133,|,
“Œ—\“Œ•”,¼ðŽs,50337007,133,|,
“Œ—\“Œ•”,¼ðŽs,50337008,133,|,
“Œ—\“Œ•”,¼ðŽs,50337009,133,|,
“Œ—\“Œ•”,¼ðŽs,50337010,113,156,
“Œ—\“Œ•”,¼ðŽs,50337011,122,168,
“Œ—\“Œ•”,¼ðŽs,50337012,115,158,
“Œ—\“Œ•”,¼ðŽs,50337013,112,154,
“Œ—\“Œ•”,¼ðŽs,50337014,133,|,
“Œ—\“Œ•”,¼ðŽs,50337015,133,|,
“Œ—\“Œ•”,¼ðŽs,50337016,133,|,
“Œ—\“Œ•”,¼ðŽs,50337017,133,|,
“Œ—\“Œ•”,¼ðŽs,50337018,133,|,
“Œ—\“Œ•”,¼ðŽs,50337019,133,|,
“Œ—\“Œ•”,¼ðŽs,50337020,108,148,
“Œ—\“Œ•”,¼ðŽs,50337021,111,153,
“Œ—\“Œ•”,¼ðŽs,50337022,109,150,
“Œ—\“Œ•”,¼ðŽs,50337023,106,146,
“Œ—\“Œ•”,¼ðŽs,50337024,133,|,
“Œ—\“Œ•”,¼ðŽs,50337025,133,|,
“Œ—\“Œ•”,¼ðŽs,50337026,133,|,
“Œ—\“Œ•”,¼ðŽs,50337027,133,|,
“Œ—\“Œ•”,¼ðŽs,50337028,133,|,
“Œ—\“Œ•”,¼ðŽs,50337029,133,|,
“Œ—\“Œ•”,¼ðŽs,50337030,101,139,
“Œ—\“Œ•”,¼ðŽs,50337031,100,138,
“Œ—\“Œ•”,¼ðŽs,50337032,103,142,
“Œ—\“Œ•”,¼ðŽs,50337033,133,|,
“Œ—\“Œ•”,¼ðŽs,50337034,133,|,
“Œ—\“Œ•”,¼ðŽs,50337035,133,|,
“Œ—\“Œ•”,¼ðŽs,50337036,133,|,
“Œ—\“Œ•”,¼ðŽs,50337037,133,|,
“Œ—\“Œ•”,¼ðŽs,50337038,133,|,
“Œ—\“Œ•”,¼ðŽs,50337039,133,|,
“Œ—\“Œ•”,¼ðŽs,50337040,100,138,
“Œ—\“Œ•”,¼ðŽs,50337041,99,136,
“Œ—\“Œ•”,¼ðŽs,50337042,102,141,
“Œ—\“Œ•”,¼ðŽs,50337043,101,139,
“Œ—\“Œ•”,¼ðŽs,50337044,133,|,
“Œ—\“Œ•”,¼ðŽs,50337045,133,|,
“Œ—\“Œ•”,¼ðŽs,50337046,133,|,
“Œ—\“Œ•”,¼ðŽs,50337047,133,|,
“Œ—\“Œ•”,¼ðŽs,50337053,101,139,
“Œ—\“Œ•”,¼ðŽs,50337054,97,134,
“Œ—\“Œ•”,¼ðŽs,50337055,133,|,
“Œ—\“Œ•”,¼ðŽs,50337056,133,|,
“Œ—\“Œ•”,¼ðŽs,50337063,97,134,
“Œ—\“Œ•”,¼ðŽs,50337064,97,134,
“Œ—\“Œ•”,¼ðŽs,50337065,133,|,
“Œ—\“Œ•”,¼ðŽs,50337074,97,134,
“Œ—\“Œ•”,¼ðŽs,50337075,108,149,
“Œ—\“Œ•”,¼ðŽs,50337100,133,|,
“Œ—\“Œ•”,¼ðŽs,50337101,133,|,
“Œ—\“Œ•”,¼ðŽs,50337102,133,|,
“Œ—\“Œ•”,¼ðŽs,50337103,133,|,
“Œ—\“Œ•”,¼ðŽs,50337104,133,|,
“Œ—\“Œ•”,¼ðŽs,50337105,133,|,
“Œ—\“Œ•”,¼ðŽs,50337106,133,|,
“Œ—\“Œ•”,¼ðŽs,50337107,133,|,
“Œ—\“Œ•”,¼ðŽs,50337108,133,|,
“Œ—\“Œ•”,¼ðŽs,50337109,124,171,
“Œ—\“Œ•”,¼ðŽs,50337110,133,|,
“Œ—\“Œ•”,¼ðŽs,50337111,133,|,
“Œ—\“Œ•”,¼ðŽs,50337112,133,|,
“Œ—\“Œ•”,¼ðŽs,50337113,133,|,
“Œ—\“Œ•”,¼ðŽs,50337114,133,|,
“Œ—\“Œ•”,¼ðŽs,50337115,133,|,
“Œ—\“Œ•”,¼ðŽs,50337116,133,|,
“Œ—\“Œ•”,¼ðŽs,50337117,125,172,
“Œ—\“Œ•”,¼ðŽs,50337118,126,173,
“Œ—\“Œ•”,¼ðŽs,50337119,122,168,
“Œ—\“Œ•”,¼ðŽs,50337120,133,|,
“Œ—\“Œ•”,¼ðŽs,50337122,133,|,
“Œ—\“Œ•”,¼ðŽs,50337123,133,|,
“Œ—\“Œ•”,¼ðŽs,50337124,133,|,
“Œ—\“Œ•”,¼ðŽs,50337125,133,|,
“Œ—\“Œ•”,¼ðŽs,50337126,133,|,
“Œ—\“Œ•”,¼ðŽs,50337127,123,169,
“Œ—\“Œ•”,¼ðŽs,50337128,124,170,
“Œ—\“Œ•”,¼ðŽs,50337134,133,|,
“Œ—\“Œ•”,¼ðŽs,50337135,133,|,
“Œ—\“Œ•”,¼ðŽs,50337136,133,|,
“Œ—\“Œ•”,¼ðŽs,50337137,112,154,
“Œ—\“Œ•”,¼ðŽs,50337138,117,161,
“Œ—\“Œ•”,¼ðŽs,50337147,133,|,
“Œ—\“Œ•”,Žl‘’†‰›Žs,50336259,193,|,
“Œ—\“Œ•”,Žl‘’†‰›Žs,50336268,193,|,
“Œ—\“Œ•”,Žl‘’†‰›Žs,50336269,193,|,
“Œ—\“Œ•”,Žl‘’†‰›Žs,50336279,148,203,
“Œ—\“Œ•”,Žl‘’†‰›Žs,50336289,131,180,
“Œ—\“Œ•”,Žl‘’†‰›Žs,50336299,136,187,
“Œ—\“Œ•”,Žl‘’†‰›Žs,50336306,193,|,
“Œ—\“Œ•”,Žl‘’†‰›Žs,50336307,193,|,
“Œ—\“Œ•”,Žl‘’†‰›Žs,50336308,193,|,
“Œ—\“Œ•”,Žl‘’†‰›Žs,50336309,193,|,
“Œ—\“Œ•”,Žl‘’†‰›Žs,50336316,193,|,
“Œ—\“Œ•”,Žl‘’†‰›Žs,50336317,193,|,
“Œ—\“Œ•”,Žl‘’†‰›Žs,50336318,193,|,
“Œ—\“Œ•”,Žl‘’†‰›Žs,50336319,193,|,
“Œ—\“Œ•”,Žl‘’†‰›Žs,50336326,121,167,
“Œ—\“Œ•”,Žl‘’†‰›Žs,50336327,121,167,
“Œ—\“Œ•”,Žl‘’†‰›Žs,50336328,127,175,
“Œ—\“Œ•”,Žl‘’†‰›Žs,50336329,193,|,
“Œ—\“Œ•”,Žl‘’†‰›Žs,50336336,120,165,
“Œ—\“Œ•”,Žl‘’†‰›Žs,50336337,121,166,
“Œ—\“Œ•”,Žl‘’†‰›Žs,50336338,130,179,
“Œ—\“Œ•”,Žl‘’†‰›Žs,50336339,193,|,
“Œ—\“Œ•”,Žl‘’†‰›Žs,50336346,124,170,
“Œ—\“Œ•”,Žl‘’†‰›Žs,50336347,124,170,
“Œ—\“Œ•”,Žl‘’†‰›Žs,50336348,130,179,
“Œ—\“Œ•”,Žl‘’†‰›Žs,50336349,193,|,
“Œ—\“Œ•”,Žl‘’†‰›Žs,50336350,193,|,
“Œ—\“Œ•”,Žl‘’†‰›Žs,50336356,193,|,
“Œ—\“Œ•”,Žl‘’†‰›Žs,50336357,128,176,
“Œ—\“Œ•”,Žl‘’†‰›Žs,50336358,129,178,
“Œ—\“Œ•”,Žl‘’†‰›Žs,50336359,193,|,
“Œ—\“Œ•”,Žl‘’†‰›Žs,50336360,193,|,
“Œ—\“Œ•”,Žl‘’†‰›Žs,50336361,193,|,
“Œ—\“Œ•”,Žl‘’†‰›Žs,50336362,193,|,
“Œ—\“Œ•”,Žl‘’†‰›Žs,50336366,193,|,
“Œ—\“Œ•”,Žl‘’†‰›Žs,50336367,127,175,
“Œ—\“Œ•”,Žl‘’†‰›Žs,50336368,128,176,
“Œ—\“Œ•”,Žl‘’†‰›Žs,50336369,129,178,
“Œ—\“Œ•”,Žl‘’†‰›Žs,50336370,193,|,
“Œ—\“Œ•”,Žl‘’†‰›Žs,50336371,193,|,
“Œ—\“Œ•”,Žl‘’†‰›Žs,50336372,193,|,
“Œ—\“Œ•”,Žl‘’†‰›Žs,50336373,193,|,
“Œ—\“Œ•”,Žl‘’†‰›Žs,50336374,193,|,
“Œ—\“Œ•”,Žl‘’†‰›Žs,50336375,193,|,
“Œ—\“Œ•”,Žl‘’†‰›Žs,50336376,193,|,
“Œ—\“Œ•”,Žl‘’†‰›Žs,50336377,127,175,
“Œ—\“Œ•”,Žl‘’†‰›Žs,50336378,127,175,
“Œ—\“Œ•”,Žl‘’†‰›Žs,50336379,193,|,
“Œ—\“Œ•”,Žl‘’†‰›Žs,50336380,193,|,
“Œ—\“Œ•”,Žl‘’†‰›Žs,50336381,193,|,
“Œ—\“Œ•”,Žl‘’†‰›Žs,50336382,193,|,
“Œ—\“Œ•”,Žl‘’†‰›Žs,50336383,193,|,
“Œ—\“Œ•”,Žl‘’†‰›Žs,50336384,193,|,
“Œ—\“Œ•”,Žl‘’†‰›Žs,50336385,193,|,
“Œ—\“Œ•”,Žl‘’†‰›Žs,50336386,193,|,
“Œ—\“Œ•”,Žl‘’†‰›Žs,50336387,191,262,
“Œ—\“Œ•”,Žl‘’†‰›Žs,50336388,193,|,
“Œ—\“Œ•”,Žl‘’†‰›Žs,50336389,191,262,
“Œ—\“Œ•”,Žl‘’†‰›Žs,50336390,193,|,
“Œ—\“Œ•”,Žl‘’†‰›Žs,50336391,193,|,
“Œ—\“Œ•”,Žl‘’†‰›Žs,50336392,193,|,
“Œ—\“Œ•”,Žl‘’†‰›Žs,50336393,193,|,
“Œ—\“Œ•”,Žl‘’†‰›Žs,50336394,193,|,
“Œ—\“Œ•”,Žl‘’†‰›Žs,50336395,193,|,
“Œ—\“Œ•”,Žl‘’†‰›Žs,50336396,193,|,
“Œ—\“Œ•”,Žl‘’†‰›Žs,50336397,193,|,
“Œ—\“Œ•”,Žl‘’†‰›Žs,50336398,193,|,
“Œ—\“Œ•”,Žl‘’†‰›Žs,50336399,191,262,
“Œ—\“Œ•”,Žl‘’†‰›Žs,50336400,193,|,
“Œ—\“Œ•”,Žl‘’†‰›Žs,50336410,193,|,
“Œ—\“Œ•”,Žl‘’†‰›Žs,50336420,193,|,
“Œ—\“Œ•”,Žl‘’†‰›Žs,50336421,193,|,
“Œ—\“Œ•”,Žl‘’†‰›Žs,50336430,193,|,
“Œ—\“Œ•”,Žl‘’†‰›Žs,50336431,193,|,
“Œ—\“Œ•”,Žl‘’†‰›Žs,50336440,148,203,
“Œ—\“Œ•”,Žl‘’†‰›Žs,50336441,193,|,
“Œ—\“Œ•”,Žl‘’†‰›Žs,50336442,193,|,
“Œ—\“Œ•”,Žl‘’†‰›Žs,50336446,193,|,
“Œ—\“Œ•”,Žl‘’†‰›Žs,50336450,137,188,
“Œ—\“Œ•”,Žl‘’†‰›Žs,50336451,193,|,
“Œ—\“Œ•”,Žl‘’†‰›Žs,50336452,193,|,
“Œ—\“Œ•”,Žl‘’†‰›Žs,50336453,193,|,
“Œ—\“Œ•”,Žl‘’†‰›Žs,50336455,193,|,
“Œ—\“Œ•”,Žl‘’†‰›Žs,50336456,193,|,
“Œ—\“Œ•”,Žl‘’†‰›Žs,50336457,193,|,
“Œ—\“Œ•”,Žl‘’†‰›Žs,50336459,193,|,
“Œ—\“Œ•”,Žl‘’†‰›Žs,50336460,134,184,
“Œ—\“Œ•”,Žl‘’†‰›Žs,50336461,135,185,
“Œ—\“Œ•”,Žl‘’†‰›Žs,50336462,193,|,
“Œ—\“Œ•”,Žl‘’†‰›Žs,50336463,193,|,
“Œ—\“Œ•”,Žl‘’†‰›Žs,50336464,193,|,
“Œ—\“Œ•”,Žl‘’†‰›Žs,50336465,193,|,
“Œ—\“Œ•”,Žl‘’†‰›Žs,50336466,193,|,
“Œ—\“Œ•”,Žl‘’†‰›Žs,50336467,193,|,
“Œ—\“Œ•”,Žl‘’†‰›Žs,50336468,193,|,
“Œ—\“Œ•”,Žl‘’†‰›Žs,50336469,193,|,
“Œ—\“Œ•”,Žl‘’†‰›Žs,50336470,193,|,
“Œ—\“Œ•”,Žl‘’†‰›Žs,50336471,133,183,
“Œ—\“Œ•”,Žl‘’†‰›Žs,50336472,193,|,
“Œ—\“Œ•”,Žl‘’†‰›Žs,50336473,193,|,
“Œ—\“Œ•”,Žl‘’†‰›Žs,50336474,193,|,
“Œ—\“Œ•”,Žl‘’†‰›Žs,50336475,193,|,
“Œ—\“Œ•”,Žl‘’†‰›Žs,50336476,135,185,
“Œ—\“Œ•”,Žl‘’†‰›Žs,50336477,193,|,
“Œ—\“Œ•”,Žl‘’†‰›Žs,50336478,193,|,
“Œ—\“Œ•”,Žl‘’†‰›Žs,50336479,193,|,
“Œ—\“Œ•”,Žl‘’†‰›Žs,50336480,145,199,
“Œ—\“Œ•”,Žl‘’†‰›Žs,50336481,149,205,
“Œ—\“Œ•”,Žl‘’†‰›Žs,50336482,144,198,
“Œ—\“Œ•”,Žl‘’†‰›Žs,50336483,193,|,
“Œ—\“Œ•”,Žl‘’†‰›Žs,50336484,193,|,
“Œ—\“Œ•”,Žl‘’†‰›Žs,50336485,193,|,
“Œ—\“Œ•”,Žl‘’†‰›Žs,50336486,137,189,
“Œ—\“Œ•”,Žl‘’†‰›Žs,50336487,193,|,
“Œ—\“Œ•”,Žl‘’†‰›Žs,50336488,193,|,
“Œ—\“Œ•”,Žl‘’†‰›Žs,50336489,193,|,
“Œ—\“Œ•”,Žl‘’†‰›Žs,50336490,150,206,
“Œ—\“Œ•”,Žl‘’†‰›Žs,50336491,144,198,
“Œ—\“Œ•”,Žl‘’†‰›Žs,50336492,148,204,
“Œ—\“Œ•”,Žl‘’†‰›Žs,50336493,148,204,
“Œ—\“Œ•”,Žl‘’†‰›Žs,50336494,143,197,
“Œ—\“Œ•”,Žl‘’†‰›Žs,50336495,193,|,
“Œ—\“Œ•”,Žl‘’†‰›Žs,50336496,193,|,
“Œ—\“Œ•”,Žl‘’†‰›Žs,50336497,193,|,
“Œ—\“Œ•”,Žl‘’†‰›Žs,50336498,193,|,
“Œ—\“Œ•”,Žl‘’†‰›Žs,50336499,193,|,
“Œ—\“Œ•”,Žl‘’†‰›Žs,50336550,193,|,
“Œ—\“Œ•”,Žl‘’†‰›Žs,50336560,193,|,
“Œ—\“Œ•”,Žl‘’†‰›Žs,50336561,193,|,
“Œ—\“Œ•”,Žl‘’†‰›Žs,50336562,193,|,
“Œ—\“Œ•”,Žl‘’†‰›Žs,50336570,193,|,
“Œ—\“Œ•”,Žl‘’†‰›Žs,50336571,193,|,
“Œ—\“Œ•”,Žl‘’†‰›Žs,50336572,193,|,
“Œ—\“Œ•”,Žl‘’†‰›Žs,50336573,193,|,
“Œ—\“Œ•”,Žl‘’†‰›Žs,50336580,126,173,
“Œ—\“Œ•”,Žl‘’†‰›Žs,50336581,127,175,
“Œ—\“Œ•”,Žl‘’†‰›Žs,50336582,193,|,
“Œ—\“Œ•”,Žl‘’†‰›Žs,50336583,121,166,
“Œ—\“Œ•”,Žl‘’†‰›Žs,50336590,127,175,
“Œ—\“Œ•”,Žl‘’†‰›Žs,50336591,124,171,
“Œ—\“Œ•”,Žl‘’†‰›Žs,50336592,126,173,
“Œ—\“Œ•”,Žl‘’†‰›Žs,50336593,114,157,
“Œ—\“Œ•”,Žl‘’†‰›Žs,50336594,116,160,
“Œ—\“Œ•”,Žl‘’†‰›Žs,50337219,129,178,
“Œ—\“Œ•”,Žl‘’†‰›Žs,50337229,129,177,
“Œ—\“Œ•”,Žl‘’†‰›Žs,50337300,193,|,
“Œ—\“Œ•”,Žl‘’†‰›Žs,50337301,193,|,
“Œ—\“Œ•”,Žl‘’†‰›Žs,50337302,193,|,
“Œ—\“Œ•”,Žl‘’†‰›Žs,50337303,193,|,
“Œ—\“Œ•”,Žl‘’†‰›Žs,50337304,193,|,
“Œ—\“Œ•”,Žl‘’†‰›Žs,50337305,191,263,
“Œ—\“Œ•”,Žl‘’†‰›Žs,50337306,191,263,
“Œ—\“Œ•”,Žl‘’†‰›Žs,50337307,191,263,
“Œ—\“Œ•”,Žl‘’†‰›Žs,50337308,193,|,
“Œ—\“Œ•”,Žl‘’†‰›Žs,50337309,191,262,
“Œ—\“Œ•”,Žl‘’†‰›Žs,50337310,143,196,
“Œ—\“Œ•”,Žl‘’†‰›Žs,50337311,142,195,
“Œ—\“Œ•”,Žl‘’†‰›Žs,50337312,193,|,
“Œ—\“Œ•”,Žl‘’†‰›Žs,50337313,193,|,
“Œ—\“Œ•”,Žl‘’†‰›Žs,50337314,193,|,
“Œ—\“Œ•”,Žl‘’†‰›Žs,50337315,191,263,
“Œ—\“Œ•”,Žl‘’†‰›Žs,50337316,191,263,
“Œ—\“Œ•”,Žl‘’†‰›Žs,50337317,191,263,
“Œ—\“Œ•”,Žl‘’†‰›Žs,50337318,191,263,
“Œ—\“Œ•”,Žl‘’†‰›Žs,50337319,191,262,
“Œ—\“Œ•”,Žl‘’†‰›Žs,50337320,141,194,
“Œ—\“Œ•”,Žl‘’†‰›Žs,50337321,141,194,
“Œ—\“Œ•”,Žl‘’†‰›Žs,50337322,141,194,
“Œ—\“Œ•”,Žl‘’†‰›Žs,50337323,141,194,
“Œ—\“Œ•”,Žl‘’†‰›Žs,50337324,140,193,
“Œ—\“Œ•”,Žl‘’†‰›Žs,50337325,193,265,
“Œ—\“Œ•”,Žl‘’†‰›Žs,50337326,192,264,
“Œ—\“Œ•”,Žl‘’†‰›Žs,50337327,191,263,
“Œ—\“Œ•”,Žl‘’†‰›Žs,50337328,191,263,
“Œ—\“Œ•”,Žl‘’†‰›Žs,50337329,191,263,
“Œ—\“Œ•”,Žl‘’†‰›Žs,50337330,135,186,
“Œ—\“Œ•”,Žl‘’†‰›Žs,50337331,135,186,
“Œ—\“Œ•”,Žl‘’†‰›Žs,50337332,140,192,
“Œ—\“Œ•”,Žl‘’†‰›Žs,50337333,140,192,
“Œ—\“Œ•”,Žl‘’†‰›Žs,50337334,140,192,
“Œ—\“Œ•”,Žl‘’†‰›Žs,50337335,193,265,
“Œ—\“Œ•”,Žl‘’†‰›Žs,50337336,192,264,
“Œ—\“Œ•”,Žl‘’†‰›Žs,50337337,191,263,
“Œ—\“Œ•”,Žl‘’†‰›Žs,50337338,191,263,
“Œ—\“Œ•”,Žl‘’†‰›Žs,50337339,191,263,
“Œ—\“Œ•”,Žl‘’†‰›Žs,50337340,121,166,
“Œ—\“Œ•”,Žl‘’†‰›Žs,50337341,122,168,
“Œ—\“Œ•”,Žl‘’†‰›Žs,50337342,123,169,
“Œ—\“Œ•”,Žl‘’†‰›Žs,50337343,129,177,
“Œ—\“Œ•”,Žl‘’†‰›Žs,50337344,128,176,
“Œ—\“Œ•”,Žl‘’†‰›Žs,50337345,127,175,
“Œ—\“Œ•”,Žl‘’†‰›Žs,50337346,127,175,
“Œ—\“Œ•”,Žl‘’†‰›Žs,50337347,125,172,
“Œ—\“Œ•”,Žl‘’†‰›Žs,50337348,124,170,
“Œ—\“Œ•”,Žl‘’†‰›Žs,50337349,122,168,
“Œ—\“Œ•”,Žl‘’†‰›Žs,50337350,114,157,
“Œ—\“Œ•”,Žl‘’†‰›Žs,50337351,115,158,
“Œ—\“Œ•”,Žl‘’†‰›Žs,50337352,116,160,
“Œ—\“Œ•”,Žl‘’†‰›Žs,50337353,121,167,
“Œ—\“Œ•”,Žl‘’†‰›Žs,50337354,116,160,
“Œ—\“Œ•”,Žl‘’†‰›Žs,50337355,126,173,
“Œ—\“Œ•”,Žl‘’†‰›Žs,50337356,126,173,
“Œ—\“Œ•”,Žl‘’†‰›Žs,50337357,124,171,
“Œ—\“Œ•”,Žl‘’†‰›Žs,50337358,124,170,
“Œ—\“Œ•”,Žl‘’†‰›Žs,50337359,122,168,
“Œ—\“Œ•”,Žl‘’†‰›Žs,50337361,122,168,
“Œ—\“Œ•”,Žl‘’†‰›Žs,50337362,118,163,
“Œ—\“Œ•”,Žl‘’†‰›Žs,50337363,115,158,
“Œ—\“Œ•”,Žl‘’†‰›Žs,50337364,126,|,
“Œ—\“Œ•”,Žl‘’†‰›Žs,50337365,126,|,
“Œ—\“Œ•”,Žl‘’†‰›Žs,50337366,126,|,
“Œ—\“Œ•”,Žl‘’†‰›Žs,50337367,126,|,
“Œ—\“Œ•”,Žl‘’†‰›Žs,50337368,122,168,
“Œ—\“Œ•”,Žl‘’†‰›Žs,50337369,121,166,
“Œ—\“Œ•”,Žl‘’†‰›Žs,50337371,115,158,
“Œ—\“Œ•”,Žl‘’†‰›Žs,50337372,116,160,
“Œ—\“Œ•”,Žl‘’†‰›Žs,50337373,117,161,
“Œ—\“Œ•”,Žl‘’†‰›Žs,50337374,126,|,
“Œ—\“Œ•”,Žl‘’†‰›Žs,50337375,126,|,
“Œ—\“Œ•”,Žl‘’†‰›Žs,50337376,126,|,
“Œ—\“Œ•”,Žl‘’†‰›Žs,50337377,126,|,
“Œ—\“Œ•”,Žl‘’†‰›Žs,50337381,113,156,
“Œ—\“Œ•”,Žl‘’†‰›Žs,50337382,115,158,
“Œ—\“Œ•”,Žl‘’†‰›Žs,50337383,115,158,
“Œ—\“Œ•”,Žl‘’†‰›Žs,50337384,126,|,
“Œ—\“Œ•”,Žl‘’†‰›Žs,50337385,126,|,
“Œ—\“Œ•”,Žl‘’†‰›Žs,50337386,126,|,
“Œ—\“Œ•”,Žl‘’†‰›Žs,50337400,144,198,
“Œ—\“Œ•”,Žl‘’†‰›Žs,50337401,143,197,
“Œ—\“Œ•”,Žl‘’†‰›Žs,50337402,143,197,
“Œ—\“Œ•”,Žl‘’†‰›Žs,50337403,148,203,
“Œ—\“Œ•”,Žl‘’†‰›Žs,50337404,143,197,
“Œ—\“Œ•”,Žl‘’†‰›Žs,50337405,193,|,
“Œ—\“Œ•”,Žl‘’†‰›Žs,50337406,193,|,
“Œ—\“Œ•”,Žl‘’†‰›Žs,50337407,193,|,
“Œ—\“Œ•”,Žl‘’†‰›Žs,50337408,193,|,
“Œ—\“Œ•”,Žl‘’†‰›Žs,50337409,193,|,
“Œ—\“Œ•”,Žl‘’†‰›Žs,50337410,143,196,
“Œ—\“Œ•”,Žl‘’†‰›Žs,50337411,134,184,
“Œ—\“Œ•”,Žl‘’†‰›Žs,50337412,133,183,
“Œ—\“Œ•”,Žl‘’†‰›Žs,50337413,133,183,
“Œ—\“Œ•”,Žl‘’†‰›Žs,50337414,143,196,
“Œ—\“Œ•”,Žl‘’†‰›Žs,50337415,193,|,
“Œ—\“Œ•”,Žl‘’†‰›Žs,50337416,193,|,
“Œ—\“Œ•”,Žl‘’†‰›Žs,50337417,115,158,
“Œ—\“Œ•”,Žl‘’†‰›Žs,50337418,101,139,
“Œ—\“Œ•”,Žl‘’†‰›Žs,50337419,101,139,
“Œ—\“Œ•”,Žl‘’†‰›Žs,50337420,147,202,
“Œ—\“Œ•”,Žl‘’†‰›Žs,50337421,133,183,
“Œ—\“Œ•”,Žl‘’†‰›Žs,50337422,133,183,
“Œ—\“Œ•”,Žl‘’†‰›Žs,50337423,133,183,
“Œ—\“Œ•”,Žl‘’†‰›Žs,50337424,143,196,
“Œ—\“Œ•”,Žl‘’†‰›Žs,50337425,117,161,
“Œ—\“Œ•”,Žl‘’†‰›Žs,50337426,108,148,
“Œ—\“Œ•”,Žl‘’†‰›Žs,50337427,105,145,
“Œ—\“Œ•”,Žl‘’†‰›Žs,50337428,101,139,
“Œ—\“Œ•”,Žl‘’†‰›Žs,50337429,101,139,
“Œ—\“Œ•”,Žl‘’†‰›Žs,50337430,147,202,
“Œ—\“Œ•”,Žl‘’†‰›Žs,50337431,133,183,
“Œ—\“Œ•”,Žl‘’†‰›Žs,50337432,133,183,
“Œ—\“Œ•”,Žl‘’†‰›Žs,50337433,133,183,
“Œ—\“Œ•”,Žl‘’†‰›Žs,50337434,142,195,
“Œ—\“Œ•”,Žl‘’†‰›Žs,50337435,103,142,
“Œ—\“Œ•”,Žl‘’†‰›Žs,50337436,102,141,
“Œ—\“Œ•”,Žl‘’†‰›Žs,50337437,101,139,
“Œ—\“Œ•”,Žl‘’†‰›Žs,50337438,101,139,
“Œ—\“Œ•”,Žl‘’†‰›Žs,50337439,101,139,
“Œ—\“Œ•”,Žl‘’†‰›Žs,50337440,132,181,
“Œ—\“Œ•”,Žl‘’†‰›Žs,50337441,132,181,
“Œ—\“Œ•”,Žl‘’†‰›Žs,50337442,131,180,
“Œ—\“Œ•”,Žl‘’†‰›Žs,50337443,132,181,
“Œ—\“Œ•”,Žl‘’†‰›Žs,50337444,131,180,
“Œ—\“Œ•”,Žl‘’†‰›Žs,50337445,125,172,
“Œ—\“Œ•”,Žl‘’†‰›Žs,50337446,129,178,
“Œ—\“Œ•”,Žl‘’†‰›Žs,50337447,129,177,
“Œ—\“Œ•”,Žl‘’†‰›Žs,50337448,124,171,
“Œ—\“Œ•”,Žl‘’†‰›Žs,50337449,127,174,
“Œ—\“Œ•”,Žl‘’†‰›Žs,50337450,131,180,
“Œ—\“Œ•”,Žl‘’†‰›Žs,50337451,131,180,
“Œ—\“Œ•”,Žl‘’†‰›Žs,50337452,130,179,
“Œ—\“Œ•”,Žl‘’†‰›Žs,50337453,130,179,
“Œ—\“Œ•”,Žl‘’†‰›Žs,50337454,130,179,
“Œ—\“Œ•”,Žl‘’†‰›Žs,50337455,128,176,
“Œ—\“Œ•”,Žl‘’†‰›Žs,50337456,129,177,
“Œ—\“Œ•”,Žl‘’†‰›Žs,50337457,129,177,
“Œ—\“Œ•”,Žl‘’†‰›Žs,50337458,124,171,
“Œ—\“Œ•”,Žl‘’†‰›Žs,50337459,127,175,
“Œ—\“Œ•”,Žl‘’†‰›Žs,50337460,135,|,
“Œ—\“Œ•”,Žl‘’†‰›Žs,50337461,135,186,
“Œ—\“Œ•”,Žl‘’†‰›Žs,50337462,135,186,
“Œ—\“Œ•”,Žl‘’†‰›Žs,50337463,135,185,
“Œ—\“Œ•”,Žl‘’†‰›Žs,50337464,135,185,
“Œ—\“Œ•”,Žl‘’†‰›Žs,50337465,128,176,
“Œ—\“Œ•”,Žl‘’†‰›Žs,50337466,128,176,
“Œ—\“Œ•”,Žl‘’†‰›Žs,50337467,129,177,
“Œ—\“Œ•”,Žl‘’†‰›Žs,50337468,125,172,
“Œ—\“Œ•”,Žl‘’†‰›Žs,50337469,128,176,
“Œ—\“Œ•”,Žl‘’†‰›Žs,50337471,135,|,
“Œ—\“Œ•”,Žl‘’†‰›Žs,50337472,135,185,
“Œ—\“Œ•”,Žl‘’†‰›Žs,50337473,135,185,
“Œ—\“Œ•”,Žl‘’†‰›Žs,50337474,135,185,
“Œ—\“Œ•”,Žl‘’†‰›Žs,50337475,128,176,
“Œ—\“Œ•”,Žl‘’†‰›Žs,50337476,128,176,
“Œ—\“Œ•”,Žl‘’†‰›Žs,50337477,129,177,
“Œ—\“Œ•”,Žl‘’†‰›Žs,50337478,124,171,
“Œ—\“Œ•”,Žl‘’†‰›Žs,50337479,127,175,
“Œ—\“Œ•”,Žl‘’†‰›Žs,50337482,135,|,
“Œ—\“Œ•”,Žl‘’†‰›Žs,50337483,135,|,
“Œ—\“Œ•”,Žl‘’†‰›Žs,50337484,135,|,
“Œ—\“Œ•”,Žl‘’†‰›Žs,50337485,135,|,
“Œ—\“Œ•”,Žl‘’†‰›Žs,50337486,128,176,
“Œ—\“Œ•”,Žl‘’†‰›Žs,50337487,115,158,
“Œ—\“Œ•”,Žl‘’†‰›Žs,50337488,115,158,
“Œ—\“Œ•”,Žl‘’†‰›Žs,50337489,116,160,
“Œ—\“Œ•”,Žl‘’†‰›Žs,50337493,135,|,
“Œ—\“Œ•”,Žl‘’†‰›Žs,50337494,135,|,
“Œ—\“Œ•”,Žl‘’†‰›Žs,50337495,135,|,
“Œ—\“Œ•”,Žl‘’†‰›Žs,50337496,127,175,
“Œ—\“Œ•”,Žl‘’†‰›Žs,50337497,114,157,
“Œ—\“Œ•”,Žl‘’†‰›Žs,50337498,115,158,
“Œ—\“Œ•”,Žl‘’†‰›Žs,50337499,115,158,
“Œ—\“Œ•”,Žl‘’†‰›Žs,50337500,193,|,
“Œ—\“Œ•”,Žl‘’†‰›Žs,50337501,118,163,
“Œ—\“Œ•”,Žl‘’†‰›Žs,50337502,119,164,
“Œ—\“Œ•”,Žl‘’†‰›Žs,50337503,116,160,
“Œ—\“Œ•”,Žl‘’†‰›Žs,50337504,113,156,
“Œ—\“Œ•”,Žl‘’†‰›Žs,50337510,120,165,
“Œ—\“Œ•”,Žl‘’†‰›Žs,50337511,126,173,
“Œ—\“Œ•”,Žl‘’†‰›Žs,50337512,127,174,
“Œ—\“Œ•”,Žl‘’†‰›Žs,50337513,124,170,
“Œ—\“Œ•”,Žl‘’†‰›Žs,50337520,115,158,
“Œ—\“Œ•”,Žl‘’†‰›Žs,50337521,116,160,
“Œ—\“Œ•”,Žl‘’†‰›Žs,50337522,122,168,
“Œ—\“Œ•”,Žl‘’†‰›Žs,50337523,122,168,
“Œ—\“Œ•”,Žl‘’†‰›Žs,50337524,114,157,
“Œ—\“Œ•”,Žl‘’†‰›Žs,50337530,111,153,
“Œ—\“Œ•”,Žl‘’†‰›Žs,50337531,111,153,
“Œ—\“Œ•”,Žl‘’†‰›Žs,50337532,111,153,
“Œ—\“Œ•”,Žl‘’†‰›Žs,50337533,112,154,
“Œ—\“Œ•”,Žl‘’†‰›Žs,50337534,113,156,
“Œ—\“Œ•”,Žl‘’†‰›Žs,50337540,114,157,
“Œ—\“Œ•”,Žl‘’†‰›Žs,50337541,113,156,
“Œ—\“Œ•”,Žl‘’†‰›Žs,50337542,113,156,
“Œ—\“Œ•”,Žl‘’†‰›Žs,50337543,114,157,
“Œ—\“Œ•”,Žl‘’†‰›Žs,50337544,115,158,
“Œ—\“Œ•”,Žl‘’†‰›Žs,50337550,111,153,
“Œ—\“Œ•”,Žl‘’†‰›Žs,50337551,115,158,
“Œ—\“Œ•”,Žl‘’†‰›Žs,50337552,113,156,
“Œ—\“Œ•”,Žl‘’†‰›Žs,50337553,113,155,
“Œ—\“Œ•”,Žl‘’†‰›Žs,50337554,111,153,
“Œ—\“Œ•”,Žl‘’†‰›Žs,50337560,112,154,
“Œ—\“Œ•”,Žl‘’†‰›Žs,50337561,111,153,
“Œ—\“Œ•”,Žl‘’†‰›Žs,50337562,113,156,
“Œ—\“Œ•”,Žl‘’†‰›Žs,50337563,113,156,
“Œ—\“Œ•”,Žl‘’†‰›Žs,50337564,115,158,
“Œ—\“Œ•”,Žl‘’†‰›Žs,50337570,111,153,
“Œ—\“Œ•”,Žl‘’†‰›Žs,50337571,115,158,
“Œ—\“Œ•”,Žl‘’†‰›Žs,50337572,113,156,
“Œ—\“Œ•”,Žl‘’†‰›Žs,50337573,113,156,
“Œ—\“Œ•”,Žl‘’†‰›Žs,50337574,115,|,
“Œ—\“Œ•”,Žl‘’†‰›Žs,50337580,112,154,
“Œ—\“Œ•”,Žl‘’†‰›Žs,50337581,112,154,
“Œ—\“Œ•”,Žl‘’†‰›Žs,50337582,113,155,
“Œ—\“Œ•”,Žl‘’†‰›Žs,50337583,113,156,
“Œ—\“Œ•”,Žl‘’†‰›Žs,50337590,110,152,
“Œ—\“Œ•”,Žl‘’†‰›Žs,50337591,110,152,
“Œ—\“Œ•”,Žl‘’†‰›Žs,50337592,112,154,
“Œ—\“Œ•”,Žl‘’†‰›Žs,50337593,113,156,
“Œ—\“Œ•”,Žl‘’†‰›Žs,51330403,135,|,
“Œ—\“Œ•”,Žl‘’†‰›Žs,51330404,135,|,
“Œ—\“Œ•”,Žl‘’†‰›Žs,51330405,135,|,
“Œ—\“Œ•”,Žl‘’†‰›Žs,51330406,115,158,
“Œ—\“Œ•”,Žl‘’†‰›Žs,51330407,102,141,
“Œ—\“Œ•”,Žl‘’†‰›Žs,51330408,104,143,
“Œ—\“Œ•”,Žl‘’†‰›Žs,51330409,104,143,
“Œ—\“Œ•”,Žl‘’†‰›Žs,51330414,135,|,
“Œ—\“Œ•”,Žl‘’†‰›Žs,51330415,113,155,
“Œ—\“Œ•”,Žl‘’†‰›Žs,51330416,115,158,
“Œ—\“Œ•”,Žl‘’†‰›Žs,51330417,115,158,
“Œ—\“Œ•”,Žl‘’†‰›Žs,51330418,95,131,
“Œ—\“Œ•”,Žl‘’†‰›Žs,51330419,94,130,
“Œ—\“Œ•”,Žl‘’†‰›Žs,51330425,135,|,
“Œ—\“Œ•”,Žl‘’†‰›Žs,51330426,113,156,
“Œ—\“Œ•”,Žl‘’†‰›Žs,51330427,115,158,
“Œ—\“Œ•”,Žl‘’†‰›Žs,51330428,94,129,
“Œ—\“Œ•”,Žl‘’†‰›Žs,51330429,94,129,
“Œ—\“Œ•”,Žl‘’†‰›Žs,51330436,113,156,
“Œ—\“Œ•”,Žl‘’†‰›Žs,51330437,114,157,
“Œ—\“Œ•”,Žl‘’†‰›Žs,51330438,94,129,
“Œ—\“Œ•”,Žl‘’†‰›Žs,51330439,94,129,
“Œ—\“Œ•”,Žl‘’†‰›Žs,51330446,113,156,
“Œ—\“Œ•”,Žl‘’†‰›Žs,51330447,113,156,
“Œ—\“Œ•”,Žl‘’†‰›Žs,51330457,113,156,
“Œ—\“Œ•”,Žl‘’†‰›Žs,51330500,105,144,
“Œ—\“Œ•”,Žl‘’†‰›Žs,51330501,108,149,
“Œ—\“Œ•”,Žl‘’†‰›Žs,51330502,110,151,
“Œ—\“Œ•”,Žl‘’†‰›Žs,51330503,113,|,
“Œ—\“Œ•”,Žl‘’†‰›Žs,51330504,109,150,
“Œ—\“Œ•”,Žl‘’†‰›Žs,51330510,95,131,
“Œ—\“Œ•”,Žl‘’†‰›Žs,51330511,108,148,
“Œ—\“Œ•”,Žl‘’†‰›Žs,51330512,108,149,
“Œ—\“Œ•”,Žl‘’†‰›Žs,51330513,109,150,
“Œ—\“Œ•”,Žl‘’†‰›Žs,51330514,113,|,
“Œ—\“Œ•”,Žl‘’†‰›Žs,51330520,94,130,
“Œ—\“Œ•”,Žl‘’†‰›Žs,51330521,111,153,
“Œ—\“Œ•”,Žl‘’†‰›Žs,51330522,111,153,
“Œ—\“Œ•”,Žl‘’†‰›Žs,51330523,108,148,
“Œ—\“Œ•”,Žl‘’†‰›Žs,51330530,94,129,
“Œ—\¼•”,¡Ž¡Žs,50326784,117,|,
“Œ—\¼•”,¡Ž¡Žs,50326794,117,|,
“Œ—\¼•”,¡Ž¡Žs,50326795,117,|,
“Œ—\¼•”,¡Ž¡Žs,50326796,117,|,
“Œ—\¼•”,¡Ž¡Žs,50326797,117,|,
“Œ—\¼•”,¡Ž¡Žs,50327699,106,|,
“Œ—\¼•”,¡Ž¡Žs,50327704,117,|,
“Œ—\¼•”,¡Ž¡Žs,50327705,117,|,
“Œ—\¼•”,¡Ž¡Žs,50327706,117,|,
“Œ—\¼•”,¡Ž¡Žs,50327707,117,|,
“Œ—\¼•”,¡Ž¡Žs,50327714,117,|,
“Œ—\¼•”,¡Ž¡Žs,50327715,117,|,
“Œ—\¼•”,¡Ž¡Žs,50327716,117,|,
“Œ—\¼•”,¡Ž¡Žs,50327717,117,|,
“Œ—\¼•”,¡Ž¡Žs,50327723,117,|,
“Œ—\¼•”,¡Ž¡Žs,50327724,117,|,
“Œ—\¼•”,¡Ž¡Žs,50327725,117,|,
“Œ—\¼•”,¡Ž¡Žs,50327726,117,|,
“Œ—\¼•”,¡Ž¡Žs,50327727,117,|,
“Œ—\¼•”,¡Ž¡Žs,50327732,105,144,
“Œ—\¼•”,¡Ž¡Žs,50327733,117,|,
“Œ—\¼•”,¡Ž¡Žs,50327734,117,|,
“Œ—\¼•”,¡Ž¡Žs,50327735,109,150,
“Œ—\¼•”,¡Ž¡Žs,50327736,114,157,
“Œ—\¼•”,¡Ž¡Žs,50327737,117,161,
“Œ—\¼•”,¡Ž¡Žs,50327741,116,|,
“Œ—\¼•”,¡Ž¡Žs,50327742,110,151,
“Œ—\¼•”,¡Ž¡Žs,50327743,117,|,
“Œ—\¼•”,¡Ž¡Žs,50327744,107,147,
“Œ—\¼•”,¡Ž¡Žs,50327745,113,155,
“Œ—\¼•”,¡Ž¡Žs,50327746,113,155,
“Œ—\¼•”,¡Ž¡Žs,50327747,117,161,
“Œ—\¼•”,¡Ž¡Žs,50327748,113,155,
“Œ—\¼•”,¡Ž¡Žs,50327751,116,|,
“Œ—\¼•”,¡Ž¡Žs,50327752,107,147,
“Œ—\¼•”,¡Ž¡Žs,50327753,117,|,
“Œ—\¼•”,¡Ž¡Žs,50327754,106,146,
“Œ—\¼•”,¡Ž¡Žs,50327755,107,147,
“Œ—\¼•”,¡Ž¡Žs,50327756,111,153,
“Œ—\¼•”,¡Ž¡Žs,50327757,113,156,
“Œ—\¼•”,¡Ž¡Žs,50327758,111,153,
“Œ—\¼•”,¡Ž¡Žs,50327759,105,144,
“Œ—\¼•”,¡Ž¡Žs,50327761,116,|,
“Œ—\¼•”,¡Ž¡Žs,50327762,106,146,
“Œ—\¼•”,¡Ž¡Žs,50327763,102,141,
“Œ—\¼•”,¡Ž¡Žs,50327764,102,141,
“Œ—\¼•”,¡Ž¡Žs,50327765,104,143,
“Œ—\¼•”,¡Ž¡Žs,50327766,104,143,
“Œ—\¼•”,¡Ž¡Žs,50327767,107,147,
“Œ—\¼•”,¡Ž¡Žs,50327768,108,149,
“Œ—\¼•”,¡Ž¡Žs,50327769,103,142,
“Œ—\¼•”,¡Ž¡Žs,50327771,94,129,
“Œ—\¼•”,¡Ž¡Žs,50327772,99,136,
“Œ—\¼•”,¡Ž¡Žs,50327773,104,143,
“Œ—\¼•”,¡Ž¡Žs,50327774,104,143,
“Œ—\¼•”,¡Ž¡Žs,50327775,100,138,
“Œ—\¼•”,¡Ž¡Žs,50327776,100,137,
“Œ—\¼•”,¡Ž¡Žs,50327777,104,143,
“Œ—\¼•”,¡Ž¡Žs,50327778,108,148,
“Œ—\¼•”,¡Ž¡Žs,50327779,102,140,
“Œ—\¼•”,¡Ž¡Žs,50327781,106,|,
“Œ—\¼•”,¡Ž¡Žs,50327782,102,140,
“Œ—\¼•”,¡Ž¡Žs,50327783,107,147,
“Œ—\¼•”,¡Ž¡Žs,50327784,108,148,
“Œ—\¼•”,¡Ž¡Žs,50327785,100,138,
“Œ—\¼•”,¡Ž¡Žs,50327786,99,136,
“Œ—\¼•”,¡Ž¡Žs,50327787,98,135,
“Œ—\¼•”,¡Ž¡Žs,50327788,106,146,
“Œ—\¼•”,¡Ž¡Žs,50327789,105,144,
“Œ—\¼•”,¡Ž¡Žs,50327790,106,|,
“Œ—\¼•”,¡Ž¡Žs,50327791,96,132,
“Œ—\¼•”,¡Ž¡Žs,50327792,101,139,
“Œ—\¼•”,¡Ž¡Žs,50327793,111,153,
“Œ—\¼•”,¡Ž¡Žs,50327794,113,155,
“Œ—\¼•”,¡Ž¡Žs,50327795,108,148,
“Œ—\¼•”,¡Ž¡Žs,50327796,97,134,
“Œ—\¼•”,¡Ž¡Žs,50327797,97,134,
“Œ—\¼•”,¡Ž¡Žs,50327798,101,139,
“Œ—\¼•”,¡Ž¡Žs,50327799,105,144,
“Œ—\¼•”,¡Ž¡Žs,50337050,100,137,
“Œ—\¼•”,¡Ž¡Žs,50337051,98,135,
“Œ—\¼•”,¡Ž¡Žs,50337052,97,134,
“Œ—\¼•”,¡Ž¡Žs,50337060,102,140,
“Œ—\¼•”,¡Ž¡Žs,50337061,97,134,
“Œ—\¼•”,¡Ž¡Žs,50337062,97,134,
“Œ—\¼•”,¡Ž¡Žs,50337070,102,140,
“Œ—\¼•”,¡Ž¡Žs,50337071,97,134,
“Œ—\¼•”,¡Ž¡Žs,50337072,97,134,
“Œ—\¼•”,¡Ž¡Žs,50337073,97,134,
“Œ—\¼•”,¡Ž¡Žs,50337080,105,144,
“Œ—\¼•”,¡Ž¡Žs,50337081,100,138,
“Œ—\¼•”,¡Ž¡Žs,50337082,105,144,
“Œ—\¼•”,¡Ž¡Žs,50337083,100,138,
“Œ—\¼•”,¡Ž¡Žs,50337084,97,133,
“Œ—\¼•”,¡Ž¡Žs,50337085,108,|,
“Œ—\¼•”,¡Ž¡Žs,50337090,104,143,
“Œ—\¼•”,¡Ž¡Žs,50337091,100,137,
“Œ—\¼•”,¡Ž¡Žs,50337092,104,143,
“Œ—\¼•”,¡Ž¡Žs,50337093,100,137,
“Œ—\¼•”,¡Ž¡Žs,50337094,100,138,
“Œ—\¼•”,¡Ž¡Žs,51320606,104,143,
“Œ—\¼•”,¡Ž¡Žs,51320607,96,132,
“Œ—\¼•”,¡Ž¡Žs,51320608,105,145,
“Œ—\¼•”,¡Ž¡Žs,51320609,97,134,
“Œ—\¼•”,¡Ž¡Žs,51320615,99,136,
“Œ—\¼•”,¡Ž¡Žs,51320616,100,137,
“Œ—\¼•”,¡Ž¡Žs,51320617,105,144,
“Œ—\¼•”,¡Ž¡Žs,51320618,101,139,
“Œ—\¼•”,¡Ž¡Žs,51320619,101,139,
“Œ—\¼•”,¡Ž¡Žs,51320624,107,|,
“Œ—\¼•”,¡Ž¡Žs,51320625,99,136,
“Œ—\¼•”,¡Ž¡Žs,51320626,99,136,
“Œ—\¼•”,¡Ž¡Žs,51320627,104,143,
“Œ—\¼•”,¡Ž¡Žs,51320628,101,139,
“Œ—\¼•”,¡Ž¡Žs,51320629,101,139,
“Œ—\¼•”,¡Ž¡Žs,51320635,94,130,
“Œ—\¼•”,¡Ž¡Žs,51320636,99,136,
“Œ—\¼•”,¡Ž¡Žs,51320637,100,137,
“Œ—\¼•”,¡Ž¡Žs,51320638,100,138,
“Œ—\¼•”,¡Ž¡Žs,51320639,105,144,
“Œ—\¼•”,¡Ž¡Žs,51320646,99,136,
“Œ—\¼•”,¡Ž¡Žs,51320647,100,137,
“Œ—\¼•”,¡Ž¡Žs,51320648,100,138,
“Œ—\¼•”,¡Ž¡Žs,51320649,100,138,
“Œ—\¼•”,¡Ž¡Žs,51320657,100,137,
“Œ—\¼•”,¡Ž¡Žs,51320658,100,137,
“Œ—\¼•”,¡Ž¡Žs,51320659,96,132,
“Œ—\¼•”,¡Ž¡Žs,51320668,100,|,
“Œ—\¼•”,¡Ž¡Žs,51320669,95,131,
“Œ—\¼•”,¡Ž¡Žs,51320679,100,|,
“Œ—\¼•”,¡Ž¡Žs,51320700,102,141,
“Œ—\¼•”,¡Ž¡Žs,51320701,102,141,
“Œ—\¼•”,¡Ž¡Žs,51320702,108,148,
“Œ—\¼•”,¡Ž¡Žs,51320703,108,149,
“Œ—\¼•”,¡Ž¡Žs,51320704,110,152,
“Œ—\¼•”,¡Ž¡Žs,51320705,111,153,
“Œ—\¼•”,¡Ž¡Žs,51320706,105,144,
“Œ—\¼•”,¡Ž¡Žs,51320707,97,133,
“Œ—\¼•”,¡Ž¡Žs,51320708,96,132,
“Œ—\¼•”,¡Ž¡Žs,51320709,100,137,
“Œ—\¼•”,¡Ž¡Žs,51320710,102,141,
“Œ—\¼•”,¡Ž¡Žs,51320711,102,141,
“Œ—\¼•”,¡Ž¡Žs,51320712,107,147,
“Œ—\¼•”,¡Ž¡Žs,51320713,112,154,
“Œ—\¼•”,¡Ž¡Žs,51320714,92,127,
“Œ—\¼•”,¡Ž¡Žs,51320715,94,129,
“Œ—\¼•”,¡Ž¡Žs,51320716,93,128,
“Œ—\¼•”,¡Ž¡Žs,51320717,100,138,
“Œ—\¼•”,¡Ž¡Žs,51320718,96,132,
“Œ—\¼•”,¡Ž¡Žs,51320719,100,137,
“Œ—\¼•”,¡Ž¡Žs,51320720,102,141,
“Œ—\¼•”,¡Ž¡Žs,51320721,102,141,
“Œ—\¼•”,¡Ž¡Žs,51320722,106,146,
“Œ—\¼•”,¡Ž¡Žs,51320723,107,147,
“Œ—\¼•”,¡Ž¡Žs,51320724,91,126,
“Œ—\¼•”,¡Ž¡Žs,51320725,94,129,
“Œ—\¼•”,¡Ž¡Žs,51320726,93,128,
“Œ—\¼•”,¡Ž¡Žs,51320727,105,144,
“Œ—\¼•”,¡Ž¡Žs,51320728,104,143,
“Œ—\¼•”,¡Ž¡Žs,51320729,100,137,
“Œ—\¼•”,¡Ž¡Žs,51320730,102,141,
“Œ—\¼•”,¡Ž¡Žs,51320731,102,141,
“Œ—\¼•”,¡Ž¡Žs,51320732,107,147,
“Œ—\¼•”,¡Ž¡Žs,51320733,106,146,
“Œ—\¼•”,¡Ž¡Žs,51320734,91,126,
“Œ—\¼•”,¡Ž¡Žs,51320735,93,128,
“Œ—\¼•”,¡Ž¡Žs,51320736,92,127,
“Œ—\¼•”,¡Ž¡Žs,51320737,108,149,
“Œ—\¼•”,¡Ž¡Žs,51320738,104,143,
“Œ—\¼•”,¡Ž¡Žs,51320739,104,143,
“Œ—\¼•”,¡Ž¡Žs,51320740,99,136,
“Œ—\¼•”,¡Ž¡Žs,51320741,102,141,
“Œ—\¼•”,¡Ž¡Žs,51320742,102,141,
“Œ—\¼•”,¡Ž¡Žs,51320743,106,146,
“Œ—\¼•”,¡Ž¡Žs,51320744,102,140,
“Œ—\¼•”,¡Ž¡Žs,51320745,108,149,
“Œ—\¼•”,¡Ž¡Žs,51320746,109,150,
“Œ—\¼•”,¡Ž¡Žs,51320747,109,150,
“Œ—\¼•”,¡Ž¡Žs,51320748,110,151,
“Œ—\¼•”,¡Ž¡Žs,51320749,110,|,
“Œ—\¼•”,¡Ž¡Žs,51320750,97,134,
“Œ—\¼•”,¡Ž¡Žs,51320751,98,135,
“Œ—\¼•”,¡Ž¡Žs,51320752,102,140,
“Œ—\¼•”,¡Ž¡Žs,51320753,101,139,
“Œ—\¼•”,¡Ž¡Žs,51320754,101,139,
“Œ—\¼•”,¡Ž¡Žs,51320755,102,141,
“Œ—\¼•”,¡Ž¡Žs,51320756,104,143,
“Œ—\¼•”,¡Ž¡Žs,51320757,110,151,
“Œ—\¼•”,¡Ž¡Žs,51320758,110,|,
“Œ—\¼•”,¡Ž¡Žs,51320759,110,|,
“Œ—\¼•”,¡Ž¡Žs,51320760,96,132,
“Œ—\¼•”,¡Ž¡Žs,51320761,97,133,
“Œ—\¼•”,¡Ž¡Žs,51320762,97,134,
“Œ—\¼•”,¡Ž¡Žs,51320763,101,139,
“Œ—\¼•”,¡Ž¡Žs,51320764,97,133,
“Œ—\¼•”,¡Ž¡Žs,51320765,102,140,
“Œ—\¼•”,¡Ž¡Žs,51320766,102,141,
“Œ—\¼•”,¡Ž¡Žs,51320767,108,149,
“Œ—\¼•”,¡Ž¡Žs,51320768,109,150,
“Œ—\¼•”,¡Ž¡Žs,51320769,110,|,
“Œ—\¼•”,¡Ž¡Žs,51320770,88,121,
“Œ—\¼•”,¡Ž¡Žs,51320771,92,127,
“Œ—\¼•”,¡Ž¡Žs,51320772,96,132,
“Œ—\¼•”,¡Ž¡Žs,51320773,97,133,
“Œ—\¼•”,¡Ž¡Žs,51320774,97,133,
“Œ—\¼•”,¡Ž¡Žs,51320775,97,133,
“Œ—\¼•”,¡Ž¡Žs,51320776,97,134,
“Œ—\¼•”,¡Ž¡Žs,51320777,102,141,
“Œ—\¼•”,¡Ž¡Žs,51320778,104,143,
“Œ—\¼•”,¡Ž¡Žs,51320779,105,144,
“Œ—\¼•”,¡Ž¡Žs,51320781,97,|,
“Œ—\¼•”,¡Ž¡Žs,51320782,97,|,
“Œ—\¼•”,¡Ž¡Žs,51320783,78,107,
“Œ—\¼•”,¡Ž¡Žs,51320784,78,107,
“Œ—\¼•”,¡Ž¡Žs,51320785,78,107,
“Œ—\¼•”,¡Ž¡Žs,51320786,97,134,
“Œ—\¼•”,¡Ž¡Žs,51320787,97,134,
“Œ—\¼•”,¡Ž¡Žs,51320788,102,141,
“Œ—\¼•”,¡Ž¡Žs,51320789,110,|,
“Œ—\¼•”,¡Ž¡Žs,51320793,78,107,
“Œ—\¼•”,¡Ž¡Žs,51320794,77,106,
“Œ—\¼•”,¡Ž¡Žs,51320795,78,107,
“Œ—\¼•”,¡Ž¡Žs,51320796,93,128,
“Œ—\¼•”,¡Ž¡Žs,51320797,97,134,
“Œ—\¼•”,¡Ž¡Žs,51320798,97,134,
“Œ—\¼•”,¡Ž¡Žs,51320799,110,|,
“Œ—\¼•”,¡Ž¡Žs,51321703,85,|,
“Œ—\¼•”,¡Ž¡Žs,51321704,77,106,
“Œ—\¼•”,¡Ž¡Žs,51321705,78,107,
“Œ—\¼•”,¡Ž¡Žs,51321706,92,127,
“Œ—\¼•”,¡Ž¡Žs,51321707,89,123,
“Œ—\¼•”,¡Ž¡Žs,51321708,94,129,
“Œ—\¼•”,¡Ž¡Žs,51321709,94,129,
“Œ—\¼•”,¡Ž¡Žs,51321714,85,117,
“Œ—\¼•”,¡Ž¡Žs,51321715,89,122,
“Œ—\¼•”,¡Ž¡Žs,51321716,89,122,
“Œ—\¼•”,¡Ž¡Žs,51321717,89,122,
“Œ—\¼•”,¡Ž¡Žs,51321718,89,123,
“Œ—\¼•”,¡Ž¡Žs,51321719,90,124,
“Œ—\¼•”,¡Ž¡Žs,51321724,84,116,
“Œ—\¼•”,¡Ž¡Žs,51321725,87,120,
“Œ—\¼•”,¡Ž¡Žs,51321726,87,120,
“Œ—\¼•”,¡Ž¡Žs,51321727,91,126,
“Œ—\¼•”,¡Ž¡Žs,51321728,87,120,
“Œ—\¼•”,¡Ž¡Žs,51321731,95,|,
“Œ—\¼•”,¡Ž¡Žs,51321732,87,120,
“Œ—\¼•”,¡Ž¡Žs,51321733,83,115,
“Œ—\¼•”,¡Ž¡Žs,51321734,83,115,
“Œ—\¼•”,¡Ž¡Žs,51321735,83,115,
“Œ—\¼•”,¡Ž¡Žs,51321736,87,120,
“Œ—\¼•”,¡Ž¡Žs,51321737,87,120,
“Œ—\¼•”,¡Ž¡Žs,51321738,87,120,
“Œ—\¼•”,¡Ž¡Žs,51321739,83,115,
“Œ—\¼•”,¡Ž¡Žs,51321741,95,|,
“Œ—\¼•”,¡Ž¡Žs,51321742,95,131,
“Œ—\¼•”,¡Ž¡Žs,51321743,95,|,
“Œ—\¼•”,¡Ž¡Žs,51321744,87,120,
“Œ—\¼•”,¡Ž¡Žs,51321745,80,110,
“Œ—\¼•”,¡Ž¡Žs,51321746,79,109,
“Œ—\¼•”,¡Ž¡Žs,51321747,87,120,
“Œ—\¼•”,¡Ž¡Žs,51321748,91,125,
“Œ—\¼•”,¡Ž¡Žs,51321749,87,120,
“Œ—\¼•”,¡Ž¡Žs,51321754,84,116,
“Œ—\¼•”,¡Ž¡Žs,51321755,79,109,
“Œ—\¼•”,¡Ž¡Žs,51321756,83,114,
“Œ—\¼•”,¡Ž¡Žs,51321758,91,|,
“Œ—\¼•”,¡Ž¡Žs,51321765,90,124,
“Œ—\¼•”,¡Ž¡Žs,51321775,90,|,
“Œ—\¼•”,¡Ž¡Žs,51321779,99,|,
“Œ—\¼•”,¡Ž¡Žs,51321789,99,|,
“Œ—\¼•”,¡Ž¡Žs,51321799,99,|,
“Œ—\¼•”,¡Ž¡Žs,51322629,102,140,
“Œ—\¼•”,¡Ž¡Žs,51322639,103,|,
“Œ—\¼•”,¡Ž¡Žs,51322700,100,|,
“Œ—\¼•”,¡Ž¡Žs,51322710,100,137,
“Œ—\¼•”,¡Ž¡Žs,51322714,100,|,
“Œ—\¼•”,¡Ž¡Žs,51322720,101,139,
“Œ—\¼•”,¡Ž¡Žs,51322721,100,137,
“Œ—\¼•”,¡Ž¡Žs,51322722,100,137,
“Œ—\¼•”,¡Ž¡Žs,51322723,100,137,
“Œ—\¼•”,¡Ž¡Žs,51322724,100,137,
“Œ—\¼•”,¡Ž¡Žs,51322726,103,|,
“Œ—\¼•”,¡Ž¡Žs,51322727,103,|,
“Œ—\¼•”,¡Ž¡Žs,51322730,103,|,
“Œ—\¼•”,¡Ž¡Žs,51322731,103,|,
“Œ—\¼•”,¡Ž¡Žs,51322732,103,|,
“Œ—\¼•”,¡Ž¡Žs,51322733,100,137,
“Œ—\¼•”,¡Ž¡Žs,51322734,100,137,
“Œ—\¼•”,¡Ž¡Žs,51322735,103,|,
“Œ—\¼•”,¡Ž¡Žs,51322736,103,142,
“Œ—\¼•”,¡Ž¡Žs,51322737,103,142,
“Œ—\¼•”,¡Ž¡Žs,51322738,102,141,
“Œ—\¼•”,¡Ž¡Žs,51322743,103,|,
“Œ—\¼•”,¡Ž¡Žs,51322744,103,|,
“Œ—\¼•”,¡Ž¡Žs,51322745,102,141,
“Œ—\¼•”,¡Ž¡Žs,51322746,103,142,
“Œ—\¼•”,¡Ž¡Žs,51322747,103,142,
“Œ—\¼•”,¡Ž¡Žs,51322748,103,142,
“Œ—\¼•”,¡Ž¡Žs,51322749,102,141,
“Œ—\¼•”,¡Ž¡Žs,51322755,103,|,
“Œ—\¼•”,¡Ž¡Žs,51322756,103,142,
“Œ—\¼•”,¡Ž¡Žs,51322757,103,142,
“Œ—\¼•”,¡Ž¡Žs,51322758,103,142,
“Œ—\¼•”,¡Ž¡Žs,51322759,102,141,
“Œ—\¼•”,¡Ž¡Žs,51322766,102,141,
“Œ—\¼•”,¡Ž¡Žs,51322767,103,142,
“Œ—\¼•”,¡Ž¡Žs,51322768,103,142,
“Œ—\¼•”,¡Ž¡Žs,51322769,102,141,
“Œ—\¼•”,¡Ž¡Žs,51322777,102,141,
“Œ—\¼•”,¡Ž¡Žs,51322778,103,142,
“Œ—\¼•”,¡Ž¡Žs,51322779,103,142,
“Œ—\¼•”,¡Ž¡Žs,51322789,103,142,
“Œ—\¼•”,¡Ž¡Žs,51322798,108,|,
“Œ—\¼•”,¡Ž¡Žs,51322799,108,149,
“Œ—\¼•”,¡Ž¡Žs,51323707,108,|,
“Œ—\¼•”,¡Ž¡Žs,51323709,108,149,
“Œ—\¼•”,¡Ž¡Žs,51323717,108,|,
“Œ—\¼•”,¡Ž¡Žs,51323718,108,|,
“Œ—\¼•”,¡Ž¡Žs,51323719,104,143,
“Œ—\¼•”,¡Ž¡Žs,51323727,108,|,
“Œ—\¼•”,¡Ž¡Žs,51323728,104,143,
“Œ—\¼•”,¡Ž¡Žs,51323729,104,143,
“Œ—\¼•”,¡Ž¡Žs,51323738,104,143,
“Œ—\¼•”,¡Ž¡Žs,51323739,104,143,
“Œ—\¼•”,¡Ž¡Žs,51323748,104,143,
“Œ—\¼•”,¡Ž¡Žs,51323749,104,|,
“Œ—\¼•”,¡Ž¡Žs,51330000,102,140,
“Œ—\¼•”,¡Ž¡Žs,51330001,102,140,
“Œ—\¼•”,¡Ž¡Žs,51330002,102,140,
“Œ—\¼•”,¡Ž¡Žs,51330003,99,136,
“Œ—\¼•”,¡Ž¡Žs,51330004,100,|,
“Œ—\¼•”,¡Ž¡Žs,51330010,98,135,
“Œ—\¼•”,¡Ž¡Žs,51330011,94,130,
“Œ—\¼•”,¡Ž¡Žs,51330012,94,129,
“Œ—\¼•”,¡Ž¡Žs,51330013,90,124,
“Œ—\¼•”,¡Ž¡Žs,51330014,100,|,
“Œ—\¼•”,¡Ž¡Žs,51330020,98,135,
“Œ—\¼•”,¡Ž¡Žs,51330021,94,129,
“Œ—\¼•”,¡Ž¡Žs,51330022,90,124,
“Œ—\¼•”,¡Ž¡Žs,51330023,100,|,
“Œ—\¼•”,¡Ž¡Žs,51330030,110,|,
“Œ—\¼•”,¡Ž¡Žs,51330031,98,135,
“Œ—\¼•”,¡Ž¡Žs,51330032,94,129,
“Œ—\¼•”,¡Ž¡Žs,51330033,90,124,
“Œ—\¼•”,¡Ž¡Žs,51330040,110,|,
“Œ—\¼•”,¡Ž¡Žs,51330041,110,|,
“Œ—\¼•”,¡Ž¡Žs,51330042,94,129,
“Œ—\¼•”,¡Ž¡Žs,51330043,110,|,
“Œ—\¼•”,¡Ž¡Žs,51330050,110,|,
“Œ—\¼•”,¡Ž¡Žs,51330051,110,|,
“Œ—\¼•”,¡Ž¡Žs,51330052,110,|,
“Œ—\¼•”,¡Ž¡Žs,51330060,110,|,
“Œ—\¼•”,¡Ž¡Žs,51330061,110,|,
“Œ—\¼•”,¡Ž¡Žs,51330062,110,|,
“Œ—\¼•”,¡Ž¡Žs,51330067,110,|,
“Œ—\¼•”,¡Ž¡Žs,51330068,110,|,
“Œ—\¼•”,¡Ž¡Žs,51330070,110,|,
“Œ—\¼•”,¡Ž¡Žs,51330071,110,|,
“Œ—\¼•”,¡Ž¡Žs,51330077,110,|,
“Œ—\¼•”,¡Ž¡Žs,51330078,110,|,
“Œ—\¼•”,¡Ž¡Žs,51330080,110,|,
“Œ—\¼•”,¡Ž¡Žs,51330081,110,|,
“Œ—\¼•”,¡Ž¡Žs,51331022,100,|,
“Œ—\¼•”,¡Ž¡Žs,51331030,100,|,
“Œ—\¼•”,¡Ž¡Žs,51331031,100,137,
“Œ—\¼•”,¡Ž¡Žs,51331032,100,137,
“Œ—\¼•”,¡Ž¡Žs,51331033,100,137,
“Œ—\¼•”,¡Ž¡Žs,51331040,100,|,
“Œ—\¼•”,¡Ž¡Žs,51331041,100,137,
“Œ—\¼•”,¡Ž¡Žs,51331042,99,136,
“Œ—\¼•”,¡Ž¡Žs,51331043,100,137,
“Œ—\¼•”,¡Ž¡Žs,51331044,99,136,
“Œ—\¼•”,¡Ž¡Žs,51331050,100,|,
“Œ—\¼•”,¡Ž¡Žs,51331051,99,136,
“Œ—\¼•”,¡Ž¡Žs,51331052,99,136,
“Œ—\¼•”,¡Ž¡Žs,51331053,67,93,
“Œ—\¼•”,¡Ž¡Žs,51331054,67,93,
“Œ—\¼•”,¡Ž¡Žs,51331061,99,136,
“Œ—\¼•”,¡Ž¡Žs,51331062,99,136,
“Œ—\¼•”,¡Ž¡Žs,51331063,67,93,
“Œ—\¼•”,¡Ž¡Žs,51331064,67,93,
“Œ—\¼•”,¡Ž¡Žs,51331065,68,94,
“Œ—\¼•”,¡Ž¡Žs,51331070,99,|,
“Œ—\¼•”,¡Ž¡Žs,51331071,98,135,
“Œ—\¼•”,¡Ž¡Žs,51331072,98,135,
“Œ—\¼•”,¡Ž¡Žs,51331073,67,93,
“Œ—\¼•”,¡Ž¡Žs,51331074,67,93,
“Œ—\¼•”,¡Ž¡Žs,51331075,68,94,
“Œ—\¼•”,¡Ž¡Žs,51331076,99,136,
“Œ—\¼•”,¡Ž¡Žs,51331080,97,134,
“Œ—\¼•”,¡Ž¡Žs,51331081,97,134,
“Œ—\¼•”,¡Ž¡Žs,51331082,98,135,
“Œ—\¼•”,¡Ž¡Žs,51331083,97,134,
“Œ—\¼•”,¡Ž¡Žs,51331084,98,135,
“Œ—\¼•”,¡Ž¡Žs,51331085,94,129,
“Œ—\¼•”,¡Ž¡Žs,51331086,98,135,
“Œ—\¼•”,¡Ž¡Žs,51331087,99,136,
“Œ—\¼•”,¡Ž¡Žs,51331092,98,135,
“Œ—\¼•”,¡Ž¡Žs,51331093,98,135,
“Œ—\¼•”,¡Ž¡Žs,51331094,97,134,
“Œ—\¼•”,¡Ž¡Žs,51331095,98,135,
“Œ—\¼•”,¡Ž¡Žs,51331096,98,135,
“Œ—\¼•”,¡Ž¡Žs,51331097,94,129,
“Œ—\¼•”,¡Ž¡Žs,51331098,99,136,
“Œ—\¼•”,¡Ž¡Žs,51331124,110,|,
“Œ—\¼•”,¡Ž¡Žs,51331125,110,|,
“Œ—\¼•”,¡Ž¡Žs,51331134,110,|,
“Œ—\¼•”,¡Ž¡Žs,51331135,110,|,
“Œ—\¼•”,¡Ž¡Žs,51332002,98,135,
“Œ—\¼•”,¡Ž¡Žs,51332003,98,135,
“Œ—\¼•”,¡Ž¡Žs,51332004,97,134,
“Œ—\¼•”,¡Ž¡Žs,51332005,97,134,
“Œ—\¼•”,¡Ž¡Žs,51332006,98,135,
“Œ—\¼•”,¡Ž¡Žs,51332007,99,136,
“Œ—\¼•”,¡Ž¡Žs,51332008,103,|,
“Œ—\¼•”,¡Ž¡Žs,51332011,102,|,
“Œ—\¼•”,¡Ž¡Žs,51332012,97,134,
“Œ—\¼•”,¡Ž¡Žs,51332013,97,134,
“Œ—\¼•”,¡Ž¡Žs,51332014,101,139,
“Œ—\¼•”,¡Ž¡Žs,51332015,98,135,
“Œ—\¼•”,¡Ž¡Žs,51332016,98,135,
“Œ—\¼•”,¡Ž¡Žs,51332017,103,|,
“Œ—\¼•”,¡Ž¡Žs,51332018,103,|,
“Œ—\¼•”,¡Ž¡Žs,51332021,102,|,
“Œ—\¼•”,¡Ž¡Žs,51332022,102,140,
“Œ—\¼•”,¡Ž¡Žs,51332023,101,139,
“Œ—\¼•”,¡Ž¡Žs,51332024,101,139,
“Œ—\¼•”,¡Ž¡Žs,51332025,97,134,
“Œ—\¼•”,¡Ž¡Žs,51332026,99,136,
“Œ—\¼•”,¡Ž¡Žs,51332027,103,142,
“Œ—\¼•”,¡Ž¡Žs,51332028,103,|,
“Œ—\¼•”,¡Ž¡Žs,51332032,102,140,
“Œ—\¼•”,¡Ž¡Žs,51332033,101,139,
“Œ—\¼•”,¡Ž¡Žs,51332034,101,139,
“Œ—\¼•”,¡Ž¡Žs,51332035,101,|,
“Œ—\¼•”,¡Ž¡Žs,51332036,99,136,
“Œ—\¼•”,¡Ž¡Žs,51332037,99,136,
“Œ—\¼•”,¡Ž¡Žs,51332038,99,136,
“Œ—\¼•”,¡Ž¡Žs,51332039,98,135,
“Œ—\¼•”,¡Ž¡Žs,51332044,101,|,
“Œ—\¼•”,¡Ž¡Žs,51332045,97,134,
“Œ—\¼•”,¡Ž¡Žs,51332046,97,133,
“Œ—\¼•”,¡Ž¡Žs,51332047,97,134,
“Œ—\¼•”,¡Ž¡Žs,51332048,97,133,
“Œ—\¼•”,¡Ž¡Žs,51332049,97,133,
“Œ—\¼•”,¡Ž¡Žs,51332050,103,|,
“Œ—\¼•”,¡Ž¡Žs,51332051,101,139,
“Œ—\¼•”,¡Ž¡Žs,51332052,101,139,
“Œ—\¼•”,¡Ž¡Žs,51332053,97,133,
“Œ—\¼•”,¡Ž¡Žs,51332054,101,139,
“Œ—\¼•”,¡Ž¡Žs,51332055,100,138,
“Œ—\¼•”,¡Ž¡Žs,51332056,97,133,
“Œ—\¼•”,¡Ž¡Žs,51332057,97,133,
“Œ—\¼•”,¡Ž¡Žs,51332058,96,132,
“Œ—\¼•”,¡Ž¡Žs,51332059,96,132,
“Œ—\¼•”,¡Ž¡Žs,51332060,103,|,
“Œ—\¼•”,¡Ž¡Žs,51332061,103,|,
“Œ—\¼•”,¡Ž¡Žs,51332062,103,|,
“Œ—\¼•”,¡Ž¡Žs,51332063,101,139,
“Œ—\¼•”,¡Ž¡Žs,51332064,101,139,
“Œ—\¼•”,¡Ž¡Žs,51332065,97,133,
“Œ—\¼•”,¡Ž¡Žs,51332066,100,138,
“Œ—\¼•”,¡Ž¡Žs,51332067,96,132,
“Œ—\¼•”,¡Ž¡Žs,51332068,95,131,
“Œ—\¼•”,¡Ž¡Žs,51332069,91,126,
“Œ—\¼•”,¡Ž¡Žs,51332070,102,141,
“Œ—\¼•”,¡Ž¡Žs,51332071,102,141,
“Œ—\¼•”,¡Ž¡Žs,51332072,102,141,
“Œ—\¼•”,¡Ž¡Žs,51332073,102,141,
“Œ—\¼•”,¡Ž¡Žs,51332074,101,139,
“Œ—\¼•”,¡Ž¡Žs,51332075,101,139,
“Œ—\¼•”,¡Ž¡Žs,51332076,101,139,
“Œ—\¼•”,¡Ž¡Žs,51332077,96,132,
“Œ—\¼•”,¡Ž¡Žs,51332078,96,132,
“Œ—\¼•”,¡Ž¡Žs,51332080,108,149,
“Œ—\¼•”,¡Ž¡Žs,51332081,108,148,
“Œ—\¼•”,¡Ž¡Žs,51332082,107,147,
“Œ—\¼•”,¡Ž¡Žs,51332083,102,141,
“Œ—\¼•”,¡Ž¡Žs,51332084,102,140,
“Œ—\¼•”,¡Ž¡Žs,51332085,102,|,
“Œ—\¼•”,¡Ž¡Žs,51332086,102,|,
“Œ—\¼•”,¡Ž¡Žs,51332087,100,138,
“Œ—\¼•”,¡Ž¡Žs,51332088,95,131,
“Œ—\¼•”,¡Ž¡Žs,51332090,108,149,
“Œ—\¼•”,¡Ž¡Žs,51332091,108,149,
“Œ—\¼•”,¡Ž¡Žs,51332092,108,148,
“Œ—\¼•”,¡Ž¡Žs,51332093,102,141,
“Œ—\¼•”,¡Ž¡Žs,51332094,102,140,
“Œ—\¼•”,¡Ž¡Žs,51332098,100,|,
“Œ—\¼•”,¡Ž¡Žs,51332130,98,|,
“Œ—\¼•”,¡Ž¡Žs,51332150,96,132,
“Œ—\¼•”,¡Ž¡Žs,51332151,97,|,
“Œ—\¼•”,¡Ž¡Žs,51332160,97,|,
“Œ—\¼•”,¡Ž¡Žs,51333000,108,149,
“Œ—\¼•”,¡Ž¡Žs,51333001,108,149,
“Œ—\¼•”,¡Ž¡Žs,51333002,108,148,
“Œ—\¼•”,¡Ž¡Žs,51333003,102,140,
“Œ—\¼•”,¡Ž¡Žs,51333004,101,139,
“Œ—\¼•”,¡Ž¡Žs,51333010,108,149,
“Œ—\¼•”,¡Ž¡Žs,51333011,108,148,
“Œ—\¼•”,¡Ž¡Žs,51333012,108,148,
“Œ—\¼•”,¡Ž¡Žs,51333013,102,140,
“Œ—\¼•”,¡Ž¡Žs,51333014,108,|,
“Œ—\¼•”,¡Ž¡Žs,51333020,108,149,
“Œ—\¼•”,¡Ž¡Žs,51333021,108,149,
“Œ—\¼•”,¡Ž¡Žs,51333022,108,148,
“Œ—\¼•”,¡Ž¡Žs,51333023,108,|,
“Œ—\¼•”,¡Ž¡Žs,51333030,103,142,
“Œ—\¼•”,¡Ž¡Žs,51333031,103,142,
“Œ—\¼•”,¡Ž¡Žs,51333032,108,148,
“Œ—\¼•”,¡Ž¡Žs,51333033,108,|,
“Œ—\¼•”,¡Ž¡Žs,51333040,104,|,
“Œ—\¼•”,¡Ž¡Žs,51333041,102,141,
“Œ—\¼•”,¡Ž¡Žs,51333042,108,148,
“Œ—\¼•”,¡Ž¡Žs,51333050,104,|,
“Œ—\¼•”,¡Ž¡Žs,51333051,103,142,
“Œ—\¼•”,¡Ž¡Žs,51333052,108,|,
“Œ—\¼•”,ã“‡’¬,51332152,97,|,
“Œ—\¼•”,ã“‡’¬,51332161,97,|,
“Œ—\¼•”,ã“‡’¬,51332162,97,|,
“Œ—\¼•”,ã“‡’¬,51332172,97,|,
“Œ—\¼•”,ã“‡’¬,51332173,97,|,
“Œ—\¼•”,ã“‡’¬,51332174,97,|,
“Œ—\¼•”,ã“‡’¬,51332175,97,|,
“Œ—\¼•”,ã“‡’¬,51332180,97,|,
“Œ—\¼•”,ã“‡’¬,51332182,97,|,
“Œ—\¼•”,ã“‡’¬,51332183,97,|,
“Œ—\¼•”,ã“‡’¬,51332184,97,|,
“Œ—\¼•”,ã“‡’¬,51332185,97,|,
“Œ—\¼•”,ã“‡’¬,51332186,91,126,
“Œ—\¼•”,ã“‡’¬,51332190,96,132,
“Œ—\¼•”,ã“‡’¬,51332191,97,133,
“Œ—\¼•”,ã“‡’¬,51332192,96,132,
“Œ—\¼•”,ã“‡’¬,51332193,97,|,
“Œ—\¼•”,ã“‡’¬,51332194,95,131,
“Œ—\¼•”,ã“‡’¬,51332195,94,130,
“Œ—\¼•”,ã“‡’¬,51332196,94,130,
“Œ—\¼•”,ã“‡’¬,51332197,91,125,
“Œ—\¼•”,ã“‡’¬,51332205,86,119,
“Œ—\¼•”,ã“‡’¬,51332206,87,|,
“Œ—\¼•”,ã“‡’¬,51332211,94,|,
“Œ—\¼•”,ã“‡’¬,51332214,91,125,
“Œ—\¼•”,ã“‡’¬,51332215,87,120,
“Œ—\¼•”,ã“‡’¬,51332216,87,120,
“Œ—\¼•”,ã“‡’¬,51332221,94,130,
“Œ—\¼•”,ã“‡’¬,51332222,94,|,
“Œ—\¼•”,ã“‡’¬,51332231,94,130,
“Œ—\¼•”,ã“‡’¬,51332270,92,127,
“Œ—\¼•”,ã“‡’¬,51332271,92,|,
“Œ—\¼•”,ã“‡’¬,51332280,92,127,
“Œ—\¼•”,ã“‡’¬,51332281,92,|,
“Œ—\¼•”,ã“‡’¬,51333100,96,132,
“Œ—\¼•”,ã“‡’¬,51333101,96,132,
“Œ—\¼•”,ã“‡’¬,51333102,97,133,
“Œ—\¼•”,ã“‡’¬,51333103,95,131,
“Œ—\¼•”,ã“‡’¬,51333104,95,131,
“Œ—\¼•”,ã“‡’¬,51333105,94,130,
“Œ—\¼•”,ã“‡’¬,51333106,94,129,
“Œ—\¼•”,ã“‡’¬,51333107,99,|,
“Œ—\¼•”,ã“‡’¬,51333110,101,139,
“Œ—\¼•”,ã“‡’¬,51333111,100,138,
“Œ—\¼•”,ã“‡’¬,51333112,91,126,
“Œ—\¼•”,ã“‡’¬,51333113,95,131,
“Œ—\¼•”,ã“‡’¬,51333114,94,130,
“Œ—\¼•”,ã“‡’¬,51333115,94,129,
“Œ—\¼•”,ã“‡’¬,51333116,94,129,
“Œ—\¼•”,ã“‡’¬,51333117,94,129,
“Œ—\¼•”,ã“‡’¬,51333118,99,|,
“Œ—\¼•”,ã“‡’¬,51333120,101,139,
“Œ—\¼•”,ã“‡’¬,51333121,100,138,
“Œ—\¼•”,ã“‡’¬,51333122,91,126,
“Œ—\¼•”,ã“‡’¬,51333123,91,126,
“Œ—\¼•”,ã“‡’¬,51333124,91,126,
“Œ—\¼•”,ã“‡’¬,51333125,94,129,
“Œ—\¼•”,ã“‡’¬,51333126,94,130,
“Œ—\¼•”,ã“‡’¬,51333127,99,136,
“Œ—\¼•”,ã“‡’¬,51333128,94,130,
“Œ—\¼•”,ã“‡’¬,51333131,96,132,
“Œ—\¼•”,ã“‡’¬,51333132,96,132,
“Œ—\¼•”,ã“‡’¬,51333133,91,126,
“Œ—\¼•”,ã“‡’¬,51333136,94,130,
“Œ—\¼•”,ã“‡’¬,51333137,94,130,
“Œ—\¼•”,ã“‡’¬,51333138,99,136,
“Œ—\¼•”,ã“‡’¬,51333143,96,|,
“Œ—\¼•”,ã“‡’¬,51333147,91,125,
“Œ—\¼•”,ã“‡’¬,51333148,95,131,
“Œ—\¼•”,ã“‡’¬,51333158,95,|,
“ì—\–k•”,”ª”¦•lŽs,50320247,93,|,
“ì—\–k•”,”ª”¦•lŽs,50320248,93,|,
“ì—\–k•”,”ª”¦•lŽs,50320249,93,|,
“ì—\–k•”,”ª”¦•lŽs,50320257,85,120,
“ì—\–k•”,”ª”¦•lŽs,50320258,93,|,
“ì—\–k•”,”ª”¦•lŽs,50320259,93,|,
“ì—\–k•”,”ª”¦•lŽs,50320266,85,|,
“ì—\–k•”,”ª”¦•lŽs,50320267,85,120,
“ì—\–k•”,”ª”¦•lŽs,50320276,85,|,
“ì—\–k•”,”ª”¦•lŽs,50320277,85,121,
“ì—\–k•”,”ª”¦•lŽs,50320360,90,127,
“ì—\–k•”,”ª”¦•lŽs,50320361,90,127,
“ì—\–k•”,”ª”¦•lŽs,50320370,90,|,
“ì—\–k•”,”ª”¦•lŽs,50320371,90,128,
“ì—\–k•”,”ª”¦•lŽs,50320381,90,127,
“ì—\–k•”,”ª”¦•lŽs,50320382,87,123,
“ì—\–k•”,”ª”¦•lŽs,50320386,100,142,
“ì—\–k•”,”ª”¦•lŽs,50320390,90,|,
“ì—\–k•”,”ª”¦•lŽs,50320391,90,127,
“ì—\–k•”,”ª”¦•lŽs,50320392,90,127,
“ì—\–k•”,”ª”¦•lŽs,50320394,87,123,
“ì—\–k•”,”ª”¦•lŽs,50320395,105,148,
“ì—\–k•”,”ª”¦•lŽs,50320396,100,141,
“ì—\–k•”,”ª”¦•lŽs,50320397,95,135,
“ì—\–k•”,”ª”¦•lŽs,50321259,132,|,
“ì—\–k•”,”ª”¦•lŽs,50321300,90,127,
“ì—\–k•”,”ª”¦•lŽs,50321301,90,127,
“ì—\–k•”,”ª”¦•lŽs,50321302,90,127,
“ì—\–k•”,”ª”¦•lŽs,50321303,90,127,
“ì—\–k•”,”ª”¦•lŽs,50321304,90,127,
“ì—\–k•”,”ª”¦•lŽs,50321305,99,140,
“ì—\–k•”,”ª”¦•lŽs,50321306,99,140,
“ì—\–k•”,”ª”¦•lŽs,50321307,99,140,
“ì—\–k•”,”ª”¦•lŽs,50321311,90,127,
“ì—\–k•”,”ª”¦•lŽs,50321312,89,126,
“ì—\–k•”,”ª”¦•lŽs,50321313,89,126,
“ì—\–k•”,”ª”¦•lŽs,50321314,89,126,
“ì—\–k•”,”ª”¦•lŽs,50321315,99,140,
“ì—\–k•”,”ª”¦•lŽs,50321316,99,140,
“ì—\–k•”,”ª”¦•lŽs,50321317,95,135,
“ì—\–k•”,”ª”¦•lŽs,50321318,95,135,
“ì—\–k•”,”ª”¦•lŽs,50321321,101,|,
“ì—\–k•”,”ª”¦•lŽs,50321322,89,126,
“ì—\–k•”,”ª”¦•lŽs,50321323,90,127,
“ì—\–k•”,”ª”¦•lŽs,50321324,90,127,
“ì—\–k•”,”ª”¦•lŽs,50321325,99,140,
“ì—\–k•”,”ª”¦•lŽs,50321326,99,140,
“ì—\–k•”,”ª”¦•lŽs,50321327,99,140,
“ì—\–k•”,”ª”¦•lŽs,50321328,95,134,
“ì—\–k•”,”ª”¦•lŽs,50321330,101,|,
“ì—\–k•”,”ª”¦•lŽs,50321331,101,|,
“ì—\–k•”,”ª”¦•lŽs,50321332,90,127,
“ì—\–k•”,”ª”¦•lŽs,50321333,90,128,
“ì—\–k•”,”ª”¦•lŽs,50321334,86,122,
“ì—\–k•”,”ª”¦•lŽs,50321335,104,147,
“ì—\–k•”,”ª”¦•lŽs,50321336,99,140,
“ì—\–k•”,”ª”¦•lŽs,50321337,98,139,
“ì—\–k•”,”ª”¦•lŽs,50321338,99,|,
“ì—\–k•”,”ª”¦•lŽs,50321339,98,139,
“ì—\–k•”,”ª”¦•lŽs,50321341,100,142,
“ì—\–k•”,”ª”¦•lŽs,50321342,101,143,
“ì—\–k•”,”ª”¦•lŽs,50321343,102,144,
“ì—\–k•”,”ª”¦•lŽs,50321344,101,143,
“ì—\–k•”,”ª”¦•lŽs,50321345,85,121,
“ì—\–k•”,”ª”¦•lŽs,50321346,80,114,
“ì—\–k•”,”ª”¦•lŽs,50321347,84,119,
“ì—\–k•”,”ª”¦•lŽs,50321348,84,119,
“ì—\–k•”,”ª”¦•lŽs,50321349,84,119,
“ì—\–k•”,”ª”¦•lŽs,50321350,101,143,
“ì—\–k•”,”ª”¦•lŽs,50321351,101,143,
“ì—\–k•”,”ª”¦•lŽs,50321352,101,143,
“ì—\–k•”,”ª”¦•lŽs,50321353,102,144,
“ì—\–k•”,”ª”¦•lŽs,50321354,101,143,
“ì—\–k•”,”ª”¦•lŽs,50321355,81,115,
“ì—\–k•”,”ª”¦•lŽs,50321356,80,114,
“ì—\–k•”,”ª”¦•lŽs,50321357,80,114,
“ì—\–k•”,”ª”¦•lŽs,50321358,84,119,
“ì—\–k•”,”ª”¦•lŽs,50321359,84,119,
“ì—\–k•”,”ª”¦•lŽs,50321360,102,144,
“ì—\–k•”,”ª”¦•lŽs,50321361,102,144,
“ì—\–k•”,”ª”¦•lŽs,50321362,102,144,
“ì—\–k•”,”ª”¦•lŽs,50321363,102,144,
“ì—\–k•”,”ª”¦•lŽs,50321364,101,143,
“ì—\–k•”,”ª”¦•lŽs,50321365,85,121,
“ì—\–k•”,”ª”¦•lŽs,50321366,81,115,
“ì—\–k•”,”ª”¦•lŽs,50321367,85,121,
“ì—\–k•”,”ª”¦•lŽs,50321368,85,120,
“ì—\–k•”,”ª”¦•lŽs,50321369,89,126,
“ì—\–k•”,”ª”¦•lŽs,50321370,102,144,
“ì—\–k•”,”ª”¦•lŽs,50321371,102,144,
“ì—\–k•”,”ª”¦•lŽs,50321372,102,144,
“ì—\–k•”,”ª”¦•lŽs,50321373,102,144,
“ì—\–k•”,”ª”¦•lŽs,50321374,102,144,
“ì—\–k•”,”ª”¦•lŽs,50321375,86,122,
“ì—\–k•”,”ª”¦•lŽs,50321376,82,116,
“ì—\–k•”,”ª”¦•lŽs,50321377,85,121,
“ì—\–k•”,”ª”¦•lŽs,50321378,89,126,
“ì—\–k•”,”ª”¦•lŽs,50321380,102,144,
“ì—\–k•”,”ª”¦•lŽs,50321381,102,144,
“ì—\–k•”,”ª”¦•lŽs,50321382,102,144,
“ì—\–k•”,”ª”¦•lŽs,50321383,102,145,
“ì—\–k•”,”ª”¦•lŽs,50321384,102,144,
“ì—\–k•”,”ª”¦•lŽs,50321385,83,117,
“ì—\–k•”,”ª”¦•lŽs,50321386,86,122,
“ì—\–k•”,”ª”¦•lŽs,50321390,102,144,
“ì—\–k•”,”ª”¦•lŽs,50321391,102,144,
“ì—\–k•”,”ª”¦•lŽs,50321392,102,144,
“ì—\–k•”,”ª”¦•lŽs,50321393,102,145,
“ì—\–k•”,”ª”¦•lŽs,50321394,102,145,
“ì—\–k•”,”ª”¦•lŽs,50321395,91,129,
“ì—\–k•”,”ª”¦•lŽs,50321396,83,118,
“ì—\–k•”,”ª”¦•lŽs,50322209,100,141,
“ì—\–k•”,”ª”¦•lŽs,50322219,95,134,
“ì—\–k•”,”ª”¦•lŽs,50322229,94,133,
“ì—\–k•”,”ª”¦•lŽs,50322300,190,269,
“ì—\–k•”,”ª”¦•lŽs,50322301,190,269,
“ì—\–k•”,”ª”¦•lŽs,50322302,190,269,
“ì—\–k•”,”ª”¦•lŽs,50322303,190,269,
“ì—\–k•”,”ª”¦•lŽs,50322304,190,269,
“ì—\–k•”,”ª”¦•lŽs,50322305,144,204,
“ì—\–k•”,”ª”¦•lŽs,50322306,145,205,
“ì—\–k•”,”ª”¦•lŽs,50322307,146,206,
“ì—\–k•”,”ª”¦•lŽs,50322310,190,268,
“ì—\–k•”,”ª”¦•lŽs,50322311,190,269,
“ì—\–k•”,”ª”¦•lŽs,50322312,190,269,
“ì—\–k•”,”ª”¦•lŽs,50322313,190,269,
“ì—\–k•”,”ª”¦•lŽs,50322314,190,269,
“ì—\–k•”,”ª”¦•lŽs,50322315,145,205,
“ì—\–k•”,”ª”¦•lŽs,50322316,145,205,
“ì—\–k•”,”ª”¦•lŽs,50322317,146,206,
“ì—\–k•”,”ª”¦•lŽs,50322320,190,268,
“ì—\–k•”,”ª”¦•lŽs,50322321,190,268,
“ì—\–k•”,”ª”¦•lŽs,50322322,190,269,
“ì—\–k•”,”ª”¦•lŽs,50322323,190,269,
“ì—\–k•”,”ª”¦•lŽs,50322324,190,269,
“ì—\–k•”,”ª”¦•lŽs,50322325,145,205,
“ì—\–k•”,”ª”¦•lŽs,50322326,144,204,
“ì—\–k•”,”ª”¦•lŽs,50322327,146,206,
“ì—\–k•”,”ª”¦•lŽs,50322330,190,268,
“ì—\–k•”,”ª”¦•lŽs,50322331,190,268,
“ì—\–k•”,”ª”¦•lŽs,50322332,190,268,
“ì—\–k•”,”ª”¦•lŽs,50322333,190,268,
“ì—\–k•”,”ª”¦•lŽs,50322334,190,269,
“ì—\–k•”,”ª”¦•lŽs,50322335,144,204,
“ì—\–k•”,”ª”¦•lŽs,50322336,144,204,
“ì—\–k•”,”ª”¦•lŽs,50322337,144,204,
“ì—\–k•”,”ª”¦•lŽs,50322341,190,268,
“ì—\–k•”,”ª”¦•lŽs,50322342,190,268,
“ì—\–k•”,”ª”¦•lŽs,50322343,190,268,
“ì—\–k•”,”ª”¦•lŽs,50322344,190,268,
“ì—\–k•”,”ª”¦•lŽs,50322352,190,268,
“ì—\–k•”,”ª”¦•lŽs,50322353,190,268,
“ì—\–k•”,”ª”¦•lŽs,50322363,190,|,
“ì—\–k•”,‘åFŽs,50321379,93,132,
“ì—\–k•”,‘åFŽs,50321387,90,127,
“ì—\–k•”,‘åFŽs,50321388,90,127,
“ì—\–k•”,‘åFŽs,50321389,93,132,
“ì—\–k•”,‘åFŽs,50321397,87,123,
“ì—\–k•”,‘åFŽs,50321398,87,123,
“ì—\–k•”,‘åFŽs,50321399,87,123,
“ì—\–k•”,‘åFŽs,50321427,100,141,
“ì—\–k•”,‘åFŽs,50321428,100,142,
“ì—\–k•”,‘åFŽs,50321433,95,135,
“ì—\–k•”,‘åFŽs,50321434,95,135,
“ì—\–k•”,‘åFŽs,50321436,100,141,
“ì—\–k•”,‘åFŽs,50321437,100,141,
“ì—\–k•”,‘åFŽs,50321438,101,143,
“ì—\–k•”,‘åFŽs,50321439,102,144,
“ì—\–k•”,‘åFŽs,50321440,89,126,
“ì—\–k•”,‘åFŽs,50321441,88,125,
“ì—\–k•”,‘åFŽs,50321442,88,125,
“ì—\–k•”,‘åFŽs,50321443,88,124,
“ì—\–k•”,‘åFŽs,50321444,84,119,
“ì—\–k•”,‘åFŽs,50321445,88,125,
“ì—\–k•”,‘åFŽs,50321446,88,125,
“ì—\–k•”,‘åFŽs,50321447,89,126,
“ì—\–k•”,‘åFŽs,50321448,90,128,
“ì—\–k•”,‘åFŽs,50321449,91,129,
“ì—\–k•”,‘åFŽs,50321450,89,126,
“ì—\–k•”,‘åFŽs,50321451,88,125,
“ì—\–k•”,‘åFŽs,50321452,88,125,
“ì—\–k•”,‘åFŽs,50321453,88,125,
“ì—\–k•”,‘åFŽs,50321454,88,125,
“ì—\–k•”,‘åFŽs,50321455,88,125,
“ì—\–k•”,‘åFŽs,50321456,88,125,
“ì—\–k•”,‘åFŽs,50321457,88,125,
“ì—\–k•”,‘åFŽs,50321458,90,127,
“ì—\–k•”,‘åFŽs,50321459,90,128,
“ì—\–k•”,‘åFŽs,50321460,90,127,
“ì—\–k•”,‘åFŽs,50321461,90,|,
“ì—\–k•”,‘åFŽs,50321462,89,126,
“ì—\–k•”,‘åFŽs,50321463,93,131,
“ì—\–k•”,‘åFŽs,50321464,88,125,
“ì—\–k•”,‘åFŽs,50321465,89,|,
“ì—\–k•”,‘åFŽs,50321466,88,125,
“ì—\–k•”,‘åFŽs,50321467,89,126,
“ì—\–k•”,‘åFŽs,50321468,90,127,
“ì—\–k•”,‘åFŽs,50321469,90,127,
“ì—\–k•”,‘åFŽs,50321470,90,127,
“ì—\–k•”,‘åFŽs,50321471,90,127,
“ì—\–k•”,‘åFŽs,50321472,89,126,
“ì—\–k•”,‘åFŽs,50321473,89,126,
“ì—\–k•”,‘åFŽs,50321474,89,126,
“ì—\–k•”,‘åFŽs,50321475,88,125,
“ì—\–k•”,‘åFŽs,50321476,89,126,
“ì—\–k•”,‘åFŽs,50321477,88,125,
“ì—\–k•”,‘åFŽs,50321478,89,126,
“ì—\–k•”,‘åFŽs,50321479,88,125,
“ì—\–k•”,‘åFŽs,50321480,90,127,
“ì—\–k•”,‘åFŽs,50321481,90,127,
“ì—\–k•”,‘åFŽs,50321482,89,126,
“ì—\–k•”,‘åFŽs,50321483,90,127,
“ì—\–k•”,‘åFŽs,50321484,89,126,
“ì—\–k•”,‘åFŽs,50321485,89,126,
“ì—\–k•”,‘åFŽs,50321486,89,126,
“ì—\–k•”,‘åFŽs,50321487,89,126,
“ì—\–k•”,‘åFŽs,50321488,90,127,
“ì—\–k•”,‘åFŽs,50321489,89,126,
“ì—\–k•”,‘åFŽs,50321490,90,128,
“ì—\–k•”,‘åFŽs,50321491,90,127,
“ì—\–k•”,‘åFŽs,50321492,90,127,
“ì—\–k•”,‘åFŽs,50321493,90,127,
“ì—\–k•”,‘åFŽs,50321494,90,127,
“ì—\–k•”,‘åFŽs,50321495,90,127,
“ì—\–k•”,‘åFŽs,50321496,90,127,
“ì—\–k•”,‘åFŽs,50321497,90,127,
“ì—\–k•”,‘åFŽs,50321498,90,127,
“ì—\–k•”,‘åFŽs,50321499,90,127,
“ì—\–k•”,‘åFŽs,50321512,107,152,
“ì—\–k•”,‘åFŽs,50321513,107,152,
“ì—\–k•”,‘åFŽs,50321514,104,147,
“ì—\–k•”,‘åFŽs,50321515,115,163,
“ì—\–k•”,‘åFŽs,50321516,115,163,
“ì—\–k•”,‘åFŽs,50321521,106,150,
“ì—\–k•”,‘åFŽs,50321522,107,151,
“ì—\–k•”,‘åFŽs,50321523,107,152,
“ì—\–k•”,‘åFŽs,50321524,103,146,
“ì—\–k•”,‘åFŽs,50321525,115,163,
“ì—\–k•”,‘åFŽs,50321526,115,162,
“ì—\–k•”,‘åFŽs,50321530,103,146,
“ì—\–k•”,‘åFŽs,50321531,107,151,
“ì—\–k•”,‘åFŽs,50321532,107,151,
“ì—\–k•”,‘åFŽs,50321533,107,152,
“ì—\–k•”,‘åFŽs,50321534,103,146,
“ì—\–k•”,‘åFŽs,50321535,111,157,
“ì—\–k•”,‘åFŽs,50321536,115,163,
“ì—\–k•”,‘åFŽs,50321540,91,129,
“ì—\–k•”,‘åFŽs,50321541,91,129,
“ì—\–k•”,‘åFŽs,50321542,91,129,
“ì—\–k•”,‘åFŽs,50321543,92,130,
“ì—\–k•”,‘åFŽs,50321544,93,132,
“ì—\–k•”,‘åFŽs,50321545,105,149,
“ì—\–k•”,‘åFŽs,50321546,106,150,
“ì—\–k•”,‘åFŽs,50321548,102,145,
“ì—\–k•”,‘åFŽs,50321549,103,146,
“ì—\–k•”,‘åFŽs,50321550,91,129,
“ì—\–k•”,‘åFŽs,50321551,90,128,
“ì—\–k•”,‘åFŽs,50321552,95,135,
“ì—\–k•”,‘åFŽs,50321553,92,130,
“ì—\–k•”,‘åFŽs,50321554,93,131,
“ì—\–k•”,‘åFŽs,50321555,105,149,
“ì—\–k•”,‘åFŽs,50321556,106,150,
“ì—\–k•”,‘åFŽs,50321557,102,144,
“ì—\–k•”,‘åFŽs,50321558,102,145,
“ì—\–k•”,‘åFŽs,50321559,103,146,
“ì—\–k•”,‘åFŽs,50321560,90,127,
“ì—\–k•”,‘åFŽs,50321561,90,128,
“ì—\–k•”,‘åFŽs,50321562,90,128,
“ì—\–k•”,‘åFŽs,50321563,91,129,
“ì—\–k•”,‘åFŽs,50321564,91,129,
“ì—\–k•”,‘åFŽs,50321565,105,148,
“ì—\–k•”,‘åFŽs,50321566,101,143,
“ì—\–k•”,‘åFŽs,50321567,102,144,
“ì—\–k•”,‘åFŽs,50321568,98,139,
“ì—\–k•”,‘åFŽs,50321569,99,140,
“ì—\–k•”,‘åFŽs,50321570,90,127,
“ì—\–k•”,‘åFŽs,50321571,90,127,
“ì—\–k•”,‘åFŽs,50321572,90,127,
“ì—\–k•”,‘åFŽs,50321573,90,128,
“ì—\–k•”,‘åFŽs,50321574,90,128,
“ì—\–k•”,‘åFŽs,50321575,97,137,
“ì—\–k•”,‘åFŽs,50321576,97,137,
“ì—\–k•”,‘åFŽs,50321577,97,137,
“ì—\–k•”,‘åFŽs,50321578,97,138,
“ì—\–k•”,‘åFŽs,50321579,97,138,
“ì—\–k•”,‘åFŽs,50321580,90,127,
“ì—\–k•”,‘åFŽs,50321581,90,127,
“ì—\–k•”,‘åFŽs,50321582,90,127,
“ì—\–k•”,‘åFŽs,50321583,90,127,
“ì—\–k•”,‘åFŽs,50321584,90,128,
“ì—\–k•”,‘åFŽs,50321585,96,136,
“ì—\–k•”,‘åFŽs,50321586,97,137,
“ì—\–k•”,‘åFŽs,50321587,97,137,
“ì—\–k•”,‘åFŽs,50321588,97,137,
“ì—\–k•”,‘åFŽs,50321589,97,138,
“ì—\–k•”,‘åFŽs,50321590,90,127,
“ì—\–k•”,‘åFŽs,50321591,90,127,
“ì—\–k•”,‘åFŽs,50321592,90,127,
“ì—\–k•”,‘åFŽs,50321594,90,127,
“ì—\–k•”,‘åFŽs,50321595,96,136,
“ì—\–k•”,‘åFŽs,50321596,96,136,
“ì—\–k•”,‘åFŽs,50321597,96,136,
“ì—\–k•”,‘åFŽs,50321598,96,136,
“ì—\–k•”,‘åFŽs,50321599,97,138,
“ì—\–k•”,‘åFŽs,50321680,97,137,
“ì—\–k•”,‘åFŽs,50321681,97,138,
“ì—\–k•”,‘åFŽs,50321682,102,145,
“ì—\–k•”,‘åFŽs,50321690,97,137,
“ì—\–k•”,‘åFŽs,50321691,97,137,
“ì—\–k•”,‘åFŽs,50321692,101,143,
“ì—\–k•”,‘åFŽs,50321693,97,138,
“ì—\–k•”,‘åFŽs,50322308,146,206,
“ì—\–k•”,‘åFŽs,50322309,144,204,
“ì—\–k•”,‘åFŽs,50322318,146,206,
“ì—\–k•”,‘åFŽs,50322319,145,205,
“ì—\–k•”,‘åFŽs,50322328,146,206,
“ì—\–k•”,‘åFŽs,50322329,145,205,
“ì—\–k•”,‘åFŽs,50322338,144,204,
“ì—\–k•”,‘åFŽs,50322339,144,204,
“ì—\–k•”,‘åFŽs,50322345,144,204,
“ì—\–k•”,‘åFŽs,50322346,144,204,
“ì—\–k•”,‘åFŽs,50322347,144,204,
“ì—\–k•”,‘åFŽs,50322348,144,204,
“ì—\–k•”,‘åFŽs,50322349,144,204,
“ì—\–k•”,‘åFŽs,50322354,190,268,
“ì—\–k•”,‘åFŽs,50322355,144,204,
“ì—\–k•”,‘åFŽs,50322356,144,204,
“ì—\–k•”,‘åFŽs,50322357,144,|,
“ì—\–k•”,‘åFŽs,50322358,144,204,
“ì—\–k•”,‘åFŽs,50322359,144,203,
“ì—\–k•”,‘åFŽs,50322364,94,133,
“ì—\–k•”,‘åFŽs,50322365,110,155,
“ì—\–k•”,‘åFŽs,50322366,110,155,
“ì—\–k•”,‘åFŽs,50322367,101,143,
“ì—\–k•”,‘åFŽs,50322368,100,142,
“ì—\–k•”,‘åFŽs,50322369,100,141,
“ì—\–k•”,‘åFŽs,50322374,91,129,
“ì—\–k•”,‘åFŽs,50322375,115,162,
“ì—\–k•”,‘åFŽs,50322376,110,155,
“ì—\–k•”,‘åFŽs,50322377,100,142,
“ì—\–k•”,‘åFŽs,50322378,100,142,
“ì—\–k•”,‘åFŽs,50322379,100,141,
“ì—\–k•”,‘åFŽs,50322384,115,|,
“ì—\–k•”,‘åFŽs,50322385,111,157,
“ì—\–k•”,‘åFŽs,50322386,110,156,
“ì—\–k•”,‘åFŽs,50322387,100,142,
“ì—\–k•”,‘åFŽs,50322388,96,136,
“ì—\–k•”,‘åFŽs,50322389,100,142,
“ì—\–k•”,‘åFŽs,50322395,110,156,
“ì—\–k•”,‘åFŽs,50322396,110,156,
“ì—\–k•”,‘åFŽs,50322397,100,142,
“ì—\–k•”,‘åFŽs,50322398,96,136,
“ì—\–k•”,‘åFŽs,50322399,100,142,
“ì—\–k•”,‘åFŽs,50322400,88,125,
“ì—\–k•”,‘åFŽs,50322401,88,125,
“ì—\–k•”,‘åFŽs,50322402,88,125,
“ì—\–k•”,‘åFŽs,50322403,88,124,
“ì—\–k•”,‘åFŽs,50322404,88,124,
“ì—\–k•”,‘åFŽs,50322405,96,136,
“ì—\–k•”,‘åFŽs,50322406,97,137,
“ì—\–k•”,‘åFŽs,50322407,93,131,
“ì—\–k•”,‘åFŽs,50322408,93,132,
“ì—\–k•”,‘åFŽs,50322409,93,131,
“ì—\–k•”,‘åFŽs,50322410,88,125,
“ì—\–k•”,‘åFŽs,50322411,88,125,
“ì—\–k•”,‘åFŽs,50322412,89,126,
“ì—\–k•”,‘åFŽs,50322413,88,125,
“ì—\–k•”,‘åFŽs,50322414,88,125,
“ì—\–k•”,‘åFŽs,50322415,97,137,
“ì—\–k•”,‘åFŽs,50322416,96,136,
“ì—\–k•”,‘åFŽs,50322417,97,137,
“ì—\–k•”,‘åFŽs,50322418,93,131,
“ì—\–k•”,‘åFŽs,50322419,93,131,
“ì—\–k•”,‘åFŽs,50322420,88,125,
“ì—\–k•”,‘åFŽs,50322421,88,125,
“ì—\–k•”,‘åFŽs,50322422,89,126,
“ì—\–k•”,‘åFŽs,50322423,89,126,
“ì—\–k•”,‘åFŽs,50322424,88,125,
“ì—\–k•”,‘åFŽs,50322425,97,137,
“ì—\–k•”,‘åFŽs,50322426,92,130,
“ì—\–k•”,‘åFŽs,50322427,92,130,
“ì—\–k•”,‘åFŽs,50322428,92,130,
“ì—\–k•”,‘åFŽs,50322429,93,131,
“ì—\–k•”,‘åFŽs,50322430,88,125,
“ì—\–k•”,‘åFŽs,50322431,88,124,
“ì—\–k•”,‘åFŽs,50322432,111,|,
“ì—\–k•”,‘åFŽs,50322433,88,125,
“ì—\–k•”,‘åFŽs,50322434,88,125,
“ì—\–k•”,‘åFŽs,50322435,97,|,
“ì—\–k•”,‘åFŽs,50322436,91,129,
“ì—\–k•”,‘åFŽs,50322437,91,129,
“ì—\–k•”,‘åFŽs,50322438,93,131,
“ì—\–k•”,‘åFŽs,50322439,96,136,
“ì—\–k•”,‘åFŽs,50322440,87,123,
“ì—\–k•”,‘åFŽs,50322441,111,|,
“ì—\–k•”,‘åFŽs,50322442,88,124,
“ì—\–k•”,‘åFŽs,50322443,88,124,
“ì—\–k•”,‘åFŽs,50322444,88,124,
“ì—\–k•”,‘åFŽs,50322445,96,136,
“ì—\–k•”,‘åFŽs,50322446,92,130,
“ì—\–k•”,‘åFŽs,50322447,93,131,
“ì—\–k•”,‘åFŽs,50322448,93,131,
“ì—\–k•”,‘åFŽs,50322449,97,137,
“ì—\–k•”,‘åFŽs,50322450,88,124,
“ì—\–k•”,‘åFŽs,50322451,87,123,
“ì—\–k•”,‘åFŽs,50322452,111,|,
“ì—\–k•”,‘åFŽs,50322453,87,123,
“ì—\–k•”,‘åFŽs,50322454,87,123,
“ì—\–k•”,‘åFŽs,50322455,96,136,
“ì—\–k•”,‘åFŽs,50322456,96,136,
“ì—\–k•”,‘åFŽs,50322457,96,136,
“ì—\–k•”,‘åFŽs,50322458,97,137,
“ì—\–k•”,‘åFŽs,50322459,97,138,
“ì—\–k•”,‘åFŽs,50322460,102,144,
“ì—\–k•”,‘åFŽs,50322461,106,150,
“ì—\–k•”,‘åFŽs,50322462,111,157,
“ì—\–k•”,‘åFŽs,50322463,106,150,
“ì—\–k•”,‘åFŽs,50322464,107,151,
“ì—\–k•”,‘åFŽs,50322465,102,145,
“ì—\–k•”,‘åFŽs,50322466,102,145,
“ì—\–k•”,‘åFŽs,50322467,102,145,
“ì—\–k•”,‘åFŽs,50322468,98,139,
“ì—\–k•”,‘åFŽs,50322469,99,140,
“ì—\–k•”,‘åFŽs,50322470,102,145,
“ì—\–k•”,‘åFŽs,50322471,108,153,
“ì—\–k•”,‘åFŽs,50322472,112,158,
“ì—\–k•”,‘åFŽs,50322473,111,157,
“ì—\–k•”,‘åFŽs,50322474,111,157,
“ì—\–k•”,‘åFŽs,50322475,103,146,
“ì—\–k•”,‘åFŽs,50322476,103,146,
“ì—\–k•”,‘åFŽs,50322477,103,146,
“ì—\–k•”,‘åFŽs,50322478,99,140,
“ì—\–k•”,‘åFŽs,50322479,99,140,
“ì—\–k•”,‘åFŽs,50322480,102,145,
“ì—\–k•”,‘åFŽs,50322481,112,159,
“ì—\–k•”,‘åFŽs,50322482,112,159,
“ì—\–k•”,‘åFŽs,50322483,112,159,
“ì—\–k•”,‘åFŽs,50322484,111,157,
“ì—\–k•”,‘åFŽs,50322485,103,146,
“ì—\–k•”,‘åFŽs,50322486,103,146,
“ì—\–k•”,‘åFŽs,50322487,104,147,
“ì—\–k•”,‘åFŽs,50322488,103,146,
“ì—\–k•”,‘åFŽs,50322489,103,146,
“ì—\–k•”,‘åFŽs,50322490,102,145,
“ì—\–k•”,‘åFŽs,50322491,108,153,
“ì—\–k•”,‘åFŽs,50322492,112,159,
“ì—\–k•”,‘åFŽs,50322493,112,158,
“ì—\–k•”,‘åFŽs,50322494,112,158,
“ì—\–k•”,‘åFŽs,50322495,103,146,
“ì—\–k•”,‘åFŽs,50322496,105,148,
“ì—\–k•”,‘åFŽs,50322497,105,148,
“ì—\–k•”,‘åFŽs,50322498,105,148,
“ì—\–k•”,‘åFŽs,50322499,105,148,
“ì—\–k•”,‘åFŽs,50322500,89,126,
“ì—\–k•”,‘åFŽs,50322501,88,125,
“ì—\–k•”,‘åFŽs,50322502,88,125,
“ì—\–k•”,‘åFŽs,50322505,105,148,
“ì—\–k•”,‘åFŽs,50322506,105,148,
“ì—\–k•”,‘åFŽs,50322507,105,148,
“ì—\–k•”,‘åFŽs,50322508,105,149,
“ì—\–k•”,‘åFŽs,50322509,106,150,
“ì—\–k•”,‘åFŽs,50322510,93,131,
“ì—\–k•”,‘åFŽs,50322517,105,148,
“ì—\–k•”,‘åFŽs,50322518,105,148,
“ì—\–k•”,‘åFŽs,50322519,106,150,
“ì—\–k•”,‘åFŽs,50322520,93,131,
“ì—\–k•”,‘åFŽs,50322529,105,148,
“ì—\–k•”,‘åFŽs,50322530,97,137,
“ì—\–k•”,‘åFŽs,50322540,97,138,
“ì—\–k•”,‘åFŽs,50322550,98,139,
“ì—\–k•”,‘åFŽs,50322560,99,140,
“ì—\–k•”,‘åFŽs,50322570,99,140,
“ì—\–k•”,‘åFŽs,50322600,129,182,
“ì—\–k•”,‘åFŽs,50322601,129,182,
“ì—\–k•”,‘åFŽs,50322602,129,182,
“ì—\–k•”,‘åFŽs,50322603,129,182,
“ì—\–k•”,‘åFŽs,50322604,129,183,
“ì—\–k•”,‘åFŽs,50322605,194,274,
“ì—\–k•”,‘åFŽs,50322610,129,182,
“ì—\–k•”,‘åFŽs,50322611,129,182,
“ì—\–k•”,‘åFŽs,50322612,129,182,
“ì—\–k•”,‘åFŽs,50322613,129,182,
“ì—\–k•”,‘åFŽs,50322614,129,183,
“ì—\–k•”,‘åFŽs,50322615,194,274,
“ì—\–k•”,‘åFŽs,50322616,193,273,
“ì—\–k•”,‘åFŽs,50322620,129,182,
“ì—\–k•”,‘åFŽs,50322621,129,182,
“ì—\–k•”,‘åFŽs,50322622,129,182,
“ì—\–k•”,‘åFŽs,50322623,129,183,
“ì—\–k•”,‘åFŽs,50322624,130,184,
“ì—\–k•”,‘åFŽs,50322625,194,274,
“ì—\–k•”,‘åFŽs,50322626,194,274,
“ì—\–k•”,‘åFŽs,50322630,129,182,
“ì—\–k•”,‘åFŽs,50322631,129,182,
“ì—\–k•”,‘åFŽs,50322632,129,182,
“ì—\–k•”,‘åFŽs,50322633,129,183,
“ì—\–k•”,‘åFŽs,50322634,130,184,
“ì—\–k•”,‘åFŽs,50322635,194,274,
“ì—\–k•”,‘åFŽs,50322636,193,273,
“ì—\–k•”,‘åFŽs,50322641,129,182,
“ì—\–k•”,‘åFŽs,50322644,131,185,
“ì—\–k•”,‘åFŽs,50322645,194,274,
“ì—\–k•”,‘åFŽs,50322655,194,274,
“ì—\–k•”,‘åFŽs,50323305,110,|,
“ì—\–k•”,‘åFŽs,50323306,105,149,
“ì—\–k•”,‘åFŽs,50323307,100,142,
“ì—\–k•”,‘åFŽs,50323308,93,131,
“ì—\–k•”,‘åFŽs,50323309,97,137,
“ì—\–k•”,‘åFŽs,50323316,109,154,
“ì—\–k•”,‘åFŽs,50323317,105,148,
“ì—\–k•”,‘åFŽs,50323318,106,150,
“ì—\–k•”,‘åFŽs,50323319,97,138,
“ì—\–k•”,‘åFŽs,50323327,101,143,
“ì—\–k•”,‘åFŽs,50323328,97,138,
“ì—\–k•”,‘åFŽs,50323329,97,138,
“ì—\–k•”,‘åFŽs,50323337,111,|,
“ì—\–k•”,‘åFŽs,50323338,111,157,
“ì—\–k•”,‘åFŽs,50323339,97,138,
“ì—\–k•”,‘åFŽs,50323348,111,|,
“ì—\–k•”,‘åFŽs,50323349,97,138,
“ì—\–k•”,‘åFŽs,50323400,99,140,
“ì—\–k•”,‘åFŽs,50323401,102,145,
“ì—\–k•”,‘åFŽs,50323402,103,146,
“ì—\–k•”,‘åFŽs,50323403,112,158,
“ì—\–k•”,‘åFŽs,50323404,112,159,
“ì—\–k•”,‘åFŽs,50323405,104,147,
“ì—\–k•”,‘åFŽs,50323406,105,148,
“ì—\–k•”,‘åFŽs,50323407,105,148,
“ì—\–k•”,‘åFŽs,50323408,105,149,
“ì—\–k•”,‘åFŽs,50323409,105,148,
“ì—\–k•”,‘åFŽs,50323410,99,140,
“ì—\–k•”,‘åFŽs,50323411,99,140,
“ì—\–k•”,‘åFŽs,50323412,103,146,
“ì—\–k•”,‘åFŽs,50323413,104,147,
“ì—\–k•”,‘åFŽs,50323414,109,154,
“ì—\–k•”,‘åFŽs,50323415,141,|,
“ì—\–k•”,‘åFŽs,50323416,105,148,
“ì—\–k•”,‘åFŽs,50323417,105,149,
“ì—\–k•”,‘åFŽs,50323418,105,148,
“ì—\–k•”,‘åFŽs,50323419,105,148,
“ì—\–k•”,‘åFŽs,50323420,130,184,
“ì—\–k•”,‘åFŽs,50323421,130,184,
“ì—\–k•”,‘åFŽs,50323422,130,184,
“ì—\–k•”,‘åFŽs,50323423,132,186,
“ì—\–k•”,‘åFŽs,50323424,132,186,
“ì—\–k•”,‘åFŽs,50323425,141,|,
“ì—\–k•”,‘åFŽs,50323426,110,155,
“ì—\–k•”,‘åFŽs,50323427,115,162,
“ì—\–k•”,‘åFŽs,50323428,115,|,
“ì—\–k•”,‘åFŽs,50323430,131,185,
“ì—\–k•”,‘åFŽs,50323431,130,184,
“ì—\–k•”,‘åFŽs,50323432,130,184,
“ì—\–k•”,‘åFŽs,50323433,131,185,
“ì—\–k•”,‘åFŽs,50323436,110,155,
“ì—\–k•”,‘åFŽs,50323437,110,155,
“ì—\–k•”,‘åFŽs,50323438,110,155,
“ì—\–k•”,‘åFŽs,50323440,131,185,
“ì—\–k•”,‘åFŽs,50323441,130,184,
“ì—\–k•”,‘åFŽs,50323442,131,185,
“ì—\–k•”,‘åFŽs,50323443,130,184,
“ì—\–k•”,‘åFŽs,50323446,101,143,
“ì—\–k•”,‘åFŽs,50323447,110,|,
“ì—\–k•”,‘åFŽs,50323450,130,184,
“ì—\–k•”,‘åFŽs,50323451,130,184,
“ì—\–k•”,‘åFŽs,50323452,130,184,
“ì—\–k•”,‘åFŽs,50323461,131,185,
“ì—\–k•”,‘åFŽs,50324388,93,131,
“ì—\–k•”,‘åFŽs,50324389,93,131,
“ì—\–k•”,¼—\Žs,49327289,87,123,
“ì—\–k•”,¼—\Žs,49327299,87,123,
“ì—\–k•”,¼—\Žs,49327362,85,120,
“ì—\–k•”,¼—\Žs,49327363,85,120,
“ì—\–k•”,¼—\Žs,49327371,87,|,
“ì—\–k•”,¼—\Žs,49327372,85,120,
“ì—\–k•”,¼—\Žs,49327373,81,115,
“ì—\–k•”,¼—\Žs,49327374,81,115,
“ì—\–k•”,¼—\Žs,49327375,90,128,
“ì—\–k•”,¼—\Žs,49327376,90,128,
“ì—\–k•”,¼—\Žs,49327377,87,123,
“ì—\–k•”,¼—\Žs,49327378,88,125,
“ì—\–k•”,¼—\Žs,49327380,87,|,
“ì—\–k•”,¼—\Žs,49327381,84,119,
“ì—\–k•”,¼—\Žs,49327382,85,120,
“ì—\–k•”,¼—\Žs,49327383,82,116,
“ì—\–k•”,¼—\Žs,49327384,82,116,
“ì—\–k•”,¼—\Žs,49327385,90,128,
“ì—\–k•”,¼—\Žs,49327386,90,128,
“ì—\–k•”,¼—\Žs,49327387,88,124,
“ì—\–k•”,¼—\Žs,49327388,88,125,
“ì—\–k•”,¼—\Žs,49327389,97,137,
“ì—\–k•”,¼—\Žs,49327390,84,119,
“ì—\–k•”,¼—\Žs,49327391,84,119,
“ì—\–k•”,¼—\Žs,49327392,85,120,
“ì—\–k•”,¼—\Žs,49327393,85,120,
“ì—\–k•”,¼—\Žs,49327394,81,115,
“ì—\–k•”,¼—\Žs,49327395,90,128,
“ì—\–k•”,¼—\Žs,49327396,90,128,
“ì—\–k•”,¼—\Žs,49327397,88,124,
“ì—\–k•”,¼—\Žs,49327398,93,131,
“ì—\–k•”,¼—\Žs,49327399,97,137,
“ì—\–k•”,¼—\Žs,49327493,119,|,
“ì—\–k•”,¼—\Žs,49327494,117,166,
“ì—\–k•”,¼—\Žs,49327495,115,163,
“ì—\–k•”,¼—\Žs,49327496,117,|,
“ì—\–k•”,¼—\Žs,49327497,117,|,
“ì—\–k•”,¼—\Žs,49327591,130,|,
“ì—\–k•”,¼—\Žs,50320300,84,119,
“ì—\–k•”,¼—\Žs,50320301,84,119,
“ì—\–k•”,¼—\Žs,50320302,88,125,
“ì—\–k•”,¼—\Žs,50320303,84,119,
“ì—\–k•”,¼—\Žs,50320304,85,120,
“ì—\–k•”,¼—\Žs,50320305,90,127,
“ì—\–k•”,¼—\Žs,50320306,90,127,
“ì—\–k•”,¼—\Žs,50320307,95,135,
“ì—\–k•”,¼—\Žs,50320308,93,131,
“ì—\–k•”,¼—\Žs,50320309,93,132,
“ì—\–k•”,¼—\Žs,50320310,84,119,
“ì—\–k•”,¼—\Žs,50320311,84,119,
“ì—\–k•”,¼—\Žs,50320312,84,119,
“ì—\–k•”,¼—\Žs,50320313,84,119,
“ì—\–k•”,¼—\Žs,50320314,85,120,
“ì—\–k•”,¼—\Žs,50320315,91,|,
“ì—\–k•”,¼—\Žs,50320316,90,127,
“ì—\–k•”,¼—\Žs,50320317,91,129,
“ì—\–k•”,¼—\Žs,50320318,93,131,
“ì—\–k•”,¼—\Žs,50320319,93,132,
“ì—\–k•”,¼—\Žs,50320322,93,131,
“ì—\–k•”,¼—\Žs,50320323,93,131,
“ì—\–k•”,¼—\Žs,50320324,89,126,
“ì—\–k•”,¼—\Žs,50320325,90,127,
“ì—\–k•”,¼—\Žs,50320326,91,|,
“ì—\–k•”,¼—\Žs,50320327,91,129,
“ì—\–k•”,¼—\Žs,50320328,93,131,
“ì—\–k•”,¼—\Žs,50320329,94,133,
“ì—\–k•”,¼—\Žs,50320330,93,131,
“ì—\–k•”,¼—\Žs,50320331,93,131,
“ì—\–k•”,¼—\Žs,50320332,89,126,
“ì—\–k•”,¼—\Žs,50320333,89,126,
“ì—\–k•”,¼—\Žs,50320334,90,127,
“ì—\–k•”,¼—\Žs,50320335,90,127,
“ì—\–k•”,¼—\Žs,50320336,90,128,
“ì—\–k•”,¼—\Žs,50320337,91,129,
“ì—\–k•”,¼—\Žs,50320338,93,131,
“ì—\–k•”,¼—\Žs,50320339,95,135,
“ì—\–k•”,¼—\Žs,50320340,89,126,
“ì—\–k•”,¼—\Žs,50320341,89,126,
“ì—\–k•”,¼—\Žs,50320342,89,126,
“ì—\–k•”,¼—\Žs,50320343,90,127,
“ì—\–k•”,¼—\Žs,50320344,90,127,
“ì—\–k•”,¼—\Žs,50320345,90,127,
“ì—\–k•”,¼—\Žs,50320346,91,129,
“ì—\–k•”,¼—\Žs,50320347,91,129,
“ì—\–k•”,¼—\Žs,50320348,93,132,
“ì—\–k•”,¼—\Žs,50320349,96,136,
“ì—\–k•”,¼—\Žs,50320350,90,127,
“ì—\–k•”,¼—\Žs,50320351,90,127,
“ì—\–k•”,¼—\Žs,50320352,89,126,
“ì—\–k•”,¼—\Žs,50320353,90,127,
“ì—\–k•”,¼—\Žs,50320354,90,127,
“ì—\–k•”,¼—\Žs,50320355,90,127,
“ì—\–k•”,¼—\Žs,50320356,91,129,
“ì—\–k•”,¼—\Žs,50320357,93,131,
“ì—\–k•”,¼—\Žs,50320358,94,133,
“ì—\–k•”,¼—\Žs,50320359,96,136,
“ì—\–k•”,¼—\Žs,50320362,90,127,
“ì—\–k•”,¼—\Žs,50320363,90,127,
“ì—\–k•”,¼—\Žs,50320364,90,127,
“ì—\–k•”,¼—\Žs,50320365,90,128,
“ì—\–k•”,¼—\Žs,50320366,91,129,
“ì—\–k•”,¼—\Žs,50320367,93,131,
“ì—\–k•”,¼—\Žs,50320368,90,128,
“ì—\–k•”,¼—\Žs,50320369,94,133,
“ì—\–k•”,¼—\Žs,50320372,90,128,
“ì—\–k•”,¼—\Žs,50320373,90,128,
“ì—\–k•”,¼—\Žs,50320374,91,129,
“ì—\–k•”,¼—\Žs,50320375,91,129,
“ì—\–k•”,¼—\Žs,50320376,91,129,
“ì—\–k•”,¼—\Žs,50320377,93,131,
“ì—\–k•”,¼—\Žs,50320378,93,132,
“ì—\–k•”,¼—\Žs,50320379,93,132,
“ì—\–k•”,¼—\Žs,50320383,87,123,
“ì—\–k•”,¼—\Žs,50320384,88,124,
“ì—\–k•”,¼—\Žs,50320385,105,148,
“ì—\–k•”,¼—\Žs,50320387,100,142,
“ì—\–k•”,¼—\Žs,50320388,100,142,
“ì—\–k•”,¼—\Žs,50320389,101,143,
“ì—\–k•”,¼—\Žs,50320393,87,123,
“ì—\–k•”,¼—\Žs,50320398,96,136,
“ì—\–k•”,¼—\Žs,50320399,96,136,
“ì—\–k•”,¼—\Žs,50320400,117,166,
“ì—\–k•”,¼—\Žs,50320401,119,168,
“ì—\–k•”,¼—\Žs,50320402,116,164,
“ì—\–k•”,¼—\Žs,50320403,116,164,
“ì—\–k•”,¼—\Žs,50320404,119,169,
“ì—\–k•”,¼—\Žs,50320405,116,164,
“ì—\–k•”,¼—\Žs,50320406,115,163,
“ì—\–k•”,¼—\Žs,50320407,116,164,
“ì—\–k•”,¼—\Žs,50320408,117,165,
“ì—\–k•”,¼—\Žs,50320409,117,165,
“ì—\–k•”,¼—\Žs,50320410,109,154,
“ì—\–k•”,¼—\Žs,50320411,110,156,
“ì—\–k•”,¼—\Žs,50320412,117,165,
“ì—\–k•”,¼—\Žs,50320413,117,165,
“ì—\–k•”,¼—\Žs,50320414,115,163,
“ì—\–k•”,¼—\Žs,50320415,115,163,
“ì—\–k•”,¼—\Žs,50320416,115,163,
“ì—\–k•”,¼—\Žs,50320417,115,163,
“ì—\–k•”,¼—\Žs,50320418,117,165,
“ì—\–k•”,¼—\Žs,50320419,117,165,
“ì—\–k•”,¼—\Žs,50320420,107,151,
“ì—\–k•”,¼—\Žs,50320421,104,147,
“ì—\–k•”,¼—\Žs,50320422,104,147,
“ì—\–k•”,¼—\Žs,50320423,107,152,
“ì—\–k•”,¼—\Žs,50320424,106,150,
“ì—\–k•”,¼—\Žs,50320425,104,147,
“ì—\–k•”,¼—\Žs,50320426,107,152,
“ì—\–k•”,¼—\Žs,50320427,104,147,
“ì—\–k•”,¼—\Žs,50320428,105,148,
“ì—\–k•”,¼—\Žs,50320429,106,150,
“ì—\–k•”,¼—\Žs,50320430,105,148,
“ì—\–k•”,¼—\Žs,50320431,105,148,
“ì—\–k•”,¼—\Žs,50320432,107,151,
“ì—\–k•”,¼—\Žs,50320433,105,148,
“ì—\–k•”,¼—\Žs,50320434,104,147,
“ì—\–k•”,¼—\Žs,50320435,107,151,
“ì—\–k•”,¼—\Žs,50320436,107,151,
“ì—\–k•”,¼—\Žs,50320437,107,151,
“ì—\–k•”,¼—\Žs,50320438,105,148,
“ì—\–k•”,¼—\Žs,50320439,106,150,
“ì—\–k•”,¼—\Žs,50320440,104,147,
“ì—\–k•”,¼—\Žs,50320441,104,147,
“ì—\–k•”,¼—\Žs,50320442,105,149,
“ì—\–k•”,¼—\Žs,50320443,104,147,
“ì—\–k•”,¼—\Žs,50320444,103,146,
“ì—\–k•”,¼—\Žs,50320445,107,152,
“ì—\–k•”,¼—\Žs,50320446,107,152,
“ì—\–k•”,¼—\Žs,50320447,108,153,
“ì—\–k•”,¼—\Žs,50320448,108,153,
“ì—\–k•”,¼—\Žs,50320449,105,148,
“ì—\–k•”,¼—\Žs,50320450,106,150,
“ì—\–k•”,¼—\Žs,50320451,105,149,
“ì—\–k•”,¼—\Žs,50320452,104,147,
“ì—\–k•”,¼—\Žs,50320453,103,146,
“ì—\–k•”,¼—\Žs,50320454,103,146,
“ì—\–k•”,¼—\Žs,50320455,107,152,
“ì—\–k•”,¼—\Žs,50320456,105,148,
“ì—\–k•”,¼—\Žs,50320457,105,148,
“ì—\–k•”,¼—\Žs,50320458,105,148,
“ì—\–k•”,¼—\Žs,50320459,108,153,
“ì—\–k•”,¼—\Žs,50320460,104,147,
“ì—\–k•”,¼—\Žs,50320461,103,146,
“ì—\–k•”,¼—\Žs,50320462,103,146,
“ì—\–k•”,¼—\Žs,50320463,103,146,
“ì—\–k•”,¼—\Žs,50320464,103,146,
“ì—\–k•”,¼—\Žs,50320465,108,153,
“ì—\–k•”,¼—\Žs,50320466,105,149,
“ì—\–k•”,¼—\Žs,50320467,106,150,
“ì—\–k•”,¼—\Žs,50320468,105,148,
“ì—\–k•”,¼—\Žs,50320469,107,152,
“ì—\–k•”,¼—\Žs,50320470,99,140,
“ì—\–k•”,¼—\Žs,50320471,102,145,
“ì—\–k•”,¼—\Žs,50320472,102,145,
“ì—\–k•”,¼—\Žs,50320473,104,147,
“ì—\–k•”,¼—\Žs,50320474,105,149,
“ì—\–k•”,¼—\Žs,50320475,105,148,
“ì—\–k•”,¼—\Žs,50320476,105,148,
“ì—\–k•”,¼—\Žs,50320477,105,148,
“ì—\–k•”,¼—\Žs,50320478,104,147,
“ì—\–k•”,¼—\Žs,50320479,107,152,
“ì—\–k•”,¼—\Žs,50320480,97,138,
“ì—\–k•”,¼—\Žs,50320481,97,138,
“ì—\–k•”,¼—\Žs,50320482,102,145,
“ì—\–k•”,¼—\Žs,50320483,100,142,
“ì—\–k•”,¼—\Žs,50320484,101,143,
“ì—\–k•”,¼—\Žs,50320485,110,155,
“ì—\–k•”,¼—\Žs,50320486,112,159,
“ì—\–k•”,¼—\Žs,50320487,111,157,
“ì—\–k•”,¼—\Žs,50320488,111,157,
“ì—\–k•”,¼—\Žs,50320489,111,157,
“ì—\–k•”,¼—\Žs,50320490,102,144,
“ì—\–k•”,¼—\Žs,50320491,103,146,
“ì—\–k•”,¼—\Žs,50320492,103,146,
“ì—\–k•”,¼—\Žs,50320493,103,146,
“ì—\–k•”,¼—\Žs,50320494,100,141,
“ì—\–k•”,¼—\Žs,50320495,112,158,
“ì—\–k•”,¼—\Žs,50320496,111,157,
“ì—\–k•”,¼—\Žs,50320497,110,155,
“ì—\–k•”,¼—\Žs,50320498,110,156,
“ì—\–k•”,¼—\Žs,50320499,112,158,
“ì—\–k•”,¼—\Žs,50320500,127,180,
“ì—\–k•”,¼—\Žs,50320501,127,180,
“ì—\–k•”,¼—\Žs,50320502,130,|,
“ì—\–k•”,¼—\Žs,50320510,129,182,
“ì—\–k•”,¼—\Žs,50320511,128,181,
“ì—\–k•”,¼—\Žs,50320512,129,182,
“ì—\–k•”,¼—\Žs,50320518,138,|,
“ì—\–k•”,¼—\Žs,50320519,138,|,
“ì—\–k•”,¼—\Žs,50320520,110,155,
“ì—\–k•”,¼—\Žs,50320521,110,155,
“ì—\–k•”,¼—\Žs,50320522,112,159,
“ì—\–k•”,¼—\Žs,50320523,112,159,
“ì—\–k•”,¼—\Žs,50320524,132,|,
“ì—\–k•”,¼—\Žs,50320525,132,|,
“ì—\–k•”,¼—\Žs,50320526,132,187,
“ì—\–k•”,¼—\Žs,50320527,132,187,
“ì—\–k•”,¼—\Žs,50320528,134,189,
“ì—\–k•”,¼—\Žs,50320529,130,184,
“ì—\–k•”,¼—\Žs,50320530,110,156,
“ì—\–k•”,¼—\Žs,50320531,110,155,
“ì—\–k•”,¼—\Žs,50320532,112,159,
“ì—\–k•”,¼—\Žs,50320533,111,157,
“ì—\–k•”,¼—\Žs,50320534,112,159,
“ì—\–k•”,¼—\Žs,50320535,130,184,
“ì—\–k•”,¼—\Žs,50320536,131,185,
“ì—\–k•”,¼—\Žs,50320537,131,185,
“ì—\–k•”,¼—\Žs,50320538,132,186,
“ì—\–k•”,¼—\Žs,50320539,134,189,
“ì—\–k•”,¼—\Žs,50320540,113,160,
“ì—\–k•”,¼—\Žs,50320541,112,159,
“ì—\–k•”,¼—\Žs,50320542,112,158,
“ì—\–k•”,¼—\Žs,50320543,111,157,
“ì—\–k•”,¼—\Žs,50320544,111,157,
“ì—\–k•”,¼—\Žs,50320545,130,184,
“ì—\–k•”,¼—\Žs,50320546,130,184,
“ì—\–k•”,¼—\Žs,50320547,124,176,
“ì—\–k•”,¼—\Žs,50320548,132,186,
“ì—\–k•”,¼—\Žs,50320549,132,187,
“ì—\–k•”,¼—\Žs,50320550,111,157,
“ì—\–k•”,¼—\Žs,50320551,112,159,
“ì—\–k•”,¼—\Žs,50320552,112,159,
“ì—\–k•”,¼—\Žs,50320553,111,157,
“ì—\–k•”,¼—\Žs,50320554,111,157,
“ì—\–k•”,¼—\Žs,50320555,129,182,
“ì—\–k•”,¼—\Žs,50320556,129,183,
“ì—\–k•”,¼—\Žs,50320557,129,183,
“ì—\–k•”,¼—\Žs,50320558,132,186,
“ì—\–k•”,¼—\Žs,50320559,133,188,
“ì—\–k•”,¼—\Žs,50320560,110,155,
“ì—\–k•”,¼—\Žs,50320561,111,157,
“ì—\–k•”,¼—\Žs,50320562,112,159,
“ì—\–k•”,¼—\Žs,50320563,112,159,
“ì—\–k•”,¼—\Žs,50320564,112,158,
“ì—\–k•”,¼—\Žs,50320565,129,182,
“ì—\–k•”,¼—\Žs,50320566,115,162,
“ì—\–k•”,¼—\Žs,50320567,115,162,
“ì—\–k•”,¼—\Žs,50320568,117,165,
“ì—\–k•”,¼—\Žs,50320569,134,189,
“ì—\–k•”,¼—\Žs,50320570,110,155,
“ì—\–k•”,¼—\Žs,50320571,111,157,
“ì—\–k•”,¼—\Žs,50320572,112,158,
“ì—\–k•”,¼—\Žs,50320573,112,158,
“ì—\–k•”,¼—\Žs,50320574,111,157,
“ì—\–k•”,¼—\Žs,50320575,124,175,
“ì—\–k•”,¼—\Žs,50320576,114,161,
“ì—\–k•”,¼—\Žs,50320577,115,162,
“ì—\–k•”,¼—\Žs,50320578,115,163,
“ì—\–k•”,¼—\Žs,50320579,133,188,
“ì—\–k•”,¼—\Žs,50320580,113,160,
“ì—\–k•”,¼—\Žs,50320581,105,148,
“ì—\–k•”,¼—\Žs,50320582,105,149,
“ì—\–k•”,¼—\Žs,50320583,105,148,
“ì—\–k•”,¼—\Žs,50320584,105,149,
“ì—\–k•”,¼—\Žs,50320585,117,165,
“ì—\–k•”,¼—\Žs,50320586,112,158,
“ì—\–k•”,¼—\Žs,50320587,112,158,
“ì—\–k•”,¼—\Žs,50320588,112,159,
“ì—\–k•”,¼—\Žs,50320589,119,168,
“ì—\–k•”,¼—\Žs,50320590,105,148,
“ì—\–k•”,¼—\Žs,50320591,105,148,
“ì—\–k•”,¼—\Žs,50320592,105,148,
“ì—\–k•”,¼—\Žs,50320593,105,148,
“ì—\–k•”,¼—\Žs,50320594,105,148,
“ì—\–k•”,¼—\Žs,50320595,116,164,
“ì—\–k•”,¼—\Žs,50320596,116,164,
“ì—\–k•”,¼—\Žs,50320597,115,163,
“ì—\–k•”,¼—\Žs,50320598,117,165,
“ì—\–k•”,¼—\Žs,50320599,118,167,
“ì—\–k•”,¼—\Žs,50320610,138,|,
“ì—\–k•”,¼—\Žs,50320613,131,185,
“ì—\–k•”,¼—\Žs,50320614,130,184,
“ì—\–k•”,¼—\Žs,50320620,122,173,
“ì—\–k•”,¼—\Žs,50320621,124,176,
“ì—\–k•”,¼—\Žs,50320622,124,176,
“ì—\–k•”,¼—\Žs,50320623,123,174,
“ì—\–k•”,¼—\Žs,50320624,122,173,
“ì—\–k•”,¼—\Žs,50320630,124,175,
“ì—\–k•”,¼—\Žs,50320631,124,176,
“ì—\–k•”,¼—\Žs,50320632,126,178,
“ì—\–k•”,¼—\Žs,50320633,122,172,
“ì—\–k•”,¼—\Žs,50320634,122,172,
“ì—\–k•”,¼—\Žs,50320635,133,188,
“ì—\–k•”,¼—\Žs,50320640,123,174,
“ì—\–k•”,¼—\Žs,50320641,124,176,
“ì—\–k•”,¼—\Žs,50320642,124,176,
“ì—\–k•”,¼—\Žs,50320643,125,177,
“ì—\–k•”,¼—\Žs,50320644,122,173,
“ì—\–k•”,¼—\Žs,50320645,133,188,
“ì—\–k•”,¼—\Žs,50320650,123,174,
“ì—\–k•”,¼—\Žs,50320651,124,176,
“ì—\–k•”,¼—\Žs,50320652,125,177,
“ì—\–k•”,¼—\Žs,50320653,126,178,
“ì—\–k•”,¼—\Žs,50320654,122,172,
“ì—\–k•”,¼—\Žs,50320655,133,188,
“ì—\–k•”,¼—\Žs,50320656,135,191,
“ì—\–k•”,¼—\Žs,50320660,124,176,
“ì—\–k•”,¼—\Žs,50320661,125,177,
“ì—\–k•”,¼—\Žs,50320662,124,176,
“ì—\–k•”,¼—\Žs,50320663,130,184,
“ì—\–k•”,¼—\Žs,50320664,132,186,
“ì—\–k•”,¼—\Žs,50320665,132,187,
“ì—\–k•”,¼—\Žs,50320666,134,190,
“ì—\–k•”,¼—\Žs,50320667,132,187,
“ì—\–k•”,¼—\Žs,50320670,123,174,
“ì—\–k•”,¼—\Žs,50320671,124,176,
“ì—\–k•”,¼—\Žs,50320672,124,176,
“ì—\–k•”,¼—\Žs,50320673,125,177,
“ì—\–k•”,¼—\Žs,50320674,122,172,
“ì—\–k•”,¼—\Žs,50320675,132,187,
“ì—\–k•”,¼—\Žs,50320676,135,191,
“ì—\–k•”,¼—\Žs,50320677,135,|,
“ì—\–k•”,¼—\Žs,50320680,112,159,
“ì—\–k•”,¼—\Žs,50320681,114,161,
“ì—\–k•”,¼—\Žs,50320682,114,161,
“ì—\–k•”,¼—\Žs,50320683,110,156,
“ì—\–k•”,¼—\Žs,50320684,119,169,
“ì—\–k•”,¼—\Žs,50320685,132,187,
“ì—\–k•”,¼—\Žs,50320686,135,|,
“ì—\–k•”,¼—\Žs,50320690,112,158,
“ì—\–k•”,¼—\Žs,50320691,114,161,
“ì—\–k•”,¼—\Žs,50320692,111,157,
“ì—\–k•”,¼—\Žs,50320693,111,157,
“ì—\–k•”,¼—\Žs,50320694,111,157,
“ì—\–k•”,¼—\Žs,50320695,132,186,
“ì—\–k•”,¼—\Žs,50320696,135,|,
“ì—\–k•”,¼—\Žs,50321308,95,135,
“ì—\–k•”,¼—\Žs,50321309,96,136,
“ì—\–k•”,¼—\Žs,50321319,95,135,
“ì—\–k•”,¼—\Žs,50321329,99,140,
“ì—\–k•”,¼—\Žs,50321400,102,145,
“ì—\–k•”,¼—\Žs,50321401,99,140,
“ì—\–k•”,¼—\Žs,50321402,102,145,
“ì—\–k•”,¼—\Žs,50321403,97,138,
“ì—\–k•”,¼—\Žs,50321404,97,137,
“ì—\–k•”,¼—\Žs,50321405,101,143,
“ì—\–k•”,¼—\Žs,50321406,100,142,
“ì—\–k•”,¼—\Žs,50321407,105,148,
“ì—\–k•”,¼—\Žs,50321408,110,155,
“ì—\–k•”,¼—\Žs,50321409,111,157,
“ì—\–k•”,¼—\Žs,50321410,102,144,
“ì—\–k•”,¼—\Žs,50321411,102,145,
“ì—\–k•”,¼—\Žs,50321412,97,138,
“ì—\–k•”,¼—\Žs,50321413,96,136,
“ì—\–k•”,¼—\Žs,50321414,95,135,
“ì—\–k•”,¼—\Žs,50321415,100,141,
“ì—\–k•”,¼—\Žs,50321416,100,142,
“ì—\–k•”,¼—\Žs,50321417,100,142,
“ì—\–k•”,¼—\Žs,50321418,100,142,
“ì—\–k•”,¼—\Žs,50321419,109,154,
“ì—\–k•”,¼—\Žs,50321420,97,137,
“ì—\–k•”,¼—\Žs,50321421,96,136,
“ì—\–k•”,¼—\Žs,50321422,96,136,
“ì—\–k•”,¼—\Žs,50321423,97,|,
“ì—\–k•”,¼—\Žs,50321424,95,135,
“ì—\–k•”,¼—\Žs,50321425,100,141,
“ì—\–k•”,¼—\Žs,50321426,100,141,
“ì—\–k•”,¼—\Žs,50321429,100,142,
“ì—\–k•”,¼—\Žs,50321430,96,136,
“ì—\–k•”,¼—\Žs,50321431,96,136,
“ì—\–k•”,¼—\Žs,50321432,95,134,
“ì—\–k•”,¼—\Žs,50321435,100,141,
“ì—\–k•”,¼—\Žs,50321500,104,147,
“ì—\–k•”,¼—\Žs,50321501,104,147,
“ì—\–k•”,¼—\Žs,50321502,104,147,
“ì—\–k•”,¼—\Žs,50321503,104,147,
“ì—\–k•”,¼—\Žs,50321504,105,148,
“ì—\–k•”,¼—\Žs,50321505,116,164,
“ì—\–k•”,¼—\Žs,50321506,116,164,
“ì—\–k•”,¼—\Žs,50321507,116,164,
“ì—\–k•”,¼—\Žs,50321508,117,165,
“ì—\–k•”,¼—\Žs,50321509,117,166,
“ì—\–k•”,¼—\Žs,50321510,107,152,
“ì—\–k•”,¼—\Žs,50321511,107,152,
“ì—\–k•”,¼—\Žs,50321517,115,163,
“ì—\–k•”,¼—\Žs,50321518,116,164,
“ì—\–k•”,¼—\Žs,50321519,117,165,
“ì—\–k•”,¼—\Žs,50321520,107,151,
“ì—\–k•”,¼—\Žs,50321527,116,164,
“ì—\–k•”,¼—\Žs,50321528,117,165,
“ì—\–k•”,¼—\Žs,50321529,117,165,
“ì—\–k•”,¼—\Žs,50321537,116,164,
“ì—\–k•”,¼—\Žs,50321538,116,164,
“ì—\–k•”,¼—\Žs,50321539,112,159,
“ì—\–k•”,¼—\Žs,50321547,116,|,
“ì—\–k•”,¼—\Žs,50321600,110,156,
“ì—\–k•”,¼—\Žs,50321601,112,159,
“ì—\–k•”,¼—\Žs,50321602,110,156,
“ì—\–k•”,¼—\Žs,50321603,112,158,
“ì—\–k•”,¼—\Žs,50321604,112,158,
“ì—\–k•”,¼—\Žs,50321605,131,185,
“ì—\–k•”,¼—\Žs,50321610,114,161,
“ì—\–k•”,¼—\Žs,50321611,111,157,
“ì—\–k•”,¼—\Žs,50321612,110,156,
“ì—\–k•”,¼—\Žs,50321613,112,159,
“ì—\–k•”,¼—\Žs,50321614,112,158,
“ì—\–k•”,¼—\Žs,50321615,130,184,
“ì—\–k•”,¼—\Žs,50321620,114,161,
“ì—\–k•”,¼—\Žs,50321621,110,156,
“ì—\–k•”,¼—\Žs,50321622,112,159,
“ì—\–k•”,¼—\Žs,50321623,111,157,
“ì—\–k•”,¼—\Žs,50321624,110,156,
“ì—\–k•”,¼—\Žs,50321625,129,183,
“ì—\–k•”,¼—\Žs,50321630,112,159,
“ì—\–k•”,¼—\Žs,50321631,114,161,
“ì—\–k•”,¼—\Žs,50321632,111,157,
“ì—\–k•”,¼—\Žs,50321633,112,158,
“ì—\–k•”,¼—\Žs,50321634,112,159,
“ì—\–k•”,¼—\Žs,50321635,129,182,
“ì—\–k•”,¼—\Žs,50321640,106,150,
“ì—\–k•”,¼—\Žs,50321641,106,150,
“ì—\–k•”,¼—\Žs,50321642,107,152,
“ì—\–k•”,¼—\Žs,50321643,108,153,
“ì—\–k•”,¼—\Žs,50321644,110,155,
“ì—\–k•”,¼—\Žs,50321650,102,144,
“ì—\–k•”,¼—\Žs,50321651,103,146,
“ì—\–k•”,¼—\Žs,50321652,103,146,
“ì—\–k•”,¼—\Žs,50321653,103,146,
“ì—\–k•”,¼—\Žs,50321654,104,147,
“ì—\–k•”,¼—\Žs,50321660,102,144,
“ì—\–k•”,¼—\Žs,50321661,99,140,
“ì—\–k•”,¼—\Žs,50321662,100,142,
“ì—\–k•”,¼—\Žs,50321663,100,141,
“ì—\–k•”,¼—\Žs,50321664,104,147,
“ì—\–k•”,¼—\Žs,50321665,119,168,
“ì—\–k•”,¼—\Žs,50321670,102,|,
“ì—\–k•”,¼—\Žs,50321671,99,140,
“ì—\–k•”,¼—\Žs,50321672,109,154,
“ì—\–k•”,¼—\Žs,50321673,100,142,
“ì—\–k•”,¼—\Žs,50321674,103,146,
“ì—\–k•”,¼—\Žs,50321675,118,167,
“ì—\–k•”,¼—\Žs,50321676,116,164,
“ì—\–k•”,¼—\Žs,50321677,119,169,
“ì—\–k•”,¼—\Žs,50321678,194,|,
“ì—\–k•”,¼—\Žs,50321679,124,176,
“ì—\–k•”,¼—\Žs,50321683,99,140,
“ì—\–k•”,¼—\Žs,50321684,99,140,
“ì—\–k•”,¼—\Žs,50321685,118,167,
“ì—\–k•”,¼—\Žs,50321686,115,163,
“ì—\–k•”,¼—\Žs,50321687,119,168,
“ì—\–k•”,¼—\Žs,50321688,117,165,
“ì—\–k•”,¼—\Žs,50321689,194,|,
“ì—\–k•”,¼—\Žs,50321694,98,139,
“ì—\–k•”,¼—\Žs,50321695,118,167,
“ì—\–k•”,¼—\Žs,50321696,115,163,
“ì—\–k•”,¼—\Žs,50321697,118,167,
“ì—\–k•”,¼—\Žs,50321698,194,|,
“ì—\–k•”,¼—\Žs,50321699,194,|,
“ì—\–k•”,¼—\Žs,50321770,142,201,
“ì—\–k•”,¼—\Žs,50321771,194,|,
“ì—\–k•”,¼—\Žs,50321780,194,|,
“ì—\–k•”,¼—\Žs,50321781,194,|,
“ì—\–k•”,¼—\Žs,50321790,194,|,
“ì—\–k•”,¼—\Žs,50321791,194,|,
“ì—\–k•”,¼—\Žs,50322606,194,|,
“ì—\–k•”,¼—\Žs,50322607,194,|,
“ì—\–k•”,¼—\Žs,50322608,194,|,
“ì—\–k•”,¼—\Žs,50322617,194,|,
“ì—\–k•”,“àŽq’¬,50321593,90,127,
“ì—\–k•”,“àŽq’¬,50322503,88,125,
“ì—\–k•”,“àŽq’¬,50322504,88,125,
“ì—\–k•”,“àŽq’¬,50322511,88,125,
“ì—\–k•”,“àŽq’¬,50322512,88,125,
“ì—\–k•”,“àŽq’¬,50322513,84,119,
“ì—\–k•”,“àŽq’¬,50322514,84,119,
“ì—\–k•”,“àŽq’¬,50322515,109,154,
“ì—\–k•”,“àŽq’¬,50322516,105,148,
“ì—\–k•”,“àŽq’¬,50322521,93,131,
“ì—\–k•”,“àŽq’¬,50322522,88,125,
“ì—\–k•”,“àŽq’¬,50322523,88,125,
“ì—\–k•”,“àŽq’¬,50322524,88,124,
“ì—\–k•”,“àŽq’¬,50322525,108,153,
“ì—\–k•”,“àŽq’¬,50322526,105,148,
“ì—\–k•”,“àŽq’¬,50322527,105,148,
“ì—\–k•”,“àŽq’¬,50322528,105,148,
“ì—\–k•”,“àŽq’¬,50322531,93,131,
“ì—\–k•”,“àŽq’¬,50322532,88,125,
“ì—\–k•”,“àŽq’¬,50322533,88,125,
“ì—\–k•”,“àŽq’¬,50322534,88,125,
“ì—\–k•”,“àŽq’¬,50322535,105,148,
“ì—\–k•”,“àŽq’¬,50322536,105,148,
“ì—\–k•”,“àŽq’¬,50322537,105,148,
“ì—\–k•”,“àŽq’¬,50322538,105,148,
“ì—\–k•”,“àŽq’¬,50322539,105,148,
“ì—\–k•”,“àŽq’¬,50322541,97,138,
“ì—\–k•”,“àŽq’¬,50322542,101,143,
“ì—\–k•”,“àŽq’¬,50322543,93,131,
“ì—\–k•”,“àŽq’¬,50322544,93,131,
“ì—\–k•”,“àŽq’¬,50322545,105,148,
“ì—\–k•”,“àŽq’¬,50322546,105,148,
“ì—\–k•”,“àŽq’¬,50322547,105,148,
“ì—\–k•”,“àŽq’¬,50322548,104,147,
“ì—\–k•”,“àŽq’¬,50322549,105,148,
“ì—\–k•”,“àŽq’¬,50322551,98,139,
“ì—\–k•”,“àŽq’¬,50322552,94,133,
“ì—\–k•”,“àŽq’¬,50322553,94,133,
“ì—\–k•”,“àŽq’¬,50322554,105,149,
“ì—\–k•”,“àŽq’¬,50322555,105,149,
“ì—\–k•”,“àŽq’¬,50322556,105,148,
“ì—\–k•”,“àŽq’¬,50322557,105,148,
“ì—\–k•”,“àŽq’¬,50322558,104,147,
“ì—\–k•”,“àŽq’¬,50322559,105,148,
“ì—\–k•”,“àŽq’¬,50322561,99,140,
“ì—\–k•”,“àŽq’¬,50322562,99,140,
“ì—\–k•”,“àŽq’¬,50322563,99,140,
“ì—\–k•”,“àŽq’¬,50322564,106,150,
“ì—\–k•”,“àŽq’¬,50322565,90,128,
“ì—\–k•”,“àŽq’¬,50322566,90,128,
“ì—\–k•”,“àŽq’¬,50322567,90,128,
“ì—\–k•”,“àŽq’¬,50322568,85,121,
“ì—\–k•”,“àŽq’¬,50322569,85,121,
“ì—\–k•”,“àŽq’¬,50322571,103,146,
“ì—\–k•”,“àŽq’¬,50322572,98,139,
“ì—\–k•”,“àŽq’¬,50322573,98,139,
“ì—\–k•”,“àŽq’¬,50322574,102,144,
“ì—\–k•”,“àŽq’¬,50322575,91,129,
“ì—\–k•”,“àŽq’¬,50322576,91,129,
“ì—\–k•”,“àŽq’¬,50322577,91,129,
“ì—\–k•”,“àŽq’¬,50322578,90,128,
“ì—\–k•”,“àŽq’¬,50322579,86,122,
“ì—\–k•”,“àŽq’¬,50322580,107,151,
“ì—\–k•”,“àŽq’¬,50322581,107,152,
“ì—\–k•”,“àŽq’¬,50322582,102,145,
“ì—\–k•”,“àŽq’¬,50322583,97,138,
“ì—\–k•”,“àŽq’¬,50322584,97,138,
“ì—\–k•”,“àŽq’¬,50322585,90,128,
“ì—\–k•”,“àŽq’¬,50322586,91,129,
“ì—\–k•”,“àŽq’¬,50322587,92,130,
“ì—\–k•”,“àŽq’¬,50322588,91,129,
“ì—\–k•”,“àŽq’¬,50322589,91,129,
“ì—\–k•”,“àŽq’¬,50322590,112,158,
“ì—\–k•”,“àŽq’¬,50322591,107,151,
“ì—\–k•”,“àŽq’¬,50322592,102,144,
“ì—\–k•”,“àŽq’¬,50322593,97,138,
“ì—\–k•”,“àŽq’¬,50322594,97,138,
“ì—\–k•”,“àŽq’¬,50322595,91,129,
“ì—\–k•”,“àŽq’¬,50322596,92,130,
“ì—\–k•”,“àŽq’¬,50322597,93,131,
“ì—\–k•”,“àŽq’¬,50322598,92,130,
“ì—\–k•”,“àŽq’¬,50322599,91,129,
“ì—\–k•”,“àŽq’¬,50322609,194,|,
“ì—\–k•”,“àŽq’¬,50322618,194,|,
“ì—\–k•”,“àŽq’¬,50322619,194,|,
“ì—\–k•”,“àŽq’¬,50322627,193,273,
“ì—\–k•”,“àŽq’¬,50322628,194,|,
“ì—\–k•”,“àŽq’¬,50322629,194,|,
“ì—\–k•”,“àŽq’¬,50322637,194,|,
“ì—\–k•”,“àŽq’¬,50322638,194,|,
“ì—\–k•”,“àŽq’¬,50322639,194,|,
“ì—\–k•”,“àŽq’¬,50322640,129,182,
“ì—\–k•”,“àŽq’¬,50322642,129,183,
“ì—\–k•”,“àŽq’¬,50322643,129,183,
“ì—\–k•”,“àŽq’¬,50322646,193,273,
“ì—\–k•”,“àŽq’¬,50322647,194,|,
“ì—\–k•”,“àŽq’¬,50322648,194,|,
“ì—\–k•”,“àŽq’¬,50322649,194,|,
“ì—\–k•”,“àŽq’¬,50322650,129,182,
“ì—\–k•”,“àŽq’¬,50322651,129,182,
“ì—\–k•”,“àŽq’¬,50322652,129,183,
“ì—\–k•”,“àŽq’¬,50322653,129,183,
“ì—\–k•”,“àŽq’¬,50322654,130,184,
“ì—\–k•”,“àŽq’¬,50322656,193,273,
“ì—\–k•”,“àŽq’¬,50322657,193,273,
“ì—\–k•”,“àŽq’¬,50322658,193,273,
“ì—\–k•”,“àŽq’¬,50322659,193,273,
“ì—\–k•”,“àŽq’¬,50322660,91,129,
“ì—\–k•”,“àŽq’¬,50322661,96,136,
“ì—\–k•”,“àŽq’¬,50322662,93,131,
“ì—\–k•”,“àŽq’¬,50322663,94,133,
“ì—\–k•”,“àŽq’¬,50322664,95,134,
“ì—\–k•”,“àŽq’¬,50322665,115,162,
“ì—\–k•”,“àŽq’¬,50322666,113,160,
“ì—\–k•”,“àŽq’¬,50322667,115,163,
“ì—\–k•”,“àŽq’¬,50322668,115,163,
“ì—\–k•”,“àŽq’¬,50322669,115,163,
“ì—\–k•”,“àŽq’¬,50322670,95,135,
“ì—\–k•”,“àŽq’¬,50322671,96,136,
“ì—\–k•”,“àŽq’¬,50322672,93,131,
“ì—\–k•”,“àŽq’¬,50322673,94,133,
“ì—\–k•”,“àŽq’¬,50322674,94,133,
“ì—\–k•”,“àŽq’¬,50322675,113,160,
“ì—\–k•”,“àŽq’¬,50322676,114,161,
“ì—\–k•”,“àŽq’¬,50322677,115,163,
“ì—\–k•”,“àŽq’¬,50322678,117,165,
“ì—\–k•”,“àŽq’¬,50322679,117,165,
“ì—\–k•”,“àŽq’¬,50322680,95,135,
“ì—\–k•”,“àŽq’¬,50322681,96,136,
“ì—\–k•”,“àŽq’¬,50322682,93,132,
“ì—\–k•”,“àŽq’¬,50322683,94,133,
“ì—\–k•”,“àŽq’¬,50322684,94,133,
“ì—\–k•”,“àŽq’¬,50322685,112,159,
“ì—\–k•”,“àŽq’¬,50322686,112,159,
“ì—\–k•”,“àŽq’¬,50322687,113,160,
“ì—\–k•”,“àŽq’¬,50322688,115,162,
“ì—\–k•”,“àŽq’¬,50322689,115,163,
“ì—\–k•”,“àŽq’¬,50322690,96,136,
“ì—\–k•”,“àŽq’¬,50322691,96,136,
“ì—\–k•”,“àŽq’¬,50322692,93,131,
“ì—\–k•”,“àŽq’¬,50322693,93,132,
“ì—\–k•”,“àŽq’¬,50322694,93,132,
“ì—\–k•”,“àŽq’¬,50322695,112,159,
“ì—\–k•”,“àŽq’¬,50322696,112,159,
“ì—\–k•”,“àŽq’¬,50322697,113,160,
“ì—\–k•”,“àŽq’¬,50322698,114,161,
“ì—\–k•”,“àŽq’¬,50322699,115,162,
“ì—\–k•”,“àŽq’¬,50322700,194,|,
“ì—\–k•”,“àŽq’¬,50322701,194,|,
“ì—\–k•”,“àŽq’¬,50322710,194,|,
“ì—\–k•”,“àŽq’¬,50322711,194,|,
“ì—\–k•”,“àŽq’¬,50322720,194,|,
“ì—\–k•”,“àŽq’¬,50322721,194,|,
“ì—\–k•”,“àŽq’¬,50322722,194,|,
“ì—\–k•”,“àŽq’¬,50322730,194,|,
“ì—\–k•”,“àŽq’¬,50322731,194,|,
“ì—\–k•”,“àŽq’¬,50322732,194,|,
“ì—\–k•”,“àŽq’¬,50322740,194,|,
“ì—\–k•”,“àŽq’¬,50322741,194,|,
“ì—\–k•”,“àŽq’¬,50322742,194,|,
“ì—\–k•”,“àŽq’¬,50322743,164,231,
“ì—\–k•”,“àŽq’¬,50322750,194,|,
“ì—\–k•”,“àŽq’¬,50322751,194,|,
“ì—\–k•”,“àŽq’¬,50322752,194,|,
“ì—\–k•”,“àŽq’¬,50322753,194,|,
“ì—\–k•”,“àŽq’¬,50322760,132,187,
“ì—\–k•”,“àŽq’¬,50322761,194,|,
“ì—\–k•”,“àŽq’¬,50322762,194,|,
“ì—\–k•”,“àŽq’¬,50322763,194,|,
“ì—\–k•”,“àŽq’¬,50322770,131,185,
“ì—\–k•”,“àŽq’¬,50322771,132,187,
“ì—\–k•”,“àŽq’¬,50322772,194,|,
“ì—\–k•”,“àŽq’¬,50322773,194,|,
“ì—\–k•”,“àŽq’¬,50322780,129,183,
“ì—\–k•”,“àŽq’¬,50322781,130,184,
“ì—\–k•”,“àŽq’¬,50322782,134,189,
“ì—\–k•”,“àŽq’¬,50322790,129,183,
“ì—\–k•”,“àŽq’¬,50322791,130,184,
“ì—\–k•”,“àŽq’¬,50323429,110,155,
“ì—\–k•”,“àŽq’¬,50323439,110,155,
“ì—\–k•”,“àŽq’¬,50323448,105,148,
“ì—\–k•”,“àŽq’¬,50323449,105,148,
“ì—\–k•”,“àŽq’¬,50323458,110,|,
“ì—\–k•”,“àŽq’¬,50323459,105,149,
“ì—\–k•”,“àŽq’¬,50323469,101,143,
“ì—\–k•”,“àŽq’¬,50323479,100,142,
“ì—\–k•”,“àŽq’¬,50323500,112,158,
“ì—\–k•”,“àŽq’¬,50323501,107,151,
“ì—\–k•”,“àŽq’¬,50323502,106,150,
“ì—\–k•”,“àŽq’¬,50323503,102,144,
“ì—\–k•”,“àŽq’¬,50323504,102,144,
“ì—\–k•”,“àŽq’¬,50323505,91,129,
“ì—\–k•”,“àŽq’¬,50323506,93,131,
“ì—\–k•”,“àŽq’¬,50323507,93,131,
“ì—\–k•”,“àŽq’¬,50323508,93,131,
“ì—\–k•”,“àŽq’¬,50323509,95,135,
“ì—\–k•”,“àŽq’¬,50323510,112,158,
“ì—\–k•”,“àŽq’¬,50323511,107,151,
“ì—\–k•”,“àŽq’¬,50323512,107,151,
“ì—\–k•”,“àŽq’¬,50323513,106,150,
“ì—\–k•”,“àŽq’¬,50323514,102,144,
“ì—\–k•”,“àŽq’¬,50323515,91,129,
“ì—\–k•”,“àŽq’¬,50323516,92,130,
“ì—\–k•”,“àŽq’¬,50323517,93,131,
“ì—\–k•”,“àŽq’¬,50323518,93,131,
“ì—\–k•”,“àŽq’¬,50323519,92,130,
“ì—\–k•”,“àŽq’¬,50323520,91,129,
“ì—\–k•”,“àŽq’¬,50323521,91,129,
“ì—\–k•”,“àŽq’¬,50323522,90,128,
“ì—\–k•”,“àŽq’¬,50323523,90,128,
“ì—\–k•”,“àŽq’¬,50323524,90,128,
“ì—\–k•”,“àŽq’¬,50323525,100,142,
“ì—\–k•”,“àŽq’¬,50323526,101,143,
“ì—\–k•”,“àŽq’¬,50323527,101,143,
“ì—\–k•”,“àŽq’¬,50323528,97,138,
“ì—\–k•”,“àŽq’¬,50323529,97,138,
“ì—\–k•”,“àŽq’¬,50323530,91,129,
“ì—\–k•”,“àŽq’¬,50323531,91,129,
“ì—\–k•”,“àŽq’¬,50323532,90,128,
“ì—\–k•”,“àŽq’¬,50323533,91,129,
“ì—\–k•”,“àŽq’¬,50323534,91,129,
“ì—\–k•”,“àŽq’¬,50323535,100,142,
“ì—\–k•”,“àŽq’¬,50323538,97,138,
“ì—\–k•”,“àŽq’¬,50323539,101,143,
“ì—\–k•”,“àŽq’¬,50323540,91,129,
“ì—\–k•”,“àŽq’¬,50323541,91,129,
“ì—\–k•”,“àŽq’¬,50323548,97,138,
“ì—\–k•”,“àŽq’¬,50323549,97,138,
“ì—\–k•”,“àŽq’¬,50323550,96,136,
“ì—\–k•”,“àŽq’¬,50323551,97,137,
“ì—\–k•”,“àŽq’¬,50323560,102,144,
“ì—\–k•”,“àŽq’¬,50323561,106,150,
“ì—\–k•”,“àŽq’¬,50323570,102,144,
“ì—\–k•”,“àŽq’¬,50323571,111,|,
“ì—\–k•”,“àŽq’¬,50323581,103,146,
“ì—\–k•”,“àŽq’¬,50323600,93,131,
“ì—\–k•”,“àŽq’¬,50323601,96,136,
“ì—\–k•”,“àŽq’¬,50323602,96,136,
“ì—\–k•”,“àŽq’¬,50323603,93,131,
“ì—\–k•”,“àŽq’¬,50323604,93,131,
“ì—\–k•”,“àŽq’¬,50323605,112,159,
“ì—\–k•”,“àŽq’¬,50323606,112,159,
“ì—\–k•”,“àŽq’¬,50323607,112,159,
“ì—\–k•”,“àŽq’¬,50323608,114,161,
“ì—\–k•”,“àŽq’¬,50323609,115,162,
“ì—\–k•”,“àŽq’¬,50323610,93,131,
“ì—\–k•”,“àŽq’¬,50323611,96,136,
“ì—\–k•”,“àŽq’¬,50323612,96,136,
“ì—\–k•”,“àŽq’¬,50323613,96,136,
“ì—\–k•”,“àŽq’¬,50323614,96,136,
“ì—\–k•”,“àŽq’¬,50323615,112,158,
“ì—\–k•”,“àŽq’¬,50323616,112,159,
“ì—\–k•”,“àŽq’¬,50323617,112,159,
“ì—\–k•”,“àŽq’¬,50323620,108,153,
“ì—\–k•”,“àŽq’¬,50323621,100,141,
“ì—\–k•”,“àŽq’¬,50323622,100,141,
“ì—\–k•”,“àŽq’¬,50323623,100,141,
“ì—\–k•”,“àŽq’¬,50323624,100,141,
“ì—\–k•”,“àŽq’¬,50323625,98,139,
“ì—\–k•”,“àŽq’¬,50323626,102,145,
“ì—\–k•”,“àŽq’¬,50323627,103,146,
“ì—\–k•”,“àŽq’¬,50323630,109,154,
“ì—\–k•”,“àŽq’¬,50323632,100,141,
“ì—\–k•”,“àŽq’¬,50323633,95,135,
“ì—\–k•”,“àŽq’¬,50323634,100,141,
“ì—\–k•”,“àŽq’¬,50323635,102,145,
“ì—\–k•”,“àŽq’¬,50323636,103,146,
“ì—\–k•”,“àŽq’¬,50323637,103,146,
“ì—\–k•”,“àŽq’¬,50323640,100,142,
“ì—\–k•”,“àŽq’¬,50323644,100,142,
“ì—\–k•”,“àŽq’¬,50323645,103,146,
“ì—\–k•”,“àŽq’¬,50323646,103,146,
“ì—\–k•”,“àŽq’¬,50323647,104,147,
“ì—\–k•”,“àŽq’¬,50323648,105,149,
“ì—\–k•”,“àŽq’¬,50323656,99,140,
“ì—\–k•”,“àŽq’¬,50323657,100,142,
“ì—\–k•”,“àŽq’¬,50323700,129,182,
“ì—\–k•”,“àŽq’¬,50323701,130,184,
“ì—\–k•”,ˆÉ•û’¬,50320011,100,142,
“ì—\–k•”,ˆÉ•û’¬,50320012,100,142,
“ì—\–k•”,ˆÉ•û’¬,50320022,101,143,
“ì—\–k•”,ˆÉ•û’¬,50320023,101,143,
“ì—\–k•”,ˆÉ•û’¬,50320024,102,|,
“ì—\–k•”,ˆÉ•û’¬,50320032,101,143,
“ì—\–k•”,ˆÉ•û’¬,50320033,102,144,
“ì—\–k•”,ˆÉ•û’¬,50320034,102,144,
“ì—\–k•”,ˆÉ•û’¬,50320038,98,|,
“ì—\–k•”,ˆÉ•û’¬,50320039,95,134,
“ì—\–k•”,ˆÉ•û’¬,50320043,101,143,
“ì—\–k•”,ˆÉ•û’¬,50320044,110,155,
“ì—\–k•”,ˆÉ•û’¬,50320045,110,|,
“ì—\–k•”,ˆÉ•û’¬,50320048,98,139,
“ì—\–k•”,ˆÉ•û’¬,50320049,95,134,
“ì—\–k•”,ˆÉ•û’¬,50320054,100,142,
“ì—\–k•”,ˆÉ•û’¬,50320055,93,132,
“ì—\–k•”,ˆÉ•û’¬,50320056,93,132,
“ì—\–k•”,ˆÉ•û’¬,50320057,97,138,
“ì—\–k•”,ˆÉ•û’¬,50320058,98,|,
“ì—\–k•”,ˆÉ•û’¬,50320059,94,133,
“ì—\–k•”,ˆÉ•û’¬,50320065,93,131,
“ì—\–k•”,ˆÉ•û’¬,50320066,93,132,
“ì—\–k•”,ˆÉ•û’¬,50320067,97,138,
“ì—\–k•”,ˆÉ•û’¬,50320068,94,133,
“ì—\–k•”,ˆÉ•û’¬,50320069,90,127,
“ì—\–k•”,ˆÉ•û’¬,50320076,97,137,
“ì—\–k•”,ˆÉ•û’¬,50320077,126,|,
“ì—\–k•”,ˆÉ•û’¬,50320078,98,139,
“ì—\–k•”,ˆÉ•û’¬,50320079,102,144,
“ì—\–k•”,ˆÉ•û’¬,50320087,126,|,
“ì—\–k•”,ˆÉ•û’¬,50320088,126,178,
“ì—\–k•”,ˆÉ•û’¬,50320089,115,163,
“ì—\–k•”,ˆÉ•û’¬,50320098,126,|,
“ì—\–k•”,ˆÉ•û’¬,50320099,115,163,
“ì—\–k•”,ˆÉ•û’¬,50320130,95,|,
“ì—\–k•”,ˆÉ•û’¬,50320140,92,130,
“ì—\–k•”,ˆÉ•û’¬,50320141,95,|,
“ì—\–k•”,ˆÉ•û’¬,50320142,95,|,
“ì—\–k•”,ˆÉ•û’¬,50320150,92,130,
“ì—\–k•”,ˆÉ•û’¬,50320151,91,129,
“ì—\–k•”,ˆÉ•û’¬,50320152,91,129,
“ì—\–k•”,ˆÉ•û’¬,50320160,92,130,
“ì—\–k•”,ˆÉ•û’¬,50320161,91,129,
“ì—\–k•”,ˆÉ•û’¬,50320162,92,130,
“ì—\–k•”,ˆÉ•û’¬,50320170,91,129,
“ì—\–k•”,ˆÉ•û’¬,50320171,91,129,
“ì—\–k•”,ˆÉ•û’¬,50320172,92,130,
“ì—\–k•”,ˆÉ•û’¬,50320173,91,129,
“ì—\–k•”,ˆÉ•û’¬,50320180,99,140,
“ì—\–k•”,ˆÉ•û’¬,50320181,99,140,
“ì—\–k•”,ˆÉ•û’¬,50320182,103,146,
“ì—\–k•”,ˆÉ•û’¬,50320183,104,147,
“ì—\–k•”,ˆÉ•û’¬,50320184,103,146,
“ì—\–k•”,ˆÉ•û’¬,50320190,99,140,
“ì—\–k•”,ˆÉ•û’¬,50320191,99,140,
“ì—\–k•”,ˆÉ•û’¬,50320192,99,140,
“ì—\–k•”,ˆÉ•û’¬,50320193,100,141,
“ì—\–k•”,ˆÉ•û’¬,50320194,103,146,
“ì—\–k•”,ˆÉ•û’¬,50320195,123,174,
“ì—\–k•”,ˆÉ•û’¬,50320196,123,174,
“ì—\–k•”,ˆÉ•û’¬,50321009,126,|,
“ì—\–k•”,ˆÉ•û’¬,50321100,126,|,
“ì—\–k•”,ˆÉ•û’¬,50321101,126,|,
“ì—\–k•”,ˆÉ•û’¬,50321103,99,140,
“ì—\–k•”,ˆÉ•û’¬,50321104,100,141,
“ì—\–k•”,ˆÉ•û’¬,50321105,123,174,
“ì—\–k•”,ˆÉ•û’¬,50321106,123,174,
“ì—\–k•”,ˆÉ•û’¬,50321107,123,174,
“ì—\–k•”,ˆÉ•û’¬,50321111,126,|,
“ì—\–k•”,ˆÉ•û’¬,50321112,99,140,
“ì—\–k•”,ˆÉ•û’¬,50321113,99,140,
“ì—\–k•”,ˆÉ•û’¬,50321114,99,140,
“ì—\–k•”,ˆÉ•û’¬,50321115,124,175,
“ì—\–k•”,ˆÉ•û’¬,50321116,124,175,
“ì—\–k•”,ˆÉ•û’¬,50321117,123,174,
“ì—\–k•”,ˆÉ•û’¬,50321118,123,174,
“ì—\–k•”,ˆÉ•û’¬,50321119,123,174,
“ì—\–k•”,ˆÉ•û’¬,50321121,126,|,
“ì—\–k•”,ˆÉ•û’¬,50321122,99,140,
“ì—\–k•”,ˆÉ•û’¬,50321123,124,|,
“ì—\–k•”,ˆÉ•û’¬,50321124,99,140,
“ì—\–k•”,ˆÉ•û’¬,50321125,124,176,
“ì—\–k•”,ˆÉ•û’¬,50321126,124,176,
“ì—\–k•”,ˆÉ•û’¬,50321127,120,170,
“ì—\–k•”,ˆÉ•û’¬,50321128,124,175,
“ì—\–k•”,ˆÉ•û’¬,50321129,123,174,
“ì—\–k•”,ˆÉ•û’¬,50321133,124,|,
“ì—\–k•”,ˆÉ•û’¬,50321134,124,|,
“ì—\–k•”,ˆÉ•û’¬,50321135,124,175,
“ì—\–k•”,ˆÉ•û’¬,50321136,120,170,
“ì—\–k•”,ˆÉ•û’¬,50321137,121,171,
“ì—\–k•”,ˆÉ•û’¬,50321138,119,169,
“ì—\–k•”,ˆÉ•û’¬,50321139,124,175,
“ì—\–k•”,ˆÉ•û’¬,50321145,124,|,
“ì—\–k•”,ˆÉ•û’¬,50321146,124,|,
“ì—\–k•”,ˆÉ•û’¬,50321147,124,|,
“ì—\–k•”,ˆÉ•û’¬,50321148,85,121,
“ì—\–k•”,ˆÉ•û’¬,50321149,85,121,
“ì—\–k•”,ˆÉ•û’¬,50321158,84,119,
“ì—\–k•”,ˆÉ•û’¬,50321159,88,125,
“ì—\–k•”,ˆÉ•û’¬,50321220,87,123,
“ì—\–k•”,ˆÉ•û’¬,50321230,87,123,
“ì—\–k•”,ˆÉ•û’¬,50321231,87,123,
“ì—\–k•”,ˆÉ•û’¬,50321232,100,|,
“ì—\–k•”,ˆÉ•û’¬,50321240,100,141,
“ì—\–k•”,ˆÉ•û’¬,50321241,100,142,
“ì—\–k•”,ˆÉ•û’¬,50321242,99,140,
“ì—\–k•”,ˆÉ•û’¬,50321245,129,|,
“ì—\–k•”,ˆÉ•û’¬,50321251,99,140,
“ì—\–k•”,ˆÉ•û’¬,50321252,99,140,
“ì—\–k•”,ˆÉ•û’¬,50321253,99,140,
“ì—\–k•”,ˆÉ•û’¬,50321254,129,|,
“ì—\–k•”,ˆÉ•û’¬,50321255,129,182,
“ì—\–k•”,ˆÉ•û’¬,50321260,102,|,
“ì—\–k•”,ˆÉ•û’¬,50321261,102,145,
“ì—\–k•”,ˆÉ•û’¬,50321262,102,145,
“ì—\–k•”,ˆÉ•û’¬,50321263,99,140,
“ì—\–k•”,ˆÉ•û’¬,50321264,99,140,
“ì—\–k•”,ˆÉ•û’¬,50321265,129,182,
“ì—\–k•”,ˆÉ•û’¬,50321266,129,183,
“ì—\–k•”,ˆÉ•û’¬,50321267,132,|,
“ì—\–k•”,ˆÉ•û’¬,50321268,132,|,
“ì—\–k•”,ˆÉ•û’¬,50321269,130,184,
“ì—\–k•”,ˆÉ•û’¬,50321271,102,|,
“ì—\–k•”,ˆÉ•û’¬,50321272,102,145,
“ì—\–k•”,ˆÉ•û’¬,50321273,102,145,
“ì—\–k•”,ˆÉ•û’¬,50321274,102,145,
“ì—\–k•”,ˆÉ•û’¬,50321275,129,182,
“ì—\–k•”,ˆÉ•û’¬,50321276,129,183,
“ì—\–k•”,ˆÉ•û’¬,50321277,131,185,
“ì—\–k•”,ˆÉ•û’¬,50321278,132,187,
“ì—\–k•”,ˆÉ•û’¬,50321279,132,186,
“ì—\–k•”,ˆÉ•û’¬,50321283,107,|,
“ì—\–k•”,ˆÉ•û’¬,50321284,107,152,
“ì—\–k•”,ˆÉ•û’¬,50321285,129,182,
“ì—\–k•”,ˆÉ•û’¬,50321286,130,184,
“ì—\–k•”,ˆÉ•û’¬,50321287,126,178,
“ì—\–k•”,ˆÉ•û’¬,50321288,128,181,
“ì—\–k•”,ˆÉ•û’¬,50321289,132,186,
“ì—\–k•”,ˆÉ•û’¬,50321294,107,152,
“ì—\–k•”,ˆÉ•û’¬,50321295,129,183,
“ì—\–k•”,ˆÉ•û’¬,50321296,130,184,
“ì—\–k•”,ˆÉ•û’¬,50321297,126,178,
“ì—\–k•”,ˆÉ•û’¬,50321298,127,179,
“ì—\–k•”,ˆÉ•û’¬,50321299,131,185,
“ì—\–k•”,ˆÉ•û’¬,50322206,95,134,
“ì—\–k•”,ˆÉ•û’¬,50322207,99,140,
“ì—\–k•”,ˆÉ•û’¬,50322208,100,141,
“ì—\–k•”,ˆÉ•û’¬,50322217,94,133,
“ì—\–k•”,ˆÉ•û’¬,50322218,94,133,
“ì—\“ì•”,‰F˜a“‡Žs,49324330,107,|,
“ì—\“ì•”,‰F˜a“‡Žs,49324331,107,|,
“ì—\“ì•”,‰F˜a“‡Žs,49324341,107,|,
“ì—\“ì•”,‰F˜a“‡Žs,49324359,97,137,
“ì—\“ì•”,‰F˜a“‡Žs,49324361,112,|,
“ì—\“ì•”,‰F˜a“‡Žs,49324364,107,152,
“ì—\“ì•”,‰F˜a“‡Žs,49324365,107,152,
“ì—\“ì•”,‰F˜a“‡Žs,49324366,107,151,
“ì—\“ì•”,‰F˜a“‡Žs,49324368,95,135,
“ì—\“ì•”,‰F˜a“‡Žs,49324369,96,136,
“ì—\“ì•”,‰F˜a“‡Žs,49324372,112,158,
“ì—\“ì•”,‰F˜a“‡Žs,49324373,108,153,
“ì—\“ì•”,‰F˜a“‡Žs,49324374,107,152,
“ì—\“ì•”,‰F˜a“‡Žs,49324375,103,146,
“ì—\“ì•”,‰F˜a“‡Žs,49324376,99,140,
“ì—\“ì•”,‰F˜a“‡Žs,49324377,91,129,
“ì—\“ì•”,‰F˜a“‡Žs,49324378,99,140,
“ì—\“ì•”,‰F˜a“‡Žs,49324379,96,136,
“ì—\“ì•”,‰F˜a“‡Žs,49324382,112,158,
“ì—\“ì•”,‰F˜a“‡Žs,49324383,108,153,
“ì—\“ì•”,‰F˜a“‡Žs,49324384,108,|,
“ì—\“ì•”,‰F˜a“‡Žs,49324387,99,|,
“ì—\“ì•”,‰F˜a“‡Žs,49324388,88,124,
“ì—\“ì•”,‰F˜a“‡Žs,49324389,100,142,
“ì—\“ì•”,‰F˜a“‡Žs,49324396,99,|,
“ì—\“ì•”,‰F˜a“‡Žs,49324397,91,129,
“ì—\“ì•”,‰F˜a“‡Žs,49324398,88,124,
“ì—\“ì•”,‰F˜a“‡Žs,49324399,88,124,
“ì—\“ì•”,‰F˜a“‡Žs,49324450,106,150,
“ì—\“ì•”,‰F˜a“‡Žs,49324451,108,153,
“ì—\“ì•”,‰F˜a“‡Žs,49324452,115,163,
“ì—\“ì•”,‰F˜a“‡Žs,49324453,134,189,
“ì—\“ì•”,‰F˜a“‡Žs,49324454,131,185,
“ì—\“ì•”,‰F˜a“‡Žs,49324455,148,|,
“ì—\“ì•”,‰F˜a“‡Žs,49324460,106,150,
“ì—\“ì•”,‰F˜a“‡Žs,49324461,103,146,
“ì—\“ì•”,‰F˜a“‡Žs,49324462,111,157,
“ì—\“ì•”,‰F˜a“‡Žs,49324463,117,165,
“ì—\“ì•”,‰F˜a“‡Žs,49324464,125,177,
“ì—\“ì•”,‰F˜a“‡Žs,49324465,137,193,
“ì—\“ì•”,‰F˜a“‡Žs,49324466,138,195,
“ì—\“ì•”,‰F˜a“‡Žs,49324467,150,|,
“ì—\“ì•”,‰F˜a“‡Žs,49324468,150,|,
“ì—\“ì•”,‰F˜a“‡Žs,49324469,150,|,
“ì—\“ì•”,‰F˜a“‡Žs,49324470,105,149,
“ì—\“ì•”,‰F˜a“‡Žs,49324471,107,151,
“ì—\“ì•”,‰F˜a“‡Žs,49324472,108,153,
“ì—\“ì•”,‰F˜a“‡Žs,49324473,115,162,
“ì—\“ì•”,‰F˜a“‡Žs,49324474,118,167,
“ì—\“ì•”,‰F˜a“‡Žs,49324475,133,188,
“ì—\“ì•”,‰F˜a“‡Žs,49324476,139,197,
“ì—\“ì•”,‰F˜a“‡Žs,49324477,150,|,
“ì—\“ì•”,‰F˜a“‡Žs,49324478,150,|,
“ì—\“ì•”,‰F˜a“‡Žs,49324479,150,|,
“ì—\“ì•”,‰F˜a“‡Žs,49324480,110,155,
“ì—\“ì•”,‰F˜a“‡Žs,49324481,106,150,
“ì—\“ì•”,‰F˜a“‡Žs,49324482,150,|,
“ì—\“ì•”,‰F˜a“‡Žs,49324483,150,|,
“ì—\“ì•”,‰F˜a“‡Žs,49324484,150,|,
“ì—\“ì•”,‰F˜a“‡Žs,49324485,129,182,
“ì—\“ì•”,‰F˜a“‡Žs,49324486,150,|,
“ì—\“ì•”,‰F˜a“‡Žs,49324487,150,|,
“ì—\“ì•”,‰F˜a“‡Žs,49324488,150,|,
“ì—\“ì•”,‰F˜a“‡Žs,49324489,139,197,
“ì—\“ì•”,‰F˜a“‡Žs,49324490,110,155,
“ì—\“ì•”,‰F˜a“‡Žs,49324491,110,155,
“ì—\“ì•”,‰F˜a“‡Žs,49324492,150,|,
“ì—\“ì•”,‰F˜a“‡Žs,49324493,150,|,
“ì—\“ì•”,‰F˜a“‡Žs,49324494,110,155,
“ì—\“ì•”,‰F˜a“‡Žs,49324495,150,|,
“ì—\“ì•”,‰F˜a“‡Žs,49324496,150,|,
“ì—\“ì•”,‰F˜a“‡Žs,49324497,150,|,
“ì—\“ì•”,‰F˜a“‡Žs,49324498,140,198,
“ì—\“ì•”,‰F˜a“‡Žs,49324499,139,197,
“ì—\“ì•”,‰F˜a“‡Žs,49324570,150,|,
“ì—\“ì•”,‰F˜a“‡Žs,49324571,150,|,
“ì—\“ì•”,‰F˜a“‡Žs,49324572,150,|,
“ì—\“ì•”,‰F˜a“‡Žs,49324580,142,201,
“ì—\“ì•”,‰F˜a“‡Žs,49324581,141,199,
“ì—\“ì•”,‰F˜a“‡Žs,49324582,150,|,
“ì—\“ì•”,‰F˜a“‡Žs,49324590,142,201,
“ì—\“ì•”,‰F˜a“‡Žs,49324591,141,199,
“ì—\“ì•”,‰F˜a“‡Žs,49324592,141,199,
“ì—\“ì•”,‰F˜a“‡Žs,49325225,91,|,
“ì—\“ì•”,‰F˜a“‡Žs,49325226,91,|,
“ì—\“ì•”,‰F˜a“‡Žs,49325236,91,|,
“ì—\“ì•”,‰F˜a“‡Žs,49325274,91,|,
“ì—\“ì•”,‰F˜a“‡Žs,49325275,91,|,
“ì—\“ì•”,‰F˜a“‡Žs,49325283,91,|,
“ì—\“ì•”,‰F˜a“‡Žs,49325284,91,129,
“ì—\“ì•”,‰F˜a“‡Žs,49325285,91,|,
“ì—\“ì•”,‰F˜a“‡Žs,49325292,91,|,
“ì—\“ì•”,‰F˜a“‡Žs,49325293,91,|,
“ì—\“ì•”,‰F˜a“‡Žs,49325294,91,|,
“ì—\“ì•”,‰F˜a“‡Žs,49325306,99,|,
“ì—\“ì•”,‰F˜a“‡Žs,49325307,91,129,
“ì—\“ì•”,‰F˜a“‡Žs,49325308,87,123,
“ì—\“ì•”,‰F˜a“‡Žs,49325309,87,123,
“ì—\“ì•”,‰F˜a“‡Žs,49325317,94,133,
“ì—\“ì•”,‰F˜a“‡Žs,49325318,87,123,
“ì—\“ì•”,‰F˜a“‡Žs,49325319,90,128,
“ì—\“ì•”,‰F˜a“‡Žs,49325322,102,|,
“ì—\“ì•”,‰F˜a“‡Žs,49325323,99,140,
“ì—\“ì•”,‰F˜a“‡Žs,49325327,99,140,
“ì—\“ì•”,‰F˜a“‡Žs,49325328,99,140,
“ì—\“ì•”,‰F˜a“‡Žs,49325329,99,140,
“ì—\“ì•”,‰F˜a“‡Žs,49325332,102,|,
“ì—\“ì•”,‰F˜a“‡Žs,49325333,102,145,
“ì—\“ì•”,‰F˜a“‡Žs,49325334,110,|,
“ì—\“ì•”,‰F˜a“‡Žs,49325337,103,146,
“ì—\“ì•”,‰F˜a“‡Žs,49325338,99,140,
“ì—\“ì•”,‰F˜a“‡Žs,49325339,99,140,
“ì—\“ì•”,‰F˜a“‡Žs,49325345,110,|,
“ì—\“ì•”,‰F˜a“‡Žs,49325346,110,|,
“ì—\“ì•”,‰F˜a“‡Žs,49325347,104,147,
“ì—\“ì•”,‰F˜a“‡Žs,49325348,99,140,
“ì—\“ì•”,‰F˜a“‡Žs,49325349,100,141,
“ì—\“ì•”,‰F˜a“‡Žs,49325355,110,|,
“ì—\“ì•”,‰F˜a“‡Žs,49325356,108,153,
“ì—\“ì•”,‰F˜a“‡Žs,49325357,110,|,
“ì—\“ì•”,‰F˜a“‡Žs,49325358,110,|,
“ì—\“ì•”,‰F˜a“‡Žs,49325359,100,141,
“ì—\“ì•”,‰F˜a“‡Žs,49325365,103,146,
“ì—\“ì•”,‰F˜a“‡Žs,49325366,109,154,
“ì—\“ì•”,‰F˜a“‡Žs,49325367,110,155,
“ì—\“ì•”,‰F˜a“‡Žs,49325368,105,148,
“ì—\“ì•”,‰F˜a“‡Žs,49325369,100,142,
“ì—\“ì•”,‰F˜a“‡Žs,49325375,99,140,
“ì—\“ì•”,‰F˜a“‡Žs,49325376,105,148,
“ì—\“ì•”,‰F˜a“‡Žs,49325377,110,155,
“ì—\“ì•”,‰F˜a“‡Žs,49325378,105,148,
“ì—\“ì•”,‰F˜a“‡Žs,49325379,100,141,
“ì—\“ì•”,‰F˜a“‡Žs,49325383,99,|,
“ì—\“ì•”,‰F˜a“‡Žs,49325384,98,139,
“ì—\“ì•”,‰F˜a“‡Žs,49325385,99,140,
“ì—\“ì•”,‰F˜a“‡Žs,49325386,104,147,
“ì—\“ì•”,‰F˜a“‡Žs,49325387,103,146,
“ì—\“ì•”,‰F˜a“‡Žs,49325388,104,147,
“ì—\“ì•”,‰F˜a“‡Žs,49325389,95,135,
“ì—\“ì•”,‰F˜a“‡Žs,49325394,99,|,
“ì—\“ì•”,‰F˜a“‡Žs,49325395,99,140,
“ì—\“ì•”,‰F˜a“‡Žs,49325396,99,140,
“ì—\“ì•”,‰F˜a“‡Žs,49325397,99,140,
“ì—\“ì•”,‰F˜a“‡Žs,49325398,100,141,
“ì—\“ì•”,‰F˜a“‡Žs,49325399,103,146,
“ì—\“ì•”,‰F˜a“‡Žs,49325400,109,154,
“ì—\“ì•”,‰F˜a“‡Žs,49325401,110,155,
“ì—\“ì•”,‰F˜a“‡Žs,49325402,106,150,
“ì—\“ì•”,‰F˜a“‡Žs,49325403,107,152,
“ì—\“ì•”,‰F˜a“‡Žs,49325404,109,154,
“ì—\“ì•”,‰F˜a“‡Žs,49325405,132,187,
“ì—\“ì•”,‰F˜a“‡Žs,49325406,150,|,
“ì—\“ì•”,‰F˜a“‡Žs,49325407,150,|,
“ì—\“ì•”,‰F˜a“‡Žs,49325408,139,197,
“ì—\“ì•”,‰F˜a“‡Žs,49325409,141,199,
“ì—\“ì•”,‰F˜a“‡Žs,49325410,113,160,
“ì—\“ì•”,‰F˜a“‡Žs,49325411,114,161,
“ì—\“ì•”,‰F˜a“‡Žs,49325412,110,155,
“ì—\“ì•”,‰F˜a“‡Žs,49325413,107,151,
“ì—\“ì•”,‰F˜a“‡Žs,49325414,112,159,
“ì—\“ì•”,‰F˜a“‡Žs,49325415,132,186,
“ì—\“ì•”,‰F˜a“‡Žs,49325416,150,|,
“ì—\“ì•”,‰F˜a“‡Žs,49325417,137,194,
“ì—\“ì•”,‰F˜a“‡Žs,49325418,137,194,
“ì—\“ì•”,‰F˜a“‡Žs,49325419,139,196,
“ì—\“ì•”,‰F˜a“‡Žs,49325420,116,164,
“ì—\“ì•”,‰F˜a“‡Žs,49325421,117,165,
“ì—\“ì•”,‰F˜a“‡Žs,49325422,112,159,
“ì—\“ì•”,‰F˜a“‡Žs,49325423,110,155,
“ì—\“ì•”,‰F˜a“‡Žs,49325424,112,158,
“ì—\“ì•”,‰F˜a“‡Žs,49325425,122,172,
“ì—\“ì•”,‰F˜a“‡Žs,49325426,130,184,
“ì—\“ì•”,‰F˜a“‡Žs,49325427,141,199,
“ì—\“ì•”,‰F˜a“‡Žs,49325428,139,197,
“ì—\“ì•”,‰F˜a“‡Žs,49325429,141,199,
“ì—\“ì•”,‰F˜a“‡Žs,49325430,116,164,
“ì—\“ì•”,‰F˜a“‡Žs,49325431,122,172,
“ì—\“ì•”,‰F˜a“‡Žs,49325432,112,159,
“ì—\“ì•”,‰F˜a“‡Žs,49325433,110,155,
“ì—\“ì•”,‰F˜a“‡Žs,49325434,116,164,
“ì—\“ì•”,‰F˜a“‡Žs,49325435,127,179,
“ì—\“ì•”,‰F˜a“‡Žs,49325436,130,184,
“ì—\“ì•”,‰F˜a“‡Žs,49325437,133,188,
“ì—\“ì•”,‰F˜a“‡Žs,49325438,139,197,
“ì—\“ì•”,‰F˜a“‡Žs,49325439,142,201,
“ì—\“ì•”,‰F˜a“‡Žs,49325440,117,165,
“ì—\“ì•”,‰F˜a“‡Žs,49325441,117,166,
“ì—\“ì•”,‰F˜a“‡Žs,49325442,123,174,
“ì—\“ì•”,‰F˜a“‡Žs,49325443,118,167,
“ì—\“ì•”,‰F˜a“‡Žs,49325444,120,170,
“ì—\“ì•”,‰F˜a“‡Žs,49325445,131,185,
“ì—\“ì•”,‰F˜a“‡Žs,49325446,129,182,
“ì—\“ì•”,‰F˜a“‡Žs,49325447,152,|,
“ì—\“ì•”,‰F˜a“‡Žs,49325448,138,195,
“ì—\“ì•”,‰F˜a“‡Žs,49325449,152,|,
“ì—\“ì•”,‰F˜a“‡Žs,49325450,117,165,
“ì—\“ì•”,‰F˜a“‡Žs,49325451,118,167,
“ì—\“ì•”,‰F˜a“‡Žs,49325452,123,174,
“ì—\“ì•”,‰F˜a“‡Žs,49325453,123,174,
“ì—\“ì•”,‰F˜a“‡Žs,49325454,124,176,
“ì—\“ì•”,‰F˜a“‡Žs,49325455,130,184,
“ì—\“ì•”,‰F˜a“‡Žs,49325456,132,187,
“ì—\“ì•”,‰F˜a“‡Žs,49325457,152,|,
“ì—\“ì•”,‰F˜a“‡Žs,49325458,152,|,
“ì—\“ì•”,‰F˜a“‡Žs,49325459,152,|,
“ì—\“ì•”,‰F˜a“‡Žs,49325460,112,159,
“ì—\“ì•”,‰F˜a“‡Žs,49325461,112,159,
“ì—\“ì•”,‰F˜a“‡Žs,49325462,118,167,
“ì—\“ì•”,‰F˜a“‡Žs,49325463,114,161,
“ì—\“ì•”,‰F˜a“‡Žs,49325464,124,176,
“ì—\“ì•”,‰F˜a“‡Žs,49325465,135,191,
“ì—\“ì•”,‰F˜a“‡Žs,49325466,142,201,
“ì—\“ì•”,‰F˜a“‡Žs,49325467,139,197,
“ì—\“ì•”,‰F˜a“‡Žs,49325468,152,|,
“ì—\“ì•”,‰F˜a“‡Žs,49325469,152,|,
“ì—\“ì•”,‰F˜a“‡Žs,49325470,107,151,
“ì—\“ì•”,‰F˜a“‡Žs,49325471,108,153,
“ì—\“ì•”,‰F˜a“‡Žs,49325472,112,159,
“ì—\“ì•”,‰F˜a“‡Žs,49325473,118,167,
“ì—\“ì•”,‰F˜a“‡Žs,49325474,119,169,
“ì—\“ì•”,‰F˜a“‡Žs,49325475,142,|,
“ì—\“ì•”,‰F˜a“‡Žs,49325476,142,|,
“ì—\“ì•”,‰F˜a“‡Žs,49325477,139,197,
“ì—\“ì•”,‰F˜a“‡Žs,49325478,143,202,
“ì—\“ì•”,‰F˜a“‡Žs,49325479,142,201,
“ì—\“ì•”,‰F˜a“‡Žs,49325480,107,151,
“ì—\“ì•”,‰F˜a“‡Žs,49325481,103,146,
“ì—\“ì•”,‰F˜a“‡Žs,49325482,112,159,
“ì—\“ì•”,‰F˜a“‡Žs,49325483,117,166,
“ì—\“ì•”,‰F˜a“‡Žs,49325484,124,175,
“ì—\“ì•”,‰F˜a“‡Žs,49325485,132,187,
“ì—\“ì•”,‰F˜a“‡Žs,49325486,142,|,
“ì—\“ì•”,‰F˜a“‡Žs,49325487,132,187,
“ì—\“ì•”,‰F˜a“‡Žs,49325488,131,185,
“ì—\“ì•”,‰F˜a“‡Žs,49325489,134,190,
“ì—\“ì•”,‰F˜a“‡Žs,49325490,111,157,
“ì—\“ì•”,‰F˜a“‡Žs,49325491,107,152,
“ì—\“ì•”,‰F˜a“‡Žs,49325492,117,165,
“ì—\“ì•”,‰F˜a“‡Žs,49325493,118,167,
“ì—\“ì•”,‰F˜a“‡Žs,49325494,124,176,
“ì—\“ì•”,‰F˜a“‡Žs,49325495,133,188,
“ì—\“ì•”,‰F˜a“‡Žs,49325496,135,191,
“ì—\“ì•”,‰F˜a“‡Žs,49325497,134,190,
“ì—\“ì•”,‰F˜a“‡Žs,49325498,162,|,
“ì—\“ì•”,‰F˜a“‡Žs,49325499,162,|,
“ì—\“ì•”,‰F˜a“‡Žs,49325500,142,201,
“ì—\“ì•”,‰F˜a“‡Žs,49325501,141,199,
“ì—\“ì•”,‰F˜a“‡Žs,49325502,141,199,
“ì—\“ì•”,‰F˜a“‡Žs,49325503,142,200,
“ì—\“ì•”,‰F˜a“‡Žs,49325510,142,200,
“ì—\“ì•”,‰F˜a“‡Žs,49325511,141,199,
“ì—\“ì•”,‰F˜a“‡Žs,49325512,142,201,
“ì—\“ì•”,‰F˜a“‡Žs,49325520,148,209,
“ì—\“ì•”,‰F˜a“‡Žs,49325521,143,202,
“ì—\“ì•”,‰F˜a“‡Žs,49325522,144,204,
“ì—\“ì•”,‰F˜a“‡Žs,49325530,152,215,
“ì—\“ì•”,‰F˜a“‡Žs,49325531,152,|,
“ì—\“ì•”,‰F˜a“‡Žs,49325540,152,|,
“ì—\“ì•”,‰F˜a“‡Žs,49325541,152,|,
“ì—\“ì•”,‰F˜a“‡Žs,49325550,152,|,
“ì—\“ì•”,‰F˜a“‡Žs,49325570,152,|,
“ì—\“ì•”,‰F˜a“‡Žs,49326201,91,129,
“ì—\“ì•”,‰F˜a“‡Žs,49326202,91,129,
“ì—\“ì•”,‰F˜a“‡Žs,49326203,91,129,
“ì—\“ì•”,‰F˜a“‡Žs,49326211,92,130,
“ì—\“ì•”,‰F˜a“‡Žs,49326212,92,|,
“ì—\“ì•”,‰F˜a“‡Žs,49326213,92,|,
“ì—\“ì•”,‰F˜a“‡Žs,49326220,92,|,
“ì—\“ì•”,‰F˜a“‡Žs,49326221,92,|,
“ì—\“ì•”,‰F˜a“‡Žs,49326228,96,|,
“ì—\“ì•”,‰F˜a“‡Žs,49326229,96,|,
“ì—\“ì•”,‰F˜a“‡Žs,49326238,96,136,
“ì—\“ì•”,‰F˜a“‡Žs,49326239,96,136,
“ì—\“ì•”,‰F˜a“‡Žs,49326247,96,|,
“ì—\“ì•”,‰F˜a“‡Žs,49326248,93,132,
“ì—\“ì•”,‰F˜a“‡Žs,49326249,93,132,
“ì—\“ì•”,‰F˜a“‡Žs,49326257,96,|,
“ì—\“ì•”,‰F˜a“‡Žs,49326259,93,132,
“ì—\“ì•”,‰F˜a“‡Žs,49326268,96,|,
“ì—\“ì•”,‰F˜a“‡Žs,49326269,94,133,
“ì—\“ì•”,‰F˜a“‡Žs,49326278,94,133,
“ì—\“ì•”,‰F˜a“‡Žs,49326279,93,132,
“ì—\“ì•”,‰F˜a“‡Žs,49326304,99,|,
“ì—\“ì•”,‰F˜a“‡Žs,49326305,95,134,
“ì—\“ì•”,‰F˜a“‡Žs,49326306,99,140,
“ì—\“ì•”,‰F˜a“‡Žs,49326307,100,141,
“ì—\“ì•”,‰F˜a“‡Žs,49326308,99,140,
“ì—\“ì•”,‰F˜a“‡Žs,49326309,103,146,
“ì—\“ì•”,‰F˜a“‡Žs,49326315,99,|,
“ì—\“ì•”,‰F˜a“‡Žs,49326316,95,135,
“ì—\“ì•”,‰F˜a“‡Žs,49326317,99,140,
“ì—\“ì•”,‰F˜a“‡Žs,49326318,103,|,
“ì—\“ì•”,‰F˜a“‡Žs,49326319,99,140,
“ì—\“ì•”,‰F˜a“‡Žs,49326321,93,131,
“ì—\“ì•”,‰F˜a“‡Žs,49326322,89,126,
“ì—\“ì•”,‰F˜a“‡Žs,49326323,89,|,
“ì—\“ì•”,‰F˜a“‡Žs,49326325,94,133,
“ì—\“ì•”,‰F˜a“‡Žs,49326326,95,134,
“ì—\“ì•”,‰F˜a“‡Žs,49326328,103,|,
“ì—\“ì•”,‰F˜a“‡Žs,49326329,103,146,
“ì—\“ì•”,‰F˜a“‡Žs,49326331,93,131,
“ì—\“ì•”,‰F˜a“‡Žs,49326332,89,126,
“ì—\“ì•”,‰F˜a“‡Žs,49326333,85,121,
“ì—\“ì•”,‰F˜a“‡Žs,49326334,85,121,
“ì—\“ì•”,‰F˜a“‡Žs,49326335,94,133,
“ì—\“ì•”,‰F˜a“‡Žs,49326336,94,133,
“ì—\“ì•”,‰F˜a“‡Žs,49326339,103,146,
“ì—\“ì•”,‰F˜a“‡Žs,49326340,96,|,
“ì—\“ì•”,‰F˜a“‡Žs,49326341,88,125,
“ì—\“ì•”,‰F˜a“‡Žs,49326342,89,126,
“ì—\“ì•”,‰F˜a“‡Žs,49326343,99,|,
“ì—\“ì•”,‰F˜a“‡Žs,49326344,90,127,
“ì—\“ì•”,‰F˜a“‡Žs,49326345,99,140,
“ì—\“ì•”,‰F˜a“‡Žs,49326346,100,141,
“ì—\“ì•”,‰F˜a“‡Žs,49326349,127,|,
“ì—\“ì•”,‰F˜a“‡Žs,49326350,96,|,
“ì—\“ì•”,‰F˜a“‡Žs,49326353,99,|,
“ì—\“ì•”,‰F˜a“‡Žs,49326354,99,|,
“ì—\“ì•”,‰F˜a“‡Žs,49326356,99,140,
“ì—\“ì•”,‰F˜a“‡Žs,49326360,96,|,
“ì—\“ì•”,‰F˜a“‡Žs,49326400,112,158,
“ì—\“ì•”,‰F˜a“‡Žs,49326401,112,158,
“ì—\“ì•”,‰F˜a“‡Žs,49326402,112,159,
“ì—\“ì•”,‰F˜a“‡Žs,49326403,118,167,
“ì—\“ì•”,‰F˜a“‡Žs,49326404,119,169,
“ì—\“ì•”,‰F˜a“‡Žs,49326405,133,188,
“ì—\“ì•”,‰F˜a“‡Žs,49326406,130,184,
“ì—\“ì•”,‰F˜a“‡Žs,49326407,132,186,
“ì—\“ì•”,‰F˜a“‡Žs,49326408,162,|,
“ì—\“ì•”,‰F˜a“‡Žs,49326410,122,172,
“ì—\“ì•”,‰F˜a“‡Žs,49326411,112,159,
“ì—\“ì•”,‰F˜a“‡Žs,49326412,108,153,
“ì—\“ì•”,‰F˜a“‡Žs,49326413,109,154,
“ì—\“ì•”,‰F˜a“‡Žs,49326414,119,169,
“ì—\“ì•”,‰F˜a“‡Žs,49326415,118,167,
“ì—\“ì•”,‰F˜a“‡Žs,49326416,131,185,
“ì—\“ì•”,‰F˜a“‡Žs,49326417,132,187,
“ì—\“ì•”,‰F˜a“‡Žs,49326418,162,|,
“ì—\“ì•”,‰F˜a“‡Žs,49326419,162,|,
“ì—\“ì•”,‰F˜a“‡Žs,49326420,122,172,
“ì—\“ì•”,‰F˜a“‡Žs,49326421,112,159,
“ì—\“ì•”,‰F˜a“‡Žs,49326422,112,159,
“ì—\“ì•”,‰F˜a“‡Žs,49326423,109,154,
“ì—\“ì•”,‰F˜a“‡Žs,49326424,110,155,
“ì—\“ì•”,‰F˜a“‡Žs,49326425,112,159,
“ì—\“ì•”,‰F˜a“‡Žs,49326426,125,177,
“ì—\“ì•”,‰F˜a“‡Žs,49326427,131,185,
“ì—\“ì•”,‰F˜a“‡Žs,49326428,132,187,
“ì—\“ì•”,‰F˜a“‡Žs,49326429,162,|,
“ì—\“ì•”,‰F˜a“‡Žs,49326430,122,172,
“ì—\“ì•”,‰F˜a“‡Žs,49326431,122,172,
“ì—\“ì•”,‰F˜a“‡Žs,49326432,122,172,
“ì—\“ì•”,‰F˜a“‡Žs,49326433,109,154,
“ì—\“ì•”,‰F˜a“‡Žs,49326434,110,155,
“ì—\“ì•”,‰F˜a“‡Žs,49326435,112,159,
“ì—\“ì•”,‰F˜a“‡Žs,49326436,124,176,
“ì—\“ì•”,‰F˜a“‡Žs,49326437,135,191,
“ì—\“ì•”,‰F˜a“‡Žs,49326438,135,191,
“ì—\“ì•”,‰F˜a“‡Žs,49326439,162,|,
“ì—\“ì•”,‰F˜a“‡Žs,49326440,122,173,
“ì—\“ì•”,‰F˜a“‡Žs,49326441,127,180,
“ì—\“ì•”,‰F˜a“‡Žs,49326442,128,181,
“ì—\“ì•”,‰F˜a“‡Žs,49326443,114,161,
“ì—\“ì•”,‰F˜a“‡Žs,49326444,110,155,
“ì—\“ì•”,‰F˜a“‡Žs,49326445,124,176,
“ì—\“ì•”,‰F˜a“‡Žs,49326446,127,179,
“ì—\“ì•”,‰F˜a“‡Žs,49326447,131,185,
“ì—\“ì•”,‰F˜a“‡Žs,49326448,141,199,
“ì—\“ì•”,‰F˜a“‡Žs,49326450,127,180,
“ì—\“ì•”,‰F˜a“‡Žs,49326451,122,173,
“ì—\“ì•”,‰F˜a“‡Žs,49326452,128,181,
“ì—\“ì•”,‰F˜a“‡Žs,49326453,118,167,
“ì—\“ì•”,‰F˜a“‡Žs,49326454,124,175,
“ì—\“ì•”,‰F˜a“‡Žs,49326455,124,176,
“ì—\“ì•”,‰F˜a“‡Žs,49326456,126,178,
“ì—\“ì•”,‰F˜a“‡Žs,49326457,124,176,
“ì—\“ì•”,‰F˜a“‡Žs,49326458,162,|,
“ì—\“ì•”,‰F˜a“‡Žs,49326460,128,|,
“ì—\“ì•”,‰F˜a“‡Žs,49326461,123,174,
“ì—\“ì•”,‰F˜a“‡Žs,49326462,128,181,
“ì—\“ì•”,‰F˜a“‡Žs,49326463,124,176,
“ì—\“ì•”,‰F˜a“‡Žs,49326464,115,163,
“ì—\“ì•”,‰F˜a“‡Žs,49326465,125,177,
“ì—\“ì•”,‰F˜a“‡Žs,49326466,126,178,
“ì—\“ì•”,‰F˜a“‡Žs,49326467,123,174,
“ì—\“ì•”,‰F˜a“‡Žs,49326468,162,|,
“ì—\“ì•”,‰F˜a“‡Žs,49326470,128,|,
“ì—\“ì•”,‰F˜a“‡Žs,49326471,123,174,
“ì—\“ì•”,‰F˜a“‡Žs,49326472,129,182,
“ì—\“ì•”,‰F˜a“‡Žs,49326473,130,184,
“ì—\“ì•”,‰F˜a“‡Žs,49326474,117,165,
“ì—\“ì•”,‰F˜a“‡Žs,49326475,126,178,
“ì—\“ì•”,‰F˜a“‡Žs,49326476,127,180,
“ì—\“ì•”,‰F˜a“‡Žs,49326477,123,174,
“ì—\“ì•”,‰F˜a“‡Žs,49326478,162,|,
“ì—\“ì•”,‰F˜a“‡Žs,49326481,128,181,
“ì—\“ì•”,‰F˜a“‡Žs,49326482,129,182,
“ì—\“ì•”,‰F˜a“‡Žs,49326483,130,184,
“ì—\“ì•”,‰F˜a“‡Žs,49326484,117,165,
“ì—\“ì•”,‰F˜a“‡Žs,49326485,127,179,
“ì—\“ì•”,‰F˜a“‡Žs,49326486,128,181,
“ì—\“ì•”,‰F˜a“‡Žs,49326487,129,182,
“ì—\“ì•”,‰F˜a“‡Žs,49326488,162,|,
“ì—\“ì•”,‰F˜a“‡Žs,49326491,129,|,
“ì—\“ì•”,‰F˜a“‡Žs,49326492,129,182,
“ì—\“ì•”,‰F˜a“‡Žs,49326493,129,183,
“ì—\“ì•”,‰F˜a“‡Žs,49326494,130,184,
“ì—\“ì•”,‰F˜a“‡Žs,49326495,137,194,
“ì—\“ì•”,‰F˜a“‡Žs,49326496,138,195,
“ì—\“ì•”,‰F˜a“‡Žs,49326497,128,181,
“ì—\“ì•”,‰F˜a“‡Žs,49326498,134,190,
“ì—\“ì•”,‰F˜a“‡Žs,49326520,162,|,
“ì—\“ì•”,‰F˜a“‡Žs,49326530,162,|,
“ì—\“ì•”,‰F˜a“‡Žs,49326531,162,|,
“ì—\“ì•”,‰F˜a“‡Žs,49326532,162,|,
“ì—\“ì•”,‰F˜a“‡Žs,49326540,162,|,
“ì—\“ì•”,‰F˜a“‡Žs,49326541,162,|,
“ì—\“ì•”,‰F˜a“‡Žs,49326542,156,221,
“ì—\“ì•”,‰F˜a“‡Žs,49326551,162,|,
“ì—\“ì•”,‰F˜a“‡Žs,49326552,162,|,
“ì—\“ì•”,‰F˜a“‡Žs,49327307,80,114,
“ì—\“ì•”,‰F˜a“‡Žs,49327317,81,115,
“ì—\“ì•”,‰F˜a“‡Žs,49327318,109,|,
“ì—\“ì•”,‰F˜a“‡Žs,49327327,109,|,
“ì—\“ì•”,‰F˜a“‡Žs,49327328,99,140,
“ì—\“ì•”,‰F˜a“‡Žs,49327329,109,154,
“ì—\“ì•”,‰F˜a“‡Žs,49327338,87,123,
“ì—\“ì•”,‰F˜a“‡Žs,49327339,91,129,
“ì—\“ì•”,‰F˜a“‡Žs,49327348,87,123,
“ì—\“ì•”,‰F˜a“‡Žs,49327349,91,129,
“ì—\“ì•”,‰F˜a“‡Žs,49327358,91,|,
“ì—\“ì•”,‰F˜a“‡Žs,49327359,91,129,
“ì—\“ì•”,‰F˜a“‡Žs,49327379,92,130,
“ì—\“ì•”,‰F˜a“‡Žs,49327401,129,|,
“ì—\“ì•”,‰F˜a“‡Žs,49327402,87,123,
“ì—\“ì•”,‰F˜a“‡Žs,49327403,88,124,
“ì—\“ì•”,‰F˜a“‡Žs,49327404,88,125,
“ì—\“ì•”,‰F˜a“‡Žs,49327405,118,167,
“ì—\“ì•”,‰F˜a“‡Žs,49327406,118,167,
“ì—\“ì•”,‰F˜a“‡Žs,49327407,120,170,
“ì—\“ì•”,‰F˜a“‡Žs,49327410,103,146,
“ì—\“ì•”,‰F˜a“‡Žs,49327411,103,146,
“ì—\“ì•”,‰F˜a“‡Žs,49327412,87,123,
“ì—\“ì•”,‰F˜a“‡Žs,49327413,88,124,
“ì—\“ì•”,‰F˜a“‡Žs,49327414,88,125,
“ì—\“ì•”,‰F˜a“‡Žs,49327415,117,166,
“ì—\“ì•”,‰F˜a“‡Žs,49327416,117,166,
“ì—\“ì•”,‰F˜a“‡Žs,49327417,118,167,
“ì—\“ì•”,‰F˜a“‡Žs,49327418,118,167,
“ì—\“ì•”,‰F˜a“‡Žs,49327420,103,146,
“ì—\“ì•”,‰F˜a“‡Žs,49327421,103,146,
“ì—\“ì•”,‰F˜a“‡Žs,49327422,87,123,
“ì—\“ì•”,‰F˜a“‡Žs,49327423,87,123,
“ì—\“ì•”,‰F˜a“‡Žs,49327424,87,123,
“ì—\“ì•”,‰F˜a“‡Žs,49327425,117,165,
“ì—\“ì•”,‰F˜a“‡Žs,49327426,117,165,
“ì—\“ì•”,‰F˜a“‡Žs,49327427,117,166,
“ì—\“ì•”,‰F˜a“‡Žs,49327428,118,167,
“ì—\“ì•”,‰F˜a“‡Žs,49327429,119,168,
“ì—\“ì•”,‰F˜a“‡Žs,49327430,99,140,
“ì—\“ì•”,‰F˜a“‡Žs,49327431,78,111,
“ì—\“ì•”,‰F˜a“‡Žs,49327432,78,111,
“ì—\“ì•”,‰F˜a“‡Žs,49327433,79,112,
“ì—\“ì•”,‰F˜a“‡Žs,49327434,92,130,
“ì—\“ì•”,‰F˜a“‡Žs,49327435,117,165,
“ì—\“ì•”,‰F˜a“‡Žs,49327436,117,166,
“ì—\“ì•”,‰F˜a“‡Žs,49327437,117,166,
“ì—\“ì•”,‰F˜a“‡Žs,49327438,118,167,
“ì—\“ì•”,‰F˜a“‡Žs,49327439,118,167,
“ì—\“ì•”,‰F˜a“‡Žs,49327440,99,140,
“ì—\“ì•”,‰F˜a“‡Žs,49327441,78,110,
“ì—\“ì•”,‰F˜a“‡Žs,49327442,78,111,
“ì—\“ì•”,‰F˜a“‡Žs,49327443,79,112,
“ì—\“ì•”,‰F˜a“‡Žs,49327444,101,143,
“ì—\“ì•”,‰F˜a“‡Žs,49327445,118,167,
“ì—\“ì•”,‰F˜a“‡Žs,49327446,117,166,
“ì—\“ì•”,‰F˜a“‡Žs,49327447,117,166,
“ì—\“ì•”,‰F˜a“‡Žs,49327448,118,167,
“ì—\“ì•”,‰F˜a“‡Žs,49327449,118,167,
“ì—\“ì•”,‰F˜a“‡Žs,49327450,98,139,
“ì—\“ì•”,‰F˜a“‡Žs,49327451,78,110,
“ì—\“ì•”,‰F˜a“‡Žs,49327452,79,112,
“ì—\“ì•”,‰F˜a“‡Žs,49327453,80,114,
“ì—\“ì•”,‰F˜a“‡Žs,49327454,110,155,
“ì—\“ì•”,‰F˜a“‡Žs,49327455,118,167,
“ì—\“ì•”,‰F˜a“‡Žs,49327456,118,167,
“ì—\“ì•”,‰F˜a“‡Žs,49327457,118,167,
“ì—\“ì•”,‰F˜a“‡Žs,49327458,118,167,
“ì—\“ì•”,‰F˜a“‡Žs,49327459,118,167,
“ì—\“ì•”,‰F˜a“‡Žs,49327460,115,163,
“ì—\“ì•”,‰F˜a“‡Žs,49327461,116,164,
“ì—\“ì•”,‰F˜a“‡Žs,49327462,117,165,
“ì—\“ì•”,‰F˜a“‡Žs,49327463,118,167,
“ì—\“ì•”,‰F˜a“‡Žs,49327464,118,167,
“ì—\“ì•”,‰F˜a“‡Žs,49327465,116,164,
“ì—\“ì•”,‰F˜a“‡Žs,49327466,117,165,
“ì—\“ì•”,‰F˜a“‡Žs,49327467,117,165,
“ì—\“ì•”,‰F˜a“‡Žs,49327468,117,165,
“ì—\“ì•”,‰F˜a“‡Žs,49327469,117,165,
“ì—\“ì•”,‰F˜a“‡Žs,49327470,115,163,
“ì—\“ì•”,‰F˜a“‡Žs,49327471,116,164,
“ì—\“ì•”,‰F˜a“‡Žs,49327472,117,165,
“ì—\“ì•”,‰F˜a“‡Žs,49327473,117,165,
“ì—\“ì•”,‰F˜a“‡Žs,49327474,117,165,
“ì—\“ì•”,‰F˜a“‡Žs,49327475,116,164,
“ì—\“ì•”,‰F˜a“‡Žs,49327476,117,165,
“ì—\“ì•”,‰F˜a“‡Žs,49327477,117,165,
“ì—\“ì•”,‰F˜a“‡Žs,49327478,117,165,
“ì—\“ì•”,‰F˜a“‡Žs,49327479,117,165,
“ì—\“ì•”,‰F˜a“‡Žs,49327480,117,165,
“ì—\“ì•”,‰F˜a“‡Žs,49327481,117,165,
“ì—\“ì•”,‰F˜a“‡Žs,49327482,117,166,
“ì—\“ì•”,‰F˜a“‡Žs,49327483,117,166,
“ì—\“ì•”,‰F˜a“‡Žs,49327484,117,165,
“ì—\“ì•”,‰F˜a“‡Žs,49327485,115,163,
“ì—\“ì•”,‰F˜a“‡Žs,49327486,115,163,
“ì—\“ì•”,‰F˜a“‡Žs,49327487,117,165,
“ì—\“ì•”,‰F˜a“‡Žs,49327488,117,165,
“ì—\“ì•”,‰F˜a“‡Žs,49327489,117,165,
“ì—\“ì•”,‰F˜a“‡Žs,49327490,117,165,
“ì—\“ì•”,‰F˜a“‡Žs,49327491,118,167,
“ì—\“ì•”,‰F˜a“‡Žs,49327492,119,168,
“ì—\“ì•”,‰F˜a“‡Žs,49327498,117,165,
“ì—\“ì•”,‰F˜a“‡Žs,49327499,117,165,
“ì—\“ì•”,‰F˜a“‡Žs,49327530,140,198,
“ì—\“ì•”,‰F˜a“‡Žs,49327531,129,183,
“ì—\“ì•”,‰F˜a“‡Žs,49327533,130,184,
“ì—\“ì•”,‰F˜a“‡Žs,49327540,134,189,
“ì—\“ì•”,‰F˜a“‡Žs,49327541,135,191,
“ì—\“ì•”,‰F˜a“‡Žs,49327542,129,183,
“ì—\“ì•”,‰F˜a“‡Žs,49327543,130,184,
“ì—\“ì•”,‰F˜a“‡Žs,49327550,134,189,
“ì—\“ì•”,‰F˜a“‡Žs,49327551,135,191,
“ì—\“ì•”,‰F˜a“‡Žs,49327552,130,184,
“ì—\“ì•”,‰F˜a“‡Žs,49327553,130,184,
“ì—\“ì•”,‰F˜a“‡Žs,49327560,127,180,
“ì—\“ì•”,‰F˜a“‡Žs,49327561,129,182,
“ì—\“ì•”,‰F˜a“‡Žs,49327562,129,183,
“ì—\“ì•”,‰F˜a“‡Žs,49327570,128,181,
“ì—\“ì•”,‰F˜a“‡Žs,49327571,129,182,
“ì—\“ì•”,‰F˜a“‡Žs,49327572,129,183,
“ì—\“ì•”,‰F˜a“‡Žs,49327580,128,181,
“ì—\“ì•”,‰F˜a“‡Žs,49327581,129,182,
“ì—\“ì•”,‰F˜a“‡Žs,49327582,129,182,
“ì—\“ì•”,‰F˜a“‡Žs,49327590,128,181,
“ì—\“ì•”,‰F˜a“‡Žs,49327592,129,182,
“ì—\“ì•”,¼–ì’¬,49325574,162,|,
“ì—\“ì•”,¼–ì’¬,49325575,162,|,
“ì—\“ì•”,¼–ì’¬,49325583,162,|,
“ì—\“ì•”,¼–ì’¬,49325584,162,|,
“ì—\“ì•”,¼–ì’¬,49325585,146,206,
“ì—\“ì•”,¼–ì’¬,49325586,145,205,
“ì—\“ì•”,¼–ì’¬,49325593,162,|,
“ì—\“ì•”,¼–ì’¬,49325594,145,205,
“ì—\“ì•”,¼–ì’¬,49325595,146,207,
“ì—\“ì•”,¼–ì’¬,49325596,145,205,
“ì—\“ì•”,¼–ì’¬,49326502,162,|,
“ì—\“ì•”,¼–ì’¬,49326503,162,|,
“ì—\“ì•”,¼–ì’¬,49326504,145,205,
“ì—\“ì•”,¼–ì’¬,49326505,146,207,
“ì—\“ì•”,¼–ì’¬,49326506,146,206,
“ì—\“ì•”,¼–ì’¬,49326507,149,|,
“ì—\“ì•”,¼–ì’¬,49326511,162,|,
“ì—\“ì•”,¼–ì’¬,49326512,162,|,
“ì—\“ì•”,¼–ì’¬,49326513,162,|,
“ì—\“ì•”,¼–ì’¬,49326514,145,205,
“ì—\“ì•”,¼–ì’¬,49326515,148,209,
“ì—\“ì•”,¼–ì’¬,49326516,148,209,
“ì—\“ì•”,¼–ì’¬,49326517,146,206,
“ì—\“ì•”,¼–ì’¬,49326518,149,210,
“ì—\“ì•”,¼–ì’¬,49326521,162,|,
“ì—\“ì•”,¼–ì’¬,49326522,162,|,
“ì—\“ì•”,¼–ì’¬,49326523,145,205,
“ì—\“ì•”,¼–ì’¬,49326524,144,204,
“ì—\“ì•”,¼–ì’¬,49326525,162,|,
“ì—\“ì•”,¼–ì’¬,49326526,149,210,
“ì—\“ì•”,¼–ì’¬,49326527,146,207,
“ì—\“ì•”,¼–ì’¬,49326528,149,210,
“ì—\“ì•”,¼–ì’¬,49326533,142,201,
“ì—\“ì•”,¼–ì’¬,49326534,142,201,
“ì—\“ì•”,¼–ì’¬,49326535,162,|,
“ì—\“ì•”,¼–ì’¬,49326536,147,208,
“ì—\“ì•”,¼–ì’¬,49326537,146,206,
“ì—\“ì•”,¼–ì’¬,49326538,149,210,
“ì—\“ì•”,¼–ì’¬,49326543,162,229,
“ì—\“ì•”,¼–ì’¬,49326544,162,229,
“ì—\“ì•”,¼–ì’¬,49326545,156,220,
“ì—\“ì•”,¼–ì’¬,49326546,156,220,
“ì—\“ì•”,¼–ì’¬,49326547,155,219,
“ì—\“ì•”,¼–ì’¬,49326548,155,|,
“ì—\“ì•”,¼–ì’¬,49326549,151,214,
“ì—\“ì•”,¼–ì’¬,49326553,162,|,
“ì—\“ì•”,¼–ì’¬,49326554,162,|,
“ì—\“ì•”,¼–ì’¬,49326555,162,|,
“ì—\“ì•”,¼–ì’¬,49326556,153,216,
“ì—\“ì•”,¼–ì’¬,49326557,153,216,
“ì—\“ì•”,¼–ì’¬,49326558,147,208,
“ì—\“ì•”,¼–ì’¬,49326559,146,206,
“ì—\“ì•”,¼–ì’¬,49326563,162,|,
“ì—\“ì•”,¼–ì’¬,49326564,153,216,
“ì—\“ì•”,¼–ì’¬,49326565,151,214,
“ì—\“ì•”,¼–ì’¬,49326566,152,215,
“ì—\“ì•”,¼–ì’¬,49326567,152,215,
“ì—\“ì•”,¼–ì’¬,49326568,151,214,
“ì—\“ì•”,¼–ì’¬,49326569,151,214,
“ì—\“ì•”,¼–ì’¬,49326574,162,|,
“ì—\“ì•”,¼–ì’¬,49326575,144,204,
“ì—\“ì•”,¼–ì’¬,49326576,145,205,
“ì—\“ì•”,¼–ì’¬,49326577,151,213,
“ì—\“ì•”,¼–ì’¬,49326578,151,214,
“ì—\“ì•”,¼–ì’¬,49326579,151,214,
“ì—\“ì•”,¼–ì’¬,49326584,151,214,
“ì—\“ì•”,¼–ì’¬,49326585,150,212,
“ì—\“ì•”,¼–ì’¬,49326586,144,204,
“ì—\“ì•”,¼–ì’¬,49326587,150,212,
“ì—\“ì•”,¼–ì’¬,49326588,151,214,
“ì—\“ì•”,¼–ì’¬,49326589,151,214,
“ì—\“ì•”,¼–ì’¬,49326598,144,204,
“ì—\“ì•”,¼–ì’¬,49326599,145,205,
“ì—\“ì•”,¼–ì’¬,49326640,151,214,
“ì—\“ì•”,¼–ì’¬,49326650,151,213,
“ì—\“ì•”,¼–ì’¬,49326651,151,214,
“ì—\“ì•”,¼–ì’¬,49326660,151,213,
“ì—\“ì•”,¼–ì’¬,49326661,151,214,
“ì—\“ì•”,¼–ì’¬,49326670,151,213,
“ì—\“ì•”,¼–ì’¬,49326671,151,214,
“ì—\“ì•”,¼–ì’¬,49326680,151,213,
“ì—\“ì•”,¼–ì’¬,49326681,151,214,
“ì—\“ì•”,¼–ì’¬,49326690,151,214,
“ì—\“ì•”,¼–ì’¬,49326691,151,214,
“ì—\“ì•”,¼–ì’¬,49327509,126,178,
“ì—\“ì•”,¼–ì’¬,49327600,146,206,
“ì—\“ì•”,¼–ì’¬,49327601,146,206,
“ì—\“ì•”,¼–ì’¬,49327611,140,198,
“ì—\“ì•”,¼–ì’¬,49327612,146,|,
“ì—\“ì•”,¼–ì’¬,49327621,146,|,
“ì—\“ì•”,¼–ì’¬,49327622,146,|,
“ì—\“ì•”,‹S–k’¬,49326449,162,|,
“ì—\“ì•”,‹S–k’¬,49326459,133,188,
“ì—\“ì•”,‹S–k’¬,49326469,124,176,
“ì—\“ì•”,‹S–k’¬,49326479,126,178,
“ì—\“ì•”,‹S–k’¬,49326489,125,177,
“ì—\“ì•”,‹S–k’¬,49326499,129,183,
“ì—\“ì•”,‹S–k’¬,49326550,144,204,
“ì—\“ì•”,‹S–k’¬,49326560,141,199,
“ì—\“ì•”,‹S–k’¬,49326561,141,199,
“ì—\“ì•”,‹S–k’¬,49326562,141,199,
“ì—\“ì•”,‹S–k’¬,49326570,139,196,
“ì—\“ì•”,‹S–k’¬,49326571,139,196,
“ì—\“ì•”,‹S–k’¬,49326572,139,196,
“ì—\“ì•”,‹S–k’¬,49326573,145,205,
“ì—\“ì•”,‹S–k’¬,49326580,137,194,
“ì—\“ì•”,‹S–k’¬,49326581,138,195,
“ì—\“ì•”,‹S–k’¬,49326582,138,195,
“ì—\“ì•”,‹S–k’¬,49326583,145,205,
“ì—\“ì•”,‹S–k’¬,49326590,142,201,
“ì—\“ì•”,‹S–k’¬,49326591,137,193,
“ì—\“ì•”,‹S–k’¬,49326592,144,204,
“ì—\“ì•”,‹S–k’¬,49326593,151,214,
“ì—\“ì•”,‹S–k’¬,49326594,153,216,
“ì—\“ì•”,‹S–k’¬,49326595,144,203,
“ì—\“ì•”,‹S–k’¬,49326596,142,201,
“ì—\“ì•”,‹S–k’¬,49326597,142,201,
“ì—\“ì•”,‹S–k’¬,49327408,116,164,
“ì—\“ì•”,‹S–k’¬,49327409,116,164,
“ì—\“ì•”,‹S–k’¬,49327419,119,169,
“ì—\“ì•”,‹S–k’¬,49327500,125,177,
“ì—\“ì•”,‹S–k’¬,49327501,132,186,
“ì—\“ì•”,‹S–k’¬,49327502,139,197,
“ì—\“ì•”,‹S–k’¬,49327503,142,201,
“ì—\“ì•”,‹S–k’¬,49327504,143,202,
“ì—\“ì•”,‹S–k’¬,49327505,124,176,
“ì—\“ì•”,‹S–k’¬,49327506,124,175,
“ì—\“ì•”,‹S–k’¬,49327507,124,175,
“ì—\“ì•”,‹S–k’¬,49327508,124,176,
“ì—\“ì•”,‹S–k’¬,49327510,124,176,
“ì—\“ì•”,‹S–k’¬,49327511,130,184,
“ì—\“ì•”,‹S–k’¬,49327512,133,188,
“ì—\“ì•”,‹S–k’¬,49327513,134,190,
“ì—\“ì•”,‹S–k’¬,49327514,136,192,
“ì—\“ì•”,‹S–k’¬,49327515,123,174,
“ì—\“ì•”,‹S–k’¬,49327516,127,180,
“ì—\“ì•”,‹S–k’¬,49327517,127,180,
“ì—\“ì•”,‹S–k’¬,49327518,124,175,
“ì—\“ì•”,‹S–k’¬,49327519,124,176,
“ì—\“ì•”,‹S–k’¬,49327520,124,176,
“ì—\“ì•”,‹S–k’¬,49327521,125,177,
“ì—\“ì•”,‹S–k’¬,49327522,126,178,
“ì—\“ì•”,‹S–k’¬,49327523,132,186,
“ì—\“ì•”,‹S–k’¬,49327524,133,188,
“ì—\“ì•”,‹S–k’¬,49327525,127,180,
“ì—\“ì•”,‹S–k’¬,49327526,127,180,
“ì—\“ì•”,‹S–k’¬,49327527,127,180,
“ì—\“ì•”,‹S–k’¬,49327528,123,174,
“ì—\“ì•”,‹S–k’¬,49327529,124,176,
“ì—\“ì•”,‹S–k’¬,49327532,129,183,
“ì—\“ì•”,‹S–k’¬,49327534,131,185,
“ì—\“ì•”,‹S–k’¬,49327535,126,178,
“ì—\“ì•”,‹S–k’¬,49327536,127,179,
“ì—\“ì•”,‹S–k’¬,49327537,127,180,
“ì—\“ì•”,‹S–k’¬,49327538,123,174,
“ì—\“ì•”,‹S–k’¬,49327539,146,|,
“ì—\“ì•”,‹S–k’¬,49327544,131,185,
“ì—\“ì•”,‹S–k’¬,49327545,126,178,
“ì—\“ì•”,‹S–k’¬,49327546,127,179,
“ì—\“ì•”,‹S–k’¬,49327547,127,180,
“ì—\“ì•”,‹S–k’¬,49327548,127,180,
“ì—\“ì•”,‹S–k’¬,49327549,123,174,
“ì—\“ì•”,‹S–k’¬,49327554,137,193,
“ì—\“ì•”,‹S–k’¬,49327555,127,180,
“ì—\“ì•”,‹S–k’¬,49327556,127,179,
“ì—\“ì•”,‹S–k’¬,49327557,127,179,
“ì—\“ì•”,‹S–k’¬,49327558,126,178,
“ì—\“ì•”,‹S–k’¬,49327559,127,180,
“ì—\“ì•”,‹S–k’¬,49327563,130,184,
“ì—\“ì•”,‹S–k’¬,49327564,132,187,
“ì—\“ì•”,‹S–k’¬,49327565,127,180,
“ì—\“ì•”,‹S–k’¬,49327566,127,180,
“ì—\“ì•”,‹S–k’¬,49327567,126,178,
“ì—\“ì•”,‹S–k’¬,49327568,126,178,
“ì—\“ì•”,‹S–k’¬,49327569,127,179,
“ì—\“ì•”,‹S–k’¬,49327573,130,184,
“ì—\“ì•”,‹S–k’¬,49327574,131,185,
“ì—\“ì•”,‹S–k’¬,49327575,127,179,
“ì—\“ì•”,‹S–k’¬,49327576,127,179,
“ì—\“ì•”,‹S–k’¬,49327577,126,178,
“ì—\“ì•”,‹S–k’¬,49327578,126,178,
“ì—\“ì•”,‹S–k’¬,49327579,126,178,
“ì—\“ì•”,‹S–k’¬,49327583,130,184,
“ì—\“ì•”,‹S–k’¬,49327584,126,178,
“ì—\“ì•”,‹S–k’¬,49327585,124,176,
“ì—\“ì•”,‹S–k’¬,49327586,125,177,
“ì—\“ì•”,‹S–k’¬,49327587,126,178,
“ì—\“ì•”,‹S–k’¬,49327588,126,178,
“ì—\“ì•”,‹S–k’¬,49327589,127,179,
“ì—\“ì•”,‹S–k’¬,49327593,130,184,
“ì—\“ì•”,‹S–k’¬,49327594,124,176,
“ì—\“ì•”,‹S–k’¬,49327595,123,174,
“ì—\“ì•”,‹S–k’¬,49327596,124,176,
“ì—\“ì•”,‹S–k’¬,49327597,125,177,
“ì—\“ì•”,‹S–k’¬,49327598,126,178,
“ì—\“ì•”,‹S–k’¬,49327599,127,180,
“ì—\“ì•”,‹S–k’¬,49327610,139,197,
“ì—\“ì•”,‹S–k’¬,49327620,134,190,
“ì—\“ì•”,‹S–k’¬,49327630,146,|,
“ì—\“ì•”,‹S–k’¬,49327631,146,|,
“ì—\“ì•”,‹S–k’¬,49327632,142,200,
“ì—\“ì•”,‹S–k’¬,49327633,146,|,
“ì—\“ì•”,‹S–k’¬,49327634,146,|,
“ì—\“ì•”,‹S–k’¬,49327640,146,|,
“ì—\“ì•”,‹S–k’¬,49327641,146,|,
“ì—\“ì•”,‹S–k’¬,49327642,141,199,
“ì—\“ì•”,‹S–k’¬,49327643,142,200,
“ì—\“ì•”,‹S–k’¬,49327644,142,200,
“ì—\“ì•”,‹S–k’¬,49327645,129,183,
“ì—\“ì•”,‹S–k’¬,49327646,167,|,
“ì—\“ì•”,‹S–k’¬,49327650,138,195,
“ì—\“ì•”,‹S–k’¬,49327651,139,196,
“ì—\“ì•”,‹S–k’¬,49327652,140,198,
“ì—\“ì•”,‹S–k’¬,49327653,136,192,
“ì—\“ì•”,‹S–k’¬,49327654,137,193,
“ì—\“ì•”,‹S–k’¬,49327655,129,182,
“ì—\“ì•”,‹S–k’¬,49327656,126,178,
“ì—\“ì•”,‹S–k’¬,49327657,167,|,
“ì—\“ì•”,‹S–k’¬,49327658,167,|,
“ì—\“ì•”,‹S–k’¬,49327660,132,187,
“ì—\“ì•”,‹S–k’¬,49327661,134,189,
“ì—\“ì•”,‹S–k’¬,49327662,131,185,
“ì—\“ì•”,‹S–k’¬,49327663,132,186,
“ì—\“ì•”,‹S–k’¬,49327664,132,187,
“ì—\“ì•”,‹S–k’¬,49327665,127,180,
“ì—\“ì•”,‹S–k’¬,49327666,129,182,
“ì—\“ì•”,‹S–k’¬,49327667,126,178,
“ì—\“ì•”,‹S–k’¬,49327668,167,|,
“ì—\“ì•”,‹S–k’¬,49327669,167,|,
“ì—\“ì•”,‹S–k’¬,49327670,133,188,
“ì—\“ì•”,‹S–k’¬,49327671,134,190,
“ì—\“ì•”,‹S–k’¬,49327672,130,184,
“ì—\“ì•”,‹S–k’¬,49327673,131,185,
“ì—\“ì•”,‹S–k’¬,49327674,132,186,
“ì—\“ì•”,‹S–k’¬,49327675,127,180,
“ì—\“ì•”,‹S–k’¬,49327676,129,182,
“ì—\“ì•”,‹S–k’¬,49327677,126,178,
“ì—\“ì•”,‹S–k’¬,49327678,128,181,
“ì—\“ì•”,‹S–k’¬,49327679,167,|,
“ì—\“ì•”,‹S–k’¬,49327680,133,188,
“ì—\“ì•”,‹S–k’¬,49327681,134,189,
“ì—\“ì•”,‹S–k’¬,49327682,130,184,
“ì—\“ì•”,‹S–k’¬,49327683,131,185,
“ì—\“ì•”,‹S–k’¬,49327684,131,185,
“ì—\“ì•”,‹S–k’¬,49327685,127,179,
“ì—\“ì•”,‹S–k’¬,49327686,128,181,
“ì—\“ì•”,‹S–k’¬,49327687,130,184,
“ì—\“ì•”,‹S–k’¬,49327688,133,188,
“ì—\“ì•”,‹S–k’¬,49327689,142,201,
“ì—\“ì•”,‹S–k’¬,49327690,134,189,
“ì—\“ì•”,‹S–k’¬,49327691,130,184,
“ì—\“ì•”,‹S–k’¬,49327692,130,184,
“ì—\“ì•”,‹S–k’¬,49327693,136,192,
“ì—\“ì•”,‹S–k’¬,49327694,131,185,
“ì—\“ì•”,‹S–k’¬,49327695,127,179,
“ì—\“ì•”,‹S–k’¬,49327696,128,181,
“ì—\“ì•”,‹S–k’¬,49327697,126,178,
“ì—\“ì•”,‹S–k’¬,49327698,128,181,
“ì—\“ì•”,‹S–k’¬,49327699,132,186,
“ì—\“ì•”,‹S–k’¬,49327770,167,|,
“ì—\“ì•”,‹S–k’¬,49327771,167,|,
“ì—\“ì•”,‹S–k’¬,49327780,167,|,
“ì—\“ì•”,‹S–k’¬,49327781,167,|,
“ì—\“ì•”,‹S–k’¬,49327790,167,236,
“ì—\“ì•”,‹S–k’¬,49327791,167,|,
“ì—\“ì•”,‹S–k’¬,50320503,129,182,
“ì—\“ì•”,‹S–k’¬,50320504,124,176,
“ì—\“ì•”,‹S–k’¬,50320505,124,175,
“ì—\“ì•”,‹S–k’¬,50320506,124,176,
“ì—\“ì•”,‹S–k’¬,50320507,124,176,
“ì—\“ì•”,‹S–k’¬,50320508,126,178,
“ì—\“ì•”,‹S–k’¬,50320509,127,180,
“ì—\“ì•”,‹S–k’¬,50320513,129,182,
“ì—\“ì•”,‹S–k’¬,50320514,129,182,
“ì—\“ì•”,‹S–k’¬,50320515,127,180,
“ì—\“ì•”,‹S–k’¬,50320516,124,175,
“ì—\“ì•”,‹S–k’¬,50320517,124,175,
“ì—\“ì•”,‹S–k’¬,50320600,131,185,
“ì—\“ì•”,‹S–k’¬,50320601,132,187,
“ì—\“ì•”,‹S–k’¬,50320602,132,187,
“ì—\“ì•”,‹S–k’¬,50320603,130,184,
“ì—\“ì•”,‹S–k’¬,50320604,130,184,
“ì—\“ì•”,‹S–k’¬,50320605,131,185,
“ì—\“ì•”,‹S–k’¬,50320606,127,180,
“ì—\“ì•”,‹S–k’¬,50320607,129,183,
“ì—\“ì•”,‹S–k’¬,50320608,127,180,
“ì—\“ì•”,‹S–k’¬,50320609,129,183,
“ì—\“ì•”,‹S–k’¬,50320611,138,195,
“ì—\“ì•”,‹S–k’¬,50320612,133,188,
“ì—\“ì•”,‹S–k’¬,50320615,126,178,
“ì—\“ì•”,‹S–k’¬,50320616,166,|,
“ì—\“ì•”,‹S–k’¬,50320617,166,|,
“ì—\“ì•”,‹S–k’¬,50320618,166,|,
“ì—\“ì•”,‹S–k’¬,50320619,129,182,
“ì—\“ì•”,‹S–k’¬,50320625,132,187,
“ì—\“ì•”,‹S–k’¬,50320626,134,189,
“ì—\“ì•”,‹S–k’¬,50320627,136,192,
“ì—\“ì•”,‹S–k’¬,50320628,166,|,
“ì—\“ì•”,‹S–k’¬,50320629,166,|,
“ì—\“ì•”,‹S–k’¬,50320636,134,190,
“ì—\“ì•”,‹S–k’¬,50320637,132,187,
“ì—\“ì•”,‹S–k’¬,50320638,166,|,
“ì—\“ì•”,‹S–k’¬,50320639,166,|,
“ì—\“ì•”,‹S–k’¬,50320646,135,191,
“ì—\“ì•”,‹S–k’¬,50320647,132,187,
“ì—\“ì•”,‹S–k’¬,50320648,134,189,
“ì—\“ì•”,‹S–k’¬,50320657,137,193,
“ì—\“ì•”,‹S–k’¬,50320658,137,|,
“ì—\“ì•”,‹S–k’¬,50320700,167,|,
“ì—\“ì•”,‹S–k’¬,50320701,167,|,
“ì—\“ì•”,‹S–k’¬,50320710,166,235,
“ì—\“ì•”,‹S–k’¬,50320711,167,|,
“ì—\“ì•”,‹S–k’¬,50320720,144,204,
“ì—\“ì•”,ˆ¤“ì’¬,49322379,91,|,
“ì—\“ì•”,ˆ¤“ì’¬,49322387,91,|,
“ì—\“ì•”,ˆ¤“ì’¬,49322388,91,|,
“ì—\“ì•”,ˆ¤“ì’¬,49322389,87,123,
“ì—\“ì•”,ˆ¤“ì’¬,49322398,91,129,
“ì—\“ì•”,ˆ¤“ì’¬,49322399,88,124,
“ì—\“ì•”,ˆ¤“ì’¬,49322480,88,125,
“ì—\“ì•”,ˆ¤“ì’¬,49322481,88,125,
“ì—\“ì•”,ˆ¤“ì’¬,49322490,88,125,
“ì—\“ì•”,ˆ¤“ì’¬,49322491,88,125,
“ì—\“ì•”,ˆ¤“ì’¬,49322492,107,|,
“ì—\“ì•”,ˆ¤“ì’¬,49322497,103,|,
“ì—\“ì•”,ˆ¤“ì’¬,49322498,103,|,
“ì—\“ì•”,ˆ¤“ì’¬,49323307,100,|,
“ì—\“ì•”,ˆ¤“ì’¬,49323308,91,129,
“ì—\“ì•”,ˆ¤“ì’¬,49323309,91,129,
“ì—\“ì•”,ˆ¤“ì’¬,49323317,100,|,
“ì—\“ì•”,ˆ¤“ì’¬,49323318,91,129,
“ì—\“ì•”,ˆ¤“ì’¬,49323319,95,135,
“ì—\“ì•”,ˆ¤“ì’¬,49323324,100,|,
“ì—\“ì•”,ˆ¤“ì’¬,49323325,100,|,
“ì—\“ì•”,ˆ¤“ì’¬,49323326,100,|,
“ì—\“ì•”,ˆ¤“ì’¬,49323327,100,141,
“ì—\“ì•”,ˆ¤“ì’¬,49323328,92,130,
“ì—\“ì•”,ˆ¤“ì’¬,49323329,95,135,
“ì—\“ì•”,ˆ¤“ì’¬,49323334,100,|,
“ì—\“ì•”,ˆ¤“ì’¬,49323335,100,|,
“ì—\“ì•”,ˆ¤“ì’¬,49323336,100,|,
“ì—\“ì•”,ˆ¤“ì’¬,49323337,100,|,
“ì—\“ì•”,ˆ¤“ì’¬,49323338,96,136,
“ì—\“ì•”,ˆ¤“ì’¬,49323339,96,136,
“ì—\“ì•”,ˆ¤“ì’¬,49323346,97,137,
“ì—\“ì•”,ˆ¤“ì’¬,49323349,106,|,
“ì—\“ì•”,ˆ¤“ì’¬,49323358,97,138,
“ì—\“ì•”,ˆ¤“ì’¬,49323359,97,138,
“ì—\“ì•”,ˆ¤“ì’¬,49323367,97,|,
“ì—\“ì•”,ˆ¤“ì’¬,49323368,97,138,
“ì—\“ì•”,ˆ¤“ì’¬,49323369,97,138,
“ì—\“ì•”,ˆ¤“ì’¬,49323378,97,138,
“ì—\“ì•”,ˆ¤“ì’¬,49323379,97,138,
“ì—\“ì•”,ˆ¤“ì’¬,49323389,97,138,
“ì—\“ì•”,ˆ¤“ì’¬,49323400,93,131,
“ì—\“ì•”,ˆ¤“ì’¬,49323401,93,131,
“ì—\“ì•”,ˆ¤“ì’¬,49323402,107,|,
“ì—\“ì•”,ˆ¤“ì’¬,49323407,98,139,
“ì—\“ì•”,ˆ¤“ì’¬,49323408,103,146,
“ì—\“ì•”,ˆ¤“ì’¬,49323409,103,146,
“ì—\“ì•”,ˆ¤“ì’¬,49323410,92,130,
“ì—\“ì•”,ˆ¤“ì’¬,49323411,93,131,
“ì—\“ì•”,ˆ¤“ì’¬,49323412,107,|,
“ì—\“ì•”,ˆ¤“ì’¬,49323413,107,|,
“ì—\“ì•”,ˆ¤“ì’¬,49323414,107,|,
“ì—\“ì•”,ˆ¤“ì’¬,49323415,107,|,
“ì—\“ì•”,ˆ¤“ì’¬,49323416,107,|,
“ì—\“ì•”,ˆ¤“ì’¬,49323417,107,151,
“ì—\“ì•”,ˆ¤“ì’¬,49323418,107,152,
“ì—\“ì•”,ˆ¤“ì’¬,49323419,108,153,
“ì—\“ì•”,ˆ¤“ì’¬,49323420,93,131,
“ì—\“ì•”,ˆ¤“ì’¬,49323421,93,131,
“ì—\“ì•”,ˆ¤“ì’¬,49323422,107,|,
“ì—\“ì•”,ˆ¤“ì’¬,49323423,99,140,
“ì—\“ì•”,ˆ¤“ì’¬,49323424,99,140,
“ì—\“ì•”,ˆ¤“ì’¬,49323425,107,|,
“ì—\“ì•”,ˆ¤“ì’¬,49323426,106,150,
“ì—\“ì•”,ˆ¤“ì’¬,49323427,107,152,
“ì—\“ì•”,ˆ¤“ì’¬,49323428,108,153,
“ì—\“ì•”,ˆ¤“ì’¬,49323429,114,161,
“ì—\“ì•”,ˆ¤“ì’¬,49323430,93,131,
“ì—\“ì•”,ˆ¤“ì’¬,49323431,97,138,
“ì—\“ì•”,ˆ¤“ì’¬,49323432,98,139,
“ì—\“ì•”,ˆ¤“ì’¬,49323433,99,140,
“ì—\“ì•”,ˆ¤“ì’¬,49323434,100,141,
“ì—\“ì•”,ˆ¤“ì’¬,49323435,102,144,
“ì—\“ì•”,ˆ¤“ì’¬,49323436,102,145,
“ì—\“ì•”,ˆ¤“ì’¬,49323437,107,152,
“ì—\“ì•”,ˆ¤“ì’¬,49323438,108,153,
“ì—\“ì•”,ˆ¤“ì’¬,49323439,113,160,
“ì—\“ì•”,ˆ¤“ì’¬,49323440,105,149,
“ì—\“ì•”,ˆ¤“ì’¬,49323441,102,144,
“ì—\“ì•”,ˆ¤“ì’¬,49323442,102,145,
“ì—\“ì•”,ˆ¤“ì’¬,49323443,100,141,
“ì—\“ì•”,ˆ¤“ì’¬,49323444,102,144,
“ì—\“ì•”,ˆ¤“ì’¬,49323445,109,154,
“ì—\“ì•”,ˆ¤“ì’¬,49323446,108,153,
“ì—\“ì•”,ˆ¤“ì’¬,49323447,109,154,
“ì—\“ì•”,ˆ¤“ì’¬,49323448,112,159,
“ì—\“ì•”,ˆ¤“ì’¬,49323449,110,155,
“ì—\“ì•”,ˆ¤“ì’¬,49323450,106,150,
“ì—\“ì•”,ˆ¤“ì’¬,49323451,110,156,
“ì—\“ì•”,ˆ¤“ì’¬,49323452,102,145,
“ì—\“ì•”,ˆ¤“ì’¬,49323453,104,147,
“ì—\“ì•”,ˆ¤“ì’¬,49323454,105,149,
“ì—\“ì•”,ˆ¤“ì’¬,49323455,110,155,
“ì—\“ì•”,ˆ¤“ì’¬,49323456,109,154,
“ì—\“ì•”,ˆ¤“ì’¬,49323457,108,153,
“ì—\“ì•”,ˆ¤“ì’¬,49323458,109,154,
“ì—\“ì•”,ˆ¤“ì’¬,49323459,110,155,
“ì—\“ì•”,ˆ¤“ì’¬,49323460,110,155,
“ì—\“ì•”,ˆ¤“ì’¬,49323461,110,156,
“ì—\“ì•”,ˆ¤“ì’¬,49323462,106,150,
“ì—\“ì•”,ˆ¤“ì’¬,49323463,103,146,
“ì—\“ì•”,ˆ¤“ì’¬,49323464,105,148,
“ì—\“ì•”,ˆ¤“ì’¬,49323465,108,153,
“ì—\“ì•”,ˆ¤“ì’¬,49323466,108,153,
“ì—\“ì•”,ˆ¤“ì’¬,49323467,108,153,
“ì—\“ì•”,ˆ¤“ì’¬,49323468,109,154,
“ì—\“ì•”,ˆ¤“ì’¬,49323469,110,155,
“ì—\“ì•”,ˆ¤“ì’¬,49323470,110,|,
“ì—\“ì•”,ˆ¤“ì’¬,49323471,110,155,
“ì—\“ì•”,ˆ¤“ì’¬,49323472,111,157,
“ì—\“ì•”,ˆ¤“ì’¬,49323473,112,158,
“ì—\“ì•”,ˆ¤“ì’¬,49323474,108,153,
“ì—\“ì•”,ˆ¤“ì’¬,49323475,107,152,
“ì—\“ì•”,ˆ¤“ì’¬,49323476,107,152,
“ì—\“ì•”,ˆ¤“ì’¬,49323477,108,153,
“ì—\“ì•”,ˆ¤“ì’¬,49323478,109,154,
“ì—\“ì•”,ˆ¤“ì’¬,49323479,110,155,
“ì—\“ì•”,ˆ¤“ì’¬,49323480,110,155,
“ì—\“ì•”,ˆ¤“ì’¬,49323481,110,156,
“ì—\“ì•”,ˆ¤“ì’¬,49323482,112,158,
“ì—\“ì•”,ˆ¤“ì’¬,49323483,112,159,
“ì—\“ì•”,ˆ¤“ì’¬,49323484,113,160,
“ì—\“ì•”,ˆ¤“ì’¬,49323485,108,153,
“ì—\“ì•”,ˆ¤“ì’¬,49323486,112,159,
“ì—\“ì•”,ˆ¤“ì’¬,49323487,108,153,
“ì—\“ì•”,ˆ¤“ì’¬,49323488,110,155,
“ì—\“ì•”,ˆ¤“ì’¬,49323489,111,157,
“ì—\“ì•”,ˆ¤“ì’¬,49323490,102,144,
“ì—\“ì•”,ˆ¤“ì’¬,49323491,111,157,
“ì—\“ì•”,ˆ¤“ì’¬,49323492,112,159,
“ì—\“ì•”,ˆ¤“ì’¬,49323493,114,161,
“ì—\“ì•”,ˆ¤“ì’¬,49323494,114,161,
“ì—\“ì•”,ˆ¤“ì’¬,49323495,113,160,
“ì—\“ì•”,ˆ¤“ì’¬,49323496,114,161,
“ì—\“ì•”,ˆ¤“ì’¬,49323497,115,162,
“ì—\“ì•”,ˆ¤“ì’¬,49323498,115,163,
“ì—\“ì•”,ˆ¤“ì’¬,49323499,116,164,
“ì—\“ì•”,ˆ¤“ì’¬,49323500,112,159,
“ì—\“ì•”,ˆ¤“ì’¬,49323510,114,161,
“ì—\“ì•”,ˆ¤“ì’¬,49323511,118,167,
“ì—\“ì•”,ˆ¤“ì’¬,49323520,114,161,
“ì—\“ì•”,ˆ¤“ì’¬,49323521,119,168,
“ì—\“ì•”,ˆ¤“ì’¬,49323530,118,167,
“ì—\“ì•”,ˆ¤“ì’¬,49323531,119,168,
“ì—\“ì•”,ˆ¤“ì’¬,49323532,116,164,
“ì—\“ì•”,ˆ¤“ì’¬,49323533,119,|,
“ì—\“ì•”,ˆ¤“ì’¬,49323540,115,162,
“ì—\“ì•”,ˆ¤“ì’¬,49323541,120,170,
“ì—\“ì•”,ˆ¤“ì’¬,49323542,117,165,
“ì—\“ì•”,ˆ¤“ì’¬,49323543,117,166,
“ì—\“ì•”,ˆ¤“ì’¬,49323544,119,169,
“ì—\“ì•”,ˆ¤“ì’¬,49323550,114,161,
“ì—\“ì•”,ˆ¤“ì’¬,49323551,115,163,
“ì—\“ì•”,ˆ¤“ì’¬,49323552,121,171,
“ì—\“ì•”,ˆ¤“ì’¬,49323553,117,166,
“ì—\“ì•”,ˆ¤“ì’¬,49323554,118,167,
“ì—\“ì•”,ˆ¤“ì’¬,49323560,110,155,
“ì—\“ì•”,ˆ¤“ì’¬,49323561,115,163,
“ì—\“ì•”,ˆ¤“ì’¬,49323562,121,171,
“ì—\“ì•”,ˆ¤“ì’¬,49323563,122,173,
“ì—\“ì•”,ˆ¤“ì’¬,49323564,124,176,
“ì—\“ì•”,ˆ¤“ì’¬,49323570,114,161,
“ì—\“ì•”,ˆ¤“ì’¬,49323571,115,163,
“ì—\“ì•”,ˆ¤“ì’¬,49323572,122,172,
“ì—\“ì•”,ˆ¤“ì’¬,49323573,123,174,
“ì—\“ì•”,ˆ¤“ì’¬,49323574,130,184,
“ì—\“ì•”,ˆ¤“ì’¬,49323580,118,|,
“ì—\“ì•”,ˆ¤“ì’¬,49323581,117,165,
“ì—\“ì•”,ˆ¤“ì’¬,49323582,123,174,
“ì—\“ì•”,ˆ¤“ì’¬,49323583,130,184,
“ì—\“ì•”,ˆ¤“ì’¬,49323584,132,187,
“ì—\“ì•”,ˆ¤“ì’¬,49323590,112,159,
“ì—\“ì•”,ˆ¤“ì’¬,49323591,118,167,
“ì—\“ì•”,ˆ¤“ì’¬,49323592,120,170,
“ì—\“ì•”,ˆ¤“ì’¬,49323593,132,|,
“ì—\“ì•”,ˆ¤“ì’¬,49323594,129,182,
“ì—\“ì•”,ˆ¤“ì’¬,49324311,107,|,
“ì—\“ì•”,ˆ¤“ì’¬,49324318,101,|,
“ì—\“ì•”,ˆ¤“ì’¬,49324319,96,136,
“ì—\“ì•”,ˆ¤“ì’¬,49324320,107,|,
“ì—\“ì•”,ˆ¤“ì’¬,49324321,107,|,
“ì—\“ì•”,ˆ¤“ì’¬,49324328,101,143,
“ì—\“ì•”,ˆ¤“ì’¬,49324329,97,137,
“ì—\“ì•”,ˆ¤“ì’¬,49324332,94,133,
“ì—\“ì•”,ˆ¤“ì’¬,49324338,102,144,
“ì—\“ì•”,ˆ¤“ì’¬,49324339,97,138,
“ì—\“ì•”,ˆ¤“ì’¬,49324342,99,140,
“ì—\“ì•”,ˆ¤“ì’¬,49324345,107,|,
“ì—\“ì•”,ˆ¤“ì’¬,49324346,107,|,
“ì—\“ì•”,ˆ¤“ì’¬,49324347,107,|,
“ì—\“ì•”,ˆ¤“ì’¬,49324348,101,143,
“ì—\“ì•”,ˆ¤“ì’¬,49324349,101,143,
“ì—\“ì•”,ˆ¤“ì’¬,49324352,107,152,
“ì—\“ì•”,ˆ¤“ì’¬,49324354,106,150,
“ì—\“ì•”,ˆ¤“ì’¬,49324355,107,151,
“ì—\“ì•”,ˆ¤“ì’¬,49324356,107,151,
“ì—\“ì•”,ˆ¤“ì’¬,49324357,100,141,
“ì—\“ì•”,ˆ¤“ì’¬,49324358,96,136,
“ì—\“ì•”,ˆ¤“ì’¬,49324362,108,153,
“ì—\“ì•”,ˆ¤“ì’¬,49324363,112,158,
“ì—\“ì•”,ˆ¤“ì’¬,49324367,95,134,
“ì—\“ì•”,ˆ¤“ì’¬,49324400,106,150,
“ì—\“ì•”,ˆ¤“ì’¬,49324401,111,157,
“ì—\“ì•”,ˆ¤“ì’¬,49324402,122,172,
“ì—\“ì•”,ˆ¤“ì’¬,49324403,128,181,
“ì—\“ì•”,ˆ¤“ì’¬,49324404,134,|,
“ì—\“ì•”,ˆ¤“ì’¬,49324405,122,172,
“ì—\“ì•”,ˆ¤“ì’¬,49324406,122,172,
“ì—\“ì•”,ˆ¤“ì’¬,49324407,134,|,
“ì—\“ì•”,ˆ¤“ì’¬,49324408,134,|,
“ì—\“ì•”,ˆ¤“ì’¬,49324409,121,171,
“ì—\“ì•”,ˆ¤“ì’¬,49324410,106,150,
“ì—\“ì•”,ˆ¤“ì’¬,49324411,107,152,
“ì—\“ì•”,ˆ¤“ì’¬,49324412,134,|,
“ì—\“ì•”,ˆ¤“ì’¬,49324413,134,|,
“ì—\“ì•”,ˆ¤“ì’¬,49324414,131,185,
“ì—\“ì•”,ˆ¤“ì’¬,49324415,129,182,
“ì—\“ì•”,ˆ¤“ì’¬,49324416,134,190,
“ì—\“ì•”,ˆ¤“ì’¬,49324417,130,184,
“ì—\“ì•”,ˆ¤“ì’¬,49324418,126,178,
“ì—\“ì•”,ˆ¤“ì’¬,49324419,127,180,
“ì—\“ì•”,ˆ¤“ì’¬,49324420,107,151,
“ì—\“ì•”,ˆ¤“ì’¬,49324421,107,152,
“ì—\“ì•”,ˆ¤“ì’¬,49324422,134,|,
“ì—\“ì•”,ˆ¤“ì’¬,49324423,124,176,
“ì—\“ì•”,ˆ¤“ì’¬,49324424,132,186,
“ì—\“ì•”,ˆ¤“ì’¬,49324425,135,191,
“ì—\“ì•”,ˆ¤“ì’¬,49324426,142,200,
“ì—\“ì•”,ˆ¤“ì’¬,49324427,137,194,
“ì—\“ì•”,ˆ¤“ì’¬,49324428,132,187,
“ì—\“ì•”,ˆ¤“ì’¬,49324429,134,189,
“ì—\“ì•”,ˆ¤“ì’¬,49324430,107,151,
“ì—\“ì•”,ˆ¤“ì’¬,49324431,108,153,
“ì—\“ì•”,ˆ¤“ì’¬,49324432,134,|,
“ì—\“ì•”,ˆ¤“ì’¬,49324433,121,171,
“ì—\“ì•”,ˆ¤“ì’¬,49324434,128,181,
“ì—\“ì•”,ˆ¤“ì’¬,49324435,137,193,
“ì—\“ì•”,ˆ¤“ì’¬,49324436,144,204,
“ì—\“ì•”,ˆ¤“ì’¬,49324437,146,207,
“ì—\“ì•”,ˆ¤“ì’¬,49324438,140,198,
“ì—\“ì•”,ˆ¤“ì’¬,49324439,135,191,
“ì—\“ì•”,ˆ¤“ì’¬,49324440,106,150,
“ì—\“ì•”,ˆ¤“ì’¬,49324441,108,153,
“ì—\“ì•”,ˆ¤“ì’¬,49324442,120,170,
“ì—\“ì•”,ˆ¤“ì’¬,49324443,134,|,
“ì—\“ì•”,ˆ¤“ì’¬,49324444,129,183,
“ì—\“ì•”,ˆ¤“ì’¬,49324445,139,196,
“ì—\“ì•”,ˆ¤“ì’¬,49324446,142,201,
“ì—\“ì•”,ˆ¤“ì’¬,49324447,144,204,
“ì—\“ì•”,ˆ¤“ì’¬,49324448,150,|,
“ì—\“ì•”,ˆ¤“ì’¬,49324449,150,|,
“ì—\“ì•”,ˆ¤“ì’¬,49324456,148,209,
“ì—\“ì•”,ˆ¤“ì’¬,49324457,150,212,
“ì—\“ì•”,ˆ¤“ì’¬,49324458,150,|,
“ì—\“ì•”,ˆ¤“ì’¬,49324459,150,|,
“ì—\“ì•”,ˆ¤“ì’¬,49324500,118,167,
“ì—\“ì•”,ˆ¤“ì’¬,49324501,115,162,
“ì—\“ì•”,ˆ¤“ì’¬,49324502,120,170,
“ì—\“ì•”,ˆ¤“ì’¬,49324503,132,|,
“ì—\“ì•”,ˆ¤“ì’¬,49324504,123,174,
“ì—\“ì•”,ˆ¤“ì’¬,49324510,134,|,
“ì—\“ì•”,ˆ¤“ì’¬,49324511,125,177,
“ì—\“ì•”,ˆ¤“ì’¬,49324512,122,172,
“ì—\“ì•”,ˆ¤“ì’¬,49324513,123,174,
“ì—\“ì•”,ˆ¤“ì’¬,49324520,122,172,
“ì—\“ì•”,ˆ¤“ì’¬,49324521,123,174,
“ì—\“ì•”,ˆ¤“ì’¬,49324522,124,175,
“ì—\“ì•”,ˆ¤“ì’¬,49324523,124,176,
“ì—\“ì•”,ˆ¤“ì’¬,49324530,150,|,
“ì—\“ì•”,ˆ¤“ì’¬,49324531,150,|,
“ì—\“ì•”,ˆ¤“ì’¬,49324532,150,|,
“ì—\“ì•”,ˆ¤“ì’¬,49324533,150,|,
“ì—\“ì•”,ˆ¤“ì’¬,49324540,150,|,
“ì—\“ì•”,ˆ¤“ì’¬,49324541,150,|,
“ì—\“ì•”,ˆ¤“ì’¬,49324542,150,|,
“ì—\“ì•”,ˆ¤“ì’¬,49324543,150,|,
“ì—\“ì•”,ˆ¤“ì’¬,49324550,150,|,
“ì—\“ì•”,ˆ¤“ì’¬,49324551,150,|,
“ì—\“ì•”,ˆ¤“ì’¬,49324552,150,|,
“ì—\“ì•”,ˆ¤“ì’¬,49324553,150,|,
“ì—\“ì•”,ˆ¤“ì’¬,49324560,150,|,
“ì—\“ì•”,ˆ¤“ì’¬,49324561,150,|,
“ì—\“ì•”,ˆ¤“ì’¬,49324562,150,|,
