（別添）大雨警報・注意報の土壌雨量指数基準値,,,,令和4年5月26日現在,
市町村等をまとめた地域,市町村等,地域メッシュコード（１km格子対応）,土壌雨量指数基準（注意報）,土壌雨量指数基準（警報）,
徳島・鳴門,徳島市,50347369,201,－,
徳島・鳴門,徳島市,50347379,201,276,
徳島・鳴門,徳島市,50347389,200,274,
徳島・鳴門,徳島市,50347451,197,－,
徳島・鳴門,徳島市,50347452,193,265,
徳島・鳴門,徳島市,50347453,191,263,
徳島・鳴門,徳島市,50347454,189,260,
徳島・鳴門,徳島市,50347455,187,257,
徳島・鳴門,徳島市,50347460,197,271,
徳島・鳴門,徳島市,50347461,194,267,
徳島・鳴門,徳島市,50347462,191,263,
徳島・鳴門,徳島市,50347463,189,260,
徳島・鳴門,徳島市,50347464,188,258,
徳島・鳴門,徳島市,50347465,186,256,
徳島・鳴門,徳島市,50347470,197,271,
徳島・鳴門,徳島市,50347471,193,265,
徳島・鳴門,徳島市,50347472,190,261,
徳島・鳴門,徳島市,50347473,189,259,
徳島・鳴門,徳島市,50347474,187,257,
徳島・鳴門,徳島市,50347475,186,256,
徳島・鳴門,徳島市,50347480,195,268,
徳島・鳴門,徳島市,50347481,192,264,
徳島・鳴門,徳島市,50347482,189,259,
徳島・鳴門,徳島市,50347483,188,258,
徳島・鳴門,徳島市,50347484,187,257,
徳島・鳴門,徳島市,50347490,193,265,
徳島・鳴門,徳島市,50347491,190,261,
徳島・鳴門,徳島市,50347492,189,259,
徳島・鳴門,徳島市,50347493,188,258,
徳島・鳴門,徳島市,51340316,194,267,
徳島・鳴門,徳島市,51340325,193,265,
徳島・鳴門,徳島市,51340326,192,264,
徳島・鳴門,徳島市,51340327,190,261,
徳島・鳴門,徳島市,51340329,190,261,
徳島・鳴門,徳島市,51340334,191,263,
徳島・鳴門,徳島市,51340335,191,262,
徳島・鳴門,徳島市,51340336,191,262,
徳島・鳴門,徳島市,51340337,190,261,
徳島・鳴門,徳島市,51340338,190,261,
徳島・鳴門,徳島市,51340339,189,260,
徳島・鳴門,徳島市,51340344,186,255,
徳島・鳴門,徳島市,51340345,187,257,
徳島・鳴門,徳島市,51340346,188,258,
徳島・鳴門,徳島市,51340347,188,258,
徳島・鳴門,徳島市,51340348,187,257,
徳島・鳴門,徳島市,51340349,186,255,
徳島・鳴門,徳島市,51340354,182,250,
徳島・鳴門,徳島市,51340355,183,252,
徳島・鳴門,徳島市,51340356,186,255,
徳島・鳴門,徳島市,51340357,186,255,
徳島・鳴門,徳島市,51340358,184,253,
徳島・鳴門,徳島市,51340359,183,252,
徳島・鳴門,徳島市,51340366,184,253,
徳島・鳴門,徳島市,51340367,185,254,
徳島・鳴門,徳島市,51340368,183,252,
徳島・鳴門,徳島市,51340369,181,249,
徳島・鳴門,徳島市,51340377,181,249,
徳島・鳴門,徳島市,51340378,185,－,
徳島・鳴門,徳島市,51340379,181,248,
徳島・鳴門,徳島市,51340387,178,245,
徳島・鳴門,徳島市,51340388,185,－,
徳島・鳴門,徳島市,51340389,185,－,
徳島・鳴門,徳島市,51340397,185,－,
徳島・鳴門,徳島市,51340398,185,－,
徳島・鳴門,徳島市,51340399,185,－,
徳島・鳴門,徳島市,51340400,190,261,
徳島・鳴門,徳島市,51340401,190,261,
徳島・鳴門,徳島市,51340402,189,260,
徳島・鳴門,徳島市,51340403,188,258,
徳島・鳴門,徳島市,51340410,189,260,
徳島・鳴門,徳島市,51340411,189,260,
徳島・鳴門,徳島市,51340412,189,259,
徳島・鳴門,徳島市,51340413,188,258,
徳島・鳴門,徳島市,51340414,186,255,
徳島・鳴門,徳島市,51340420,189,259,
徳島・鳴門,徳島市,51340421,187,257,
徳島・鳴門,徳島市,51340422,187,257,
徳島・鳴門,徳島市,51340423,186,256,
徳島・鳴門,徳島市,51340424,184,253,
徳島・鳴門,徳島市,51340427,181,248,
徳島・鳴門,徳島市,51340430,186,256,
徳島・鳴門,徳島市,51340431,186,256,
徳島・鳴門,徳島市,51340432,185,254,
徳島・鳴門,徳島市,51340433,183,252,
徳島・鳴門,徳島市,51340434,186,－,
徳島・鳴門,徳島市,51340435,181,249,
徳島・鳴門,徳島市,51340436,179,246,
徳島・鳴門,徳島市,51340437,179,246,
徳島・鳴門,徳島市,51340440,186,255,
徳島・鳴門,徳島市,51340441,183,252,
徳島・鳴門,徳島市,51340442,183,252,
徳島・鳴門,徳島市,51340443,183,252,
徳島・鳴門,徳島市,51340444,186,－,
徳島・鳴門,徳島市,51340445,180,247,
徳島・鳴門,徳島市,51340446,179,246,
徳島・鳴門,徳島市,51340447,185,－,
徳島・鳴門,徳島市,51340450,183,251,
徳島・鳴門,徳島市,51340451,183,251,
徳島・鳴門,徳島市,51340452,183,252,
徳島・鳴門,徳島市,51340453,183,251,
徳島・鳴門,徳島市,51340454,181,249,
徳島・鳴門,徳島市,51340455,179,246,
徳島・鳴門,徳島市,51340456,185,－,
徳島・鳴門,徳島市,51340457,185,－,
徳島・鳴門,徳島市,51340460,181,249,
徳島・鳴門,徳島市,51340461,182,250,
徳島・鳴門,徳島市,51340462,182,250,
徳島・鳴門,徳島市,51340463,182,250,
徳島・鳴門,徳島市,51340464,185,－,
徳島・鳴門,徳島市,51340465,179,246,
徳島・鳴門,徳島市,51340466,178,244,
徳島・鳴門,徳島市,51340467,185,－,
徳島・鳴門,徳島市,51340468,185,－,
徳島・鳴門,徳島市,51340470,181,248,
徳島・鳴門,徳島市,51340471,181,248,
徳島・鳴門,徳島市,51340472,181,248,
徳島・鳴門,徳島市,51340473,181,248,
徳島・鳴門,徳島市,51340474,185,－,
徳島・鳴門,徳島市,51340475,185,－,
徳島・鳴門,徳島市,51340476,185,－,
徳島・鳴門,徳島市,51340477,185,－,
徳島・鳴門,徳島市,51340478,185,－,
徳島・鳴門,徳島市,51340480,181,248,
徳島・鳴門,徳島市,51340481,181,248,
徳島・鳴門,徳島市,51340482,179,246,
徳島・鳴門,徳島市,51340483,181,248,
徳島・鳴門,徳島市,51340484,185,－,
徳島・鳴門,徳島市,51340485,185,－,
徳島・鳴門,徳島市,51340486,185,－,
徳島・鳴門,徳島市,51340487,185,－,
徳島・鳴門,徳島市,51340490,185,－,
徳島・鳴門,徳島市,51340491,185,－,
徳島・鳴門,徳島市,51340492,180,247,
徳島・鳴門,徳島市,51340493,180,247,
徳島・鳴門,徳島市,51340494,185,－,
徳島・鳴門,徳島市,51340495,185,－,
徳島・鳴門,徳島市,51340496,185,－,
徳島・鳴門,徳島市,51340497,185,－,
徳島・鳴門,徳島市,51341307,185,－,
徳島・鳴門,徳島市,51341308,185,－,
徳島・鳴門,徳島市,51341309,185,－,
徳島・鳴門,徳島市,51341316,185,－,
徳島・鳴門,徳島市,51341317,185,－,
徳島・鳴門,徳島市,51341318,185,－,
徳島・鳴門,徳島市,51341319,185,－,
徳島・鳴門,徳島市,51341327,185,－,
徳島・鳴門,徳島市,51341328,185,－,
徳島・鳴門,徳島市,51341329,185,－,
徳島・鳴門,徳島市,51341337,185,－,
徳島・鳴門,徳島市,51341400,185,－,
徳島・鳴門,徳島市,51341401,185,－,
徳島・鳴門,徳島市,51341402,185,－,
徳島・鳴門,徳島市,51341403,185,－,
徳島・鳴門,徳島市,51341404,185,－,
徳島・鳴門,徳島市,51341405,185,－,
徳島・鳴門,徳島市,51341406,185,－,
徳島・鳴門,徳島市,51341407,185,－,
徳島・鳴門,徳島市,51341408,185,－,
徳島・鳴門,徳島市,51341410,185,－,
徳島・鳴門,徳島市,51341411,185,－,
徳島・鳴門,徳島市,51341412,185,－,
徳島・鳴門,徳島市,51341413,185,－,
徳島・鳴門,徳島市,51341414,185,－,
徳島・鳴門,徳島市,51341415,185,－,
徳島・鳴門,徳島市,51341416,185,－,
徳島・鳴門,徳島市,51341417,185,－,
徳島・鳴門,徳島市,51341418,185,－,
徳島・鳴門,徳島市,51341420,185,－,
徳島・鳴門,徳島市,51341421,185,－,
徳島・鳴門,徳島市,51341422,185,－,
徳島・鳴門,徳島市,51341423,185,－,
徳島・鳴門,徳島市,51341424,185,－,
徳島・鳴門,徳島市,51341425,185,－,
徳島・鳴門,徳島市,51341426,185,－,
徳島・鳴門,徳島市,51341427,185,－,
徳島・鳴門,徳島市,51341430,185,－,
徳島・鳴門,徳島市,51341431,185,－,
徳島・鳴門,徳島市,51341432,185,－,
徳島・鳴門,徳島市,51341435,185,－,
徳島・鳴門,徳島市,51341436,185,－,
徳島・鳴門,徳島市,51341437,185,－,
徳島・鳴門,徳島市,51341441,185,－,
徳島・鳴門,徳島市,51341442,185,－,
徳島・鳴門,徳島市,51341445,185,－,
徳島・鳴門,徳島市,51341446,185,－,
徳島・鳴門,鳴門市,51341389,166,228,
徳島・鳴門,鳴門市,51341399,165,227,
徳島・鳴門,鳴門市,51341461,185,－,
徳島・鳴門,鳴門市,51341462,185,－,
徳島・鳴門,鳴門市,51341470,185,－,
徳島・鳴門,鳴門市,51341471,185,－,
徳島・鳴門,鳴門市,51341472,185,－,
徳島・鳴門,鳴門市,51341473,185,－,
徳島・鳴門,鳴門市,51341474,185,－,
徳島・鳴門,鳴門市,51341479,185,－,
徳島・鳴門,鳴門市,51341480,185,－,
徳島・鳴門,鳴門市,51341481,168,231,
徳島・鳴門,鳴門市,51341482,168,231,
徳島・鳴門,鳴門市,51341483,185,－,
徳島・鳴門,鳴門市,51341484,185,－,
徳島・鳴門,鳴門市,51341485,185,－,
徳島・鳴門,鳴門市,51341486,185,－,
徳島・鳴門,鳴門市,51341487,185,－,
徳島・鳴門,鳴門市,51341488,185,－,
徳島・鳴門,鳴門市,51341489,185,－,
徳島・鳴門,鳴門市,51341490,166,228,
徳島・鳴門,鳴門市,51341491,167,229,
徳島・鳴門,鳴門市,51341492,167,230,
徳島・鳴門,鳴門市,51341493,166,228,
徳島・鳴門,鳴門市,51341494,165,227,
徳島・鳴門,鳴門市,51341495,185,－,
徳島・鳴門,鳴門市,51341496,185,－,
徳島・鳴門,鳴門市,51341497,185,－,
徳島・鳴門,鳴門市,51341498,185,－,
徳島・鳴門,鳴門市,51341499,185,－,
徳島・鳴門,鳴門市,51341580,185,－,
徳島・鳴門,鳴門市,51341590,185,－,
徳島・鳴門,鳴門市,51342308,165,227,
徳島・鳴門,鳴門市,51342309,165,227,
徳島・鳴門,鳴門市,51342317,166,228,
徳島・鳴門,鳴門市,51342318,166,228,
徳島・鳴門,鳴門市,51342319,166,228,
徳島・鳴門,鳴門市,51342326,167,230,
徳島・鳴門,鳴門市,51342327,168,231,
徳島・鳴門,鳴門市,51342328,167,230,
徳島・鳴門,鳴門市,51342329,167,230,
徳島・鳴門,鳴門市,51342335,173,238,
徳島・鳴門,鳴門市,51342336,173,237,
徳島・鳴門,鳴門市,51342337,170,233,
徳島・鳴門,鳴門市,51342338,168,231,
徳島・鳴門,鳴門市,51342339,168,231,
徳島・鳴門,鳴門市,51342345,176,242,
徳島・鳴門,鳴門市,51342346,175,240,
徳島・鳴門,鳴門市,51342347,173,237,
徳島・鳴門,鳴門市,51342348,170,234,
徳島・鳴門,鳴門市,51342349,170,233,
徳島・鳴門,鳴門市,51342357,173,238,
徳島・鳴門,鳴門市,51342358,173,237,
徳島・鳴門,鳴門市,51342359,172,236,
徳島・鳴門,鳴門市,51342368,173,238,
徳島・鳴門,鳴門市,51342369,173,237,
徳島・鳴門,鳴門市,51342400,165,227,
徳島・鳴門,鳴門市,51342401,166,228,
徳島・鳴門,鳴門市,51342402,166,228,
徳島・鳴門,鳴門市,51342403,166,228,
徳島・鳴門,鳴門市,51342404,165,227,
徳島・鳴門,鳴門市,51342405,164,225,
徳島・鳴門,鳴門市,51342406,162,222,
徳島・鳴門,鳴門市,51342407,160,220,
徳島・鳴門,鳴門市,51342408,159,219,
徳島・鳴門,鳴門市,51342409,185,－,
徳島・鳴門,鳴門市,51342410,166,228,
徳島・鳴門,鳴門市,51342411,166,228,
徳島・鳴門,鳴門市,51342412,166,228,
徳島・鳴門,鳴門市,51342413,166,228,
徳島・鳴門,鳴門市,51342414,164,225,
徳島・鳴門,鳴門市,51342415,164,225,
徳島・鳴門,鳴門市,51342416,162,222,
徳島・鳴門,鳴門市,51342417,159,219,
徳島・鳴門,鳴門市,51342418,159,219,
徳島・鳴門,鳴門市,51342419,159,219,
徳島・鳴門,鳴門市,51342420,166,228,
徳島・鳴門,鳴門市,51342421,166,228,
徳島・鳴門,鳴門市,51342422,166,228,
徳島・鳴門,鳴門市,51342423,166,228,
徳島・鳴門,鳴門市,51342424,164,225,
徳島・鳴門,鳴門市,51342425,164,225,
徳島・鳴門,鳴門市,51342426,162,223,
徳島・鳴門,鳴門市,51342427,162,222,
徳島・鳴門,鳴門市,51342428,159,219,
徳島・鳴門,鳴門市,51342429,157,216,
徳島・鳴門,鳴門市,51342430,167,230,
徳島・鳴門,鳴門市,51342431,166,228,
徳島・鳴門,鳴門市,51342432,167,230,
徳島・鳴門,鳴門市,51342433,166,228,
徳島・鳴門,鳴門市,51342434,164,226,
徳島・鳴門,鳴門市,51342435,164,225,
徳島・鳴門,鳴門市,51342436,163,224,
徳島・鳴門,鳴門市,51342437,162,222,
徳島・鳴門,鳴門市,51342438,160,220,
徳島・鳴門,鳴門市,51342439,159,218,
徳島・鳴門,鳴門市,51342440,170,233,
徳島・鳴門,鳴門市,51342441,170,233,
徳島・鳴門,鳴門市,51342442,169,232,
徳島・鳴門,鳴門市,51342443,167,230,
徳島・鳴門,鳴門市,51342444,165,227,
徳島・鳴門,鳴門市,51342445,164,226,
徳島・鳴門,鳴門市,51342446,163,224,
徳島・鳴門,鳴門市,51342447,164,225,
徳島・鳴門,鳴門市,51342448,162,222,
徳島・鳴門,鳴門市,51342449,158,217,
徳島・鳴門,鳴門市,51342450,170,234,
徳島・鳴門,鳴門市,51342451,170,233,
徳島・鳴門,鳴門市,51342452,170,234,
徳島・鳴門,鳴門市,51342453,170,233,
徳島・鳴門,鳴門市,51342454,166,228,
徳島・鳴門,鳴門市,51342455,164,226,
徳島・鳴門,鳴門市,51342456,164,225,
徳島・鳴門,鳴門市,51342457,163,224,
徳島・鳴門,鳴門市,51342458,162,222,
徳島・鳴門,鳴門市,51342459,158,217,
徳島・鳴門,鳴門市,51342460,170,234,
徳島・鳴門,鳴門市,51342461,170,233,
徳島・鳴門,鳴門市,51342462,169,232,
徳島・鳴門,鳴門市,51342463,170,234,
徳島・鳴門,鳴門市,51342464,168,231,
徳島・鳴門,鳴門市,51342465,166,228,
徳島・鳴門,鳴門市,51342466,164,225,
徳島・鳴門,鳴門市,51342467,162,223,
徳島・鳴門,鳴門市,51342468,163,－,
徳島・鳴門,鳴門市,51342469,157,216,
徳島・鳴門,鳴門市,51342470,169,232,
徳島・鳴門,鳴門市,51342471,168,231,
徳島・鳴門,鳴門市,51342472,168,231,
徳島・鳴門,鳴門市,51342473,168,231,
徳島・鳴門,鳴門市,51342475,165,227,
徳島・鳴門,鳴門市,51342476,162,223,
徳島・鳴門,鳴門市,51342477,162,223,
徳島・鳴門,鳴門市,51342478,160,220,
徳島・鳴門,鳴門市,51342479,159,219,
徳島・鳴門,鳴門市,51342485,164,225,
徳島・鳴門,鳴門市,51342486,162,223,
徳島・鳴門,鳴門市,51342487,163,224,
徳島・鳴門,鳴門市,51342488,161,221,
徳島・鳴門,鳴門市,51342489,159,219,
徳島・鳴門,鳴門市,51342497,161,221,
徳島・鳴門,鳴門市,51342498,159,219,
徳島・鳴門,鳴門市,51342499,157,216,
徳島・鳴門,鳴門市,51342500,185,－,
徳島・鳴門,鳴門市,51342501,185,－,
徳島・鳴門,鳴門市,51342510,159,218,
徳島・鳴門,鳴門市,51342511,157,216,
徳島・鳴門,鳴門市,51342520,157,216,
徳島・鳴門,鳴門市,51342530,157,216,
徳島・鳴門,鳴門市,51342540,159,－,
徳島・鳴門,鳴門市,51342550,156,215,
徳島・鳴門,鳴門市,51342560,156,215,
徳島・鳴門,鳴門市,51342570,156,214,
徳島・鳴門,鳴門市,51342571,154,211,
徳島・鳴門,鳴門市,51342580,156,215,
徳島・鳴門,鳴門市,51342581,154,212,
徳島・鳴門,鳴門市,51343408,159,218,
徳島・鳴門,鳴門市,51343409,156,215,
徳島・鳴門,小松島市,50347436,187,257,
徳島・鳴門,小松島市,50347446,178,244,
徳島・鳴門,小松島市,50347447,183,252,
徳島・鳴門,小松島市,50347448,181,249,
徳島・鳴門,小松島市,50347456,185,254,
徳島・鳴門,小松島市,50347457,183,252,
徳島・鳴門,小松島市,50347458,182,250,
徳島・鳴門,小松島市,50347466,186,255,
徳島・鳴門,小松島市,50347467,185,254,
徳島・鳴門,小松島市,50347468,183,252,
徳島・鳴門,小松島市,50347469,180,247,
徳島・鳴門,小松島市,50347476,186,255,
徳島・鳴門,小松島市,50347477,184,253,
徳島・鳴門,小松島市,50347478,181,249,
徳島・鳴門,小松島市,50347479,191,－,
徳島・鳴門,小松島市,50347485,186,256,
徳島・鳴門,小松島市,50347486,186,255,
徳島・鳴門,小松島市,50347487,183,252,
徳島・鳴門,小松島市,50347488,181,248,
徳島・鳴門,小松島市,50347489,191,－,
徳島・鳴門,小松島市,50347494,187,257,
徳島・鳴門,小松島市,50347495,186,256,
徳島・鳴門,小松島市,50347496,185,254,
徳島・鳴門,小松島市,50347497,191,－,
徳島・鳴門,小松島市,50347498,191,－,
徳島・鳴門,小松島市,50347499,191,－,
徳島・鳴門,小松島市,50347560,177,243,
徳島・鳴門,小松島市,50347570,191,－,
徳島・鳴門,小松島市,50347580,191,－,
徳島・鳴門,小松島市,50347581,191,－,
徳島・鳴門,小松島市,50347582,191,－,
徳島・鳴門,小松島市,50347590,191,－,
徳島・鳴門,小松島市,50347591,191,－,
徳島・鳴門,小松島市,51340404,186,256,
徳島・鳴門,小松島市,51340405,191,－,
徳島・鳴門,小松島市,51340406,191,－,
徳島・鳴門,小松島市,51340407,191,－,
徳島・鳴門,小松島市,51340415,191,－,
徳島・鳴門,小松島市,51340416,182,250,
徳島・鳴門,小松島市,51340417,181,249,
徳島・鳴門,小松島市,51340425,182,250,
徳島・鳴門,小松島市,51340426,181,248,
徳島・鳴門,小松島市,51340428,179,246,
徳島・鳴門,小松島市,51340500,191,－,
徳島・鳴門,小松島市,51340501,191,－,
徳島・鳴門,小松島市,51340510,191,－,
徳島・鳴門,小松島市,51340511,191,－,
徳島・鳴門,松茂町,51341428,185,－,
徳島・鳴門,松茂町,51341438,185,－,
徳島・鳴門,松茂町,51341447,185,－,
徳島・鳴門,松茂町,51341448,185,－,
徳島・鳴門,松茂町,51341456,185,－,
徳島・鳴門,松茂町,51341457,185,－,
徳島・鳴門,松茂町,51341458,185,－,
徳島・鳴門,松茂町,51341459,185,－,
徳島・鳴門,松茂町,51341465,185,－,
徳島・鳴門,松茂町,51341466,185,－,
徳島・鳴門,松茂町,51341467,185,－,
徳島・鳴門,松茂町,51341468,185,－,
徳島・鳴門,松茂町,51341469,185,－,
徳島・鳴門,松茂町,51341475,185,－,
徳島・鳴門,松茂町,51341476,185,－,
徳島・鳴門,松茂町,51341477,185,－,
徳島・鳴門,松茂町,51341478,185,－,
徳島・鳴門,北島町,51341433,185,－,
徳島・鳴門,北島町,51341434,185,－,
徳島・鳴門,北島町,51341443,185,－,
徳島・鳴門,北島町,51341444,185,－,
徳島・鳴門,北島町,51341452,185,－,
徳島・鳴門,北島町,51341453,185,－,
徳島・鳴門,北島町,51341454,185,－,
徳島・鳴門,北島町,51341455,185,－,
徳島・鳴門,北島町,51341463,185,－,
徳島・鳴門,北島町,51341464,185,－,
徳島・鳴門,藍住町,51341338,185,－,
徳島・鳴門,藍住町,51341339,185,－,
徳島・鳴門,藍住町,51341348,185,－,
徳島・鳴門,藍住町,51341349,185,－,
徳島・鳴門,藍住町,51341358,185,－,
徳島・鳴門,藍住町,51341359,185,－,
徳島・鳴門,藍住町,51341368,185,－,
徳島・鳴門,藍住町,51341369,185,－,
徳島・鳴門,藍住町,51341379,185,－,
徳島・鳴門,藍住町,51341440,185,－,
徳島・鳴門,藍住町,51341450,185,－,
徳島・鳴門,藍住町,51341451,185,－,
徳島・鳴門,藍住町,51341460,185,－,
徳島・鳴門,板野町,51341345,185,－,
徳島・鳴門,板野町,51341346,185,－,
徳島・鳴門,板野町,51341347,185,－,
徳島・鳴門,板野町,51341354,166,228,
徳島・鳴門,板野町,51341355,185,－,
徳島・鳴門,板野町,51341356,185,－,
徳島・鳴門,板野町,51341357,185,－,
徳島・鳴門,板野町,51341364,165,227,
徳島・鳴門,板野町,51341365,164,226,
徳島・鳴門,板野町,51341366,185,－,
徳島・鳴門,板野町,51341367,185,－,
徳島・鳴門,板野町,51341374,164,226,
徳島・鳴門,板野町,51341375,165,227,
徳島・鳴門,板野町,51341376,166,228,
徳島・鳴門,板野町,51341377,165,227,
徳島・鳴門,板野町,51341378,165,227,
徳島・鳴門,板野町,51341383,164,226,
徳島・鳴門,板野町,51341384,165,227,
徳島・鳴門,板野町,51341385,166,228,
徳島・鳴門,板野町,51341386,167,230,
徳島・鳴門,板野町,51341387,167,229,
徳島・鳴門,板野町,51341388,166,228,
徳島・鳴門,板野町,51341394,165,227,
徳島・鳴門,板野町,51341395,166,228,
徳島・鳴門,板野町,51341396,167,230,
徳島・鳴門,板野町,51341397,167,230,
徳島・鳴門,板野町,51341398,165,227,
徳島・鳴門,板野町,51342305,166,228,
徳島・鳴門,板野町,51342306,167,229,
徳島・鳴門,板野町,51342307,166,228,
徳島・鳴門,板野町,51342315,166,228,
徳島・鳴門,板野町,51342316,166,228,
徳島・鳴門,板野町,51342325,169,232,
美馬北部・阿北,吉野川市,50347186,159,219,
美馬北部・阿北,吉野川市,50347187,157,216,
美馬北部・阿北,吉野川市,50347188,153,210,
美馬北部・阿北,吉野川市,50347189,154,212,
美馬北部・阿北,吉野川市,50347196,162,222,
美馬北部・阿北,吉野川市,50347197,158,217,
美馬北部・阿北,吉野川市,50347198,154,211,
美馬北部・阿北,吉野川市,50347199,153,210,
美馬北部・阿北,吉野川市,50347280,156,215,
美馬北部・阿北,吉野川市,50347290,155,213,
美馬北部・阿北,吉野川市,50347291,157,216,
美馬北部・阿北,吉野川市,50347292,157,216,
美馬北部・阿北,吉野川市,51340105,158,217,
美馬北部・阿北,吉野川市,51340106,158,217,
美馬北部・阿北,吉野川市,51340107,156,215,
美馬北部・阿北,吉野川市,51340108,152,209,
美馬北部・阿北,吉野川市,51340109,151,208,
美馬北部・阿北,吉野川市,51340115,156,214,
美馬北部・阿北,吉野川市,51340116,155,213,
美馬北部・阿北,吉野川市,51340117,153,210,
美馬北部・阿北,吉野川市,51340118,151,207,
美馬北部・阿北,吉野川市,51340119,150,206,
美馬北部・阿北,吉野川市,51340125,153,210,
美馬北部・阿北,吉野川市,51340126,149,205,
美馬北部・阿北,吉野川市,51340127,148,203,
美馬北部・阿北,吉野川市,51340128,148,203,
美馬北部・阿北,吉野川市,51340129,148,203,
美馬北部・阿北,吉野川市,51340136,145,199,
美馬北部・阿北,吉野川市,51340137,143,197,
美馬北部・阿北,吉野川市,51340138,143,197,
美馬北部・阿北,吉野川市,51340139,143,196,
美馬北部・阿北,吉野川市,51340146,139,191,
美馬北部・阿北,吉野川市,51340147,139,191,
美馬北部・阿北,吉野川市,51340148,137,189,
美馬北部・阿北,吉野川市,51340149,137,189,
美馬北部・阿北,吉野川市,51340156,137,188,
美馬北部・阿北,吉野川市,51340157,135,186,
美馬北部・阿北,吉野川市,51340158,134,184,
美馬北部・阿北,吉野川市,51340159,134,184,
美馬北部・阿北,吉野川市,51340165,137,188,
美馬北部・阿北,吉野川市,51340166,134,184,
美馬北部・阿北,吉野川市,51340167,133,183,
美馬北部・阿北,吉野川市,51340168,132,181,
美馬北部・阿北,吉野川市,51340169,133,183,
美馬北部・阿北,吉野川市,51340175,135,185,
美馬北部・阿北,吉野川市,51340176,132,182,
美馬北部・阿北,吉野川市,51340177,131,180,
美馬北部・阿北,吉野川市,51340178,185,－,
美馬北部・阿北,吉野川市,51340179,131,180,
美馬北部・阿北,吉野川市,51340200,153,210,
美馬北部・阿北,吉野川市,51340201,155,213,
美馬北部・阿北,吉野川市,51340202,156,214,
美馬北部・阿北,吉野川市,51340203,155,213,
美馬北部・阿北,吉野川市,51340210,152,209,
美馬北部・阿北,吉野川市,51340211,154,212,
美馬北部・阿北,吉野川市,51340212,155,213,
美馬北部・阿北,吉野川市,51340213,154,212,
美馬北部・阿北,吉野川市,51340214,151,207,
美馬北部・阿北,吉野川市,51340215,148,203,
美馬北部・阿北,吉野川市,51340220,149,205,
美馬北部・阿北,吉野川市,51340221,152,209,
美馬北部・阿北,吉野川市,51340222,152,209,
美馬北部・阿北,吉野川市,51340223,153,210,
美馬北部・阿北,吉野川市,51340224,148,204,
美馬北部・阿北,吉野川市,51340225,145,199,
美馬北部・阿北,吉野川市,51340226,143,197,
美馬北部・阿北,吉野川市,51340230,143,196,
美馬北部・阿北,吉野川市,51340231,145,199,
美馬北部・阿北,吉野川市,51340232,146,200,
美馬北部・阿北,吉野川市,51340233,146,200,
美馬北部・阿北,吉野川市,51340234,143,197,
美馬北部・阿北,吉野川市,51340235,141,194,
美馬北部・阿北,吉野川市,51340236,142,195,
美馬北部・阿北,吉野川市,51340240,137,189,
美馬北部・阿北,吉野川市,51340241,140,192,
美馬北部・阿北,吉野川市,51340242,140,192,
美馬北部・阿北,吉野川市,51340243,140,192,
美馬北部・阿北,吉野川市,51340244,140,192,
美馬北部・阿北,吉野川市,51340245,140,192,
美馬北部・阿北,吉野川市,51340246,140,192,
美馬北部・阿北,吉野川市,51340247,141,194,
美馬北部・阿北,吉野川市,51340248,142,195,
美馬北部・阿北,吉野川市,51340249,144,198,
美馬北部・阿北,吉野川市,51340250,135,185,
美馬北部・阿北,吉野川市,51340251,135,186,
美馬北部・阿北,吉野川市,51340252,135,185,
美馬北部・阿北,吉野川市,51340253,135,186,
美馬北部・阿北,吉野川市,51340254,137,189,
美馬北部・阿北,吉野川市,51340255,139,191,
美馬北部・阿北,吉野川市,51340256,140,192,
美馬北部・阿北,吉野川市,51340257,140,193,
美馬北部・阿北,吉野川市,51340258,142,195,
美馬北部・阿北,吉野川市,51340259,143,196,
美馬北部・阿北,吉野川市,51340260,134,184,
美馬北部・阿北,吉野川市,51340261,135,185,
美馬北部・阿北,吉野川市,51340262,135,185,
美馬北部・阿北,吉野川市,51340263,135,186,
美馬北部・阿北,吉野川市,51340264,137,189,
美馬北部・阿北,吉野川市,51340265,140,193,
美馬北部・阿北,吉野川市,51340266,141,194,
美馬北部・阿北,吉野川市,51340267,140,193,
美馬北部・阿北,吉野川市,51340268,142,195,
美馬北部・阿北,吉野川市,51340269,143,196,
美馬北部・阿北,吉野川市,51340270,132,181,
美馬北部・阿北,吉野川市,51340271,134,184,
美馬北部・阿北,吉野川市,51340272,133,183,
美馬北部・阿北,吉野川市,51340273,185,－,
美馬北部・阿北,吉野川市,51340274,185,－,
美馬北部・阿北,吉野川市,51340275,140,193,
美馬北部・阿北,吉野川市,51340276,130,179,
美馬北部・阿北,吉野川市,51340277,140,193,
美馬北部・阿北,吉野川市,51340278,185,－,
美馬北部・阿北,吉野川市,51340279,185,－,
美馬北部・阿北,吉野川市,51340286,185,－,
美馬北部・阿北,吉野川市,51340287,185,－,
美馬北部・阿北,吉野川市,51340288,185,－,
美馬北部・阿北,吉野川市,51340289,185,－,
美馬北部・阿北,吉野川市,51340297,185,－,
美馬北部・阿北,吉野川市,51340298,185,－,
美馬北部・阿北,吉野川市,51340299,185,－,
美馬北部・阿北,吉野川市,51340350,144,198,
美馬北部・阿北,吉野川市,51340360,142,195,
美馬北部・阿北,吉野川市,51340361,142,195,
美馬北部・阿北,吉野川市,51340370,140,192,
美馬北部・阿北,吉野川市,51340371,139,191,
美馬北部・阿北,吉野川市,51340380,137,188,
美馬北部・阿北,吉野川市,51340381,136,187,
美馬北部・阿北,吉野川市,51340390,185,－,
美馬北部・阿北,吉野川市,51340391,185,－,
美馬北部・阿北,吉野川市,51341300,185,－,
美馬北部・阿北,吉野川市,51341301,185,－,
美馬北部・阿北,阿波市,51340185,131,180,
美馬北部・阿北,阿波市,51340186,185,－,
美馬北部・阿北,阿波市,51340187,185,－,
美馬北部・阿北,阿波市,51340188,185,－,
美馬北部・阿北,阿波市,51340189,185,－,
美馬北部・阿北,阿波市,51340194,129,177,
美馬北部・阿北,阿波市,51340195,129,177,
美馬北部・阿北,阿波市,51340196,127,174,
美馬北部・阿北,阿波市,51340197,185,－,
美馬北部・阿北,阿波市,51340198,185,－,
美馬北部・阿北,阿波市,51340199,185,－,
美馬北部・阿北,阿波市,51340280,185,－,
美馬北部・阿北,阿波市,51340281,185,－,
美馬北部・阿北,阿波市,51340282,185,－,
美馬北部・阿北,阿波市,51340283,185,－,
美馬北部・阿北,阿波市,51340284,185,－,
美馬北部・阿北,阿波市,51340285,136,187,
美馬北部・阿北,阿波市,51340290,125,172,
美馬北部・阿北,阿波市,51340291,185,－,
美馬北部・阿北,阿波市,51340292,185,－,
美馬北部・阿北,阿波市,51340293,185,－,
美馬北部・阿北,阿波市,51340294,185,－,
美馬北部・阿北,阿波市,51340295,185,－,
美馬北部・阿北,阿波市,51340296,185,－,
美馬北部・阿北,阿波市,51341105,127,174,
美馬北部・阿北,阿波市,51341106,124,171,
美馬北部・阿北,阿波市,51341107,185,－,
美馬北部・阿北,阿波市,51341108,185,－,
美馬北部・阿北,阿波市,51341109,185,－,
美馬北部・阿北,阿波市,51341115,126,173,
美馬北部・阿北,阿波市,51341116,124,171,
美馬北部・阿北,阿波市,51341117,124,171,
美馬北部・阿北,阿波市,51341118,122,168,
美馬北部・阿北,阿波市,51341119,122,168,
美馬北部・阿北,阿波市,51341126,124,170,
美馬北部・阿北,阿波市,51341127,123,169,
美馬北部・阿北,阿波市,51341128,121,166,
美馬北部・阿北,阿波市,51341129,121,167,
美馬北部・阿北,阿波市,51341136,122,168,
美馬北部・阿北,阿波市,51341137,121,167,
美馬北部・阿北,阿波市,51341138,120,165,
美馬北部・阿北,阿波市,51341139,121,166,
美馬北部・阿北,阿波市,51341147,121,166,
美馬北部・阿北,阿波市,51341148,120,165,
美馬北部・阿北,阿波市,51341149,120,165,
美馬北部・阿北,阿波市,51341157,121,167,
美馬北部・阿北,阿波市,51341158,120,165,
美馬北部・阿北,阿波市,51341159,120,165,
美馬北部・阿北,阿波市,51341167,122,168,
美馬北部・阿北,阿波市,51341168,121,166,
美馬北部・阿北,阿波市,51341169,119,164,
美馬北部・阿北,阿波市,51341177,122,168,
美馬北部・阿北,阿波市,51341178,121,166,
美馬北部・阿北,阿波市,51341179,120,165,
美馬北部・阿北,阿波市,51341188,122,168,
美馬北部・阿北,阿波市,51341189,121,166,
美馬北部・阿北,阿波市,51341198,121,167,
美馬北部・阿北,阿波市,51341199,122,168,
美馬北部・阿北,阿波市,51341200,185,－,
美馬北部・阿北,阿波市,51341201,185,－,
美馬北部・阿北,阿波市,51341202,185,－,
美馬北部・阿北,阿波市,51341203,185,－,
美馬北部・阿北,阿波市,51341204,185,－,
美馬北部・阿北,阿波市,51341205,185,－,
美馬北部・阿北,阿波市,51341206,185,－,
美馬北部・阿北,阿波市,51341207,185,－,
美馬北部・阿北,阿波市,51341208,185,－,
美馬北部・阿北,阿波市,51341209,185,－,
美馬北部・阿北,阿波市,51341210,123,169,
美馬北部・阿北,阿波市,51341211,185,－,
美馬北部・阿北,阿波市,51341212,185,－,
美馬北部・阿北,阿波市,51341213,185,－,
美馬北部・阿北,阿波市,51341214,185,－,
美馬北部・阿北,阿波市,51341215,185,－,
美馬北部・阿北,阿波市,51341216,185,－,
美馬北部・阿北,阿波市,51341217,185,－,
美馬北部・阿北,阿波市,51341218,185,－,
美馬北部・阿北,阿波市,51341219,185,－,
美馬北部・阿北,阿波市,51341220,122,168,
美馬北部・阿北,阿波市,51341221,124,170,
美馬北部・阿北,阿波市,51341222,124,171,
美馬北部・阿北,阿波市,51341223,105,144,
美馬北部・阿北,阿波市,51341224,124,171,
美馬北部・阿北,阿波市,51341225,125,172,
美馬北部・阿北,阿波市,51341226,185,－,
美馬北部・阿北,阿波市,51341227,185,－,
美馬北部・阿北,阿波市,51341228,185,－,
美馬北部・阿北,阿波市,51341229,185,－,
美馬北部・阿北,阿波市,51341230,121,167,
美馬北部・阿北,阿波市,51341231,123,169,
美馬北部・阿北,阿波市,51341232,124,170,
美馬北部・阿北,阿波市,51341233,124,171,
美馬北部・阿北,阿波市,51341234,124,171,
美馬北部・阿北,阿波市,51341235,124,171,
美馬北部・阿北,阿波市,51341236,125,172,
美馬北部・阿北,阿波市,51341237,185,－,
美馬北部・阿北,阿波市,51341238,185,－,
美馬北部・阿北,阿波市,51341239,185,－,
美馬北部・阿北,阿波市,51341240,121,166,
美馬北部・阿北,阿波市,51341241,122,168,
美馬北部・阿北,阿波市,51341242,123,169,
美馬北部・阿北,阿波市,51341243,124,170,
美馬北部・阿北,阿波市,51341244,124,170,
美馬北部・阿北,阿波市,51341245,124,171,
美馬北部・阿北,阿波市,51341246,125,172,
美馬北部・阿北,阿波市,51341247,124,171,
美馬北部・阿北,阿波市,51341248,123,169,
美馬北部・阿北,阿波市,51341249,124,171,
美馬北部・阿北,阿波市,51341250,121,166,
美馬北部・阿北,阿波市,51341251,122,168,
美馬北部・阿北,阿波市,51341252,122,168,
美馬北部・阿北,阿波市,51341253,123,169,
美馬北部・阿北,阿波市,51341254,124,170,
美馬北部・阿北,阿波市,51341255,124,171,
美馬北部・阿北,阿波市,51341256,124,171,
美馬北部・阿北,阿波市,51341257,124,171,
美馬北部・阿北,阿波市,51341258,124,171,
美馬北部・阿北,阿波市,51341259,125,172,
美馬北部・阿北,阿波市,51341260,121,167,
美馬北部・阿北,阿波市,51341261,122,168,
美馬北部・阿北,阿波市,51341262,122,168,
美馬北部・阿北,阿波市,51341263,122,168,
美馬北部・阿北,阿波市,51341264,123,169,
美馬北部・阿北,阿波市,51341265,124,171,
美馬北部・阿北,阿波市,51341266,124,171,
美馬北部・阿北,阿波市,51341267,126,173,
美馬北部・阿北,阿波市,51341268,126,173,
美馬北部・阿北,阿波市,51341269,126,173,
美馬北部・阿北,阿波市,51341270,121,166,
美馬北部・阿北,阿波市,51341271,122,168,
美馬北部・阿北,阿波市,51341272,122,168,
美馬北部・阿北,阿波市,51341273,122,168,
美馬北部・阿北,阿波市,51341274,124,170,
美馬北部・阿北,阿波市,51341275,124,171,
美馬北部・阿北,阿波市,51341276,125,172,
美馬北部・阿北,阿波市,51341277,127,174,
美馬北部・阿北,阿波市,51341278,127,175,
美馬北部・阿北,阿波市,51341279,128,176,
美馬北部・阿北,阿波市,51341280,121,166,
美馬北部・阿北,阿波市,51341281,121,166,
美馬北部・阿北,阿波市,51341282,122,168,
美馬北部・阿北,阿波市,51341283,123,169,
美馬北部・阿北,阿波市,51341284,124,170,
美馬北部・阿北,阿波市,51341285,124,171,
美馬北部・阿北,阿波市,51341286,126,173,
美馬北部・阿北,阿波市,51341287,127,174,
美馬北部・阿北,阿波市,51341288,129,177,
美馬北部・阿北,阿波市,51341289,129,177,
美馬北部・阿北,阿波市,51341290,121,167,
美馬北部・阿北,阿波市,51341291,122,168,
美馬北部・阿北,阿波市,51341292,123,169,
美馬北部・阿北,阿波市,51341293,124,171,
美馬北部・阿北,阿波市,51341294,126,173,
美馬北部・阿北,阿波市,51341295,125,172,
美馬北部・阿北,阿波市,51341296,127,174,
美馬北部・阿北,阿波市,51341297,127,175,
美馬北部・阿北,阿波市,51341298,129,177,
美馬北部・阿北,阿波市,51341299,129,177,
美馬北部・阿北,阿波市,51341310,185,－,
美馬北部・阿北,阿波市,51341311,185,－,
美馬北部・阿北,阿波市,51341320,185,－,
美馬北部・阿北,阿波市,51341321,185,－,
美馬北部・阿北,阿波市,51341330,185,－,
美馬北部・阿北,阿波市,51341331,185,－,
美馬北部・阿北,阿波市,51341340,127,174,
美馬北部・阿北,阿波市,51341360,127,174,
美馬北部・阿北,阿波市,51342107,122,168,
美馬北部・阿北,阿波市,51342108,121,167,
美馬北部・阿北,阿波市,51342109,122,168,
美馬北部・阿北,阿波市,51342118,122,168,
美馬北部・阿北,阿波市,51342119,122,168,
美馬北部・阿北,阿波市,51342200,123,169,
美馬北部・阿北,阿波市,51342201,124,171,
美馬北部・阿北,阿波市,51342202,125,172,
美馬北部・阿北,阿波市,51342203,127,174,
美馬北部・阿北,阿波市,51342204,128,176,
美馬北部・阿北,阿波市,51342205,129,177,
美馬北部・阿北,阿波市,51342206,129,177,
美馬北部・阿北,阿波市,51342207,129,177,
美馬北部・阿北,阿波市,51342208,129,178,
美馬北部・阿北,阿波市,51342209,130,179,
美馬北部・阿北,阿波市,51342210,124,170,
美馬北部・阿北,阿波市,51342211,126,173,
美馬北部・阿北,阿波市,51342218,131,180,
美馬北部・阿北,美馬市脇・美馬・穴吹,50347018,170,233,
美馬北部・阿北,美馬市脇・美馬・穴吹,50347019,172,236,
美馬北部・阿北,美馬市脇・美馬・穴吹,50347028,164,225,
美馬北部・阿北,美馬市脇・美馬・穴吹,50347029,167,229,
美馬北部・阿北,美馬市脇・美馬・穴吹,50347038,161,221,
美馬北部・阿北,美馬市脇・美馬・穴吹,50347039,162,222,
美馬北部・阿北,美馬市脇・美馬・穴吹,50347048,156,215,
美馬北部・阿北,美馬市脇・美馬・穴吹,50347049,127,174,
美馬北部・阿北,美馬市脇・美馬・穴吹,50347058,151,207,
美馬北部・阿北,美馬市脇・美馬・穴吹,50347059,151,207,
美馬北部・阿北,美馬市脇・美馬・穴吹,50347069,146,201,
美馬北部・阿北,美馬市脇・美馬・穴吹,50347079,148,－,
美馬北部・阿北,美馬市脇・美馬・穴吹,50347089,137,189,
美馬北部・阿北,美馬市脇・美馬・穴吹,50347099,135,186,
美馬北部・阿北,美馬市脇・美馬・穴吹,50347110,170,234,
美馬北部・阿北,美馬市脇・美馬・穴吹,50347111,167,230,
美馬北部・阿北,美馬市脇・美馬・穴吹,50347112,165,227,
美馬北部・阿北,美馬市脇・美馬・穴吹,50347113,166,228,
美馬北部・阿北,美馬市脇・美馬・穴吹,50347120,166,228,
美馬北部・阿北,美馬市脇・美馬・穴吹,50347121,164,226,
美馬北部・阿北,美馬市脇・美馬・穴吹,50347122,163,224,
美馬北部・阿北,美馬市脇・美馬・穴吹,50347123,164,225,
美馬北部・阿北,美馬市脇・美馬・穴吹,50347130,161,221,
美馬北部・阿北,美馬市脇・美馬・穴吹,50347131,162,222,
美馬北部・阿北,美馬市脇・美馬・穴吹,50347132,162,222,
美馬北部・阿北,美馬市脇・美馬・穴吹,50347133,163,224,
美馬北部・阿北,美馬市脇・美馬・穴吹,50347140,156,215,
美馬北部・阿北,美馬市脇・美馬・穴吹,50347141,157,216,
美馬北部・阿北,美馬市脇・美馬・穴吹,50347142,159,219,
美馬北部・阿北,美馬市脇・美馬・穴吹,50347150,153,210,
美馬北部・阿北,美馬市脇・美馬・穴吹,50347151,155,213,
美馬北部・阿北,美馬市脇・美馬・穴吹,50347152,157,216,
美馬北部・阿北,美馬市脇・美馬・穴吹,50347153,157,216,
美馬北部・阿北,美馬市脇・美馬・穴吹,50347160,148,204,
美馬北部・阿北,美馬市脇・美馬・穴吹,50347161,151,208,
美馬北部・阿北,美馬市脇・美馬・穴吹,50347162,154,212,
美馬北部・阿北,美馬市脇・美馬・穴吹,50347163,155,213,
美馬北部・阿北,美馬市脇・美馬・穴吹,50347164,154,211,
美馬北部・阿北,美馬市脇・美馬・穴吹,50347170,143,196,
美馬北部・阿北,美馬市脇・美馬・穴吹,50347171,146,201,
美馬北部・阿北,美馬市脇・美馬・穴吹,50347172,150,206,
美馬北部・阿北,美馬市脇・美馬・穴吹,50347173,151,208,
美馬北部・阿北,美馬市脇・美馬・穴吹,50347174,153,210,
美馬北部・阿北,美馬市脇・美馬・穴吹,50347180,139,191,
美馬北部・阿北,美馬市脇・美馬・穴吹,50347181,142,195,
美馬北部・阿北,美馬市脇・美馬・穴吹,50347182,146,201,
美馬北部・阿北,美馬市脇・美馬・穴吹,50347183,149,205,
美馬北部・阿北,美馬市脇・美馬・穴吹,50347184,153,210,
美馬北部・阿北,美馬市脇・美馬・穴吹,50347190,136,187,
美馬北部・阿北,美馬市脇・美馬・穴吹,50347191,139,191,
美馬北部・阿北,美馬市脇・美馬・穴吹,50347192,144,198,
美馬北部・阿北,美馬市脇・美馬・穴吹,50347193,148,204,
美馬北部・阿北,美馬市脇・美馬・穴吹,50347194,154,211,
美馬北部・阿北,美馬市脇・美馬・穴吹,50347195,159,219,
美馬北部・阿北,美馬市脇・美馬・穴吹,51340009,133,183,
美馬北部・阿北,美馬市脇・美馬・穴吹,51340019,133,183,
美馬北部・阿北,美馬市脇・美馬・穴吹,51340029,132,182,
美馬北部・阿北,美馬市脇・美馬・穴吹,51340039,132,181,
美馬北部・阿北,美馬市脇・美馬・穴吹,51340048,130,179,
美馬北部・阿北,美馬市脇・美馬・穴吹,51340049,129,178,
美馬北部・阿北,美馬市脇・美馬・穴吹,51340050,117,161,
美馬北部・阿北,美馬市脇・美馬・穴吹,51340051,118,162,
美馬北部・阿北,美馬市脇・美馬・穴吹,51340052,119,164,
美馬北部・阿北,美馬市脇・美馬・穴吹,51340053,120,165,
美馬北部・阿北,美馬市脇・美馬・穴吹,51340054,122,168,
美馬北部・阿北,美馬市脇・美馬・穴吹,51340058,127,174,
美馬北部・阿北,美馬市脇・美馬・穴吹,51340059,128,176,
美馬北部・阿北,美馬市脇・美馬・穴吹,51340060,116,159,
美馬北部・阿北,美馬市脇・美馬・穴吹,51340061,117,161,
美馬北部・阿北,美馬市脇・美馬・穴吹,51340062,118,162,
美馬北部・阿北,美馬市脇・美馬・穴吹,51340063,119,164,
美馬北部・阿北,美馬市脇・美馬・穴吹,51340064,120,165,
美馬北部・阿北,美馬市脇・美馬・穴吹,51340065,121,166,
美馬北部・阿北,美馬市脇・美馬・穴吹,51340067,122,168,
美馬北部・阿北,美馬市脇・美馬・穴吹,51340068,124,171,
美馬北部・阿北,美馬市脇・美馬・穴吹,51340069,126,173,
美馬北部・阿北,美馬市脇・美馬・穴吹,51340070,115,158,
美馬北部・阿北,美馬市脇・美馬・穴吹,51340071,116,159,
美馬北部・阿北,美馬市脇・美馬・穴吹,51340072,116,159,
美馬北部・阿北,美馬市脇・美馬・穴吹,51340073,118,162,
美馬北部・阿北,美馬市脇・美馬・穴吹,51340074,118,162,
美馬北部・阿北,美馬市脇・美馬・穴吹,51340075,120,165,
美馬北部・阿北,美馬市脇・美馬・穴吹,51340076,120,165,
美馬北部・阿北,美馬市脇・美馬・穴吹,51340077,120,165,
美馬北部・阿北,美馬市脇・美馬・穴吹,51340078,121,167,
美馬北部・阿北,美馬市脇・美馬・穴吹,51340079,124,170,
美馬北部・阿北,美馬市脇・美馬・穴吹,51340080,113,156,
美馬北部・阿北,美馬市脇・美馬・穴吹,51340081,114,157,
美馬北部・阿北,美馬市脇・美馬・穴吹,51340082,113,156,
美馬北部・阿北,美馬市脇・美馬・穴吹,51340083,116,159,
美馬北部・阿北,美馬市脇・美馬・穴吹,51340084,116,159,
美馬北部・阿北,美馬市脇・美馬・穴吹,51340085,117,161,
美馬北部・阿北,美馬市脇・美馬・穴吹,51340086,118,162,
美馬北部・阿北,美馬市脇・美馬・穴吹,51340087,118,162,
美馬北部・阿北,美馬市脇・美馬・穴吹,51340088,118,163,
美馬北部・阿北,美馬市脇・美馬・穴吹,51340089,120,165,
美馬北部・阿北,美馬市脇・美馬・穴吹,51340090,113,156,
美馬北部・阿北,美馬市脇・美馬・穴吹,51340091,113,155,
美馬北部・阿北,美馬市脇・美馬・穴吹,51340092,113,156,
美馬北部・阿北,美馬市脇・美馬・穴吹,51340093,113,156,
美馬北部・阿北,美馬市脇・美馬・穴吹,51340094,114,157,
美馬北部・阿北,美馬市脇・美馬・穴吹,51340095,115,158,
美馬北部・阿北,美馬市脇・美馬・穴吹,51340096,116,160,
美馬北部・阿北,美馬市脇・美馬・穴吹,51340097,116,160,
美馬北部・阿北,美馬市脇・美馬・穴吹,51340098,117,161,
美馬北部・阿北,美馬市脇・美馬・穴吹,51340099,118,162,
美馬北部・阿北,美馬市脇・美馬・穴吹,51340100,135,186,
美馬北部・阿北,美馬市脇・美馬・穴吹,51340101,138,190,
美馬北部・阿北,美馬市脇・美馬・穴吹,51340102,144,198,
美馬北部・阿北,美馬市脇・美馬・穴吹,51340103,150,206,
美馬北部・阿北,美馬市脇・美馬・穴吹,51340104,155,213,
美馬北部・阿北,美馬市脇・美馬・穴吹,51340110,135,185,
美馬北部・阿北,美馬市脇・美馬・穴吹,51340111,137,189,
美馬北部・阿北,美馬市脇・美馬・穴吹,51340112,144,198,
美馬北部・阿北,美馬市脇・美馬・穴吹,51340113,151,207,
美馬北部・阿北,美馬市脇・美馬・穴吹,51340114,155,213,
美馬北部・阿北,美馬市脇・美馬・穴吹,51340120,135,185,
美馬北部・阿北,美馬市脇・美馬・穴吹,51340121,137,189,
美馬北部・阿北,美馬市脇・美馬・穴吹,51340122,142,195,
美馬北部・阿北,美馬市脇・美馬・穴吹,51340123,148,204,
美馬北部・阿北,美馬市脇・美馬・穴吹,51340124,153,210,
美馬北部・阿北,美馬市脇・美馬・穴吹,51340130,133,183,
美馬北部・阿北,美馬市脇・美馬・穴吹,51340131,137,189,
美馬北部・阿北,美馬市脇・美馬・穴吹,51340132,140,193,
美馬北部・阿北,美馬市脇・美馬・穴吹,51340133,144,198,
美馬北部・阿北,美馬市脇・美馬・穴吹,51340134,146,201,
美馬北部・阿北,美馬市脇・美馬・穴吹,51340135,146,201,
美馬北部・阿北,美馬市脇・美馬・穴吹,51340140,132,181,
美馬北部・阿北,美馬市脇・美馬・穴吹,51340141,136,187,
美馬北部・阿北,美馬市脇・美馬・穴吹,51340142,139,191,
美馬北部・阿北,美馬市脇・美馬・穴吹,51340143,141,194,
美馬北部・阿北,美馬市脇・美馬・穴吹,51340144,142,195,
美馬北部・阿北,美馬市脇・美馬・穴吹,51340145,140,193,
美馬北部・阿北,美馬市脇・美馬・穴吹,51340150,131,180,
美馬北部・阿北,美馬市脇・美馬・穴吹,51340151,134,184,
美馬北部・阿北,美馬市脇・美馬・穴吹,51340152,137,188,
美馬北部・阿北,美馬市脇・美馬・穴吹,51340153,139,191,
美馬北部・阿北,美馬市脇・美馬・穴吹,51340154,139,191,
美馬北部・阿北,美馬市脇・美馬・穴吹,51340155,137,189,
美馬北部・阿北,美馬市脇・美馬・穴吹,51340160,128,176,
美馬北部・阿北,美馬市脇・美馬・穴吹,51340161,131,180,
美馬北部・阿北,美馬市脇・美馬・穴吹,51340162,133,183,
美馬北部・阿北,美馬市脇・美馬・穴吹,51340163,137,188,
美馬北部・阿北,美馬市脇・美馬・穴吹,51340164,137,189,
美馬北部・阿北,美馬市脇・美馬・穴吹,51340170,126,173,
美馬北部・阿北,美馬市脇・美馬・穴吹,51340171,133,－,
美馬北部・阿北,美馬市脇・美馬・穴吹,51340172,131,180,
美馬北部・阿北,美馬市脇・美馬・穴吹,51340173,134,184,
美馬北部・阿北,美馬市脇・美馬・穴吹,51340174,135,186,
美馬北部・阿北,美馬市脇・美馬・穴吹,51340180,123,169,
美馬北部・阿北,美馬市脇・美馬・穴吹,51340181,126,173,
美馬北部・阿北,美馬市脇・美馬・穴吹,51340182,129,177,
美馬北部・阿北,美馬市脇・美馬・穴吹,51340183,131,180,
美馬北部・阿北,美馬市脇・美馬・穴吹,51340184,132,181,
美馬北部・阿北,美馬市脇・美馬・穴吹,51340190,121,166,
美馬北部・阿北,美馬市脇・美馬・穴吹,51340191,123,169,
美馬北部・阿北,美馬市脇・美馬・穴吹,51340192,127,174,
美馬北部・阿北,美馬市脇・美馬・穴吹,51340193,129,177,
美馬北部・阿北,美馬市脇・美馬・穴吹,51341002,113,155,
美馬北部・阿北,美馬市脇・美馬・穴吹,51341003,113,156,
美馬北部・阿北,美馬市脇・美馬・穴吹,51341004,114,157,
美馬北部・阿北,美馬市脇・美馬・穴吹,51341005,116,159,
美馬北部・阿北,美馬市脇・美馬・穴吹,51341006,115,158,
美馬北部・阿北,美馬市脇・美馬・穴吹,51341007,115,158,
美馬北部・阿北,美馬市脇・美馬・穴吹,51341008,116,159,
美馬北部・阿北,美馬市脇・美馬・穴吹,51341009,117,161,
美馬北部・阿北,美馬市脇・美馬・穴吹,51341012,113,156,
美馬北部・阿北,美馬市脇・美馬・穴吹,51341013,113,156,
美馬北部・阿北,美馬市脇・美馬・穴吹,51341014,116,159,
美馬北部・阿北,美馬市脇・美馬・穴吹,51341015,116,160,
美馬北部・阿北,美馬市脇・美馬・穴吹,51341016,116,160,
美馬北部・阿北,美馬市脇・美馬・穴吹,51341017,116,159,
美馬北部・阿北,美馬市脇・美馬・穴吹,51341018,116,159,
美馬北部・阿北,美馬市脇・美馬・穴吹,51341019,118,162,
美馬北部・阿北,美馬市脇・美馬・穴吹,51341023,115,158,
美馬北部・阿北,美馬市脇・美馬・穴吹,51341024,117,161,
美馬北部・阿北,美馬市脇・美馬・穴吹,51341025,118,162,
美馬北部・阿北,美馬市脇・美馬・穴吹,51341026,118,162,
美馬北部・阿北,美馬市脇・美馬・穴吹,51341027,116,159,
美馬北部・阿北,美馬市脇・美馬・穴吹,51341028,117,161,
美馬北部・阿北,美馬市脇・美馬・穴吹,51341029,118,162,
美馬北部・阿北,美馬市脇・美馬・穴吹,51341034,117,161,
美馬北部・阿北,美馬市脇・美馬・穴吹,51341035,118,162,
美馬北部・阿北,美馬市脇・美馬・穴吹,51341036,118,162,
美馬北部・阿北,美馬市脇・美馬・穴吹,51341037,118,162,
美馬北部・阿北,美馬市脇・美馬・穴吹,51341038,118,162,
美馬北部・阿北,美馬市脇・美馬・穴吹,51341039,118,163,
美馬北部・阿北,美馬市脇・美馬・穴吹,51341100,120,165,
美馬北部・阿北,美馬市脇・美馬・穴吹,51341101,121,167,
美馬北部・阿北,美馬市脇・美馬・穴吹,51341102,124,171,
美馬北部・阿北,美馬市脇・美馬・穴吹,51341103,116,160,
美馬北部・阿北,美馬市脇・美馬・穴吹,51341104,127,174,
美馬北部・阿北,美馬市脇・美馬・穴吹,51341110,119,164,
美馬北部・阿北,美馬市脇・美馬・穴吹,51341111,121,167,
美馬北部・阿北,美馬市脇・美馬・穴吹,51341112,124,171,
美馬北部・阿北,美馬市脇・美馬・穴吹,51341113,127,175,
美馬北部・阿北,美馬市脇・美馬・穴吹,51341114,127,174,
美馬北部・阿北,美馬市脇・美馬・穴吹,51341120,119,164,
美馬北部・阿北,美馬市脇・美馬・穴吹,51341121,121,167,
美馬北部・阿北,美馬市脇・美馬・穴吹,51341122,124,171,
美馬北部・阿北,美馬市脇・美馬・穴吹,51341123,127,175,
美馬北部・阿北,美馬市脇・美馬・穴吹,51341124,126,173,
美馬北部・阿北,美馬市脇・美馬・穴吹,51341125,124,171,
美馬北部・阿北,美馬市脇・美馬・穴吹,51341130,119,164,
美馬北部・阿北,美馬市脇・美馬・穴吹,51341131,121,167,
美馬北部・阿北,美馬市脇・美馬・穴吹,51341132,124,171,
美馬北部・阿北,美馬市脇・美馬・穴吹,51341133,127,174,
美馬北部・阿北,美馬市脇・美馬・穴吹,51341134,126,173,
美馬北部・阿北,美馬市脇・美馬・穴吹,51341135,124,171,
美馬北部・阿北,美馬市脇・美馬・穴吹,51341140,119,164,
美馬北部・阿北,美馬市脇・美馬・穴吹,51341141,121,167,
美馬北部・阿北,美馬市脇・美馬・穴吹,51341142,124,171,
美馬北部・阿北,美馬市脇・美馬・穴吹,51341143,127,174,
美馬北部・阿北,美馬市脇・美馬・穴吹,51341144,124,171,
美馬北部・阿北,美馬市脇・美馬・穴吹,51341145,123,169,
美馬北部・阿北,美馬市脇・美馬・穴吹,51341146,121,167,
美馬北部・阿北,美馬市脇・美馬・穴吹,51341151,122,168,
美馬北部・阿北,美馬市脇・美馬・穴吹,51341152,124,171,
美馬北部・阿北,美馬市脇・美馬・穴吹,51341153,127,174,
美馬北部・阿北,美馬市脇・美馬・穴吹,51341154,124,171,
美馬北部・阿北,美馬市脇・美馬・穴吹,51341155,123,169,
美馬北部・阿北,美馬市脇・美馬・穴吹,51341156,121,166,
美馬北部・阿北,美馬市脇・美馬・穴吹,51341161,122,168,
美馬北部・阿北,美馬市脇・美馬・穴吹,51341162,124,171,
美馬北部・阿北,美馬市脇・美馬・穴吹,51341163,126,173,
美馬北部・阿北,美馬市脇・美馬・穴吹,51341164,125,172,
美馬北部・阿北,美馬市脇・美馬・穴吹,51341165,123,169,
美馬北部・阿北,美馬市脇・美馬・穴吹,51341166,122,168,
美馬北部・阿北,美馬市脇・美馬・穴吹,51341171,123,169,
美馬北部・阿北,美馬市脇・美馬・穴吹,51341172,125,172,
美馬北部・阿北,美馬市脇・美馬・穴吹,51341173,127,174,
美馬北部・阿北,美馬市脇・美馬・穴吹,51341174,124,171,
美馬北部・阿北,美馬市脇・美馬・穴吹,51341175,124,171,
美馬北部・阿北,美馬市脇・美馬・穴吹,51341176,122,168,
美馬北部・阿北,美馬市脇・美馬・穴吹,51341181,124,170,
美馬北部・阿北,美馬市脇・美馬・穴吹,51341182,126,173,
美馬北部・阿北,美馬市脇・美馬・穴吹,51341183,127,174,
美馬北部・阿北,美馬市脇・美馬・穴吹,51341184,124,171,
美馬北部・阿北,美馬市脇・美馬・穴吹,51341185,123,169,
美馬北部・阿北,美馬市脇・美馬・穴吹,51341186,122,168,
美馬北部・阿北,美馬市脇・美馬・穴吹,51341187,123,169,
美馬北部・阿北,美馬市脇・美馬・穴吹,51341192,125,172,
美馬北部・阿北,美馬市脇・美馬・穴吹,51341193,127,174,
美馬北部・阿北,美馬市脇・美馬・穴吹,51341194,124,171,
美馬北部・阿北,美馬市脇・美馬・穴吹,51341195,123,169,
美馬北部・阿北,美馬市脇・美馬・穴吹,51341196,122,168,
美馬北部・阿北,美馬市脇・美馬・穴吹,51341197,122,168,
美馬北部・阿北,美馬市脇・美馬・穴吹,51342103,124,171,
美馬北部・阿北,美馬市脇・美馬・穴吹,51342104,123,169,
美馬北部・阿北,美馬市脇・美馬・穴吹,51342105,122,168,
美馬北部・阿北,美馬市脇・美馬・穴吹,51342106,122,168,
美馬北部・阿北,石井町,51340364,142,195,
美馬北部・阿北,石井町,51340365,145,199,
美馬北部・阿北,石井町,51340372,140,193,
美馬北部・阿北,石井町,51340373,141,194,
美馬北部・阿北,石井町,51340374,142,195,
美馬北部・阿北,石井町,51340375,142,195,
美馬北部・阿北,石井町,51340376,143,197,
美馬北部・阿北,石井町,51340382,185,－,
美馬北部・阿北,石井町,51340383,185,－,
美馬北部・阿北,石井町,51340384,185,－,
美馬北部・阿北,石井町,51340385,185,－,
美馬北部・阿北,石井町,51340386,140,192,
美馬北部・阿北,石井町,51340392,185,－,
美馬北部・阿北,石井町,51340393,185,－,
美馬北部・阿北,石井町,51340394,185,－,
美馬北部・阿北,石井町,51340395,185,－,
美馬北部・阿北,石井町,51340396,185,－,
美馬北部・阿北,石井町,51341302,185,－,
美馬北部・阿北,石井町,51341303,185,－,
美馬北部・阿北,石井町,51341304,185,－,
美馬北部・阿北,石井町,51341305,185,－,
美馬北部・阿北,石井町,51341306,185,－,
美馬北部・阿北,石井町,51341313,185,－,
美馬北部・阿北,石井町,51341314,185,－,
美馬北部・阿北,石井町,51341315,185,－,
美馬北部・阿北,石井町,51341325,185,－,
美馬北部・阿北,石井町,51341326,185,－,
美馬北部・阿北,上板町,51341312,185,－,
美馬北部・阿北,上板町,51341322,185,－,
美馬北部・阿北,上板町,51341323,185,－,
美馬北部・阿北,上板町,51341324,185,－,
美馬北部・阿北,上板町,51341332,185,－,
美馬北部・阿北,上板町,51341333,185,－,
美馬北部・阿北,上板町,51341334,185,－,
美馬北部・阿北,上板町,51341335,185,－,
美馬北部・阿北,上板町,51341336,185,－,
美馬北部・阿北,上板町,51341341,129,177,
美馬北部・阿北,上板町,51341342,185,－,
美馬北部・阿北,上板町,51341343,185,－,
美馬北部・阿北,上板町,51341344,185,－,
美馬北部・阿北,上板町,51341350,126,173,
美馬北部・阿北,上板町,51341351,128,176,
美馬北部・阿北,上板町,51341352,130,179,
美馬北部・阿北,上板町,51341353,130,179,
美馬北部・阿北,上板町,51341361,127,175,
美馬北部・阿北,上板町,51341362,129,177,
美馬北部・阿北,上板町,51341363,129,177,
美馬北部・阿北,上板町,51341370,128,176,
美馬北部・阿北,上板町,51341371,127,175,
美馬北部・阿北,上板町,51341372,129,177,
美馬北部・阿北,上板町,51341373,129,177,
美馬北部・阿北,上板町,51341380,128,176,
美馬北部・阿北,上板町,51341381,129,177,
美馬北部・阿北,上板町,51341382,129,178,
美馬北部・阿北,上板町,51341390,129,177,
美馬北部・阿北,上板町,51341391,129,178,
美馬北部・阿北,上板町,51341392,129,178,
美馬北部・阿北,上板町,51342300,131,180,
美馬北部・阿北,つるぎ町半田・貞光,50337748,151,208,
美馬北部・阿北,つるぎ町半田・貞光,50337749,150,206,
美馬北部・阿北,つるぎ町半田・貞光,50337758,150,206,
美馬北部・阿北,つるぎ町半田・貞光,50337759,147,202,
美馬北部・阿北,つるぎ町半田・貞光,50337769,144,198,
美馬北部・阿北,つるぎ町半田・貞光,50347040,148,203,
美馬北部・阿北,つるぎ町半田・貞光,50347050,146,201,
美馬北部・阿北,つるぎ町半田・貞光,50347051,144,198,
美馬北部・阿北,つるぎ町半田・貞光,50347060,143,197,
美馬北部・阿北,つるぎ町半田・貞光,50347061,142,195,
美馬北部・阿北,つるぎ町半田・貞光,50347062,142,195,
美馬北部・阿北,つるぎ町半田・貞光,50347063,142,195,
美馬北部・阿北,つるぎ町半田・貞光,50347064,143,197,
美馬北部・阿北,つるぎ町半田・貞光,50347065,146,200,
美馬北部・阿北,つるぎ町半田・貞光,50347067,146,201,
美馬北部・阿北,つるぎ町半田・貞光,50347068,146,201,
美馬北部・阿北,つるぎ町半田・貞光,50347070,139,191,
美馬北部・阿北,つるぎ町半田・貞光,50347071,138,190,
美馬北部・阿北,つるぎ町半田・貞光,50347072,139,191,
美馬北部・阿北,つるぎ町半田・貞光,50347073,140,192,
美馬北部・阿北,つるぎ町半田・貞光,50347074,140,192,
美馬北部・阿北,つるぎ町半田・貞光,50347075,142,195,
美馬北部・阿北,つるぎ町半田・貞光,50347076,143,197,
美馬北部・阿北,つるぎ町半田・貞光,50347077,144,198,
美馬北部・阿北,つるぎ町半田・貞光,50347078,143,196,
美馬北部・阿北,つるぎ町半田・貞光,50347080,135,186,
美馬北部・阿北,つるぎ町半田・貞光,50347081,135,186,
美馬北部・阿北,つるぎ町半田・貞光,50347082,136,187,
美馬北部・阿北,つるぎ町半田・貞光,50347083,137,188,
美馬北部・阿北,つるぎ町半田・貞光,50347084,137,188,
美馬北部・阿北,つるぎ町半田・貞光,50347085,138,190,
美馬北部・阿北,つるぎ町半田・貞光,50347086,140,193,
美馬北部・阿北,つるぎ町半田・貞光,50347087,141,194,
美馬北部・阿北,つるぎ町半田・貞光,50347088,139,191,
美馬北部・阿北,つるぎ町半田・貞光,50347090,132,182,
美馬北部・阿北,つるぎ町半田・貞光,50347091,133,183,
美馬北部・阿北,つるぎ町半田・貞光,50347092,133,183,
美馬北部・阿北,つるぎ町半田・貞光,50347093,134,184,
美馬北部・阿北,つるぎ町半田・貞光,50347094,133,183,
美馬北部・阿北,つるぎ町半田・貞光,50347095,135,185,
美馬北部・阿北,つるぎ町半田・貞光,50347096,136,187,
美馬北部・阿北,つるぎ町半田・貞光,50347097,137,188,
美馬北部・阿北,つるぎ町半田・貞光,50347098,135,186,
美馬北部・阿北,つるぎ町半田・貞光,51340000,130,179,
美馬北部・阿北,つるぎ町半田・貞光,51340001,130,179,
美馬北部・阿北,つるぎ町半田・貞光,51340002,131,180,
美馬北部・阿北,つるぎ町半田・貞光,51340003,131,180,
美馬北部・阿北,つるぎ町半田・貞光,51340004,131,180,
美馬北部・阿北,つるぎ町半田・貞光,51340005,131,180,
美馬北部・阿北,つるぎ町半田・貞光,51340006,132,182,
美馬北部・阿北,つるぎ町半田・貞光,51340007,131,180,
美馬北部・阿北,つるぎ町半田・貞光,51340008,133,183,
美馬北部・阿北,つるぎ町半田・貞光,51340010,127,175,
美馬北部・阿北,つるぎ町半田・貞光,51340011,128,176,
美馬北部・阿北,つるぎ町半田・貞光,51340012,128,176,
美馬北部・阿北,つるぎ町半田・貞光,51340013,129,177,
美馬北部・阿北,つるぎ町半田・貞光,51340014,129,177,
美馬北部・阿北,つるぎ町半田・貞光,51340015,129,177,
美馬北部・阿北,つるぎ町半田・貞光,51340016,129,177,
美馬北部・阿北,つるぎ町半田・貞光,51340017,94,129,
美馬北部・阿北,つるぎ町半田・貞光,51340018,131,180,
美馬北部・阿北,つるぎ町半田・貞光,51340020,124,170,
美馬北部・阿北,つるぎ町半田・貞光,51340021,125,172,
美馬北部・阿北,つるぎ町半田・貞光,51340022,125,172,
美馬北部・阿北,つるぎ町半田・貞光,51340023,125,172,
美馬北部・阿北,つるぎ町半田・貞光,51340024,125,172,
美馬北部・阿北,つるぎ町半田・貞光,51340025,127,174,
美馬北部・阿北,つるぎ町半田・貞光,51340026,129,178,
美馬北部・阿北,つるぎ町半田・貞光,51340027,111,153,
美馬北部・阿北,つるぎ町半田・貞光,51340028,132,181,
美馬北部・阿北,つるぎ町半田・貞光,51340030,121,166,
美馬北部・阿北,つるぎ町半田・貞光,51340031,121,166,
美馬北部・阿北,つるぎ町半田・貞光,51340032,122,168,
美馬北部・阿北,つるぎ町半田・貞光,51340033,123,169,
美馬北部・阿北,つるぎ町半田・貞光,51340034,124,171,
美馬北部・阿北,つるぎ町半田・貞光,51340035,124,171,
美馬北部・阿北,つるぎ町半田・貞光,51340036,129,177,
美馬北部・阿北,つるぎ町半田・貞光,51340037,131,180,
美馬北部・阿北,つるぎ町半田・貞光,51340038,131,180,
美馬北部・阿北,つるぎ町半田・貞光,51340040,118,163,
美馬北部・阿北,つるぎ町半田・貞光,51340041,118,163,
美馬北部・阿北,つるぎ町半田・貞光,51340042,120,165,
美馬北部・阿北,つるぎ町半田・貞光,51340043,121,167,
美馬北部・阿北,つるぎ町半田・貞光,51340044,122,168,
美馬北部・阿北,つるぎ町半田・貞光,51340045,124,170,
美馬北部・阿北,つるぎ町半田・貞光,51340046,127,174,
美馬北部・阿北,つるぎ町半田・貞光,51340047,128,176,
美馬北部・阿北,つるぎ町半田・貞光,51340055,122,168,
美馬北部・阿北,つるぎ町半田・貞光,51340056,123,169,
美馬北部・阿北,つるぎ町半田・貞光,51340057,124,171,
美馬北部・阿北,つるぎ町半田・貞光,51340066,124,－,
美馬南部・神山,美馬市木屋平,50346028,199,249,
美馬南部・神山,美馬市木屋平,50346037,196,246,
美馬南部・神山,美馬市木屋平,50346038,195,244,
美馬南部・神山,美馬市木屋平,50346039,186,233,
美馬南部・神山,美馬市木屋平,50346047,199,249,
美馬南部・神山,美馬市木屋平,50346048,195,244,
美馬南部・神山,美馬市木屋平,50346049,184,231,
美馬南部・神山,美馬市木屋平,50346058,194,243,
美馬南部・神山,美馬市木屋平,50346059,192,240,
美馬南部・神山,美馬市木屋平,50346069,196,246,
美馬南部・神山,美馬市木屋平,50346130,186,233,
美馬南部・神山,美馬市木屋平,50346140,184,230,
美馬南部・神山,美馬市木屋平,50346141,188,236,
美馬南部・神山,美馬市木屋平,50346142,195,244,
美馬南部・神山,美馬市木屋平,50346143,196,246,
美馬南部・神山,美馬市木屋平,50346150,188,236,
美馬南部・神山,美馬市木屋平,50346151,191,239,
美馬南部・神山,美馬市木屋平,50346152,192,241,
美馬南部・神山,美馬市木屋平,50346153,195,244,
美馬南部・神山,美馬市木屋平,50346160,193,242,
美馬南部・神山,美馬市木屋平,50346161,191,239,
美馬南部・神山,美馬市木屋平,50346162,189,237,
美馬南部・神山,美馬市木屋平,50346163,188,236,
美馬南部・神山,美馬市木屋平,50346164,189,237,
美馬南部・神山,美馬市木屋平,50346165,189,237,
美馬南部・神山,美馬市木屋平,50346166,191,239,
美馬南部・神山,美馬市木屋平,50346170,196,246,
美馬南部・神山,美馬市木屋平,50346171,189,237,
美馬南部・神山,美馬市木屋平,50346172,184,231,
美馬南部・神山,美馬市木屋平,50346173,184,231,
美馬南部・神山,美馬市木屋平,50346174,185,232,
美馬南部・神山,美馬市木屋平,50346175,185,232,
美馬南部・神山,美馬市木屋平,50346176,184,231,
美馬南部・神山,美馬市木屋平,50346177,184,231,
美馬南部・神山,美馬市木屋平,50346178,184,231,
美馬南部・神山,美馬市木屋平,50346180,191,239,
美馬南部・神山,美馬市木屋平,50346181,184,231,
美馬南部・神山,美馬市木屋平,50346182,176,221,
美馬南部・神山,美馬市木屋平,50346183,180,225,
美馬南部・神山,美馬市木屋平,50346184,185,232,
美馬南部・神山,美馬市木屋平,50346185,188,236,
美馬南部・神山,美馬市木屋平,50346186,188,235,
美馬南部・神山,美馬市木屋平,50346187,182,228,
美馬南部・神山,美馬市木屋平,50346188,181,227,
美馬南部・神山,美馬市木屋平,50346190,182,228,
美馬南部・神山,美馬市木屋平,50346191,179,224,
美馬南部・神山,美馬市木屋平,50346192,172,215,
美馬南部・神山,美馬市木屋平,50346193,177,222,
美馬南部・神山,美馬市木屋平,50346194,184,231,
美馬南部・神山,美馬市木屋平,50346195,191,239,
美馬南部・神山,美馬市木屋平,50346196,190,238,
美馬南部・神山,美馬市木屋平,50346197,186,233,
美馬南部・神山,美馬市木屋平,50347100,176,221,
美馬南部・神山,美馬市木屋平,50347101,172,216,
美馬南部・神山,美馬市木屋平,50347102,168,211,
美馬南部・神山,美馬市木屋平,50347103,172,216,
美馬南部・神山,美馬市木屋平,50347104,180,225,
美馬南部・神山,美馬市木屋平,50347105,185,232,
美馬南部・神山,美馬市木屋平,50347106,188,235,
美馬南部・神山,美馬市木屋平,50347107,186,233,
美馬南部・神山,美馬市木屋平,50347114,173,217,
美馬南部・神山,美馬市木屋平,50347115,176,220,
美馬南部・神山,美馬市木屋平,50347116,180,226,
美馬南部・神山,美馬市木屋平,50347117,184,231,
美馬南部・神山,美馬市木屋平,50347124,168,211,
美馬南部・神山,美馬市木屋平,50347125,168,211,
美馬南部・神山,美馬市木屋平,50347126,172,216,
美馬南部・神山,美馬市木屋平,50347127,181,227,
美馬南部・神山,美馬市木屋平,50347134,165,207,
美馬南部・神山,美馬市木屋平,50347135,167,209,
美馬南部・神山,美馬市木屋平,50347136,172,215,
美馬南部・神山,美馬市木屋平,50347137,177,222,
美馬南部・神山,美馬市木屋平,50347143,163,204,
美馬南部・神山,美馬市木屋平,50347144,163,204,
美馬南部・神山,美馬市木屋平,50347145,164,206,
美馬南部・神山,美馬市木屋平,50347146,168,210,
美馬南部・神山,美馬市木屋平,50347147,172,215,
美馬南部・神山,美馬市木屋平,50347148,172,215,
美馬南部・神山,美馬市木屋平,50347154,159,199,
美馬南部・神山,美馬市木屋平,50347155,162,203,
美馬南部・神山,美馬市木屋平,50347156,163,204,
美馬南部・神山,美馬市木屋平,50347157,164,206,
美馬南部・神山,美馬市木屋平,50347158,162,203,
美馬南部・神山,美馬市木屋平,50347159,162,203,
美馬南部・神山,美馬市木屋平,50347165,158,198,
美馬南部・神山,美馬市木屋平,50347166,159,199,
美馬南部・神山,美馬市木屋平,50347167,159,199,
美馬南部・神山,美馬市木屋平,50347168,155,194,
美馬南部・神山,美馬市木屋平,50347169,156,196,
美馬南部・神山,美馬市木屋平,50347175,156,196,
美馬南部・神山,美馬市木屋平,50347176,158,198,
美馬南部・神山,美馬市木屋平,50347177,158,198,
美馬南部・神山,美馬市木屋平,50347178,155,194,
美馬南部・神山,美馬市木屋平,50347179,155,194,
美馬南部・神山,美馬市木屋平,50347185,159,199,
美馬南部・神山,佐那河内村,50347342,179,224,
美馬南部・神山,佐那河内村,50347346,176,220,
美馬南部・神山,佐那河内村,50347352,178,223,
美馬南部・神山,佐那河内村,50347353,180,225,
美馬南部・神山,佐那河内村,50347354,180,225,
美馬南部・神山,佐那河内村,50347355,180,225,
美馬南部・神山,佐那河内村,50347356,176,220,
美馬南部・神山,佐那河内村,50347357,172,215,
美馬南部・神山,佐那河内村,50347363,181,227,
美馬南部・神山,佐那河内村,50347364,177,222,
美馬南部・神山,佐那河内村,50347365,176,220,
美馬南部・神山,佐那河内村,50347366,172,216,
美馬南部・神山,佐那河内村,50347367,168,211,
美馬南部・神山,佐那河内村,50347368,168,211,
美馬南部・神山,佐那河内村,50347373,179,224,
美馬南部・神山,佐那河内村,50347374,175,219,
美馬南部・神山,佐那河内村,50347375,172,215,
美馬南部・神山,佐那河内村,50347376,171,214,
美馬南部・神山,佐那河内村,50347377,171,214,
美馬南部・神山,佐那河内村,50347378,168,211,
美馬南部・神山,佐那河内村,50347383,173,217,
美馬南部・神山,佐那河内村,50347384,144,180,
美馬南部・神山,佐那河内村,50347385,172,215,
美馬南部・神山,佐那河内村,50347386,172,216,
美馬南部・神山,佐那河内村,50347387,171,214,
美馬南部・神山,佐那河内村,50347388,168,211,
美馬南部・神山,佐那河内村,50347394,168,210,
美馬南部・神山,佐那河内村,50347395,170,213,
美馬南部・神山,佐那河内村,50347396,172,215,
美馬南部・神山,佐那河内村,50347397,168,210,
美馬南部・神山,佐那河内村,50347398,164,205,
美馬南部・神山,佐那河内村,50347399,159,199,
美馬南部・神山,佐那河内村,51340305,164,205,
美馬南部・神山,佐那河内村,51340306,164,206,
美馬南部・神山,佐那河内村,51340307,160,200,
美馬南部・神山,佐那河内村,51340308,156,196,
美馬南部・神山,佐那河内村,51340309,155,194,
美馬南部・神山,佐那河内村,51340317,154,193,
美馬南部・神山,佐那河内村,51340318,152,191,
美馬南部・神山,佐那河内村,51340319,152,190,
美馬南部・神山,佐那河内村,51340328,151,189,
美馬南部・神山,神山町,50346198,182,228,
美馬南部・神山,神山町,50346293,185,232,
美馬南部・神山,神山町,50347108,184,231,
美馬南部・神山,神山町,50347109,184,230,
美馬南部・神山,神山町,50347118,186,233,
美馬南部・神山,神山町,50347119,184,231,
美馬南部・神山,神山町,50347128,186,233,
美馬南部・神山,神山町,50347129,184,231,
美馬南部・神山,神山町,50347138,184,230,
美馬南部・神山,神山町,50347139,180,225,
美馬南部・神山,神山町,50347149,172,215,
美馬南部・神山,神山町,50347200,184,231,
美馬南部・神山,神山町,50347201,182,228,
美馬南部・神山,神山町,50347202,183,229,
美馬南部・神山,神山町,50347203,187,234,
美馬南部・神山,神山町,50347210,183,229,
美馬南部・神山,神山町,50347211,181,227,
美馬南部・神山,神山町,50347212,184,231,
美馬南部・神山,神山町,50347213,184,231,
美馬南部・神山,神山町,50347214,185,232,
美馬南部・神山,神山町,50347217,189,237,
美馬南部・神山,神山町,50347220,180,226,
美馬南部・神山,神山町,50347221,180,226,
美馬南部・神山,神山町,50347222,182,228,
美馬南部・神山,神山町,50347223,180,226,
美馬南部・神山,神山町,50347224,180,226,
美馬南部・神山,神山町,50347225,180,226,
美馬南部・神山,神山町,50347226,182,228,
美馬南部・神山,神山町,50347227,185,232,
美馬南部・神山,神山町,50347228,185,232,
美馬南部・神山,神山町,50347229,186,233,
美馬南部・神山,神山町,50347230,176,220,
美馬南部・神山,神山町,50347231,172,216,
美馬南部・神山,神山町,50347232,176,220,
美馬南部・神山,神山町,50347233,177,222,
美馬南部・神山,神山町,50347234,176,220,
美馬南部・神山,神山町,50347235,179,224,
美馬南部・神山,神山町,50347236,178,223,
美馬南部・神山,神山町,50347237,180,225,
美馬南部・神山,神山町,50347238,180,226,
美馬南部・神山,神山町,50347239,184,230,
美馬南部・神山,神山町,50347240,141,177,
美馬南部・神山,神山町,50347241,168,210,
美馬南部・神山,神山町,50347242,168,210,
美馬南部・神山,神山町,50347243,171,214,
美馬南部・神山,神山町,50347244,172,216,
美馬南部・神山,神山町,50347245,176,220,
美馬南部・神山,神山町,50347246,176,221,
美馬南部・神山,神山町,50347247,179,224,
美馬南部・神山,神山町,50347248,178,223,
美馬南部・神山,神山町,50347249,177,222,
美馬南部・神山,神山町,50347250,163,204,
美馬南部・神山,神山町,50347251,163,204,
美馬南部・神山,神山町,50347252,163,204,
美馬南部・神山,神山町,50347253,167,209,
美馬南部・神山,神山町,50347254,162,203,
美馬南部・神山,神山町,50347255,174,218,
美馬南部・神山,神山町,50347256,176,220,
美馬南部・神山,神山町,50347257,176,221,
美馬南部・神山,神山町,50347258,176,220,
美馬南部・神山,神山町,50347259,175,219,
美馬南部・神山,神山町,50347260,159,199,
美馬南部・神山,神山町,50347261,159,199,
美馬南部・神山,神山町,50347262,159,199,
美馬南部・神山,神山町,50347263,163,204,
美馬南部・神山,神山町,50347264,164,206,
美馬南部・神山,神山町,50347265,169,212,
美馬南部・神山,神山町,50347266,172,215,
美馬南部・神山,神山町,50347267,176,221,
美馬南部・神山,神山町,50347268,172,215,
美馬南部・神山,神山町,50347269,170,213,
美馬南部・神山,神山町,50347270,158,198,
美馬南部・神山,神山町,50347271,158,198,
美馬南部・神山,神山町,50347272,159,199,
美馬南部・神山,神山町,50347273,160,201,
美馬南部・神山,神山町,50347274,161,202,
美馬南部・神山,神山町,50347275,164,205,
美馬南部・神山,神山町,50347276,164,206,
美馬南部・神山,神山町,50347277,169,212,
美馬南部・神山,神山町,50347278,166,208,
美馬南部・神山,神山町,50347279,164,206,
美馬南部・神山,神山町,50347281,157,197,
美馬南部・神山,神山町,50347282,157,197,
美馬南部・神山,神山町,50347283,157,197,
美馬南部・神山,神山町,50347284,157,197,
美馬南部・神山,神山町,50347285,159,199,
美馬南部・神山,神山町,50347286,157,197,
美馬南部・神山,神山町,50347287,160,200,
美馬南部・神山,神山町,50347288,160,200,
美馬南部・神山,神山町,50347289,160,200,
美馬南部・神山,神山町,50347293,156,196,
美馬南部・神山,神山町,50347294,154,193,
美馬南部・神山,神山町,50347295,151,189,
美馬南部・神山,神山町,50347296,152,191,
美馬南部・神山,神山町,50347297,152,190,
美馬南部・神山,神山町,50347298,153,192,
美馬南部・神山,神山町,50347299,156,196,
美馬南部・神山,神山町,50347330,182,228,
美馬南部・神山,神山町,50347331,180,226,
美馬南部・神山,神山町,50347340,178,223,
美馬南部・神山,神山町,50347341,177,222,
美馬南部・神山,神山町,50347350,172,216,
美馬南部・神山,神山町,50347351,176,220,
美馬南部・神山,神山町,50347360,168,210,
美馬南部・神山,神山町,50347361,174,218,
美馬南部・神山,神山町,50347362,161,202,
美馬南部・神山,神山町,50347370,164,206,
美馬南部・神山,神山町,50347371,174,218,
美馬南部・神山,神山町,50347372,177,222,
美馬南部・神山,神山町,50347380,163,204,
美馬南部・神山,神山町,50347381,169,212,
美馬南部・神山,神山町,50347382,172,215,
美馬南部・神山,神山町,50347390,159,199,
美馬南部・神山,神山町,50347391,163,204,
美馬南部・神山,神山町,50347392,165,207,
美馬南部・神山,神山町,50347393,166,208,
美馬南部・神山,神山町,51340204,152,191,
美馬南部・神山,神山町,51340205,148,186,
美馬南部・神山,神山町,51340206,149,187,
美馬南部・神山,神山町,51340207,149,187,
美馬南部・神山,神山町,51340208,150,188,
美馬南部・神山,神山町,51340209,152,191,
美馬南部・神山,神山町,51340216,146,183,
美馬南部・神山,神山町,51340217,146,183,
美馬南部・神山,神山町,51340218,147,184,
美馬南部・神山,神山町,51340219,149,187,
美馬南部・神山,神山町,51340227,143,179,
美馬南部・神山,神山町,51340228,145,182,
美馬南部・神山,神山町,51340229,147,184,
美馬南部・神山,神山町,51340237,141,177,
美馬南部・神山,神山町,51340238,144,180,
美馬南部・神山,神山町,51340239,145,182,
美馬南部・神山,神山町,51340300,155,194,
美馬南部・神山,神山町,51340301,157,197,
美馬南部・神山,神山町,51340302,159,199,
美馬南部・神山,神山町,51340303,160,201,
美馬南部・神山,神山町,51340304,161,202,
美馬南部・神山,神山町,51340310,151,189,
美馬南部・神山,神山町,51340311,155,194,
美馬南部・神山,神山町,51340312,156,195,
美馬南部・神山,神山町,51340313,156,196,
美馬南部・神山,神山町,51340314,159,199,
美馬南部・神山,神山町,51340315,158,198,
美馬南部・神山,神山町,51340320,149,187,
美馬南部・神山,神山町,51340321,152,190,
美馬南部・神山,神山町,51340322,154,193,
美馬南部・神山,神山町,51340323,156,196,
美馬南部・神山,神山町,51340324,155,194,
美馬南部・神山,神山町,51340330,148,185,
美馬南部・神山,神山町,51340331,149,187,
美馬南部・神山,神山町,51340332,152,191,
美馬南部・神山,神山町,51340333,152,190,
美馬南部・神山,神山町,51340340,145,182,
美馬南部・神山,神山町,51340341,146,183,
美馬南部・神山,神山町,51340342,148,185,
美馬南部・神山,神山町,51340343,148,185,
美馬南部・神山,神山町,51340351,142,178,
美馬南部・神山,神山町,51340352,142,178,
美馬南部・神山,神山町,51340353,143,179,
美馬南部・神山,神山町,51340362,140,176,
美馬南部・神山,神山町,51340363,140,175,
美馬南部・神山,つるぎ町一宇,50337718,154,193,
美馬南部・神山,つるぎ町一宇,50337719,164,－,
美馬南部・神山,つるぎ町一宇,50337727,151,189,
美馬南部・神山,つるぎ町一宇,50337728,164,－,
美馬南部・神山,つるぎ町一宇,50337729,155,194,
美馬南部・神山,つるぎ町一宇,50337738,154,193,
美馬南部・神山,つるぎ町一宇,50337739,152,190,
美馬南部・神山,つるぎ町一宇,50346054,176,220,
美馬南部・神山,つるぎ町一宇,50346055,186,233,
美馬南部・神山,つるぎ町一宇,50346056,196,245,
美馬南部・神山,つるぎ町一宇,50346057,200,250,
美馬南部・神山,つるぎ町一宇,50346063,170,213,
美馬南部・神山,つるぎ町一宇,50346064,174,218,
美馬南部・神山,つるぎ町一宇,50346065,181,227,
美馬南部・神山,つるぎ町一宇,50346066,190,238,
美馬南部・神山,つるぎ町一宇,50346067,196,245,
美馬南部・神山,つるぎ町一宇,50346068,196,246,
美馬南部・神山,つるぎ町一宇,50346074,170,213,
美馬南部・神山,つるぎ町一宇,50346075,176,220,
美馬南部・神山,つるぎ町一宇,50346076,180,226,
美馬南部・神山,つるぎ町一宇,50346077,188,236,
美馬南部・神山,つるぎ町一宇,50346078,192,241,
美馬南部・神山,つるぎ町一宇,50346079,200,250,
美馬南部・神山,つるぎ町一宇,50346081,160,200,
美馬南部・神山,つるぎ町一宇,50346082,160,201,
美馬南部・神山,つるぎ町一宇,50346083,162,203,
美馬南部・神山,つるぎ町一宇,50346084,165,207,
美馬南部・神山,つるぎ町一宇,50346085,169,212,
美馬南部・神山,つるぎ町一宇,50346086,176,220,
美馬南部・神山,つるぎ町一宇,50346087,183,229,
美馬南部・神山,つるぎ町一宇,50346088,189,237,
美馬南部・神山,つるぎ町一宇,50346089,193,242,
美馬南部・神山,つるぎ町一宇,50346090,157,197,
美馬南部・神山,つるぎ町一宇,50346091,156,196,
美馬南部・神山,つるぎ町一宇,50346092,157,197,
美馬南部・神山,つるぎ町一宇,50346093,158,198,
美馬南部・神山,つるぎ町一宇,50346094,160,200,
美馬南部・神山,つるぎ町一宇,50346095,165,207,
美馬南部・神山,つるぎ町一宇,50346096,175,219,
美馬南部・神山,つるぎ町一宇,50346097,182,228,
美馬南部・神山,つるぎ町一宇,50346098,186,233,
美馬南部・神山,つるぎ町一宇,50346099,188,235,
美馬南部・神山,つるぎ町一宇,50347000,155,194,
美馬南部・神山,つるぎ町一宇,50347001,155,194,
美馬南部・神山,つるぎ町一宇,50347002,155,194,
美馬南部・神山,つるぎ町一宇,50347003,155,194,
美馬南部・神山,つるぎ町一宇,50347004,157,197,
美馬南部・神山,つるぎ町一宇,50347005,162,203,
美馬南部・神山,つるぎ町一宇,50347006,169,212,
美馬南部・神山,つるぎ町一宇,50347007,176,220,
美馬南部・神山,つるぎ町一宇,50347008,180,225,
美馬南部・神山,つるぎ町一宇,50347009,180,226,
美馬南部・神山,つるぎ町一宇,50347010,164,－,
美馬南部・神山,つるぎ町一宇,50347011,152,191,
美馬南部・神山,つるぎ町一宇,50347012,152,191,
美馬南部・神山,つるぎ町一宇,50347013,153,192,
美馬南部・神山,つるぎ町一宇,50347014,155,194,
美馬南部・神山,つるぎ町一宇,50347015,159,199,
美馬南部・神山,つるぎ町一宇,50347016,163,204,
美馬南部・神山,つるぎ町一宇,50347017,169,212,
美馬南部・神山,つるぎ町一宇,50347020,164,－,
美馬南部・神山,つるぎ町一宇,50347021,151,189,
美馬南部・神山,つるぎ町一宇,50347022,150,188,
美馬南部・神山,つるぎ町一宇,50347023,151,189,
美馬南部・神山,つるぎ町一宇,50347024,151,189,
美馬南部・神山,つるぎ町一宇,50347025,156,195,
美馬南部・神山,つるぎ町一宇,50347026,159,199,
美馬南部・神山,つるぎ町一宇,50347027,163,204,
美馬南部・神山,つるぎ町一宇,50347030,149,187,
美馬南部・神山,つるぎ町一宇,50347031,148,186,
美馬南部・神山,つるぎ町一宇,50347032,151,－,
美馬南部・神山,つるぎ町一宇,50347033,151,－,
美馬南部・神山,つるぎ町一宇,50347034,150,188,
美馬南部・神山,つるぎ町一宇,50347035,152,191,
美馬南部・神山,つるぎ町一宇,50347036,155,194,
美馬南部・神山,つるぎ町一宇,50347037,159,199,
美馬南部・神山,つるぎ町一宇,50347041,146,183,
美馬南部・神山,つるぎ町一宇,50347042,145,182,
美馬南部・神山,つるぎ町一宇,50347043,147,184,
美馬南部・神山,つるぎ町一宇,50347044,148,186,
美馬南部・神山,つるぎ町一宇,50347045,151,189,
美馬南部・神山,つるぎ町一宇,50347046,153,192,
美馬南部・神山,つるぎ町一宇,50347047,155,194,
美馬南部・神山,つるぎ町一宇,50347052,144,181,
美馬南部・神山,つるぎ町一宇,50347053,144,181,
美馬南部・神山,つるぎ町一宇,50347054,146,183,
美馬南部・神山,つるぎ町一宇,50347055,148,185,
美馬南部・神山,つるぎ町一宇,50347056,149,187,
美馬南部・神山,つるぎ町一宇,50347057,151,189,
美馬南部・神山,つるぎ町一宇,50347066,145,182,
三好,三好市,50335689,162,196,
三好,三好市,50335699,161,195,
三好,三好市,50335752,166,201,
三好,三好市,50335761,166,200,
三好,三好市,50335762,164,198,
三好,三好市,50335763,163,197,
三好,三好市,50335764,164,198,
三好,三好市,50335765,163,197,
三好,三好市,50335770,163,197,
三好,三好市,50335771,161,195,
三好,三好市,50335772,161,195,
三好,三好市,50335773,161,194,
三好,三好市,50335774,161,195,
三好,三好市,50335775,162,196,
三好,三好市,50335780,162,196,
三好,三好市,50335781,161,195,
三好,三好市,50335782,161,194,
三好,三好市,50335783,158,191,
三好,三好市,50335784,158,191,
三好,三好市,50335785,159,192,
三好,三好市,50335790,166,200,
三好,三好市,50335791,166,201,
三好,三好市,50335792,164,198,
三好,三好市,50335793,160,193,
三好,三好市,50335794,158,191,
三好,三好市,50335795,159,192,
三好,三好市,50335799,172,208,
三好,三好市,50336519,175,212,
三好,三好市,50336526,177,214,
三好,三好市,50336527,179,216,
三好,三好市,50336528,179,216,
三好,三好市,50336529,176,213,
三好,三好市,50336534,180,218,
三好,三好市,50336535,178,215,
三好,三好市,50336536,175,212,
三好,三好市,50336537,177,214,
三好,三好市,50336538,177,214,
三好,三好市,50336539,175,212,
三好,三好市,50336543,173,209,
三好,三好市,50336544,174,210,
三好,三好市,50336545,173,209,
三好,三好市,50336546,169,204,
三好,三好市,50336547,170,205,
三好,三好市,50336548,173,209,
三好,三好市,50336549,170,206,
三好,三好市,50336553,163,197,
三好,三好市,50336554,165,199,
三好,三好市,50336555,165,199,
三好,三好市,50336556,162,196,
三好,三好市,50336557,127,154,
三好,三好市,50336558,163,197,
三好,三好市,50336559,163,197,
三好,三好市,50336563,157,190,
三好,三好市,50336564,160,193,
三好,三好市,50336565,161,195,
三好,三好市,50336566,161,195,
三好,三好市,50336567,160,193,
三好,三好市,50336568,159,192,
三好,三好市,50336569,157,190,
三好,三好市,50336574,156,188,
三好,三好市,50336575,159,192,
三好,三好市,50336576,159,192,
三好,三好市,50336577,158,191,
三好,三好市,50336578,156,189,
三好,三好市,50336579,154,186,
三好,三好市,50336584,152,184,
三好,三好市,50336585,156,188,
三好,三好市,50336586,158,191,
三好,三好市,50336587,154,186,
三好,三好市,50336588,152,184,
三好,三好市,50336589,151,182,
三好,三好市,50336595,151,182,
三好,三好市,50336596,152,184,
三好,三好市,50336597,151,182,
三好,三好市,50336598,148,179,
三好,三好市,50336599,146,177,
三好,三好市,50336600,175,－,
三好,三好市,50336603,166,200,
三好,三好市,50336604,166,201,
三好,三好市,50336608,158,191,
三好,三好市,50336609,161,195,
三好,三好市,50336610,171,207,
三好,三好市,50336611,167,202,
三好,三好市,50336612,165,199,
三好,三好市,50336613,161,195,
三好,三好市,50336614,161,195,
三好,三好市,50336615,159,192,
三好,三好市,50336616,159,－,
三好,三好市,50336617,158,191,
三好,三好市,50336618,158,191,
三好,三好市,50336619,161,195,
三好,三好市,50336620,172,208,
三好,三好市,50336621,166,201,
三好,三好市,50336622,163,197,
三好,三好市,50336623,161,195,
三好,三好市,50336624,160,193,
三好,三好市,50336625,158,191,
三好,三好市,50336626,155,187,
三好,三好市,50336627,156,189,
三好,三好市,50336628,159,192,
三好,三好市,50336629,165,199,
三好,三好市,50336630,171,207,
三好,三好市,50336631,166,201,
三好,三好市,50336632,165,199,
三好,三好市,50336633,162,196,
三好,三好市,50336634,161,194,
三好,三好市,50336635,157,190,
三好,三好市,50336636,155,187,
三好,三好市,50336637,156,188,
三好,三好市,50336638,160,193,
三好,三好市,50336639,165,199,
三好,三好市,50336640,169,204,
三好,三好市,50336641,166,200,
三好,三好市,50336642,164,198,
三好,三好市,50336643,146,177,
三好,三好市,50336644,161,195,
三好,三好市,50336645,160,193,
三好,三好市,50336646,158,191,
三好,三好市,50336647,156,189,
三好,三好市,50336648,158,191,
三好,三好市,50336649,159,192,
三好,三好市,50336650,165,199,
三好,三好市,50336651,161,195,
三好,三好市,50336652,161,195,
三好,三好市,50336653,161,195,
三好,三好市,50336654,161,194,
三好,三好市,50336655,162,196,
三好,三好市,50336656,161,194,
三好,三好市,50336657,159,192,
三好,三好市,50336658,156,188,
三好,三好市,50336659,156,188,
三好,三好市,50336660,158,191,
三好,三好市,50336661,157,190,
三好,三好市,50336662,156,188,
三好,三好市,50336663,160,193,
三好,三好市,50336664,161,195,
三好,三好市,50336665,163,197,
三好,三好市,50336666,161,194,
三好,三好市,50336667,156,189,
三好,三好市,50336668,154,186,
三好,三好市,50336669,151,183,
三好,三好市,50336670,151,183,
三好,三好市,50336671,151,183,
三好,三好市,50336672,151,183,
三好,三好市,50336673,154,186,
三好,三好市,50336674,158,191,
三好,三好市,50336675,158,191,
三好,三好市,50336676,154,186,
三好,三好市,50336677,151,182,
三好,三好市,50336678,148,179,
三好,三好市,50336679,146,177,
三好,三好市,50336680,148,179,
三好,三好市,50336681,147,178,
三好,三好市,50336682,146,177,
三好,三好市,50336683,148,179,
三好,三好市,50336684,149,180,
三好,三好市,50336685,150,181,
三好,三好市,50336686,146,176,
三好,三好市,50336687,142,172,
三好,三好市,50336688,141,171,
三好,三好市,50336689,141,170,
三好,三好市,50336690,146,176,
三好,三好市,50336691,144,174,
三好,三好市,50336692,143,173,
三好,三好市,50336693,143,173,
三好,三好市,50336694,140,169,
三好,三好市,50336695,139,168,
三好,三好市,50336696,138,167,
三好,三好市,50336697,136,165,
三好,三好市,50336698,136,165,
三好,三好市,50336699,137,166,
三好,三好市,50336700,168,203,
三好,三好市,50336701,170,205,
三好,三好市,50336702,166,201,
三好,三好市,50336703,161,195,
三好,三好市,50336704,159,192,
三好,三好市,50336705,159,192,
三好,三好市,50336706,161,194,
三好,三好市,50336707,166,200,
三好,三好市,50336709,173,209,
三好,三好市,50336710,166,201,
三好,三好市,50336711,170,205,
三好,三好市,50336712,166,200,
三好,三好市,50336713,160,193,
三好,三好市,50336714,157,190,
三好,三好市,50336715,158,191,
三好,三好市,50336716,161,194,
三好,三好市,50336717,175,－,
三好,三好市,50336718,175,－,
三好,三好市,50336719,174,210,
三好,三好市,50336720,165,199,
三好,三好市,50336721,165,199,
三好,三好市,50336722,162,196,
三好,三好市,50336723,158,191,
三好,三好市,50336724,154,186,
三好,三好市,50336725,156,188,
三好,三好市,50336726,161,194,
三好,三好市,50336727,167,202,
三好,三好市,50336728,170,205,
三好,三好市,50336729,175,212,
三好,三好市,50336730,164,198,
三好,三好市,50336731,161,195,
三好,三好市,50336732,162,196,
三好,三好市,50336733,158,191,
三好,三好市,50336734,156,188,
三好,三好市,50336735,157,190,
三好,三好市,50336736,161,195,
三好,三好市,50336737,169,204,
三好,三好市,50336738,170,205,
三好,三好市,50336739,172,208,
三好,三好市,50336740,160,193,
三好,三好市,50336741,161,195,
三好,三好市,50336742,162,196,
三好,三好市,50336743,159,192,
三好,三好市,50336744,156,188,
三好,三好市,50336745,158,191,
三好,三好市,50336746,164,198,
三好,三好市,50336747,166,200,
三好,三好市,50336748,166,201,
三好,三好市,50336749,167,202,
三好,三好市,50336750,154,186,
三好,三好市,50336751,155,187,
三好,三好市,50336752,156,189,
三好,三好市,50336753,154,186,
三好,三好市,50336754,154,186,
三好,三好市,50336755,158,191,
三好,三好市,50336756,163,197,
三好,三好市,50336757,165,199,
三好,三好市,50336758,163,197,
三好,三好市,50336759,165,199,
三好,三好市,50336760,150,181,
三好,三好市,50336761,148,179,
三好,三好市,50336762,149,180,
三好,三好市,50336763,148,179,
三好,三好市,50336764,151,183,
三好,三好市,50336765,158,191,
三好,三好市,50336766,161,195,
三好,三好市,50336767,165,199,
三好,三好市,50336768,164,198,
三好,三好市,50336769,166,200,
三好,三好市,50336770,146,176,
三好,三好市,50336771,144,174,
三好,三好市,50336772,146,176,
三好,三好市,50336773,146,177,
三好,三好市,50336774,151,182,
三好,三好市,50336775,156,188,
三好,三好市,50336776,161,194,
三好,三好市,50336777,166,－,
三好,三好市,50336778,165,199,
三好,三好市,50336779,168,203,
三好,三好市,50336780,140,169,
三好,三好市,50336781,140,169,
三好,三好市,50336782,142,172,
三好,三好市,50336783,145,175,
三好,三好市,50336784,151,183,
三好,三好市,50336785,158,191,
三好,三好市,50336786,161,194,
三好,三好市,50336787,166,－,
三好,三好市,50336788,166,200,
三好,三好市,50336789,169,204,
三好,三好市,50336790,137,166,
三好,三好市,50336791,137,166,
三好,三好市,50336792,139,168,
三好,三好市,50336793,146,176,
三好,三好市,50336794,156,188,
三好,三好市,50336795,161,195,
三好,三好市,50336796,161,194,
三好,三好市,50336797,161,195,
三好,三好市,50336798,163,197,
三好,三好市,50336799,167,202,
三好,三好市,50337505,146,177,
三好,三好市,50337506,146,177,
三好,三好市,50337507,146,176,
三好,三好市,50337508,143,173,
三好,三好市,50337509,143,173,
三好,三好市,50337514,139,168,
三好,三好市,50337515,141,171,
三好,三好市,50337516,141,171,
三好,三好市,50337517,142,172,
三好,三好市,50337518,142,172,
三好,三好市,50337519,143,173,
三好,三好市,50337525,138,167,
三好,三好市,50337526,137,166,
三好,三好市,50337527,139,168,
三好,三好市,50337528,142,172,
三好,三好市,50337529,143,173,
三好,三好市,50337535,136,165,
三好,三好市,50337536,136,165,
三好,三好市,50337537,139,168,
三好,三好市,50337538,142,172,
三好,三好市,50337539,143,173,
三好,三好市,50337545,137,166,
三好,三好市,50337546,137,166,
三好,三好市,50337547,139,168,
三好,三好市,50337548,141,170,
三好,三好市,50337549,141,170,
三好,三好市,50337555,137,166,
三好,三好市,50337556,138,167,
三好,三好市,50337557,139,168,
三好,三好市,50337558,139,168,
三好,三好市,50337559,118,143,
三好,三好市,50337565,136,164,
三好,三好市,50337566,136,165,
三好,三好市,50337567,137,166,
三好,三好市,50337568,138,167,
三好,三好市,50337569,138,167,
三好,三好市,50337575,134,162,
三好,三好市,50337576,133,161,
三好,三好市,50337577,135,163,
三好,三好市,50337578,108,131,
三好,三好市,50337579,136,165,
三好,三好市,50337584,135,163,
三好,三好市,50337585,132,160,
三好,三好市,50337586,131,159,
三好,三好市,50337587,133,161,
三好,三好市,50337588,134,162,
三好,三好市,50337589,132,160,
三好,三好市,50337594,135,163,
三好,三好市,50337595,133,161,
三好,三好市,50337596,131,159,
三好,三好市,50337597,132,160,
三好,三好市,50337598,135,163,
三好,三好市,50337599,131,159,
三好,三好市,50337600,141,171,
三好,三好市,50337601,141,171,
三好,三好市,50337602,141,171,
三好,三好市,50337603,140,169,
三好,三好市,50337604,138,167,
三好,三好市,50337605,136,164,
三好,三好市,50337606,139,－,
三好,三好市,50337607,135,163,
三好,三好市,50337608,135,163,
三好,三好市,50337609,136,165,
三好,三好市,50337610,141,171,
三好,三好市,50337611,140,169,
三好,三好市,50337612,137,166,
三好,三好市,50337613,141,－,
三好,三好市,50337614,136,164,
三好,三好市,50337615,136,164,
三好,三好市,50337616,139,－,
三好,三好市,50337617,133,161,
三好,三好市,50337618,134,162,
三好,三好市,50337619,136,165,
三好,三好市,50337620,141,171,
三好,三好市,50337621,138,167,
三好,三好市,50337622,136,164,
三好,三好市,50337623,136,164,
三好,三好市,50337624,134,162,
三好,三好市,50337625,133,161,
三好,三好市,50337626,133,161,
三好,三好市,50337627,133,161,
三好,三好市,50337628,131,159,
三好,三好市,50337629,134,162,
三好,三好市,50337630,141,171,
三好,三好市,50337631,136,165,
三好,三好市,50337632,134,162,
三好,三好市,50337633,134,162,
三好,三好市,50337634,132,160,
三好,三好市,50337635,131,159,
三好,三好市,50337636,130,157,
三好,三好市,50337637,131,158,
三好,三好市,50337638,131,159,
三好,三好市,50337639,131,159,
三好,三好市,50337640,140,169,
三好,三好市,50337641,137,166,
三好,三好市,50337642,136,165,
三好,三好市,50337643,136,165,
三好,三好市,50337644,135,163,
三好,三好市,50337645,131,159,
三好,三好市,50337646,130,157,
三好,三好市,50337647,129,156,
三好,三好市,50337648,130,157,
三好,三好市,50337649,130,157,
三好,三好市,50337650,139,168,
三好,三好市,50337651,139,168,
三好,三好市,50337652,140,169,
三好,三好市,50337653,138,167,
三好,三好市,50337654,136,164,
三好,三好市,50337655,131,159,
三好,三好市,50337656,129,156,
三好,三好市,50337657,128,155,
三好,三好市,50337658,128,155,
三好,三好市,50337659,131,158,
三好,三好市,50337660,138,167,
三好,三好市,50337661,137,166,
三好,三好市,50337662,140,169,
三好,三好市,50337663,138,167,
三好,三好市,50337664,135,163,
三好,三好市,50337665,131,158,
三好,三好市,50337666,128,155,
三好,三好市,50337667,127,154,
三好,三好市,50337668,128,155,
三好,三好市,50337669,131,158,
三好,三好市,50337670,136,165,
三好,三好市,50337671,135,163,
三好,三好市,50337672,136,165,
三好,三好市,50337673,136,164,
三好,三好市,50337674,132,160,
三好,三好市,50337675,131,158,
三好,三好市,50337676,127,154,
三好,三好市,50337677,126,153,
三好,三好市,50337678,127,154,
三好,三好市,50337679,130,157,
三好,三好市,50337680,131,159,
三好,三好市,50337681,131,159,
三好,三好市,50337682,132,160,
三好,三好市,50337683,131,159,
三好,三好市,50337684,131,158,
三好,三好市,50337685,130,157,
三好,三好市,50337686,127,154,
三好,三好市,50337687,126,153,
三好,三好市,50337688,127,154,
三好,三好市,50337689,129,156,
三好,三好市,50337690,131,158,
三好,三好市,50337691,129,156,
三好,三好市,50337692,130,157,
三好,三好市,50337693,130,157,
三好,三好市,50337694,131,159,
三好,三好市,50337695,130,157,
三好,三好市,50337696,128,155,
三好,三好市,50337697,127,154,
三好,三好市,50337698,127,154,
三好,三好市,50337699,129,156,
三好,三好市,50337700,138,167,
三好,三好市,50337701,136,165,
三好,三好市,50337702,156,－,
三好,三好市,50337703,144,174,
三好,三好市,50337704,156,189,
三好,三好市,50337705,163,197,
三好,三好市,50337706,161,195,
三好,三好市,50337707,159,192,
三好,三好市,50337708,163,197,
三好,三好市,50337709,164,198,
三好,三好市,50337710,138,167,
三好,三好市,50337711,137,166,
三好,三好市,50337712,136,165,
三好,三好市,50337713,156,－,
三好,三好市,50337714,153,185,
三好,三好市,50337715,159,192,
三好,三好市,50337716,158,191,
三好,三好市,50337717,161,195,
三好,三好市,50337720,136,164,
三好,三好市,50337721,136,165,
三好,三好市,50337722,137,166,
三好,三好市,50337723,141,170,
三好,三好市,50337724,146,177,
三好,三好市,50337725,151,183,
三好,三好市,50337726,161,－,
三好,三好市,50337730,132,160,
三好,三好市,50337731,136,164,
三好,三好市,50337732,139,168,
三好,三好市,50337733,143,173,
三好,三好市,50337734,146,177,
三好,三好市,50337735,151,182,
三好,三好市,50337736,155,187,
三好,三好市,50337737,161,195,
三好,三好市,50337740,132,160,
三好,三好市,50337741,137,166,
三好,三好市,50337742,141,171,
三好,三好市,50337743,145,175,
三好,三好市,50337744,146,177,
三好,三好市,50337745,152,184,
三好,三好市,50337746,157,190,
三好,三好市,50337747,160,193,
三好,三好市,50337750,134,162,
三好,三好市,50337751,140,169,
三好,三好市,50337752,143,173,
三好,三好市,50337753,146,177,
三好,三好市,50337754,153,－,
三好,三好市,50337755,153,185,
三好,三好市,50337756,156,189,
三好,三好市,50337760,135,163,
三好,三好市,50337761,137,166,
三好,三好市,50337762,142,172,
三好,三好市,50337763,146,177,
三好,三好市,50337764,150,181,
三好,三好市,50337765,153,185,
三好,三好市,50337770,127,154,
三好,三好市,50337771,137,166,
三好,三好市,50337772,141,170,
三好,三好市,50337780,132,160,
三好,三好市,50337781,136,165,
三好,三好市,50337782,141,170,
三好,三好市,50337790,132,160,
三好,三好市,50337791,136,165,
三好,三好市,50337792,139,168,
三好,三好市,50345090,174,210,
三好,三好市,50345091,175,212,
三好,三好市,50345092,177,214,
三好,三好市,50346000,177,214,
三好,三好市,50346001,179,216,
三好,三好市,50346002,180,218,
三好,三好市,50346003,181,219,
三好,三好市,50346004,184,222,
三好,三好市,50346010,180,218,
三好,三好市,50346011,187,226,
三好,三好市,50346012,185,223,
三好,三好市,50346013,180,218,
三好,三好市,50346014,185,223,
三好,三好市,50346015,188,227,
三好,三好市,50346016,198,239,
三好,三好市,50346020,184,222,
三好,三好市,50346021,190,229,
三好,三好市,50346022,185,224,
三好,三好市,50346023,180,218,
三好,三好市,50346024,181,219,
三好,三好市,50346025,223,－,
三好,三好市,50346026,223,－,
三好,三好市,50346027,206,249,
三好,三好市,50346030,177,214,
三好,三好市,50346031,180,218,
三好,三好市,50346032,180,217,
三好,三好市,50346033,176,213,
三好,三好市,50346034,180,218,
三好,三好市,50346035,190,230,
三好,三好市,50346036,201,243,
三好,三好市,50346040,171,207,
三好,三好市,50346041,174,210,
三好,三好市,50346042,175,211,
三好,三好市,50346043,176,213,
三好,三好市,50346044,183,221,
三好,三好市,50346045,195,236,
三好,三好市,50346046,207,250,
三好,三好市,50346050,169,204,
三好,三好市,50346051,170,205,
三好,三好市,50346052,177,－,
三好,三好市,50346053,177,214,
三好,三好市,50346060,170,206,
三好,三好市,50346061,174,210,
三好,三好市,50346062,177,214,
三好,三好市,50346070,170,205,
三好,三好市,50346071,173,209,
三好,三好市,50346072,175,212,
三好,三好市,50346073,175,212,
三好,三好市,50346080,168,203,
三好,三好市,51330505,131,158,
三好,三好市,51330506,131,159,
三好,三好市,51330507,131,159,
三好,三好市,51330508,133,161,
三好,三好市,51330509,132,160,
三好,三好市,51330515,130,157,
三好,三好市,51330516,131,159,
三好,三好市,51330517,131,159,
三好,三好市,51330518,131,159,
三好,三好市,51330519,132,160,
三好,三好市,51330527,131,159,
三好,三好市,51330528,131,159,
三好,三好市,51330529,131,159,
三好,三好市,51330538,128,155,
三好,三好市,51330539,129,156,
三好,三好市,51330548,126,152,
三好,三好市,51330549,126,153,
三好,三好市,51330559,125,151,
三好,三好市,51330600,131,159,
三好,三好市,51330601,131,158,
三好,三好市,51330602,131,159,
三好,三好市,51330603,131,159,
三好,三好市,51330604,131,158,
三好,三好市,51330605,130,157,
三好,三好市,51330606,127,154,
三好,三好市,51330607,127,154,
三好,三好市,51330608,127,154,
三好,三好市,51330609,130,157,
三好,三好市,51330610,131,159,
三好,三好市,51330611,133,161,
三好,三好市,51330612,134,162,
三好,三好市,51330613,132,160,
三好,三好市,51330614,131,159,
三好,三好市,51330615,131,158,
三好,三好市,51330616,128,155,
三好,三好市,51330617,128,155,
三好,三好市,51330618,128,155,
三好,三好市,51330619,129,156,
三好,三好市,51330620,131,159,
三好,三好市,51330621,135,163,
三好,三好市,51330622,136,164,
三好,三好市,51330623,136,164,
三好,三好市,51330624,127,154,
三好,三好市,51330625,126,152,
三好,三好市,51330626,130,157,
三好,三好市,51330627,127,154,
三好,三好市,51330628,127,154,
三好,三好市,51330629,128,155,
三好,三好市,51330630,131,158,
三好,三好市,51330631,131,159,
三好,三好市,51330632,133,161,
三好,三好市,51330633,134,162,
三好,三好市,51330634,134,162,
三好,三好市,51330635,131,159,
三好,三好市,51330636,130,157,
三好,三好市,51330637,127,154,
三好,三好市,51330638,127,154,
三好,三好市,51330639,126,153,
三好,三好市,51330640,128,155,
三好,三好市,51330641,130,157,
三好,三好市,51330642,131,158,
三好,三好市,51330643,131,159,
三好,三好市,51330644,132,160,
三好,三好市,51330645,131,159,
三好,三好市,51330646,128,155,
三好,三好市,51330647,127,154,
三好,三好市,51330650,126,153,
三好,三好市,51330651,127,154,
三好,三好市,51330652,129,156,
三好,三好市,51330653,131,158,
三好,三好市,51330654,131,158,
三好,三好市,51330655,129,156,
三好,三好市,51330656,127,154,
三好,三好市,51330657,126,152,
三好,三好市,51330660,125,151,
三好,三好市,51330661,126,153,
三好,三好市,51330662,127,154,
三好,三好市,51330663,130,157,
三好,三好市,51330664,129,156,
三好,三好市,51330665,129,156,
三好,三好市,51330666,127,154,
三好,三好市,51330671,124,150,
三好,三好市,51330672,127,154,
三好,三好市,51330673,128,155,
三好,三好市,51330674,128,155,
三好,三好市,51330675,127,154,
三好,三好市,51330676,126,152,
三好,三好市,51330681,122,148,
三好,三好市,51330682,126,152,
三好,三好市,51330683,128,155,
三好,三好市,51330684,128,155,
三好,三好市,51330685,126,152,
三好,三好市,51330700,132,160,
三好,三好市,51330701,136,164,
三好,三好市,51330702,137,166,
三好,三好市,51330710,130,157,
三好,三好市,51330711,132,160,
三好,三好市,51330720,129,156,
三好,三好市,51330721,129,156,
三好,三好市,51330730,126,153,
三好,三好市,51330731,127,154,
三好,三好市,51330755,123,149,
三好,三好市,51330756,123,149,
三好,三好市,51330757,123,149,
三好,三好市,51330758,122,148,
三好,三好市,51330759,124,－,
三好,三好市,51330764,122,147,
三好,三好市,51330765,121,146,
三好,三好市,51330766,122,147,
三好,三好市,51330767,122,147,
三好,三好市,51330768,121,146,
三好,三好市,51330769,121,146,
三好,三好市,51330774,120,145,
三好,三好市,51330775,120,145,
三好,三好市,51330776,120,145,
三好,三好市,51330777,121,146,
三好,三好市,51330778,120,145,
三好,三好市,51330779,120,145,
三好,三好市,51330784,120,145,
三好,三好市,51330785,118,143,
三好,三好市,51330786,119,144,
三好,三好市,51330787,120,145,
三好,三好市,51330788,120,145,
三好,三好市,51330789,119,144,
三好,三好市,51330793,119,144,
三好,三好市,51330794,119,144,
三好,三好市,51330795,118,143,
三好,三好市,51330796,118,143,
三好,三好市,51330797,117,142,
三好,三好市,51331702,118,143,
三好,三好市,51331703,118,143,
三好,三好市,51331704,117,141,
三好,三好市,51331705,117,141,
三好,三好市,51331712,117,142,
三好,三好市,51331713,117,141,
三好,三好市,51331714,116,140,
三好,三好市,51331715,116,140,
三好,三好市,51331723,115,139,
三好,三好市,51331724,115,139,
三好,三好市,51331734,116,140,
三好,東みよし町,50337757,158,191,
三好,東みよし町,50337766,155,187,
三好,東みよし町,50337767,156,189,
三好,東みよし町,50337768,155,187,
三好,東みよし町,50337773,145,175,
三好,東みよし町,50337774,146,177,
三好,東みよし町,50337775,150,181,
三好,東みよし町,50337776,151,182,
三好,東みよし町,50337777,151,182,
三好,東みよし町,50337778,151,182,
三好,東みよし町,50337779,148,179,
三好,東みよし町,50337783,142,172,
三好,東みよし町,50337784,144,174,
三好,東みよし町,50337785,146,176,
三好,東みよし町,50337786,146,177,
三好,東みよし町,50337787,148,179,
三好,東みよし町,50337788,146,176,
三好,東みよし町,50337789,143,173,
三好,東みよし町,50337793,141,171,
三好,東みよし町,50337794,141,170,
三好,東みよし町,50337795,142,172,
三好,東みよし町,50337796,143,173,
三好,東みよし町,50337797,145,175,
三好,東みよし町,50337798,142,172,
三好,東みよし町,50337799,139,168,
三好,東みよし町,51330648,126,152,
三好,東みよし町,51330649,124,150,
三好,東みよし町,51330658,124,150,
三好,東みよし町,51330659,124,150,
三好,東みよし町,51330667,125,151,
三好,東みよし町,51330668,124,150,
三好,東みよし町,51330669,123,149,
三好,東みよし町,51330677,124,150,
三好,東みよし町,51330678,123,149,
三好,東みよし町,51330679,122,148,
三好,東みよし町,51330686,125,151,
三好,東みよし町,51330687,123,149,
三好,東みよし町,51330688,121,146,
三好,東みよし町,51330689,121,146,
三好,東みよし町,51330696,124,150,
三好,東みよし町,51330697,120,145,
三好,東みよし町,51330698,120,145,
三好,東みよし町,51330699,121,146,
三好,東みよし町,51330703,138,167,
三好,東みよし町,51330704,138,167,
三好,東みよし町,51330705,139,168,
三好,東みよし町,51330706,140,169,
三好,東みよし町,51330707,139,168,
三好,東みよし町,51330708,136,165,
三好,東みよし町,51330709,138,167,
三好,東みよし町,51330712,134,162,
三好,東みよし町,51330713,136,164,
三好,東みよし町,51330714,136,164,
三好,東みよし町,51330715,136,165,
三好,東みよし町,51330716,136,164,
三好,東みよし町,51330717,136,164,
三好,東みよし町,51330718,134,162,
三好,東みよし町,51330719,134,162,
三好,東みよし町,51330722,131,158,
三好,東みよし町,51330723,131,159,
三好,東みよし町,51330724,131,159,
三好,東みよし町,51330725,131,159,
三好,東みよし町,51330726,131,159,
三好,東みよし町,51330727,131,158,
三好,東みよし町,51330728,130,157,
三好,東みよし町,51330729,130,157,
三好,東みよし町,51330732,127,154,
三好,東みよし町,51330733,128,155,
三好,東みよし町,51330734,127,154,
三好,東みよし町,51330735,127,154,
三好,東みよし町,51330736,126,152,
三好,東みよし町,51330737,126,153,
三好,東みよし町,51330738,126,152,
三好,東みよし町,51330739,126,152,
三好,東みよし町,51330740,126,152,
三好,東みよし町,51330741,126,153,
三好,東みよし町,51330742,126,152,
三好,東みよし町,51330743,128,－,
三好,東みよし町,51330744,126,152,
三好,東みよし町,51330745,124,150,
三好,東みよし町,51330746,123,149,
三好,東みよし町,51330747,124,150,
三好,東みよし町,51330748,124,150,
三好,東みよし町,51330749,124,150,
三好,東みよし町,51330750,123,149,
三好,東みよし町,51330751,124,150,
三好,東みよし町,51330752,124,150,
三好,東みよし町,51330753,124,150,
三好,東みよし町,51330754,123,149,
三好,東みよし町,51330760,123,149,
三好,東みよし町,51330761,123,149,
三好,東みよし町,51330762,122,148,
三好,東みよし町,51330763,122,147,
三好,東みよし町,51330770,122,147,
三好,東みよし町,51330771,122,147,
三好,東みよし町,51330772,122,147,
三好,東みよし町,51330773,122,147,
三好,東みよし町,51330780,122,147,
三好,東みよし町,51330781,121,146,
三好,東みよし町,51330782,121,146,
三好,東みよし町,51330783,121,146,
三好,東みよし町,51330790,122,147,
三好,東みよし町,51330791,121,146,
三好,東みよし町,51330792,120,145,
三好,東みよし町,51331606,121,146,
三好,東みよし町,51331607,120,145,
三好,東みよし町,51331608,120,145,
三好,東みよし町,51331609,121,146,
三好,東みよし町,51331616,120,145,
三好,東みよし町,51331617,119,144,
三好,東みよし町,51331618,120,145,
三好,東みよし町,51331619,120,145,
三好,東みよし町,51331700,120,145,
三好,東みよし町,51331701,120,145,
三好,東みよし町,51331710,120,145,
三好,東みよし町,51331711,120,145,
三好,東みよし町,51331721,117,142,
阿南,阿南市,50345446,182,225,
阿南,阿南市,50345455,187,231,
阿南,阿南市,50345456,185,229,
阿南,阿南市,50345457,183,226,
阿南,阿南市,50345458,181,224,
阿南,阿南市,50345462,205,－,
阿南,阿南市,50345464,192,238,
阿南,阿南市,50345465,189,234,
阿南,阿南市,50345466,187,232,
阿南,阿南市,50345467,185,229,
阿南,阿南市,50345468,182,225,
阿南,阿南市,50345469,179,222,
阿南,阿南市,50345471,205,254,
阿南,阿南市,50345472,202,250,
阿南,阿南市,50345473,199,246,
阿南,阿南市,50345474,195,241,
阿南,阿南市,50345475,192,238,
阿南,阿南市,50345476,190,235,
阿南,阿南市,50345477,188,233,
阿南,阿南市,50345478,184,228,
阿南,阿南市,50345479,181,224,
阿南,阿南市,50345481,206,255,
阿南,阿南市,50345482,203,251,
阿南,阿南市,50345483,200,248,
阿南,阿南市,50345484,197,244,
阿南,阿南市,50345485,195,241,
阿南,阿南市,50345486,191,237,
阿南,阿南市,50345487,182,225,
阿南,阿南市,50345488,132,163,
阿南,阿南市,50345489,182,225,
阿南,阿南市,50345491,205,254,
阿南,阿南市,50345492,203,251,
阿南,阿南市,50345493,201,249,
阿南,阿南市,50345494,200,247,
阿南,阿南市,50345495,196,243,
阿南,阿南市,50345496,191,237,
阿南,阿南市,50345497,187,232,
阿南,阿南市,50345498,184,228,
阿南,阿南市,50345499,183,226,
阿南,阿南市,50345560,178,220,
阿南,阿南市,50345564,170,211,
阿南,阿南市,50345565,173,－,
阿南,阿南市,50345570,179,221,
阿南,阿南市,50345571,178,220,
阿南,阿南市,50345572,175,217,
阿南,阿南市,50345574,172,213,
阿南,阿南市,50345575,173,－,
阿南,阿南市,50345576,173,－,
阿南,阿南市,50345580,179,221,
阿南,阿南市,50345581,178,220,
阿南,阿南市,50345582,177,219,
阿南,阿南市,50345583,175,217,
阿南,阿南市,50345584,173,214,
阿南,阿南市,50345585,171,212,
阿南,阿南市,50345586,168,208,
阿南,阿南市,50345587,173,－,
阿南,阿南市,50345588,173,－,
阿南,阿南市,50345590,181,224,
阿南,阿南市,50345591,179,222,
阿南,阿南市,50345592,178,220,
阿南,阿南市,50345593,176,218,
阿南,阿南市,50345594,175,217,
阿南,阿南市,50345595,174,215,
阿南,阿南市,50345596,170,211,
阿南,阿南市,50345597,166,206,
阿南,阿南市,50345598,162,201,
阿南,阿南市,50345599,162,201,
阿南,阿南市,50346347,216,267,
阿南,阿南市,50346348,213,263,
阿南,阿南市,50346349,208,258,
阿南,阿南市,50346358,213,263,
阿南,阿南市,50346359,207,256,
阿南,阿南市,50346368,213,264,
阿南,阿南市,50346369,209,259,
阿南,阿南市,50346378,213,264,
阿南,阿南市,50346379,211,261,
阿南,阿南市,50346389,213,263,
阿南,阿南市,50346402,203,251,
阿南,阿南市,50346403,202,250,
阿南,阿南市,50346404,200,248,
阿南,阿南市,50346405,199,246,
阿南,阿南市,50346406,192,238,
阿南,阿南市,50346407,189,234,
阿南,阿南市,50346408,186,230,
阿南,阿南市,50346409,183,227,
阿南,阿南市,50346412,202,250,
阿南,阿南市,50346413,201,249,
阿南,阿南市,50346414,200,247,
阿南,阿南市,50346415,198,245,
阿南,阿南市,50346416,196,242,
阿南,阿南市,50346417,166,206,
阿南,阿南市,50346418,187,232,
阿南,阿南市,50346419,184,228,
阿南,阿南市,50346424,197,244,
阿南,阿南市,50346425,196,243,
阿南,阿南市,50346426,196,243,
阿南,阿南市,50346427,193,239,
阿南,阿南市,50346428,189,234,
阿南,阿南市,50346429,186,230,
阿南,阿南市,50346434,195,241,
阿南,阿南市,50346435,195,241,
阿南,阿南市,50346436,195,241,
阿南,阿南市,50346437,194,240,
阿南,阿南市,50346438,191,236,
阿南,阿南市,50346439,186,230,
阿南,阿南市,50346440,205,254,
阿南,阿南市,50346443,197,244,
阿南,阿南市,50346444,195,241,
阿南,阿南市,50346445,193,239,
阿南,阿南市,50346446,194,240,
阿南,阿南市,50346447,193,239,
阿南,阿南市,50346448,191,237,
阿南,阿南市,50346449,187,232,
阿南,阿南市,50346450,205,254,
阿南,阿南市,50346451,203,251,
阿南,阿南市,50346452,201,249,
阿南,阿南市,50346453,198,245,
阿南,阿南市,50346454,196,242,
阿南,阿南市,50346455,193,239,
阿南,阿南市,50346456,192,238,
阿南,阿南市,50346457,192,238,
阿南,阿南市,50346458,191,237,
阿南,阿南市,50346459,188,233,
阿南,阿南市,50346460,208,257,
阿南,阿南市,50346461,204,253,
阿南,阿南市,50346462,202,250,
阿南,阿南市,50346463,198,245,
阿南,阿南市,50346464,196,243,
阿南,阿南市,50346465,194,240,
阿南,阿南市,50346466,192,238,
阿南,阿南市,50346467,191,236,
阿南,阿南市,50346468,191,236,
阿南,阿南市,50346469,189,234,
阿南,阿南市,50346470,209,259,
阿南,阿南市,50346471,205,254,
阿南,阿南市,50346472,202,250,
阿南,阿南市,50346473,199,246,
阿南,阿南市,50346474,196,243,
阿南,阿南市,50346475,193,239,
阿南,阿南市,50346476,191,236,
阿南,阿南市,50346477,189,234,
阿南,阿南市,50346478,189,234,
阿南,阿南市,50346479,190,235,
阿南,阿南市,50346480,212,262,
阿南,阿南市,50346481,206,255,
阿南,阿南市,50346482,202,250,
阿南,阿南市,50346483,200,247,
阿南,阿南市,50346484,197,244,
阿南,阿南市,50346485,192,238,
阿南,阿南市,50346486,189,234,
阿南,阿南市,50346487,187,231,
阿南,阿南市,50346488,187,232,
阿南,阿南市,50346489,187,232,
阿南,阿南市,50346491,204,253,
阿南,阿南市,50346492,202,250,
阿南,阿南市,50346493,200,248,
阿南,阿南市,50346494,186,230,
阿南,阿南市,50346495,196,242,
阿南,阿南市,50346496,189,234,
阿南,阿南市,50346497,186,230,
阿南,阿南市,50346498,186,230,
阿南,阿南市,50346499,185,229,
阿南,阿南市,50346500,182,225,
阿南,阿南市,50346501,179,222,
阿南,阿南市,50346502,179,221,
阿南,阿南市,50346503,176,218,
阿南,阿南市,50346504,177,219,
阿南,阿南市,50346505,177,219,
阿南,阿南市,50346506,172,213,
阿南,阿南市,50346507,168,208,
阿南,阿南市,50346508,165,204,
阿南,阿南市,50346509,165,204,
阿南,阿南市,50346510,182,225,
阿南,阿南市,50346511,179,221,
阿南,阿南市,50346512,179,221,
阿南,阿南市,50346513,177,219,
阿南,阿南市,50346514,176,218,
阿南,阿南市,50346515,176,218,
阿南,阿南市,50346516,173,214,
阿南,阿南市,50346517,168,208,
阿南,阿南市,50346519,165,－,
阿南,阿南市,50346520,181,224,
阿南,阿南市,50346521,179,221,
阿南,阿南市,50346522,178,220,
阿南,阿南市,50346523,182,－,
阿南,阿南市,50346524,182,－,
阿南,阿南市,50346525,174,215,
阿南,阿南市,50346526,176,－,
阿南,阿南市,50346530,182,225,
阿南,阿南市,50346531,179,221,
阿南,阿南市,50346532,175,217,
阿南,阿南市,50346533,182,－,
阿南,阿南市,50346540,183,226,
阿南,阿南市,50346541,179,221,
阿南,阿南市,50346542,182,－,
阿南,阿南市,50346550,183,227,
阿南,阿南市,50346551,182,225,
阿南,阿南市,50346552,179,222,
阿南,阿南市,50346553,182,－,
阿南,阿南市,50346554,171,212,
阿南,阿南市,50346560,185,229,
阿南,阿南市,50346561,183,227,
阿南,阿南市,50346562,182,225,
阿南,阿南市,50346563,176,218,
阿南,阿南市,50346564,170,211,
阿南,阿南市,50346570,185,229,
阿南,阿南市,50346571,182,225,
阿南,阿南市,50346572,179,221,
阿南,阿南市,50346573,174,215,
阿南,阿南市,50346574,168,208,
阿南,阿南市,50346580,185,229,
阿南,阿南市,50346581,181,224,
阿南,阿南市,50346582,157,195,
阿南,阿南市,50346583,165,204,
阿南,阿南市,50346584,174,－,
阿南,阿南市,50346585,162,200,
阿南,阿南市,50346590,183,226,
阿南,阿南市,50346591,181,224,
阿南,阿南市,50346592,179,221,
阿南,阿南市,50346593,173,214,
阿南,阿南市,50346594,167,207,
阿南,阿南市,50346595,162,200,
阿南,阿南市,50346596,160,198,
阿南,阿南市,50346600,165,－,
阿南,阿南市,50346604,149,184,
阿南,阿南市,50346605,148,183,
阿南,阿南市,50346614,149,185,
阿南,阿南市,50346615,148,183,
阿南,阿南市,50346624,149,184,
阿南,阿南市,50346625,149,－,
阿南,阿南市,50347402,200,248,
阿南,阿南市,50347403,200,248,
阿南,阿南市,50347404,200,247,
阿南,阿南市,50347405,195,241,
阿南,阿南市,50347406,190,235,
阿南,阿南市,50347407,186,230,
阿南,阿南市,50347408,184,228,
阿南,阿南市,50347409,182,225,
阿南,阿南市,50347413,200,247,
阿南,阿南市,50347414,198,245,
阿南,阿南市,50347415,194,240,
阿南,阿南市,50347416,191,236,
阿南,阿南市,50347417,187,231,
阿南,阿南市,50347418,184,228,
阿南,阿南市,50347419,182,225,
阿南,阿南市,50347425,193,239,
阿南,阿南市,50347426,191,236,
阿南,阿南市,50347427,191,－,
阿南,阿南市,50347428,191,－,
阿南,阿南市,50347429,191,－,
阿南,阿南市,50347437,183,227,
阿南,阿南市,50347438,182,225,
阿南,阿南市,50347439,180,223,
阿南,阿南市,50347449,179,221,
阿南,阿南市,50347459,177,219,
阿南,阿南市,50347500,191,－,
阿南,阿南市,50347501,181,224,
阿南,阿南市,50347502,181,224,
阿南,阿南市,50347503,191,－,
阿南,阿南市,50347504,191,－,
阿南,阿南市,50347505,164,203,
阿南,阿南市,50347506,191,－,
阿南,阿南市,50347510,191,－,
阿南,阿南市,50347511,191,－,
阿南,阿南市,50347512,191,－,
阿南,阿南市,50347513,191,－,
阿南,阿南市,50347514,191,－,
阿南,阿南市,50347515,191,－,
阿南,阿南市,50347516,191,－,
阿南,阿南市,50347520,191,－,
阿南,阿南市,50347521,191,－,
阿南,阿南市,50347522,191,－,
阿南,阿南市,50347523,191,－,
阿南,阿南市,50347524,191,－,
阿南,阿南市,50347525,191,－,
阿南,阿南市,50347526,191,－,
阿南,阿南市,50347530,191,－,
阿南,阿南市,50347531,191,－,
阿南,阿南市,50347532,191,－,
阿南,阿南市,50347533,191,－,
阿南,阿南市,50347534,191,－,
阿南,阿南市,50347535,191,－,
阿南,阿南市,50347540,175,217,
阿南,阿南市,50347541,191,－,
阿南,阿南市,50347542,191,－,
阿南,阿南市,50347543,191,－,
阿南,阿南市,50347544,191,－,
阿南,阿南市,50347545,191,－,
阿南,阿南市,50347550,174,216,
阿南,阿南市,50347551,191,－,
阿南,阿南市,50347552,191,－,
阿南,阿南市,50347553,191,－,
阿南,阿南市,50347554,191,－,
阿南,阿南市,50347561,191,－,
阿南,阿南市,50347562,191,－,
阿南,阿南市,50347563,191,－,
阿南,阿南市,50347571,191,－,
阿南,阿南市,50347572,191,－,
那賀・勝浦,勝浦町,50346335,208,260,
那賀・勝浦,勝浦町,50346345,208,261,
那賀・勝浦,勝浦町,50346346,208,261,
那賀・勝浦,勝浦町,50346356,208,261,
那賀・勝浦,勝浦町,50346357,205,257,
那賀・勝浦,勝浦町,50346366,211,264,
那賀・勝浦,勝浦町,50346367,206,258,
那賀・勝浦,勝浦町,50346376,211,264,
那賀・勝浦,勝浦町,50346377,207,259,
那賀・勝浦,勝浦町,50346386,211,264,
那賀・勝浦,勝浦町,50346387,205,257,
那賀・勝浦,勝浦町,50346388,204,255,
那賀・勝浦,勝浦町,50346396,209,262,
那賀・勝浦,勝浦町,50346397,204,256,
那賀・勝浦,勝浦町,50346398,201,252,
那賀・勝浦,勝浦町,50346399,200,250,
那賀・勝浦,勝浦町,50346490,199,249,
那賀・勝浦,勝浦町,50347306,205,257,
那賀・勝浦,勝浦町,50347307,200,251,
那賀・勝浦,勝浦町,50347308,200,250,
那賀・勝浦,勝浦町,50347309,197,247,
那賀・勝浦,勝浦町,50347315,205,257,
那賀・勝浦,勝浦町,50347316,202,253,
那賀・勝浦,勝浦町,50347317,199,249,
那賀・勝浦,勝浦町,50347318,196,246,
那賀・勝浦,勝浦町,50347319,195,244,
那賀・勝浦,勝浦町,50347324,204,255,
那賀・勝浦,勝浦町,50347325,202,253,
那賀・勝浦,勝浦町,50347326,200,251,
那賀・勝浦,勝浦町,50347327,198,248,
那賀・勝浦,勝浦町,50347328,196,245,
那賀・勝浦,勝浦町,50347329,195,244,
那賀・勝浦,勝浦町,50347334,204,256,
那賀・勝浦,勝浦町,50347335,203,254,
那賀・勝浦,勝浦町,50347336,200,251,
那賀・勝浦,勝浦町,50347337,198,248,
那賀・勝浦,勝浦町,50347338,195,244,
那賀・勝浦,勝浦町,50347339,192,241,
那賀・勝浦,勝浦町,50347344,206,258,
那賀・勝浦,勝浦町,50347345,205,257,
那賀・勝浦,勝浦町,50347347,199,249,
那賀・勝浦,勝浦町,50347348,194,243,
那賀・勝浦,勝浦町,50347349,192,240,
那賀・勝浦,勝浦町,50347358,194,243,
那賀・勝浦,勝浦町,50347359,191,239,
那賀・勝浦,勝浦町,50347400,194,243,
那賀・勝浦,勝浦町,50347401,192,240,
那賀・勝浦,勝浦町,50347410,192,241,
那賀・勝浦,勝浦町,50347411,192,240,
那賀・勝浦,勝浦町,50347412,190,238,
那賀・勝浦,勝浦町,50347420,192,240,
那賀・勝浦,勝浦町,50347421,192,240,
那賀・勝浦,勝浦町,50347422,191,239,
那賀・勝浦,勝浦町,50347423,188,235,
那賀・勝浦,勝浦町,50347424,184,231,
那賀・勝浦,勝浦町,50347430,191,239,
那賀・勝浦,勝浦町,50347431,191,239,
那賀・勝浦,勝浦町,50347432,188,236,
那賀・勝浦,勝浦町,50347433,187,234,
那賀・勝浦,勝浦町,50347434,184,230,
那賀・勝浦,勝浦町,50347435,180,225,
那賀・勝浦,勝浦町,50347440,189,237,
那賀・勝浦,勝浦町,50347441,188,235,
那賀・勝浦,勝浦町,50347442,186,233,
那賀・勝浦,勝浦町,50347443,184,230,
那賀・勝浦,勝浦町,50347444,181,227,
那賀・勝浦,勝浦町,50347445,176,221,
那賀・勝浦,勝浦町,50347450,188,235,
那賀・勝浦,上勝町,50346228,236,296,
那賀・勝浦,上勝町,50346229,236,295,
那賀・勝浦,上勝町,50346237,236,295,
那賀・勝浦,上勝町,50346238,240,301,
那賀・勝浦,上勝町,50346239,239,299,
那賀・勝浦,上勝町,50346246,232,290,
那賀・勝浦,上勝町,50346247,236,296,
那賀・勝浦,上勝町,50346248,240,300,
那賀・勝浦,上勝町,50346249,239,299,
那賀・勝浦,上勝町,50346256,230,288,
那賀・勝浦,上勝町,50346257,236,296,
那賀・勝浦,上勝町,50346258,238,298,
那賀・勝浦,上勝町,50346259,235,294,
那賀・勝浦,上勝町,50346266,232,291,
那賀・勝浦,上勝町,50346267,235,294,
那賀・勝浦,上勝町,50346268,236,295,
那賀・勝浦,上勝町,50346269,232,291,
那賀・勝浦,上勝町,50346275,235,294,
那賀・勝浦,上勝町,50346276,239,299,
那賀・勝浦,上勝町,50346277,238,298,
那賀・勝浦,上勝町,50346278,232,291,
那賀・勝浦,上勝町,50346279,229,287,
那賀・勝浦,上勝町,50346285,195,244,
那賀・勝浦,上勝町,50346286,240,300,
那賀・勝浦,上勝町,50346287,236,296,
那賀・勝浦,上勝町,50346288,231,289,
那賀・勝浦,上勝町,50346289,228,285,
那賀・勝浦,上勝町,50346294,220,275,
那賀・勝浦,上勝町,50346295,230,288,
那賀・勝浦,上勝町,50346296,232,290,
那賀・勝浦,上勝町,50346297,231,289,
那賀・勝浦,上勝町,50346298,227,284,
那賀・勝浦,上勝町,50346299,226,283,
那賀・勝浦,上勝町,50346320,228,285,
那賀・勝浦,上勝町,50346321,220,276,
那賀・勝浦,上勝町,50346330,230,288,
那賀・勝浦,上勝町,50346331,223,279,
那賀・勝浦,上勝町,50346332,216,271,
那賀・勝浦,上勝町,50346333,211,264,
那賀・勝浦,上勝町,50346334,209,262,
那賀・勝浦,上勝町,50346340,232,291,
那賀・勝浦,上勝町,50346341,225,282,
那賀・勝浦,上勝町,50346342,218,273,
那賀・勝浦,上勝町,50346343,212,266,
那賀・勝浦,上勝町,50346344,212,265,
那賀・勝浦,上勝町,50346350,231,289,
那賀・勝浦,上勝町,50346351,225,282,
那賀・勝浦,上勝町,50346352,220,276,
那賀・勝浦,上勝町,50346353,216,270,
那賀・勝浦,上勝町,50346354,212,265,
那賀・勝浦,上勝町,50346355,210,263,
那賀・勝浦,上勝町,50346360,228,285,
那賀・勝浦,上勝町,50346361,222,278,
那賀・勝浦,上勝町,50346362,219,274,
那賀・勝浦,上勝町,50346363,216,270,
那賀・勝浦,上勝町,50346364,212,265,
那賀・勝浦,上勝町,50346365,211,264,
那賀・勝浦,上勝町,50346370,225,282,
那賀・勝浦,上勝町,50346371,219,274,
那賀・勝浦,上勝町,50346372,217,272,
那賀・勝浦,上勝町,50346373,216,270,
那賀・勝浦,上勝町,50346374,215,269,
那賀・勝浦,上勝町,50346375,214,268,
那賀・勝浦,上勝町,50346380,224,280,
那賀・勝浦,上勝町,50346381,218,273,
那賀・勝浦,上勝町,50346382,216,270,
那賀・勝浦,上勝町,50346383,216,271,
那賀・勝浦,上勝町,50346384,216,271,
那賀・勝浦,上勝町,50346385,215,269,
那賀・勝浦,上勝町,50346390,224,281,
那賀・勝浦,上勝町,50346391,218,273,
那賀・勝浦,上勝町,50346392,215,269,
那賀・勝浦,上勝町,50346393,215,269,
那賀・勝浦,上勝町,50346394,219,274,
那賀・勝浦,上勝町,50346395,216,270,
那賀・勝浦,上勝町,50347204,218,273,
那賀・勝浦,上勝町,50347205,222,278,
那賀・勝浦,上勝町,50347206,222,278,
那賀・勝浦,上勝町,50347207,224,280,
那賀・勝浦,上勝町,50347208,221,277,
那賀・勝浦,上勝町,50347209,223,279,
那賀・勝浦,上勝町,50347215,213,267,
那賀・勝浦,上勝町,50347216,214,268,
那賀・勝浦,上勝町,50347218,217,272,
那賀・勝浦,上勝町,50347219,218,273,
那賀・勝浦,上勝町,50347300,220,276,
那賀・勝浦,上勝町,50347301,217,272,
那賀・勝浦,上勝町,50347302,212,265,
那賀・勝浦,上勝町,50347303,212,265,
那賀・勝浦,上勝町,50347304,212,266,
那賀・勝浦,上勝町,50347305,210,263,
那賀・勝浦,上勝町,50347310,215,269,
那賀・勝浦,上勝町,50347311,213,267,
那賀・勝浦,上勝町,50347312,208,261,
那賀・勝浦,上勝町,50347313,208,260,
那賀・勝浦,上勝町,50347314,208,260,
那賀・勝浦,上勝町,50347320,212,265,
那賀・勝浦,上勝町,50347321,209,262,
那賀・勝浦,上勝町,50347322,207,259,
那賀・勝浦,上勝町,50347323,206,258,
那賀・勝浦,上勝町,50347332,206,258,
那賀・勝浦,上勝町,50347333,206,258,
那賀・勝浦,上勝町,50347343,206,258,
那賀・勝浦,那賀町,50344035,232,－,
那賀・勝浦,那賀町,50344036,232,291,
那賀・勝浦,那賀町,50344037,237,297,
那賀・勝浦,那賀町,50344038,244,306,
那賀・勝浦,那賀町,50344039,255,－,
那賀・勝浦,那賀町,50344045,232,－,
那賀・勝浦,那賀町,50344046,230,288,
那賀・勝浦,那賀町,50344047,237,297,
那賀・勝浦,那賀町,50344048,244,306,
那賀・勝浦,那賀町,50344049,246,308,
那賀・勝浦,那賀町,50344055,223,279,
那賀・勝浦,那賀町,50344056,229,287,
那賀・勝浦,那賀町,50344057,235,294,
那賀・勝浦,那賀町,50344058,239,299,
那賀・勝浦,那賀町,50344059,240,301,
那賀・勝浦,那賀町,50344065,222,278,
那賀・勝浦,那賀町,50344066,228,285,
那賀・勝浦,那賀町,50344067,233,292,
那賀・勝浦,那賀町,50344068,238,298,
那賀・勝浦,那賀町,50344069,243,－,
那賀・勝浦,那賀町,50344075,228,－,
那賀・勝浦,那賀町,50344076,226,283,
那賀・勝浦,那賀町,50344077,230,288,
那賀・勝浦,那賀町,50344078,233,292,
那賀・勝浦,那賀町,50344079,235,294,
那賀・勝浦,那賀町,50344085,228,－,
那賀・勝浦,那賀町,50344086,223,279,
那賀・勝浦,那賀町,50344087,225,282,
那賀・勝浦,那賀町,50344088,230,288,
那賀・勝浦,那賀町,50344089,229,287,
那賀・勝浦,那賀町,50344095,228,－,
那賀・勝浦,那賀町,50344096,219,274,
那賀・勝浦,那賀町,50344097,218,273,
那賀・勝浦,那賀町,50344098,234,－,
那賀・勝浦,那賀町,50344099,234,－,
那賀・勝浦,那賀町,50344121,255,319,
那賀・勝浦,那賀町,50344122,260,326,
那賀・勝浦,那賀町,50344130,255,－,
那賀・勝浦,那賀町,50344131,253,317,
那賀・勝浦,那賀町,50344132,256,321,
那賀・勝浦,那賀町,50344140,250,313,
那賀・勝浦,那賀町,50344141,251,314,
那賀・勝浦,那賀町,50344142,252,316,
那賀・勝浦,那賀町,50344143,265,－,
那賀・勝浦,那賀町,50344150,243,304,
那賀・勝浦,那賀町,50344151,246,308,
那賀・勝浦,那賀町,50344152,265,－,
那賀・勝浦,那賀町,50344153,247,309,
那賀・勝浦,那賀町,50344154,265,－,
那賀・勝浦,那賀町,50344155,265,－,
那賀・勝浦,那賀町,50344160,240,300,
那賀・勝浦,那賀町,50344161,241,302,
那賀・勝浦,那賀町,50344162,243,304,
那賀・勝浦,那賀町,50344163,244,306,
那賀・勝浦,那賀町,50344164,265,－,
那賀・勝浦,那賀町,50344165,265,－,
那賀・勝浦,那賀町,50344166,265,－,
那賀・勝浦,那賀町,50344168,237,297,
那賀・勝浦,那賀町,50344170,233,292,
那賀・勝浦,那賀町,50344171,235,294,
那賀・勝浦,那賀町,50344172,239,299,
那賀・勝浦,那賀町,50344173,240,301,
那賀・勝浦,那賀町,50344174,265,－,
那賀・勝浦,那賀町,50344175,265,－,
那賀・勝浦,那賀町,50344176,240,300,
那賀・勝浦,那賀町,50344177,240,300,
那賀・勝浦,那賀町,50344178,247,－,
那賀・勝浦,那賀町,50344179,247,－,
那賀・勝浦,那賀町,50344180,230,288,
那賀・勝浦,那賀町,50344181,230,288,
那賀・勝浦,那賀町,50344182,234,293,
那賀・勝浦,那賀町,50344183,237,297,
那賀・勝浦,那賀町,50344184,265,－,
那賀・勝浦,那賀町,50344185,240,300,
那賀・勝浦,那賀町,50344186,239,299,
那賀・勝浦,那賀町,50344187,237,297,
那賀・勝浦,那賀町,50344188,236,295,
那賀・勝浦,那賀町,50344189,247,－,
那賀・勝浦,那賀町,50344190,234,－,
那賀・勝浦,那賀町,50344191,234,－,
那賀・勝浦,那賀町,50344192,228,285,
那賀・勝浦,那賀町,50344193,233,292,
那賀・勝浦,那賀町,50344194,238,298,
那賀・勝浦,那賀町,50344195,238,298,
那賀・勝浦,那賀町,50344196,235,294,
那賀・勝浦,那賀町,50344197,236,296,
那賀・勝浦,那賀町,50344198,233,292,
那賀・勝浦,那賀町,50344199,233,292,
那賀・勝浦,那賀町,50344260,231,289,
那賀・勝浦,那賀町,50344270,247,－,
那賀・勝浦,那賀町,50344271,247,－,
那賀・勝浦,那賀町,50344276,224,281,
那賀・勝浦,那賀町,50344277,225,282,
那賀・勝浦,那賀町,50344279,224,281,
那賀・勝浦,那賀町,50344280,247,－,
那賀・勝浦,那賀町,50344281,247,－,
那賀・勝浦,那賀町,50344282,227,284,
那賀・勝浦,那賀町,50344283,228,286,
那賀・勝浦,那賀町,50344284,228,285,
那賀・勝浦,那賀町,50344285,228,285,
那賀・勝浦,那賀町,50344286,235,－,
那賀・勝浦,那賀町,50344287,235,－,
那賀・勝浦,那賀町,50344288,235,－,
那賀・勝浦,那賀町,50344289,228,286,
那賀・勝浦,那賀町,50344290,247,－,
那賀・勝浦,那賀町,50344291,224,281,
那賀・勝浦,那賀町,50344292,224,280,
那賀・勝浦,那賀町,50344293,226,283,
那賀・勝浦,那賀町,50344294,228,286,
那賀・勝浦,那賀町,50344295,230,288,
那賀・勝浦,那賀町,50344296,230,288,
那賀・勝浦,那賀町,50344297,235,－,
那賀・勝浦,那賀町,50344298,230,288,
那賀・勝浦,那賀町,50344299,230,288,
那賀・勝浦,那賀町,50344370,224,280,
那賀・勝浦,那賀町,50344371,222,278,
那賀・勝浦,那賀町,50344380,227,284,
那賀・勝浦,那賀町,50344381,225,282,
那賀・勝浦,那賀町,50344390,228,286,
那賀・勝浦,那賀町,50344391,228,285,
那賀・勝浦,那賀町,50344392,227,284,
那賀・勝浦,那賀町,50345005,228,－,
那賀・勝浦,那賀町,50345006,215,269,
那賀・勝浦,那賀町,50345007,212,266,
那賀・勝浦,那賀町,50345008,214,268,
那賀・勝浦,那賀町,50345009,234,－,
那賀・勝浦,那賀町,50345015,228,－,
那賀・勝浦,那賀町,50345016,211,264,
那賀・勝浦,那賀町,50345017,211,264,
那賀・勝浦,那賀町,50345018,211,264,
那賀・勝浦,那賀町,50345019,212,265,
那賀・勝浦,那賀町,50345025,200,250,
那賀・勝浦,那賀町,50345026,208,261,
那賀・勝浦,那賀町,50345027,210,263,
那賀・勝浦,那賀町,50345028,211,264,
那賀・勝浦,那賀町,50345029,208,261,
那賀・勝浦,那賀町,50345035,210,263,
那賀・勝浦,那賀町,50345036,206,258,
那賀・勝浦,那賀町,50345037,207,259,
那賀・勝浦,那賀町,50345038,208,260,
那賀・勝浦,那賀町,50345039,206,258,
那賀・勝浦,那賀町,50345044,216,270,
那賀・勝浦,那賀町,50345045,216,－,
那賀・勝浦,那賀町,50345046,204,256,
那賀・勝浦,那賀町,50345047,204,256,
那賀・勝浦,那賀町,50345048,205,257,
那賀・勝浦,那賀町,50345049,204,255,
那賀・勝浦,那賀町,50345054,216,－,
那賀・勝浦,那賀町,50345055,206,258,
那賀・勝浦,那賀町,50345056,206,258,
那賀・勝浦,那賀町,50345057,216,－,
那賀・勝浦,那賀町,50345058,204,256,
那賀・勝浦,那賀町,50345059,205,257,
那賀・勝浦,那賀町,50345063,204,255,
那賀・勝浦,那賀町,50345064,205,257,
那賀・勝浦,那賀町,50345065,204,256,
那賀・勝浦,那賀町,50345066,216,－,
那賀・勝浦,那賀町,50345067,207,259,
那賀・勝浦,那賀町,50345068,208,261,
那賀・勝浦,那賀町,50345069,209,262,
那賀・勝浦,那賀町,50345073,205,－,
那賀・勝浦,那賀町,50345074,200,250,
那賀・勝浦,那賀町,50345075,202,253,
那賀・勝浦,那賀町,50345076,216,－,
那賀・勝浦,那賀町,50345077,212,265,
那賀・勝浦,那賀町,50345078,228,－,
那賀・勝浦,那賀町,50345079,228,－,
那賀・勝浦,那賀町,50345083,205,－,
那賀・勝浦,那賀町,50345084,199,249,
那賀・勝浦,那賀町,50345085,202,253,
那賀・勝浦,那賀町,50345086,209,262,
那賀・勝浦,那賀町,50345087,216,270,
那賀・勝浦,那賀町,50345088,223,279,
那賀・勝浦,那賀町,50345089,228,285,
那賀・勝浦,那賀町,50345093,197,247,
那賀・勝浦,那賀町,50345094,198,248,
那賀・勝浦,那賀町,50345095,204,255,
那賀・勝浦,那賀町,50345096,211,264,
那賀・勝浦,那賀町,50345097,220,276,
那賀・勝浦,那賀町,50345098,230,288,
那賀・勝浦,那賀町,50345099,235,294,
那賀・勝浦,那賀町,50345100,217,272,
那賀・勝浦,那賀町,50345101,234,－,
那賀・勝浦,那賀町,50345102,225,282,
那賀・勝浦,那賀町,50345103,230,288,
那賀・勝浦,那賀町,50345104,234,293,
那賀・勝浦,那賀町,50345105,236,295,
那賀・勝浦,那賀町,50345106,235,294,
那賀・勝浦,那賀町,50345107,230,288,
那賀・勝浦,那賀町,50345108,230,288,
那賀・勝浦,那賀町,50345109,228,286,
那賀・勝浦,那賀町,50345110,212,265,
那賀・勝浦,那賀町,50345111,234,－,
那賀・勝浦,那賀町,50345112,221,277,
那賀・勝浦,那賀町,50345113,226,283,
那賀・勝浦,那賀町,50345114,230,288,
那賀・勝浦,那賀町,50345115,234,293,
那賀・勝浦,那賀町,50345116,232,290,
那賀・勝浦,那賀町,50345117,229,287,
那賀・勝浦,那賀町,50345118,228,285,
那賀・勝浦,那賀町,50345119,225,282,
那賀・勝浦,那賀町,50345120,209,262,
那賀・勝浦,那賀町,50345121,212,266,
那賀・勝浦,那賀町,50345122,220,275,
那賀・勝浦,那賀町,50345123,224,281,
那賀・勝浦,那賀町,50345124,228,286,
那賀・勝浦,那賀町,50345125,232,290,
那賀・勝浦,那賀町,50345126,230,288,
那賀・勝浦,那賀町,50345127,226,283,
那賀・勝浦,那賀町,50345128,229,－,
那賀・勝浦,那賀町,50345129,221,277,
那賀・勝浦,那賀町,50345130,205,257,
那賀・勝浦,那賀町,50345131,210,263,
那賀・勝浦,那賀町,50345132,220,275,
那賀・勝浦,那賀町,50345133,224,280,
那賀・勝浦,那賀町,50345134,228,286,
那賀・勝浦,那賀町,50345135,226,283,
那賀・勝浦,那賀町,50345136,225,282,
那賀・勝浦,那賀町,50345137,222,278,
那賀・勝浦,那賀町,50345138,221,277,
那賀・勝浦,那賀町,50345139,220,276,
那賀・勝浦,那賀町,50345140,204,255,
那賀・勝浦,那賀町,50345141,220,－,
那賀・勝浦,那賀町,50345142,217,272,
那賀・勝浦,那賀町,50345143,223,279,
那賀・勝浦,那賀町,50345144,228,285,
那賀・勝浦,那賀町,50345145,225,282,
那賀・勝浦,那賀町,50345146,223,279,
那賀・勝浦,那賀町,50345147,220,276,
那賀・勝浦,那賀町,50345148,220,275,
那賀・勝浦,那賀町,50345149,220,275,
那賀・勝浦,那賀町,50345150,206,258,
那賀・勝浦,那賀町,50345151,208,260,
那賀・勝浦,那賀町,50345152,216,270,
那賀・勝浦,那賀町,50345153,222,278,
那賀・勝浦,那賀町,50345154,225,282,
那賀・勝浦,那賀町,50345155,224,280,
那賀・勝浦,那賀町,50345156,221,277,
那賀・勝浦,那賀町,50345157,221,277,
那賀・勝浦,那賀町,50345158,220,276,
那賀・勝浦,那賀町,50345159,220,276,
那賀・勝浦,那賀町,50345160,211,264,
那賀・勝浦,那賀町,50345161,226,－,
那賀・勝浦,那賀町,50345162,216,271,
那賀・勝浦,那賀町,50345163,221,277,
那賀・勝浦,那賀町,50345164,225,282,
那賀・勝浦,那賀町,50345165,225,282,
那賀・勝浦,那賀町,50345166,224,280,
那賀・勝浦,那賀町,50345167,222,278,
那賀・勝浦,那賀町,50345168,222,278,
那賀・勝浦,那賀町,50345169,220,276,
那賀・勝浦,那賀町,50345170,217,272,
那賀・勝浦,那賀町,50345171,216,270,
那賀・勝浦,那賀町,50345172,226,－,
那賀・勝浦,那賀町,50345173,226,－,
那賀・勝浦,那賀町,50345174,224,281,
那賀・勝浦,那賀町,50345175,224,281,
那賀・勝浦,那賀町,50345176,224,281,
那賀・勝浦,那賀町,50345177,223,279,
那賀・勝浦,那賀町,50345178,222,278,
那賀・勝浦,那賀町,50345179,223,279,
那賀・勝浦,那賀町,50345180,225,282,
那賀・勝浦,那賀町,50345181,220,276,
那賀・勝浦,那賀町,50345182,220,276,
那賀・勝浦,那賀町,50345183,226,－,
那賀・勝浦,那賀町,50345184,225,282,
那賀・勝浦,那賀町,50345185,225,282,
那賀・勝浦,那賀町,50345186,226,283,
那賀・勝浦,那賀町,50345187,225,282,
那賀・勝浦,那賀町,50345188,224,280,
那賀・勝浦,那賀町,50345189,224,280,
那賀・勝浦,那賀町,50345190,229,287,
那賀・勝浦,那賀町,50345191,224,280,
那賀・勝浦,那賀町,50345192,221,277,
那賀・勝浦,那賀町,50345193,225,282,
那賀・勝浦,那賀町,50345194,226,283,
那賀・勝浦,那賀町,50345195,228,286,
那賀・勝浦,那賀町,50345196,228,285,
那賀・勝浦,那賀町,50345197,226,283,
那賀・勝浦,那賀町,50345198,226,283,
那賀・勝浦,那賀町,50345199,224,280,
那賀・勝浦,那賀町,50345200,229,287,
那賀・勝浦,那賀町,50345201,224,281,
那賀・勝浦,那賀町,50345202,224,280,
那賀・勝浦,那賀町,50345203,225,282,
那賀・勝浦,那賀町,50345204,228,285,
那賀・勝浦,那賀町,50345205,231,289,
那賀・勝浦,那賀町,50345206,232,291,
那賀・勝浦,那賀町,50345207,235,294,
那賀・勝浦,那賀町,50345208,234,293,
那賀・勝浦,那賀町,50345209,232,290,
那賀・勝浦,那賀町,50345210,225,282,
那賀・勝浦,那賀町,50345211,229,－,
那賀・勝浦,那賀町,50345212,222,278,
那賀・勝浦,那賀町,50345213,223,279,
那賀・勝浦,那賀町,50345214,226,283,
那賀・勝浦,那賀町,50345215,228,286,
那賀・勝浦,那賀町,50345216,233,292,
那賀・勝浦,那賀町,50345217,237,297,
那賀・勝浦,那賀町,50345218,235,294,
那賀・勝浦,那賀町,50345219,232,290,
那賀・勝浦,那賀町,50345220,221,277,
那賀・勝浦,那賀町,50345221,220,276,
那賀・勝浦,那賀町,50345222,220,276,
那賀・勝浦,那賀町,50345223,222,278,
那賀・勝浦,那賀町,50345224,224,281,
那賀・勝浦,那賀町,50345225,227,284,
那賀・勝浦,那賀町,50345226,229,287,
那賀・勝浦,那賀町,50345227,233,292,
那賀・勝浦,那賀町,50345228,232,290,
那賀・勝浦,那賀町,50345229,229,287,
那賀・勝浦,那賀町,50345230,220,276,
那賀・勝浦,那賀町,50345231,218,273,
那賀・勝浦,那賀町,50345232,218,273,
那賀・勝浦,那賀町,50345233,222,278,
那賀・勝浦,那賀町,50345234,222,278,
那賀・勝浦,那賀町,50345235,224,280,
那賀・勝浦,那賀町,50345236,225,282,
那賀・勝浦,那賀町,50345237,225,282,
那賀・勝浦,那賀町,50345238,227,284,
那賀・勝浦,那賀町,50345239,232,－,
那賀・勝浦,那賀町,50345240,219,274,
那賀・勝浦,那賀町,50345241,220,275,
那賀・勝浦,那賀町,50345242,219,274,
那賀・勝浦,那賀町,50345243,221,277,
那賀・勝浦,那賀町,50345244,222,278,
那賀・勝浦,那賀町,50345245,221,277,
那賀・勝浦,那賀町,50345246,221,277,
那賀・勝浦,那賀町,50345247,223,279,
那賀・勝浦,那賀町,50345248,224,280,
那賀・勝浦,那賀町,50345249,222,278,
那賀・勝浦,那賀町,50345250,221,－,
那賀・勝浦,那賀町,50345251,220,276,
那賀・勝浦,那賀町,50345252,220,275,
那賀・勝浦,那賀町,50345253,220,275,
那賀・勝浦,那賀町,50345254,220,276,
那賀・勝浦,那賀町,50345255,221,277,
那賀・勝浦,那賀町,50345256,222,278,
那賀・勝浦,那賀町,50345257,224,281,
那賀・勝浦,那賀町,50345258,224,281,
那賀・勝浦,那賀町,50345259,225,282,
那賀・勝浦,那賀町,50345260,221,277,
那賀・勝浦,那賀町,50345261,219,274,
那賀・勝浦,那賀町,50345262,220,275,
那賀・勝浦,那賀町,50345263,220,276,
那賀・勝浦,那賀町,50345264,223,279,
那賀・勝浦,那賀町,50345265,223,279,
那賀・勝浦,那賀町,50345266,224,281,
那賀・勝浦,那賀町,50345267,225,282,
那賀・勝浦,那賀町,50345268,227,284,
那賀・勝浦,那賀町,50345269,225,282,
那賀・勝浦,那賀町,50345270,220,276,
那賀・勝浦,那賀町,50345271,220,276,
那賀・勝浦,那賀町,50345272,220,276,
那賀・勝浦,那賀町,50345273,221,277,
那賀・勝浦,那賀町,50345274,225,282,
那賀・勝浦,那賀町,50345275,225,282,
那賀・勝浦,那賀町,50345276,226,283,
那賀・勝浦,那賀町,50345277,227,284,
那賀・勝浦,那賀町,50345278,228,285,
那賀・勝浦,那賀町,50345279,228,285,
那賀・勝浦,那賀町,50345280,220,276,
那賀・勝浦,那賀町,50345281,220,276,
那賀・勝浦,那賀町,50345282,220,275,
那賀・勝浦,那賀町,50345283,224,281,
那賀・勝浦,那賀町,50345284,226,283,
那賀・勝浦,那賀町,50345285,225,282,
那賀・勝浦,那賀町,50345286,225,282,
那賀・勝浦,那賀町,50345287,224,281,
那賀・勝浦,那賀町,50345288,227,284,
那賀・勝浦,那賀町,50345289,225,282,
那賀・勝浦,那賀町,50345290,220,276,
那賀・勝浦,那賀町,50345291,219,274,
那賀・勝浦,那賀町,50345292,220,275,
那賀・勝浦,那賀町,50345293,222,278,
那賀・勝浦,那賀町,50345294,224,281,
那賀・勝浦,那賀町,50345295,225,282,
那賀・勝浦,那賀町,50345296,224,281,
那賀・勝浦,那賀町,50345297,224,281,
那賀・勝浦,那賀町,50345298,224,281,
那賀・勝浦,那賀町,50345299,224,280,
那賀・勝浦,那賀町,50345300,230,288,
那賀・勝浦,那賀町,50345301,229,287,
那賀・勝浦,那賀町,50345302,230,288,
那賀・勝浦,那賀町,50345303,233,－,
那賀・勝浦,那賀町,50345310,232,－,
那賀・勝浦,那賀町,50345311,229,287,
那賀・勝浦,那賀町,50345312,227,284,
那賀・勝浦,那賀町,50345313,225,282,
那賀・勝浦,那賀町,50345320,225,282,
那賀・勝浦,那賀町,50345321,225,282,
那賀・勝浦,那賀町,50345322,225,282,
那賀・勝浦,那賀町,50345323,224,281,
那賀・勝浦,那賀町,50345324,220,276,
那賀・勝浦,那賀町,50345325,216,270,
那賀・勝浦,那賀町,50345330,222,278,
那賀・勝浦,那賀町,50345331,222,278,
那賀・勝浦,那賀町,50345332,224,280,
那賀・勝浦,那賀町,50345333,221,277,
那賀・勝浦,那賀町,50345334,219,274,
那賀・勝浦,那賀町,50345335,216,270,
那賀・勝浦,那賀町,50345336,212,265,
那賀・勝浦,那賀町,50345337,220,－,
那賀・勝浦,那賀町,50345340,224,281,
那賀・勝浦,那賀町,50345341,221,277,
那賀・勝浦,那賀町,50345342,221,277,
那賀・勝浦,那賀町,50345343,218,273,
那賀・勝浦,那賀町,50345344,218,273,
那賀・勝浦,那賀町,50345345,215,269,
那賀・勝浦,那賀町,50345346,212,266,
那賀・勝浦,那賀町,50345347,208,261,
那賀・勝浦,那賀町,50345348,205,257,
那賀・勝浦,那賀町,50345350,224,280,
那賀・勝浦,那賀町,50345351,220,276,
那賀・勝浦,那賀町,50345352,217,272,
那賀・勝浦,那賀町,50345353,217,272,
那賀・勝浦,那賀町,50345354,216,271,
那賀・勝浦,那賀町,50345355,216,270,
那賀・勝浦,那賀町,50345356,215,269,
那賀・勝浦,那賀町,50345357,211,264,
那賀・勝浦,那賀町,50345358,207,259,
那賀・勝浦,那賀町,50345359,201,252,
那賀・勝浦,那賀町,50345360,224,280,
那賀・勝浦,那賀町,50345361,219,274,
那賀・勝浦,那賀町,50345362,216,270,
那賀・勝浦,那賀町,50345363,215,269,
那賀・勝浦,那賀町,50345364,216,270,
那賀・勝浦,那賀町,50345365,216,270,
那賀・勝浦,那賀町,50345366,216,270,
那賀・勝浦,那賀町,50345367,215,269,
那賀・勝浦,那賀町,50345368,211,264,
那賀・勝浦,那賀町,50345369,203,254,
那賀・勝浦,那賀町,50345370,222,278,
那賀・勝浦,那賀町,50345371,217,272,
那賀・勝浦,那賀町,50345372,214,268,
那賀・勝浦,那賀町,50345373,213,267,
那賀・勝浦,那賀町,50345374,213,267,
那賀・勝浦,那賀町,50345375,215,269,
那賀・勝浦,那賀町,50345376,214,268,
那賀・勝浦,那賀町,50345377,213,267,
那賀・勝浦,那賀町,50345378,211,264,
那賀・勝浦,那賀町,50345379,205,257,
那賀・勝浦,那賀町,50345380,220,276,
那賀・勝浦,那賀町,50345381,215,269,
那賀・勝浦,那賀町,50345382,212,266,
那賀・勝浦,那賀町,50345383,212,265,
那賀・勝浦,那賀町,50345384,212,266,
那賀・勝浦,那賀町,50345385,212,266,
那賀・勝浦,那賀町,50345386,211,264,
那賀・勝浦,那賀町,50345387,211,264,
那賀・勝浦,那賀町,50345388,208,260,
那賀・勝浦,那賀町,50345389,205,257,
那賀・勝浦,那賀町,50345390,219,274,
那賀・勝浦,那賀町,50345391,215,269,
那賀・勝浦,那賀町,50345392,211,264,
那賀・勝浦,那賀町,50345393,211,264,
那賀・勝浦,那賀町,50345394,211,264,
那賀・勝浦,那賀町,50345395,212,265,
那賀・勝浦,那賀町,50345396,211,264,
那賀・勝浦,那賀町,50345397,208,261,
那賀・勝浦,那賀町,50345398,205,257,
那賀・勝浦,那賀町,50345399,202,253,
那賀・勝浦,那賀町,50345450,195,244,
那賀・勝浦,那賀町,50345460,197,247,
那賀・勝浦,那賀町,50345461,193,242,
那賀・勝浦,那賀町,50345470,200,251,
那賀・勝浦,那賀町,50345480,200,251,
那賀・勝浦,那賀町,50345490,199,249,
那賀・勝浦,那賀町,50346005,207,259,
那賀・勝浦,那賀町,50346006,212,266,
那賀・勝浦,那賀町,50346007,221,277,
那賀・勝浦,那賀町,50346008,229,287,
那賀・勝浦,那賀町,50346009,236,295,
那賀・勝浦,那賀町,50346017,223,279,
那賀・勝浦,那賀町,50346018,228,286,
那賀・勝浦,那賀町,50346019,228,286,
那賀・勝浦,那賀町,50346029,222,278,
那賀・勝浦,那賀町,50346100,229,287,
那賀・勝浦,那賀町,50346101,224,281,
那賀・勝浦,那賀町,50346102,220,276,
那賀・勝浦,那賀町,50346103,226,283,
那賀・勝浦,那賀町,50346104,236,－,
那賀・勝浦,那賀町,50346105,236,－,
那賀・勝浦,那賀町,50346106,236,－,
那賀・勝浦,那賀町,50346107,236,－,
那賀・勝浦,那賀町,50346108,227,284,
那賀・勝浦,那賀町,50346109,224,280,
那賀・勝浦,那賀町,50346110,224,281,
那賀・勝浦,那賀町,50346111,220,276,
那賀・勝浦,那賀町,50346112,221,277,
那賀・勝浦,那賀町,50346113,226,283,
那賀・勝浦,那賀町,50346114,233,292,
那賀・勝浦,那賀町,50346115,236,296,
那賀・勝浦,那賀町,50346116,236,－,
那賀・勝浦,那賀町,50346117,232,290,
那賀・勝浦,那賀町,50346118,236,－,
那賀・勝浦,那賀町,50346119,236,－,
那賀・勝浦,那賀町,50346120,220,275,
那賀・勝浦,那賀町,50346121,220,276,
那賀・勝浦,那賀町,50346122,222,278,
那賀・勝浦,那賀町,50346123,225,282,
那賀・勝浦,那賀町,50346124,230,288,
那賀・勝浦,那賀町,50346125,235,294,
那賀・勝浦,那賀町,50346126,236,295,
那賀・勝浦,那賀町,50346127,232,290,
那賀・勝浦,那賀町,50346128,226,283,
那賀・勝浦,那賀町,50346129,236,－,
那賀・勝浦,那賀町,50346131,216,270,
那賀・勝浦,那賀町,50346132,221,277,
那賀・勝浦,那賀町,50346133,224,280,
那賀・勝浦,那賀町,50346134,227,284,
那賀・勝浦,那賀町,50346135,230,288,
那賀・勝浦,那賀町,50346136,232,290,
那賀・勝浦,那賀町,50346137,229,287,
那賀・勝浦,那賀町,50346138,224,281,
那賀・勝浦,那賀町,50346139,219,274,
那賀・勝浦,那賀町,50346144,225,282,
那賀・勝浦,那賀町,50346145,228,285,
那賀・勝浦,那賀町,50346146,228,285,
那賀・勝浦,那賀町,50346147,225,282,
那賀・勝浦,那賀町,50346148,221,277,
那賀・勝浦,那賀町,50346149,217,272,
那賀・勝浦,那賀町,50346154,223,279,
那賀・勝浦,那賀町,50346155,223,279,
那賀・勝浦,那賀町,50346156,224,281,
那賀・勝浦,那賀町,50346157,228,－,
那賀・勝浦,那賀町,50346158,228,－,
那賀・勝浦,那賀町,50346159,228,－,
那賀・勝浦,那賀町,50346167,216,271,
那賀・勝浦,那賀町,50346168,215,269,
那賀・勝浦,那賀町,50346169,213,267,
那賀・勝浦,那賀町,50346179,210,263,
那賀・勝浦,那賀町,50346189,208,261,
那賀・勝浦,那賀町,50346199,209,262,
那賀・勝浦,那賀町,50346200,220,276,
那賀・勝浦,那賀町,50346201,220,276,
那賀・勝浦,那賀町,50346202,219,274,
那賀・勝浦,那賀町,50346203,220,276,
那賀・勝浦,那賀町,50346204,222,278,
那賀・勝浦,那賀町,50346205,224,281,
那賀・勝浦,那賀町,50346206,225,282,
那賀・勝浦,那賀町,50346207,226,283,
那賀・勝浦,那賀町,50346208,227,284,
那賀・勝浦,那賀町,50346209,226,283,
那賀・勝浦,那賀町,50346210,236,－,
那賀・勝浦,那賀町,50346211,220,276,
那賀・勝浦,那賀町,50346212,218,273,
那賀・勝浦,那賀町,50346213,219,274,
那賀・勝浦,那賀町,50346214,220,275,
那賀・勝浦,那賀町,50346215,223,279,
那賀・勝浦,那賀町,50346216,225,282,
那賀・勝浦,那賀町,50346217,230,288,
那賀・勝浦,那賀町,50346218,233,292,
那賀・勝浦,那賀町,50346219,230,288,
那賀・勝浦,那賀町,50346220,220,276,
那賀・勝浦,那賀町,50346221,220,275,
那賀・勝浦,那賀町,50346222,220,275,
那賀・勝浦,那賀町,50346223,218,273,
那賀・勝浦,那賀町,50346224,220,275,
那賀・勝浦,那賀町,50346225,223,279,
那賀・勝浦,那賀町,50346226,227,284,
那賀・勝浦,那賀町,50346227,233,292,
那賀・勝浦,那賀町,50346230,216,271,
那賀・勝浦,那賀町,50346231,216,270,
那賀・勝浦,那賀町,50346232,215,269,
那賀・勝浦,那賀町,50346233,216,270,
那賀・勝浦,那賀町,50346234,216,271,
那賀・勝浦,那賀町,50346235,224,281,
那賀・勝浦,那賀町,50346236,229,287,
那賀・勝浦,那賀町,50346240,216,270,
那賀・勝浦,那賀町,50346241,215,269,
那賀・勝浦,那賀町,50346242,213,267,
那賀・勝浦,那賀町,50346243,215,269,
那賀・勝浦,那賀町,50346244,219,274,
那賀・勝浦,那賀町,50346245,225,282,
那賀・勝浦,那賀町,50346250,214,268,
那賀・勝浦,那賀町,50346251,212,266,
那賀・勝浦,那賀町,50346252,212,266,
那賀・勝浦,那賀町,50346253,216,270,
那賀・勝浦,那賀町,50346254,220,276,
那賀・勝浦,那賀町,50346255,228,285,
那賀・勝浦,那賀町,50346260,212,265,
那賀・勝浦,那賀町,50346261,211,264,
那賀・勝浦,那賀町,50346262,211,264,
那賀・勝浦,那賀町,50346263,216,270,
那賀・勝浦,那賀町,50346264,222,278,
那賀・勝浦,那賀町,50346265,229,287,
那賀・勝浦,那賀町,50346270,213,－,
那賀・勝浦,那賀町,50346271,208,260,
那賀・勝浦,那賀町,50346272,208,261,
那賀・勝浦,那賀町,50346273,213,267,
那賀・勝浦,那賀町,50346274,222,278,
那賀・勝浦,那賀町,50346280,208,261,
那賀・勝浦,那賀町,50346281,207,259,
那賀・勝浦,那賀町,50346282,206,258,
那賀・勝浦,那賀町,50346283,212,265,
那賀・勝浦,那賀町,50346284,221,277,
那賀・勝浦,那賀町,50346290,210,263,
那賀・勝浦,那賀町,50346291,208,260,
那賀・勝浦,那賀町,50346292,208,260,
那賀・勝浦,那賀町,50346300,220,276,
那賀・勝浦,那賀町,50346301,217,272,
那賀・勝浦,那賀町,50346302,212,266,
那賀・勝浦,那賀町,50346303,211,264,
那賀・勝浦,那賀町,50346304,210,263,
那賀・勝浦,那賀町,50346305,211,264,
那賀・勝浦,那賀町,50346306,210,263,
那賀・勝浦,那賀町,50346307,208,260,
那賀・勝浦,那賀町,50346308,204,256,
那賀・勝浦,那賀町,50346309,201,252,
那賀・勝浦,那賀町,50346310,224,280,
那賀・勝浦,那賀町,50346311,218,273,
那賀・勝浦,那賀町,50346312,214,268,
那賀・勝浦,那賀町,50346313,210,263,
那賀・勝浦,那賀町,50346314,210,263,
那賀・勝浦,那賀町,50346315,208,261,
那賀・勝浦,那賀町,50346316,209,262,
那賀・勝浦,那賀町,50346317,208,260,
那賀・勝浦,那賀町,50346318,206,258,
那賀・勝浦,那賀町,50346319,204,255,
那賀・勝浦,那賀町,50346322,215,269,
那賀・勝浦,那賀町,50346323,210,263,
那賀・勝浦,那賀町,50346324,208,261,
那賀・勝浦,那賀町,50346325,208,261,
那賀・勝浦,那賀町,50346326,208,260,
那賀・勝浦,那賀町,50346327,208,260,
那賀・勝浦,那賀町,50346328,206,258,
那賀・勝浦,那賀町,50346329,204,255,
那賀・勝浦,那賀町,50346336,206,258,
那賀・勝浦,那賀町,50346337,206,258,
那賀・勝浦,那賀町,50346338,206,258,
那賀・勝浦,那賀町,50346339,200,251,
那賀・勝浦,那賀町,50346400,199,249,
那賀・勝浦,那賀町,50346401,195,244,
那賀・勝浦,那賀町,50346410,199,249,
那賀・勝浦,那賀町,50346411,194,243,
那賀・勝浦,那賀町,50346420,198,248,
那賀・勝浦,那賀町,50346421,193,242,
那賀・勝浦,那賀町,50346422,191,239,
那賀・勝浦,那賀町,50346423,189,237,
那賀・勝浦,那賀町,50346430,196,245,
那賀・勝浦,那賀町,50346431,192,241,
那賀・勝浦,那賀町,50346432,191,239,
那賀・勝浦,那賀町,50346433,188,235,
那賀・勝浦,那賀町,50346441,192,241,
那賀・勝浦,那賀町,50346442,191,239,
海部,牟岐町,50343353,175,219,
海部,牟岐町,50343354,171,214,
海部,牟岐町,50343359,184,－,
海部,牟岐町,50343363,175,219,
海部,牟岐町,50343364,172,216,
海部,牟岐町,50343368,184,－,
海部,牟岐町,50343369,184,－,
海部,牟岐町,50343378,184,－,
海部,牟岐町,50343379,184,－,
海部,牟岐町,50343381,192,240,
海部,牟岐町,50343382,186,233,
海部,牟岐町,50343383,192,－,
海部,牟岐町,50343390,208,－,
海部,牟岐町,50343391,193,242,
海部,牟岐町,50343392,192,240,
海部,牟岐町,50343393,188,236,
海部,牟岐町,50343394,184,231,
海部,牟岐町,50343395,180,225,
海部,牟岐町,50343460,184,－,
海部,牟岐町,50344219,211,264,
海部,牟岐町,50344229,215,269,
海部,牟岐町,50344239,218,273,
海部,牟岐町,50344249,224,280,
海部,牟岐町,50344300,204,255,
海部,牟岐町,50344301,197,247,
海部,牟岐町,50344302,196,246,
海部,牟岐町,50344303,193,242,
海部,牟岐町,50344304,188,236,
海部,牟岐町,50344305,184,230,
海部,牟岐町,50344306,180,225,
海部,牟岐町,50344310,207,259,
海部,牟岐町,50344311,202,253,
海部,牟岐町,50344312,199,249,
海部,牟岐町,50344313,196,246,
海部,牟岐町,50344314,192,240,
海部,牟岐町,50344315,188,235,
海部,牟岐町,50344316,183,229,
海部,牟岐町,50344317,178,223,
海部,牟岐町,50344320,211,264,
海部,牟岐町,50344321,207,259,
海部,牟岐町,50344322,202,253,
海部,牟岐町,50344323,197,247,
海部,牟岐町,50344324,194,243,
海部,牟岐町,50344325,190,238,
海部,牟岐町,50344326,187,234,
海部,牟岐町,50344327,183,229,
海部,牟岐町,50344330,215,269,
海部,牟岐町,50344331,212,265,
海部,牟岐町,50344332,206,258,
海部,牟岐町,50344333,201,252,
海部,牟岐町,50344334,198,248,
海部,牟岐町,50344335,194,243,
海部,牟岐町,50344336,191,239,
海部,牟岐町,50344340,221,277,
海部,牟岐町,50344341,218,273,
海部,牟岐町,50344342,212,266,
海部,牟岐町,50344343,208,260,
海部,牟岐町,50344344,202,253,
海部,牟岐町,50344345,200,250,
海部,牟岐町,50344346,195,244,
海部,牟岐町,50344351,230,－,
海部,牟岐町,50344352,230,－,
海部,牟岐町,50344353,213,267,
海部,牟岐町,50344354,217,－,
海部,牟岐町,50344355,203,254,
海部,牟岐町,50344365,207,259,
海部,美波町,50344318,183,－,
海部,美波町,50344328,176,220,
海部,美波町,50344329,183,－,
海部,美波町,50344337,195,－,
海部,美波町,50344338,180,226,
海部,美波町,50344339,173,217,
海部,美波町,50344347,192,240,
海部,美波町,50344348,186,233,
海部,美波町,50344349,179,224,
海部,美波町,50344356,198,248,
海部,美波町,50344357,195,244,
海部,美波町,50344358,190,238,
海部,美波町,50344359,184,230,
海部,美波町,50344361,230,－,
海部,美波町,50344362,222,278,
海部,美波町,50344363,217,272,
海部,美波町,50344364,212,266,
海部,美波町,50344366,202,253,
海部,美波町,50344367,197,247,
海部,美波町,50344368,192,241,
海部,美波町,50344369,185,232,
海部,美波町,50344372,228,285,
海部,美波町,50344373,222,278,
海部,美波町,50344374,217,272,
海部,美波町,50344375,212,265,
海部,美波町,50344376,206,258,
海部,美波町,50344377,201,252,
海部,美波町,50344378,195,244,
海部,美波町,50344379,188,235,
海部,美波町,50344382,233,292,
海部,美波町,50344383,233,－,
海部,美波町,50344384,233,－,
海部,美波町,50344385,216,271,
海部,美波町,50344386,211,264,
海部,美波町,50344387,204,256,
海部,美波町,50344388,196,246,
海部,美波町,50344389,190,238,
海部,美波町,50344393,233,－,
海部,美波町,50344394,226,283,
海部,美波町,50344395,233,－,
海部,美波町,50344396,213,267,
海部,美波町,50344397,206,258,
海部,美波町,50344398,200,250,
海部,美波町,50344399,193,242,
海部,美波町,50344430,168,211,
海部,美波町,50344440,173,217,
海部,美波町,50344441,169,212,
海部,美波町,50344442,173,－,
海部,美波町,50344450,176,221,
海部,美波町,50344451,172,215,
海部,美波町,50344452,168,211,
海部,美波町,50344453,173,－,
海部,美波町,50344460,180,225,
海部,美波町,50344461,175,219,
海部,美波町,50344462,173,217,
海部,美波町,50344463,172,215,
海部,美波町,50344470,183,229,
海部,美波町,50344471,180,225,
海部,美波町,50344472,178,223,
海部,美波町,50344473,176,220,
海部,美波町,50344475,172,－,
海部,美波町,50344480,185,232,
海部,美波町,50344481,184,230,
海部,美波町,50344482,180,226,
海部,美波町,50344483,176,221,
海部,美波町,50344484,172,215,
海部,美波町,50344485,168,210,
海部,美波町,50344490,188,236,
海部,美波町,50344491,185,232,
海部,美波町,50344492,181,227,
海部,美波町,50344493,157,197,
海部,美波町,50344494,171,214,
海部,美波町,50344495,168,211,
海部,美波町,50345304,228,286,
海部,美波町,50345305,221,277,
海部,美波町,50345306,216,270,
海部,美波町,50345307,209,262,
海部,美波町,50345308,202,253,
海部,美波町,50345309,196,245,
海部,美波町,50345314,233,－,
海部,美波町,50345315,223,279,
海部,美波町,50345316,218,273,
海部,美波町,50345317,212,266,
海部,美波町,50345318,205,257,
海部,美波町,50345319,200,250,
海部,美波町,50345326,220,275,
海部,美波町,50345327,214,268,
海部,美波町,50345328,209,262,
海部,美波町,50345329,192,241,
海部,美波町,50345338,212,266,
海部,美波町,50345339,208,261,
海部,美波町,50345349,209,262,
海部,美波町,50345400,192,241,
海部,美波町,50345401,188,235,
海部,美波町,50345402,184,230,
海部,美波町,50345403,176,220,
海部,美波町,50345404,172,215,
海部,美波町,50345405,169,212,
海部,美波町,50345410,195,244,
海部,美波町,50345411,189,237,
海部,美波町,50345412,184,231,
海部,美波町,50345413,179,224,
海部,美波町,50345414,173,217,
海部,美波町,50345415,172,215,
海部,美波町,50345416,174,218,
海部,美波町,50345417,176,220,
海部,美波町,50345418,173,217,
海部,美波町,50345420,200,250,
海部,美波町,50345421,192,241,
海部,美波町,50345422,188,236,
海部,美波町,50345423,183,229,
海部,美波町,50345424,176,221,
海部,美波町,50345425,174,218,
海部,美波町,50345426,177,222,
海部,美波町,50345427,180,225,
海部,美波町,50345428,178,223,
海部,美波町,50345430,203,254,
海部,美波町,50345431,196,245,
海部,美波町,50345432,151,189,
海部,美波町,50345433,185,232,
海部,美波町,50345434,180,225,
海部,美波町,50345435,177,222,
海部,美波町,50345436,178,223,
海部,美波町,50345437,180,225,
海部,美波町,50345438,178,223,
海部,美波町,50345439,178,－,
海部,美波町,50345440,202,253,
海部,美波町,50345441,198,248,
海部,美波町,50345442,193,242,
海部,美波町,50345443,188,236,
海部,美波町,50345444,184,231,
海部,美波町,50345445,180,225,
海部,美波町,50345447,179,224,
海部,美波町,50345448,176,221,
海部,美波町,50345449,174,218,
海部,美波町,50345451,200,250,
海部,美波町,50345452,196,246,
海部,美波町,50345453,192,240,
海部,美波町,50345454,188,236,
海部,美波町,50345459,176,221,
海部,美波町,50345463,196,245,
海部,美波町,50345531,175,－,
海部,美波町,50345540,175,219,
海部,美波町,50345541,172,215,
海部,美波町,50345542,175,－,
海部,美波町,50345550,175,219,
海部,美波町,50345551,173,217,
海部,美波町,50345552,170,213,
海部,美波町,50345553,175,－,
海部,美波町,50345561,175,219,
海部,美波町,50345562,172,216,
海部,美波町,50345563,171,214,
海部,美波町,50345573,172,215,
海部,海陽町,50342178,197,247,
海部,海陽町,50342179,201,252,
海部,海陽町,50342185,218,273,
海部,海陽町,50342186,205,257,
海部,海陽町,50342187,202,253,
海部,海陽町,50342188,197,247,
海部,海陽町,50342189,200,251,
海部,海陽町,50342195,220,276,
海部,海陽町,50342196,208,260,
海部,海陽町,50342197,204,256,
海部,海陽町,50342198,199,249,
海部,海陽町,50342199,201,252,
海部,海陽町,50342245,184,231,
海部,海陽町,50342255,188,236,
海部,海陽町,50342260,210,263,
海部,海陽町,50342264,198,248,
海部,海陽町,50342265,190,238,
海部,海陽町,50342270,208,261,
海部,海陽町,50342271,211,264,
海部,海陽町,50342272,211,264,
海部,海陽町,50342273,209,262,
海部,海陽町,50342274,201,252,
海部,海陽町,50342275,194,243,
海部,海陽町,50342280,206,258,
海部,海陽町,50342281,209,262,
海部,海陽町,50342282,211,264,
海部,海陽町,50342283,209,262,
海部,海陽町,50342284,204,255,
海部,海陽町,50342290,205,257,
海部,海陽町,50342291,209,262,
海部,海陽町,50342292,209,262,
海部,海陽町,50342293,209,262,
海部,海陽町,50342294,204,256,
海部,海陽町,50342295,199,249,
海部,海陽町,50342296,192,241,
海部,海陽町,50342297,188,235,
海部,海陽町,50342298,184,230,
海部,海陽町,50342299,180,226,
海部,海陽町,50343105,219,274,
海部,海陽町,50343106,209,262,
海部,海陽町,50343107,205,257,
海部,海陽町,50343108,200,250,
海部,海陽町,50343109,201,252,
海部,海陽町,50343114,252,－,
海部,海陽町,50343115,219,274,
海部,海陽町,50343116,211,264,
海部,海陽町,50343117,209,262,
海部,海陽町,50343118,204,255,
海部,海陽町,50343119,204,255,
海部,海陽町,50343124,252,－,
海部,海陽町,50343125,252,－,
海部,海陽町,50343126,213,267,
海部,海陽町,50343127,213,267,
海部,海陽町,50343128,208,260,
海部,海陽町,50343129,216,－,
海部,海陽町,50343133,252,－,
海部,海陽町,50343134,237,297,
海部,海陽町,50343135,252,－,
海部,海陽町,50343136,215,269,
海部,海陽町,50343137,216,271,
海部,海陽町,50343138,213,267,
海部,海陽町,50343139,216,－,
海部,海陽町,50343142,252,316,
海部,海陽町,50343143,251,314,
海部,海陽町,50343144,243,304,
海部,海陽町,50343145,227,284,
海部,海陽町,50343146,220,276,
海部,海陽町,50343147,221,277,
海部,海陽町,50343148,216,270,
海部,海陽町,50343149,213,267,
海部,海陽町,50343152,253,317,
海部,海陽町,50343153,252,316,
海部,海陽町,50343154,245,307,
海部,海陽町,50343155,231,289,
海部,海陽町,50343156,224,281,
海部,海陽町,50343157,224,280,
海部,海陽町,50343158,231,－,
海部,海陽町,50343159,213,267,
海部,海陽町,50343163,256,320,
海部,海陽町,50343164,252,315,
海部,海陽町,50343165,238,298,
海部,海陽町,50343166,230,288,
海部,海陽町,50343167,229,287,
海部,海陽町,50343168,231,－,
海部,海陽町,50343169,214,268,
海部,海陽町,50343174,256,320,
海部,海陽町,50343175,243,304,
海部,海陽町,50343176,232,291,
海部,海陽町,50343177,231,289,
海部,海陽町,50343178,223,279,
海部,海陽町,50343179,231,－,
海部,海陽町,50343184,259,324,
海部,海陽町,50343185,247,309,
海部,海陽町,50343186,236,296,
海部,海陽町,50343187,233,292,
海部,海陽町,50343188,227,284,
海部,海陽町,50343189,217,272,
海部,海陽町,50343194,264,330,
海部,海陽町,50343195,250,313,
海部,海陽町,50343196,235,294,
海部,海陽町,50343197,231,289,
海部,海陽町,50343198,233,－,
海部,海陽町,50343199,233,－,
海部,海陽町,50343200,205,257,
海部,海陽町,50343201,209,262,
海部,海陽町,50343202,211,264,
海部,海陽町,50343203,209,262,
海部,海陽町,50343204,204,256,
海部,海陽町,50343205,199,249,
海部,海陽町,50343206,195,244,
海部,海陽町,50343207,192,241,
海部,海陽町,50343208,188,236,
海部,海陽町,50343209,184,231,
海部,海陽町,50343210,208,261,
海部,海陽町,50343211,212,265,
海部,海陽町,50343212,212,266,
海部,海陽町,50343213,211,264,
海部,海陽町,50343214,207,259,
海部,海陽町,50343215,201,252,
海部,海陽町,50343216,196,246,
海部,海陽町,50343217,196,246,
海部,海陽町,50343218,160,201,
海部,海陽町,50343219,188,236,
海部,海陽町,50343220,209,262,
海部,海陽町,50343221,212,265,
海部,海陽町,50343222,212,266,
海部,海陽町,50343223,211,264,
海部,海陽町,50343224,208,260,
海部,海陽町,50343225,203,254,
海部,海陽町,50343226,198,248,
海部,海陽町,50343227,198,248,
海部,海陽町,50343228,196,246,
海部,海陽町,50343229,197,－,
海部,海陽町,50343230,211,264,
海部,海陽町,50343231,214,268,
海部,海陽町,50343232,213,267,
海部,海陽町,50343233,212,266,
海部,海陽町,50343234,209,262,
海部,海陽町,50343235,205,257,
海部,海陽町,50343236,201,252,
海部,海陽町,50343237,200,251,
海部,海陽町,50343238,197,247,
海部,海陽町,50343239,192,240,
海部,海陽町,50343240,213,267,
海部,海陽町,50343241,214,268,
海部,海陽町,50343242,213,267,
海部,海陽町,50343243,213,267,
海部,海陽町,50343244,211,264,
海部,海陽町,50343245,209,262,
海部,海陽町,50343246,204,256,
海部,海陽町,50343247,201,252,
海部,海陽町,50343248,199,249,
海部,海陽町,50343249,194,243,
海部,海陽町,50343250,215,269,
海部,海陽町,50343251,216,271,
海部,海陽町,50343252,215,269,
海部,海陽町,50343253,215,269,
海部,海陽町,50343254,213,267,
海部,海陽町,50343255,212,265,
海部,海陽町,50343256,208,261,
海部,海陽町,50343257,205,257,
海部,海陽町,50343258,201,252,
海部,海陽町,50343259,195,244,
海部,海陽町,50343260,231,－,
海部,海陽町,50343261,231,－,
海部,海陽町,50343262,231,－,
海部,海陽町,50343263,217,272,
海部,海陽町,50343264,217,272,
海部,海陽町,50343265,164,206,
海部,海陽町,50343266,211,264,
海部,海陽町,50343267,206,258,
海部,海陽町,50343268,189,237,
海部,海陽町,50343269,197,247,
海部,海陽町,50343270,215,269,
海部,海陽町,50343271,218,273,
海部,海陽町,50343272,220,275,
海部,海陽町,50343273,220,276,
海部,海陽町,50343274,219,274,
海部,海陽町,50343275,216,271,
海部,海陽町,50343276,210,263,
海部,海陽町,50343277,207,259,
海部,海陽町,50343278,204,255,
海部,海陽町,50343279,205,－,
海部,海陽町,50343280,216,270,
海部,海陽町,50343281,218,273,
海部,海陽町,50343282,222,278,
海部,海陽町,50343283,222,278,
海部,海陽町,50343284,222,278,
海部,海陽町,50343285,219,274,
海部,海陽町,50343286,213,267,
海部,海陽町,50343287,208,261,
海部,海陽町,50343288,205,257,
海部,海陽町,50343289,202,253,
海部,海陽町,50343290,216,271,
海部,海陽町,50343291,220,276,
海部,海陽町,50343292,222,278,
海部,海陽町,50343293,223,279,
海部,海陽町,50343294,222,278,
海部,海陽町,50343295,219,274,
海部,海陽町,50343296,216,270,
海部,海陽町,50343297,210,263,
海部,海陽町,50343298,208,261,
海部,海陽町,50343299,204,256,
海部,海陽町,50343330,186,233,
海部,海陽町,50343340,186,233,
海部,海陽町,50343341,188,－,
海部,海陽町,50343350,188,236,
海部,海陽町,50343360,192,240,
海部,海陽町,50343370,195,244,
海部,海陽町,50343371,188,236,
海部,海陽町,50343380,196,246,
海部,海陽町,50344104,264,331,
海部,海陽町,50344105,251,314,
海部,海陽町,50344106,237,297,
海部,海陽町,50344107,232,291,
海部,海陽町,50344108,226,283,
海部,海陽町,50344109,222,278,
海部,海陽町,50344114,268,－,
海部,海陽町,50344115,252,315,
海部,海陽町,50344116,239,299,
海部,海陽町,50344117,233,292,
海部,海陽町,50344118,228,285,
海部,海陽町,50344119,228,285,
海部,海陽町,50344123,268,336,
海部,海陽町,50344124,268,－,
海部,海陽町,50344125,252,315,
海部,海陽町,50344126,241,302,
海部,海陽町,50344127,235,294,
海部,海陽町,50344128,232,290,
海部,海陽町,50344129,232,290,
海部,海陽町,50344133,265,332,
海部,海陽町,50344134,260,325,
海部,海陽町,50344135,268,－,
海部,海陽町,50344136,268,－,
海部,海陽町,50344137,238,298,
海部,海陽町,50344138,243,－,
海部,海陽町,50344139,236,295,
海部,海陽町,50344144,256,320,
海部,海陽町,50344145,250,313,
海部,海陽町,50344146,244,306,
海部,海陽町,50344147,243,304,
海部,海陽町,50344148,240,301,
海部,海陽町,50344149,236,296,
海部,海陽町,50344156,265,－,
海部,海陽町,50344157,265,－,
海部,海陽町,50344158,244,306,
海部,海陽町,50344159,243,304,
海部,海陽町,50344167,247,309,
海部,海陽町,50344169,247,309,
海部,海陽町,50344200,221,277,
海部,海陽町,50344201,225,282,
海部,海陽町,50344202,225,282,
海部,海陽町,50344203,229,－,
海部,海陽町,50344204,221,277,
海部,海陽町,50344205,221,277,
海部,海陽町,50344206,218,273,
海部,海陽町,50344207,213,267,
海部,海陽町,50344208,212,265,
海部,海陽町,50344209,208,260,
海部,海陽町,50344210,230,288,
海部,海陽町,50344211,231,289,
海部,海陽町,50344212,229,287,
海部,海陽町,50344213,225,282,
海部,海陽町,50344214,223,279,
海部,海陽町,50344215,222,278,
海部,海陽町,50344216,220,276,
海部,海陽町,50344217,217,272,
海部,海陽町,50344218,214,268,
海部,海陽町,50344220,235,294,
海部,海陽町,50344221,237,297,
海部,海陽町,50344222,238,－,
海部,海陽町,50344223,230,288,
海部,海陽町,50344224,226,283,
海部,海陽町,50344225,230,－,
海部,海陽町,50344226,222,278,
海部,海陽町,50344227,220,276,
海部,海陽町,50344228,218,273,
海部,海陽町,50344230,235,294,
海部,海陽町,50344231,238,298,
海部,海陽町,50344232,236,295,
海部,海陽町,50344233,235,294,
海部,海陽町,50344234,230,288,
海部,海陽町,50344235,226,283,
海部,海陽町,50344236,225,282,
海部,海陽町,50344237,224,281,
海部,海陽町,50344238,221,277,
海部,海陽町,50344240,236,295,
海部,海陽町,50344241,237,297,
海部,海陽町,50344242,239,299,
海部,海陽町,50344243,237,297,
海部,海陽町,50344244,231,289,
海部,海陽町,50344245,228,286,
海部,海陽町,50344246,226,283,
海部,海陽町,50344247,227,284,
海部,海陽町,50344248,225,282,
海部,海陽町,50344250,240,301,
海部,海陽町,50344251,239,299,
海部,海陽町,50344252,240,－,
海部,海陽町,50344253,240,－,
海部,海陽町,50344254,234,293,
海部,海陽町,50344255,236,－,
海部,海陽町,50344256,230,288,
海部,海陽町,50344257,230,288,
海部,海陽町,50344258,228,286,
海部,海陽町,50344259,227,284,
海部,海陽町,50344261,240,300,
海部,海陽町,50344262,240,300,
海部,海陽町,50344263,236,296,
海部,海陽町,50344264,233,292,
海部,海陽町,50344265,236,－,
海部,海陽町,50344266,236,－,
海部,海陽町,50344267,230,288,
海部,海陽町,50344268,231,289,
海部,海陽町,50344269,230,288,
海部,海陽町,50344272,238,298,
海部,海陽町,50344273,237,297,
海部,海陽町,50344274,236,295,
海部,海陽町,50344275,232,291,
海部,海陽町,50344278,233,292,
海部,海陽町,50344350,226,283,
海部,海陽町,50344360,230,－,
