（別添）大雨警報・注意報の土壌雨量指数基準値,,,,令和4年5月26日現在,
市町村等をまとめた地域,市町村等,地域メッシュコード（１km格子対応）,土壌雨量指数基準（注意報）,土壌雨量指数基準（警報）,
高知中央,高知市,50331358,222,300,
高知中央,高知市,50331359,224,－,
高知中央,高知市,50331367,227,308,
高知中央,高知市,50331368,224,303,
高知中央,高知市,50331369,219,297,
高知中央,高知市,50331377,230,312,
高知中央,高知市,50331378,226,306,
高知中央,高知市,50331379,222,300,
高知中央,高知市,50331387,233,316,
高知中央,高知市,50331388,229,310,
高知中央,高知市,50331389,224,304,
高知中央,高知市,50331396,239,－,
高知中央,高知市,50331397,236,319,
高知中央,高知市,50331398,234,317,
高知中央,高知市,50331399,230,312,
高知中央,高知市,50331460,219,296,
高知中央,高知市,50331461,241,－,
高知中央,高知市,50331470,179,242,
高知中央,高知市,50331471,217,294,
高知中央,高知市,50331472,241,－,
高知中央,高知市,50331480,244,331,
高知中央,高知市,50331481,241,326,
高知中央,高知市,50331482,217,294,
高知中央,高知市,50331483,212,287,
高知中央,高知市,50331484,213,－,
高知中央,高知市,50331490,227,308,
高知中央,高知市,50331491,224,304,
高知中央,高知市,50331492,219,296,
高知中央,高知市,50331493,213,289,
高知中央,高知市,50331494,210,284,
高知中央,高知市,50331495,207,280,
高知中央,高知市,50331496,244,－,
高知中央,高知市,50332305,193,262,
高知中央,高知市,50332306,180,244,
高知中央,高知市,50332307,237,321,
高知中央,高知市,50332308,236,320,
高知中央,高知市,50332309,235,318,
高知中央,高知市,50332315,238,322,
高知中央,高知市,50332316,204,276,
高知中央,高知市,50332317,179,243,
高知中央,高知市,50332318,212,287,
高知中央,高知市,50332319,235,318,
高知中央,高知市,50332326,213,288,
高知中央,高知市,50332327,213,288,
高知中央,高知市,50332328,239,324,
高知中央,高知市,50332329,237,321,
高知中央,高知市,50332337,215,291,
高知中央,高知市,50332338,215,291,
高知中央,高知市,50332339,224,304,
高知中央,高知市,50332347,219,297,
高知中央,高知市,50332348,230,312,
高知中央,高知市,50332349,216,293,
高知中央,高知市,50332357,222,301,
高知中央,高知市,50332358,222,300,
高知中央,高知市,50332359,230,－,
高知中央,高知市,50332368,226,306,
高知中央,高知市,50332369,224,303,
高知中央,高知市,50332378,219,297,
高知中央,高知市,50332379,217,294,
高知中央,高知市,50332385,226,306,
高知中央,高知市,50332387,198,268,
高知中央,高知市,50332388,199,269,
高知中央,高知市,50332389,211,286,
高知中央,高知市,50332393,228,309,
高知中央,高知市,50332394,227,308,
高知中央,高知市,50332395,228,309,
高知中央,高知市,50332396,185,251,
高知中央,高知市,50332397,233,315,
高知中央,高知市,50332398,233,316,
高知中央,高知市,50332399,230,312,
高知中央,高知市,50332400,230,312,
高知中央,高知市,50332401,194,263,
高知中央,高知市,50332402,223,302,
高知中央,高知市,50332403,218,295,
高知中央,高知市,50332404,213,288,
高知中央,高知市,50332405,244,－,
高知中央,高知市,50332406,244,－,
高知中央,高知市,50332410,198,268,
高知中央,高知市,50332411,196,265,
高知中央,高知市,50332412,226,306,
高知中央,高知市,50332413,221,299,
高知中央,高知市,50332414,216,292,
高知中央,高知市,50332415,244,－,
高知中央,高知市,50332416,244,－,
高知中央,高知市,50332417,244,－,
高知中央,高知市,50332420,234,317,
高知中央,高知市,50332421,233,316,
高知中央,高知市,50332422,228,309,
高知中央,高知市,50332423,244,331,
高知中央,高知市,50332424,244,－,
高知中央,高知市,50332425,216,292,
高知中央,高知市,50332426,210,285,
高知中央,高知市,50332427,207,281,
高知中央,高知市,50332430,211,286,
高知中央,高知市,50332431,210,285,
高知中央,高知市,50332432,253,342,
高知中央,高知市,50332433,227,308,
高知中央,高知市,50332434,222,300,
高知中央,高知市,50332435,217,294,
高知中央,高知市,50332436,213,288,
高知中央,高知市,50332437,210,285,
高知中央,高知市,50332440,216,292,
高知中央,高知市,50332441,213,288,
高知中央,高知市,50332442,256,347,
高知中央,高知市,50332443,251,340,
高知中央,高知市,50332444,201,272,
高知中央,高知市,50332445,198,268,
高知中央,高知市,50332446,238,322,
高知中央,高知市,50332447,192,260,
高知中央,高知市,50332448,216,292,
高知中央,高知市,50332450,217,294,
高知中央,高知市,50332451,216,292,
高知中央,高知市,50332452,204,276,
高知中央,高知市,50332453,210,284,
高知中央,高知市,50332454,251,－,
高知中央,高知市,50332455,246,333,
高知中央,高知市,50332456,242,328,
高知中央,高知市,50332457,197,267,
高知中央,高知市,50332458,196,266,
高知中央,高知市,50332460,221,299,
高知中央,高知市,50332461,219,296,
高知中央,高知市,50332462,219,296,
高知中央,高知市,50332463,216,292,
高知中央,高知市,50332464,251,－,
高知中央,高知市,50332465,207,280,
高知中央,高知市,50332466,204,276,
高知中央,高知市,50332467,202,273,
高知中央,高知市,50332468,202,273,
高知中央,高知市,50332470,224,303,
高知中央,高知市,50332471,222,300,
高知中央,高知市,50332472,222,301,
高知中央,高知市,50332473,251,－,
高知中央,高知市,50332474,251,－,
高知中央,高知市,50332475,251,－,
高知中央,高知市,50332476,209,283,
高知中央,高知市,50332477,207,280,
高知中央,高知市,50332478,251,340,
高知中央,高知市,50332479,202,274,
高知中央,高知市,50332480,226,306,
高知中央,高知市,50332481,224,304,
高知中央,高知市,50332482,226,306,
高知中央,高知市,50332483,251,－,
高知中央,高知市,50332484,222,300,
高知中央,高知市,50332485,251,－,
高知中央,高知市,50332486,213,288,
高知中央,高知市,50332487,258,349,
高知中央,高知市,50332488,177,240,
高知中央,高知市,50332490,229,310,
高知中央,高知市,50332491,228,309,
高知中央,高知市,50332492,227,308,
高知中央,高知市,50332493,227,307,
高知中央,高知市,50332494,224,303,
高知中央,高知市,50332495,219,297,
高知中央,高知市,50332496,216,293,
高知中央,高知市,50332497,171,232,
高知中央,高知市,50332498,213,288,
高知中央,高知市,50333303,230,312,
高知中央,高知市,50333304,230,312,
高知中央,高知市,50333305,233,315,
高知中央,高知市,50333306,233,316,
高知中央,高知市,50333307,233,315,
高知中央,高知市,50333308,189,256,
高知中央,高知市,50333309,193,262,
高知中央,高知市,50333312,233,316,
高知中央,高知市,50333313,201,272,
高知中央,高知市,50333314,231,313,
高知中央,高知市,50333315,233,316,
高知中央,高知市,50333316,235,318,
高知中央,高知市,50333317,190,258,
高知中央,高知市,50333318,236,319,
高知中央,高知市,50333319,192,260,
高知中央,高知市,50333323,234,317,
高知中央,高知市,50333324,234,317,
高知中央,高知市,50333325,236,319,
高知中央,高知市,50333326,236,320,
高知中央,高知市,50333327,238,322,
高知中央,高知市,50333328,239,323,
高知中央,高知市,50333329,239,324,
高知中央,高知市,50333333,238,322,
高知中央,高知市,50333334,237,321,
高知中央,高知市,50333335,239,323,
高知中央,高知市,50333336,188,255,
高知中央,高知市,50333337,239,324,
高知中央,高知市,50333338,240,325,
高知中央,高知市,50333339,202,274,
高知中央,高知市,50333342,239,324,
高知中央,高知市,50333343,240,325,
高知中央,高知市,50333344,202,274,
高知中央,高知市,50333345,241,326,
高知中央,高知市,50333346,198,268,
高知中央,高知市,50333347,240,325,
高知中央,高知市,50333348,241,326,
高知中央,高知市,50333349,242,328,
高知中央,高知市,50333352,242,328,
高知中央,高知市,50333353,242,328,
高知中央,高知市,50333354,244,330,
高知中央,高知市,50333355,242,328,
高知中央,高知市,50333356,243,329,
高知中央,高知市,50333357,243,329,
高知中央,高知市,50333358,242,328,
高知中央,高知市,50333359,243,329,
高知中央,高知市,50333362,244,330,
高知中央,高知市,50333363,245,332,
高知中央,高知市,50333364,245,332,
高知中央,高知市,50333365,245,332,
高知中央,高知市,50333366,245,332,
高知中央,高知市,50333367,245,332,
高知中央,高知市,50333368,247,334,
高知中央,高知市,50333369,247,334,
高知中央,高知市,50333372,242,328,
高知中央,高知市,50333373,245,332,
高知中央,高知市,50333374,201,272,
高知中央,高知市,50333375,245,332,
高知中央,高知市,50333376,246,333,
高知中央,高知市,50333377,248,336,
高知中央,高知市,50333378,250,338,
高知中央,高知市,50333379,206,279,
高知中央,高知市,50333382,243,329,
高知中央,高知市,50333383,245,332,
高知中央,高知市,50333384,244,331,
高知中央,高知市,50333385,245,332,
高知中央,高知市,50333386,248,336,
高知中央,高知市,50333387,251,340,
高知中央,高知市,50333388,253,342,
高知中央,高知市,50333389,256,347,
高知中央,高知市,50333394,245,332,
高知中央,高知市,50333395,244,331,
高知中央,高知市,50333396,247,335,
高知中央,高知市,50333397,251,340,
高知中央,高知市,50333398,254,344,
高知中央,高知市,50333399,258,349,
高知中央,高知市,50333400,224,303,
高知中央,高知市,50333401,233,315,
高知中央,高知市,50333402,241,326,
高知中央,高知市,50333403,218,295,
高知中央,高知市,50333404,225,305,
高知中央,高知市,50333405,224,304,
高知中央,高知市,50333406,222,300,
高知中央,高知市,50333407,219,297,
高知中央,高知市,50333408,217,294,
高知中央,高知市,50333410,237,321,
高知中央,高知市,50333411,236,320,
高知中央,高知市,50333412,224,304,
高知中央,高知市,50333413,230,312,
高知中央,高知市,50333414,220,298,
高知中央,高知市,50333415,229,310,
高知中央,高知市,50333416,227,308,
高知中央,高知市,50333420,240,325,
高知中央,高知市,50333421,241,326,
高知中央,高知市,50333422,240,325,
高知中央,高知市,50333423,238,322,
高知中央,高知市,50333424,236,319,
高知中央,高知市,50333425,235,318,
高知中央,高知市,50333430,242,328,
高知中央,高知市,50333431,236,319,
高知中央,高知市,50333432,244,330,
高知中央,高知市,50333433,242,328,
高知中央,高知市,50333434,240,325,
高知中央,高知市,50333435,240,325,
高知中央,高知市,50333440,246,333,
高知中央,高知市,50333441,249,337,
高知中央,高知市,50333442,248,336,
高知中央,高知市,50333443,246,333,
高知中央,高知市,50333444,244,331,
高知中央,高知市,50333445,244,331,
高知中央,高知市,50333450,248,336,
高知中央,高知市,50333451,251,340,
高知中央,高知市,50333452,252,341,
高知中央,高知市,50333453,250,339,
高知中央,高知市,50333454,248,336,
高知中央,高知市,50333455,247,334,
高知中央,高知市,50333460,218,295,
高知中央,高知市,50333461,254,344,
高知中央,高知市,50333462,257,348,
高知中央,高知市,50333463,254,344,
高知中央,高知市,50333464,251,340,
高知中央,高知市,50333465,248,336,
高知中央,高知市,50333466,247,335,
高知中央,高知市,50333470,253,342,
高知中央,高知市,50333471,256,347,
高知中央,高知市,50333472,257,348,
高知中央,高知市,50333473,232,314,
高知中央,高知市,50333474,256,347,
高知中央,高知市,50333475,253,343,
高知中央,高知市,50333480,257,348,
高知中央,高知市,50333481,259,351,
高知中央,高知市,50333482,260,352,
高知中央,高知市,50333483,262,355,
高知中央,高知市,50333484,260,352,
高知中央,高知市,50333485,259,351,
高知中央,高知市,50333490,260,352,
高知中央,高知市,50333491,262,355,
高知中央,高知市,50333492,265,359,
高知中央,高知市,50333493,266,360,
高知中央,高知市,50333494,266,360,
高知中央,高知市,50334305,244,330,
高知中央,高知市,50334400,260,352,
高知中央,高知市,50334401,264,358,
高知中央,高知市,50334402,269,364,
高知中央,高知市,50334411,264,357,
高知中央,南国市,50332428,210,284,
高知中央,南国市,50332429,210,285,
高知中央,南国市,50332438,211,286,
高知中央,南国市,50332439,213,289,
高知中央,南国市,50332449,216,292,
高知中央,南国市,50332459,194,263,
高知中央,南国市,50332469,199,269,
高知中央,南国市,50332489,205,278,
高知中央,南国市,50332499,211,286,
高知中央,南国市,50332520,215,－,
高知中央,南国市,50332530,215,291,
高知中央,南国市,50332531,214,290,
高知中央,南国市,50332532,273,－,
高知中央,南国市,50332533,273,－,
高知中央,南国市,50332534,273,－,
高知中央,南国市,50332540,216,292,
高知中央,南国市,50332541,216,292,
高知中央,南国市,50332542,273,－,
高知中央,南国市,50332543,273,－,
高知中央,南国市,50332544,273,－,
高知中央,南国市,50332550,193,261,
高知中央,南国市,50332551,236,320,
高知中央,南国市,50332552,273,－,
高知中央,南国市,50332553,273,－,
高知中央,南国市,50332554,273,－,
高知中央,南国市,50332560,195,264,
高知中央,南国市,50332561,195,264,
高知中央,南国市,50332562,273,－,
高知中央,南国市,50332563,273,－,
高知中央,南国市,50332564,273,－,
高知中央,南国市,50332570,198,268,
高知中央,南国市,50332571,198,268,
高知中央,南国市,50332572,273,－,
高知中央,南国市,50332573,273,－,
高知中央,南国市,50332580,253,－,
高知中央,南国市,50332581,202,273,
高知中央,南国市,50332582,273,－,
高知中央,南国市,50332583,273,－,
高知中央,南国市,50332584,273,－,
高知中央,南国市,50332590,210,284,
高知中央,南国市,50332591,253,342,
高知中央,南国市,50332592,273,－,
高知中央,南国市,50332593,273,－,
高知中央,南国市,50332594,273,－,
高知中央,南国市,50333409,273,－,
高知中央,南国市,50333417,225,305,
高知中央,南国市,50333418,270,366,
高知中央,南国市,50333419,222,301,
高知中央,南国市,50333426,234,317,
高知中央,南国市,50333427,232,314,
高知中央,南国市,50333428,229,310,
高知中央,南国市,50333429,229,310,
高知中央,南国市,50333436,286,387,
高知中央,南国市,50333437,239,323,
高知中央,南国市,50333438,236,319,
高知中央,南国市,50333439,234,317,
高知中央,南国市,50333446,241,327,
高知中央,南国市,50333447,241,326,
高知中央,南国市,50333448,239,324,
高知中央,南国市,50333449,227,308,
高知中央,南国市,50333456,245,332,
高知中央,南国市,50333457,245,332,
高知中央,南国市,50333458,243,329,
高知中央,南国市,50333459,242,328,
高知中央,南国市,50333467,247,334,
高知中央,南国市,50333468,247,334,
高知中央,南国市,50333469,246,333,
高知中央,南国市,50333476,253,342,
高知中央,南国市,50333477,251,340,
高知中央,南国市,50333478,233,315,
高知中央,南国市,50333479,251,340,
高知中央,南国市,50333486,257,348,
高知中央,南国市,50333487,257,348,
高知中央,南国市,50333488,254,344,
高知中央,南国市,50333489,256,346,
高知中央,南国市,50333495,263,356,
高知中央,南国市,50333496,261,354,
高知中央,南国市,50333497,261,353,
高知中央,南国市,50333498,258,349,
高知中央,南国市,50333499,259,351,
高知中央,南国市,50333500,273,－,
高知中央,南国市,50333501,213,289,
高知中央,南国市,50333502,273,－,
高知中央,南国市,50333503,273,－,
高知中央,南国市,50333510,222,300,
高知中央,南国市,50333511,273,－,
高知中央,南国市,50333512,273,－,
高知中央,南国市,50333513,273,－,
高知中央,南国市,50333520,193,262,
高知中央,南国市,50333521,273,－,
高知中央,南国市,50333522,219,296,
高知中央,南国市,50333523,216,292,
高知中央,南国市,50333530,230,312,
高知中央,南国市,50333531,210,285,
高知中央,南国市,50333532,273,－,
高知中央,南国市,50333540,235,318,
高知中央,南国市,50333541,233,316,
高知中央,南国市,50333542,196,266,
高知中央,南国市,50333550,239,324,
高知中央,南国市,50333551,238,322,
高知中央,南国市,50333552,236,319,
高知中央,南国市,50333560,234,317,
高知中央,南国市,50333561,242,328,
高知中央,南国市,50333562,241,326,
高知中央,南国市,50333570,250,338,
高知中央,南国市,50333571,248,336,
高知中央,南国市,50333572,245,332,
高知中央,南国市,50333580,256,346,
高知中央,南国市,50333581,255,345,
高知中央,南国市,50333582,250,339,
高知中央,南国市,50333590,259,351,
高知中央,南国市,50334405,269,364,
高知中央,南国市,50334406,267,361,
高知中央,南国市,50334407,266,360,
高知中央,南国市,50334408,265,359,
高知中央,南国市,50334415,273,369,
高知中央,南国市,50334416,270,366,
高知中央,南国市,50334417,267,362,
高知中央,南国市,50334418,266,360,
高知中央,南国市,50334425,275,372,
高知中央,南国市,50334426,272,368,
高知中央,南国市,50334427,269,364,
高知中央,南国市,50334428,269,364,
高知中央,南国市,50334436,270,365,
高知中央,南国市,50334437,269,364,
高知中央,土佐市,50331225,241,327,
高知中央,土佐市,50331235,245,332,
高知中央,土佐市,50331236,242,328,
高知中央,土佐市,50331237,239,324,
高知中央,土佐市,50331244,222,301,
高知中央,土佐市,50331245,223,302,
高知中央,土佐市,50331246,245,332,
高知中央,土佐市,50331247,243,329,
高知中央,土佐市,50331248,239,323,
高知中央,土佐市,50331249,234,317,
高知中央,土佐市,50331255,224,304,
高知中央,土佐市,50331256,191,259,
高知中央,土佐市,50331257,246,333,
高知中央,土佐市,50331258,183,248,
高知中央,土佐市,50331259,236,320,
高知中央,土佐市,50331265,224,304,
高知中央,土佐市,50331266,225,305,
高知中央,土佐市,50331267,246,333,
高知中央,土佐市,50331268,242,328,
高知中央,土佐市,50331269,239,323,
高知中央,土佐市,50331276,224,303,
高知中央,土佐市,50331277,219,297,
高知中央,土佐市,50331278,243,329,
高知中央,土佐市,50331279,239,324,
高知中央,土佐市,50331286,223,302,
高知中央,土佐市,50331287,222,300,
高知中央,土佐市,50331288,174,236,
高知中央,土佐市,50331289,241,327,
高知中央,土佐市,50331296,222,300,
高知中央,土佐市,50331297,222,300,
高知中央,土佐市,50331298,219,297,
高知中央,土佐市,50331299,218,295,
高知中央,土佐市,50331305,223,302,
高知中央,土佐市,50331306,221,299,
高知中央,土佐市,50331315,224,304,
高知中央,土佐市,50331316,222,300,
高知中央,土佐市,50331324,225,305,
高知中央,土佐市,50331325,226,306,
高知中央,土佐市,50331326,223,302,
高知中央,土佐市,50331334,225,305,
高知中央,土佐市,50331335,226,－,
高知中央,土佐市,50331336,224,304,
高知中央,土佐市,50331340,233,315,
高知中央,土佐市,50331344,226,306,
高知中央,土佐市,50331345,224,304,
高知中央,土佐市,50331346,225,305,
高知中央,土佐市,50331347,222,301,
高知中央,土佐市,50331348,224,－,
高知中央,土佐市,50331350,234,317,
高知中央,土佐市,50331351,233,316,
高知中央,土佐市,50331354,227,308,
高知中央,土佐市,50331355,227,307,
高知中央,土佐市,50331356,227,308,
高知中央,土佐市,50331357,224,304,
高知中央,土佐市,50331360,236,320,
高知中央,土佐市,50331361,179,243,
高知中央,土佐市,50331362,234,317,
高知中央,土佐市,50331363,232,314,
高知中央,土佐市,50331364,230,312,
高知中央,土佐市,50331365,230,311,
高知中央,土佐市,50331366,228,309,
高知中央,土佐市,50331370,239,324,
高知中央,土佐市,50331371,238,322,
高知中央,土佐市,50331372,236,320,
高知中央,土佐市,50331373,236,320,
高知中央,土佐市,50331374,233,316,
高知中央,土佐市,50331375,233,316,
高知中央,土佐市,50331376,233,316,
高知中央,土佐市,50331380,171,232,
高知中央,土佐市,50331381,239,323,
高知中央,土佐市,50331382,237,321,
高知中央,土佐市,50331383,236,320,
高知中央,土佐市,50331384,236,319,
高知中央,土佐市,50331385,236,320,
高知中央,土佐市,50331386,235,318,
高知中央,土佐市,50331390,241,326,
高知中央,土佐市,50331391,239,323,
高知中央,土佐市,50331392,237,321,
高知中央,土佐市,50331393,237,321,
高知中央,土佐市,50331394,239,－,
高知中央,土佐市,50331395,239,－,
高知中央,土佐市,50332209,218,295,
高知中央,土佐市,50332300,217,294,
高知中央,土佐市,50332301,216,292,
高知中央,土佐市,50332302,239,324,
高知中央,土佐市,50332303,174,236,
高知中央,土佐市,50332304,239,－,
高知中央,土佐市,50332311,216,293,
高知中央,土佐市,50332312,177,240,
高知中央,土佐市,50332313,239,324,
高知中央,土佐市,50332314,236,320,
高知中央,土佐市,50332323,213,288,
高知中央,須崎市,50330139,245,332,
高知中央,須崎市,50330149,247,335,
高知中央,須崎市,50330154,267,－,
高知中央,須崎市,50330155,262,355,
高知中央,須崎市,50330158,255,345,
高知中央,須崎市,50330159,250,338,
高知中央,須崎市,50330164,264,358,
高知中央,須崎市,50330165,262,355,
高知中央,須崎市,50330166,261,353,
高知中央,須崎市,50330167,259,351,
高知中央,須崎市,50330168,256,346,
高知中央,須崎市,50330169,251,340,
高知中央,須崎市,50330174,264,357,
高知中央,須崎市,50330175,261,354,
高知中央,須崎市,50330176,260,352,
高知中央,須崎市,50330177,258,349,
高知中央,須崎市,50330178,255,345,
高知中央,須崎市,50330179,253,342,
高知中央,須崎市,50330186,259,350,
高知中央,須崎市,50330187,257,348,
高知中央,須崎市,50330188,192,260,
高知中央,須崎市,50330189,253,342,
高知中央,須崎市,50330197,256,347,
高知中央,須崎市,50330198,254,344,
高知中央,須崎市,50330199,252,341,
高知中央,須崎市,50330201,233,315,
高知中央,須崎市,50330211,233,315,
高知中央,須崎市,50330220,236,320,
高知中央,須崎市,50330221,235,318,
高知中央,須崎市,50330224,227,307,
高知中央,須崎市,50330225,224,303,
高知中央,須崎市,50330230,239,324,
高知中央,須崎市,50330231,237,321,
高知中央,須崎市,50330233,234,317,
高知中央,須崎市,50330234,230,312,
高知中央,須崎市,50330235,226,306,
高知中央,須崎市,50330236,224,303,
高知中央,須崎市,50330240,241,327,
高知中央,須崎市,50330241,239,324,
高知中央,須崎市,50330243,253,－,
高知中央,須崎市,50330244,253,－,
高知中央,須崎市,50330245,230,311,
高知中央,須崎市,50330246,226,306,
高知中央,須崎市,50330250,245,332,
高知中央,須崎市,50330251,244,331,
高知中央,須崎市,50330252,243,329,
高知中央,須崎市,50330253,242,328,
高知中央,須崎市,50330254,236,320,
高知中央,須崎市,50330255,253,342,
高知中央,須崎市,50330256,227,308,
高知中央,須崎市,50330260,245,332,
高知中央,須崎市,50330261,246,333,
高知中央,須崎市,50330262,245,332,
高知中央,須崎市,50330263,243,329,
高知中央,須崎市,50330264,238,322,
高知中央,須崎市,50330265,233,316,
高知中央,須崎市,50330266,230,311,
高知中央,須崎市,50330270,248,336,
高知中央,須崎市,50330271,245,332,
高知中央,須崎市,50330272,246,333,
高知中央,須崎市,50330273,244,330,
高知中央,須崎市,50330274,239,324,
高知中央,須崎市,50330275,235,318,
高知中央,須崎市,50330276,232,314,
高知中央,須崎市,50330277,230,311,
高知中央,須崎市,50330279,231,－,
高知中央,須崎市,50330280,248,336,
高知中央,須崎市,50330281,245,332,
高知中央,須崎市,50330282,245,332,
高知中央,須崎市,50330283,244,331,
高知中央,須崎市,50330284,241,327,
高知中央,須崎市,50330285,237,321,
高知中央,須崎市,50330286,235,318,
高知中央,須崎市,50330287,233,315,
高知中央,須崎市,50330288,231,313,
高知中央,須崎市,50330289,229,310,
高知中央,須崎市,50330290,250,338,
高知中央,須崎市,50330291,245,332,
高知中央,須崎市,50330292,245,332,
高知中央,須崎市,50330293,246,333,
高知中央,須崎市,50330294,245,332,
高知中央,須崎市,50330295,239,324,
高知中央,須崎市,50330296,236,320,
高知中央,須崎市,50330297,233,316,
高知中央,須崎市,50330298,233,315,
高知中央,須崎市,50330299,232,314,
高知中央,須崎市,50330370,231,－,
高知中央,須崎市,50330372,224,－,
高知中央,須崎市,50330380,226,306,
高知中央,須崎市,50330381,224,304,
高知中央,須崎市,50330382,222,300,
高知中央,須崎市,50330383,224,－,
高知中央,須崎市,50330384,224,－,
高知中央,須崎市,50330390,229,310,
高知中央,須崎市,50330391,227,307,
高知中央,須崎市,50330392,222,301,
高知中央,須崎市,50330393,222,300,
高知中央,須崎市,50330394,222,301,
高知中央,須崎市,50330395,224,－,
高知中央,須崎市,50331107,257,348,
高知中央,須崎市,50331108,256,347,
高知中央,須崎市,50331109,253,342,
高知中央,須崎市,50331117,257,348,
高知中央,須崎市,50331118,257,348,
高知中央,須崎市,50331119,254,344,
高知中央,須崎市,50331200,250,339,
高知中央,須崎市,50331201,183,248,
高知中央,須崎市,50331202,247,334,
高知中央,須崎市,50331203,247,335,
高知中央,須崎市,50331204,245,332,
高知中央,須崎市,50331205,240,325,
高知中央,須崎市,50331206,238,322,
高知中央,須崎市,50331207,235,318,
高知中央,須崎市,50331208,233,315,
高知中央,須崎市,50331209,233,315,
高知中央,須崎市,50331210,253,342,
高知中央,須崎市,50331211,224,303,
高知中央,須崎市,50331212,222,301,
高知中央,須崎市,50331213,248,336,
高知中央,須崎市,50331214,245,332,
高知中央,須崎市,50331215,241,326,
高知中央,須崎市,50331216,239,324,
高知中央,須崎市,50331217,194,263,
高知中央,須崎市,50331218,234,317,
高知中央,須崎市,50331219,232,314,
高知中央,須崎市,50331220,228,309,
高知中央,須崎市,50331221,224,304,
高知中央,須崎市,50331222,184,249,
高知中央,須崎市,50331223,220,298,
高知中央,須崎市,50331224,244,331,
高知中央,須崎市,50331226,239,324,
高知中央,須崎市,50331227,237,321,
高知中央,須崎市,50331228,235,318,
高知中央,須崎市,50331229,233,316,
高知中央,須崎市,50331233,222,300,
高知中央,須崎市,50331234,221,299,
高知中央,須崎市,50331238,236,320,
高知中央,須崎市,50331239,234,317,
高知中央,須崎市,50331300,230,312,
高知中央,須崎市,50331301,227,307,
高知中央,須崎市,50331302,224,303,
高知中央,須崎市,50331303,222,301,
高知中央,須崎市,50331304,223,302,
高知中央,須崎市,50331310,230,312,
高知中央,須崎市,50331311,228,309,
高知中央,須崎市,50331312,224,304,
高知中央,須崎市,50331313,223,302,
高知中央,須崎市,50331314,224,304,
高知中央,須崎市,50331320,231,313,
高知中央,須崎市,50331321,230,311,
高知中央,須崎市,50331322,226,306,
高知中央,須崎市,50331323,224,304,
高知中央,須崎市,50331330,233,315,
高知中央,須崎市,50331331,230,312,
高知中央,須崎市,50331332,227,308,
高知中央,須崎市,50331333,227,308,
高知中央,須崎市,50331341,230,312,
高知中央,須崎市,50331342,230,312,
高知中央,須崎市,50331343,227,308,
高知中央,須崎市,50331352,231,313,
高知中央,須崎市,50331353,227,308,
高知中央,香南市,50332545,273,－,
高知中央,香南市,50332546,273,－,
高知中央,香南市,50332547,273,－,
高知中央,香南市,50332548,224,304,
高知中央,香南市,50332549,225,305,
高知中央,香南市,50332555,273,－,
高知中央,香南市,50332556,224,303,
高知中央,香南市,50332557,225,305,
高知中央,香南市,50332558,224,304,
高知中央,香南市,50332559,226,306,
高知中央,香南市,50332565,273,－,
高知中央,香南市,50332566,273,－,
高知中央,香南市,50332567,226,306,
高知中央,香南市,50332568,227,308,
高知中央,香南市,50332569,227,308,
高知中央,香南市,50332574,273,－,
高知中央,香南市,50332575,273,－,
高知中央,香南市,50332576,224,304,
高知中央,香南市,50332577,227,308,
高知中央,香南市,50332578,227,308,
高知中央,香南市,50332579,228,309,
高知中央,香南市,50332585,273,－,
高知中央,香南市,50332586,204,276,
高知中央,香南市,50332587,229,310,
高知中央,香南市,50332588,230,312,
高知中央,香南市,50332589,230,312,
高知中央,香南市,50332595,206,279,
高知中央,香南市,50332596,206,279,
高知中央,香南市,50332597,199,270,
高知中央,香南市,50332598,233,315,
高知中央,香南市,50332599,159,215,
高知中央,香南市,50332620,215,291,
高知中央,香南市,50332621,213,288,
高知中央,香南市,50332630,220,298,
高知中央,香南市,50332631,217,294,
高知中央,香南市,50332640,224,304,
高知中央,香南市,50332641,222,300,
高知中央,香南市,50332642,219,296,
高知中央,香南市,50332650,227,308,
高知中央,香南市,50332651,185,250,
高知中央,香南市,50332652,222,301,
高知中央,香南市,50332660,227,308,
高知中央,香南市,50332661,227,307,
高知中央,香南市,50332662,226,306,
高知中央,香南市,50332663,224,303,
高知中央,香南市,50332670,227,308,
高知中央,香南市,50332671,229,310,
高知中央,香南市,50332672,230,311,
高知中央,香南市,50332673,227,308,
高知中央,香南市,50332674,227,307,
高知中央,香南市,50332680,162,220,
高知中央,香南市,50332681,170,230,
高知中央,香南市,50332682,232,314,
高知中央,香南市,50332683,233,315,
高知中央,香南市,50332684,231,313,
高知中央,香南市,50332685,230,312,
高知中央,香南市,50332690,233,315,
高知中央,香南市,50332691,233,316,
高知中央,香南市,50332692,193,261,
高知中央,香南市,50332693,236,319,
高知中央,香南市,50332694,222,300,
高知中央,香南市,50332695,234,317,
高知中央,香南市,50332697,241,326,
高知中央,香南市,50333505,208,282,
高知中央,香南市,50333506,209,283,
高知中央,香南市,50333507,210,284,
高知中央,香南市,50333508,210,284,
高知中央,香南市,50333509,235,318,
高知中央,香南市,50333516,211,286,
高知中央,香南市,50333517,213,288,
高知中央,香南市,50333519,212,287,
高知中央,香南市,50333600,236,319,
高知中央,香南市,50333601,236,320,
高知中央,香南市,50333602,181,245,
高知中央,香南市,50333603,237,321,
高知中央,香南市,50333604,238,322,
高知中央,香南市,50333605,239,324,
高知中央,香南市,50333606,239,324,
高知中央,香南市,50333607,244,331,
高知中央,香南市,50333610,237,321,
高知中央,香南市,50333611,184,249,
高知中央,香南市,50333612,171,232,
高知中央,香南市,50333613,239,324,
高知中央,香南市,50333614,208,282,
高知中央,香南市,50333615,246,333,
高知中央,香南市,50333616,248,336,
高知中央,香南市,50333617,250,338,
高知中央,香南市,50333618,252,341,
高知中央,香南市,50333621,241,326,
高知中央,香南市,50333622,199,269,
高知中央,香南市,50333623,242,328,
高知中央,香南市,50333624,247,335,
高知中央,香南市,50333625,253,343,
高知中央,香南市,50333626,256,346,
高知中央,香南市,50333627,254,344,
高知中央,香南市,50333628,256,347,
高知中央,香南市,50333632,240,325,
高知中央,香南市,50333635,258,349,
高知中央,香南市,50333636,258,349,
高知中央,香南市,50333637,258,349,
高知中央,香南市,50333638,259,350,
高知中央,香南市,50333639,260,352,
高知中央,香南市,50333645,255,345,
高知中央,香南市,50333646,255,345,
高知中央,香南市,50333647,256,346,
高知中央,香南市,50333648,259,351,
高知中央,香南市,50333649,261,354,
高知中央,香南市,50333656,250,338,
高知中央,香南市,50333657,254,344,
高知中央,香南市,50333658,259,351,
高知中央,香南市,50333659,263,356,
高知中央,香南市,50333667,254,344,
高知中央,香南市,50333668,261,353,
高知中央,香南市,50333669,266,360,
高知中央,香南市,50333677,253,343,
高知中央,香南市,50333678,262,355,
高知中央,香南市,50333679,267,361,
高知中央,香南市,50333688,257,348,
高知中央,香南市,50333689,264,357,
高知中央,香南市,50333770,265,359,
高知中央,香南市,50333780,262,355,
高知中央,香美市,50333504,273,－,
高知中央,香美市,50333514,273,－,
高知中央,香美市,50333515,273,－,
高知中央,香美市,50333518,210,285,
高知中央,香美市,50333524,273,－,
高知中央,香美市,50333525,273,－,
高知中央,香美市,50333526,216,292,
高知中央,香美市,50333527,215,291,
高知中央,香美市,50333528,213,288,
高知中央,香美市,50333529,213,289,
高知中央,香美市,50333533,221,299,
高知中央,香美市,50333534,174,236,
高知中央,香美市,50333535,219,296,
高知中央,香美市,50333536,243,329,
高知中央,香美市,50333537,217,294,
高知中央,香美市,50333538,216,292,
高知中央,香美市,50333539,216,292,
高知中央,香美市,50333543,273,369,
高知中央,香美市,50333544,224,303,
高知中央,香美市,50333545,222,300,
高知中央,香美市,50333546,220,298,
高知中央,香美市,50333547,244,331,
高知中央,香美市,50333548,220,298,
高知中央,香美市,50333549,220,298,
高知中央,香美市,50333553,230,312,
高知中央,香美市,50333554,226,306,
高知中央,香美市,50333555,224,304,
高知中央,香美市,50333556,222,301,
高知中央,香美市,50333557,171,232,
高知中央,香美市,50333558,223,302,
高知中央,香美市,50333559,224,303,
高知中央,香美市,50333563,236,319,
高知中央,香美市,50333564,231,313,
高知中央,香美市,50333565,170,231,
高知中央,香美市,50333566,251,340,
高知中央,香美市,50333567,224,303,
高知中央,香美市,50333568,226,306,
高知中央,香美市,50333569,227,308,
高知中央,香美市,50333573,241,326,
高知中央,香美市,50333574,234,317,
高知中央,香美市,50333575,231,313,
高知中央,香美市,50333576,230,311,
高知中央,香美市,50333577,229,310,
高知中央,香美市,50333578,228,309,
高知中央,香美市,50333579,228,309,
高知中央,香美市,50333583,245,332,
高知中央,香美市,50333584,239,324,
高知中央,香美市,50333585,236,320,
高知中央,香美市,50333586,259,351,
高知中央,香美市,50333587,233,316,
高知中央,香美市,50333588,231,313,
高知中央,香美市,50333589,232,314,
高知中央,香美市,50333591,260,352,
高知中央,香美市,50333592,257,348,
高知中央,香美市,50333593,254,344,
高知中央,香美市,50333594,250,338,
高知中央,香美市,50333595,243,329,
高知中央,香美市,50333596,240,325,
高知中央,香美市,50333597,239,324,
高知中央,香美市,50333598,236,320,
高知中央,香美市,50333599,236,319,
高知中央,香美市,50333620,214,290,
高知中央,香美市,50333630,217,294,
高知中央,香美市,50333631,216,292,
高知中央,香美市,50333633,244,330,
高知中央,香美市,50333634,250,339,
高知中央,香美市,50333640,220,298,
高知中央,香美市,50333641,220,298,
高知中央,香美市,50333642,219,296,
高知中央,香美市,50333643,245,332,
高知中央,香美市,50333644,251,340,
高知中央,香美市,50333650,224,304,
高知中央,香美市,50333651,224,303,
高知中央,香美市,50333652,222,301,
高知中央,香美市,50333653,222,301,
高知中央,香美市,50333654,249,337,
高知中央,香美市,50333655,250,339,
高知中央,香美市,50333660,226,306,
高知中央,香美市,50333661,224,304,
高知中央,香美市,50333662,224,303,
高知中央,香美市,50333663,224,303,
高知中央,香美市,50333664,223,302,
高知中央,香美市,50333665,246,333,
高知中央,香美市,50333666,247,335,
高知中央,香美市,50333670,227,308,
高知中央,香美市,50333671,227,307,
高知中央,香美市,50333672,208,282,
高知中央,香美市,50333673,224,303,
高知中央,香美市,50333674,222,300,
高知中央,香美市,50333675,219,297,
高知中央,香美市,50333676,246,333,
高知中央,香美市,50333680,230,311,
高知中央,香美市,50333681,230,311,
高知中央,香美市,50333682,228,309,
高知中央,香美市,50333683,224,304,
高知中央,香美市,50333684,222,300,
高知中央,香美市,50333685,219,296,
高知中央,香美市,50333686,244,331,
高知中央,香美市,50333687,250,339,
高知中央,香美市,50333690,235,318,
高知中央,香美市,50333691,235,318,
高知中央,香美市,50333692,233,316,
高知中央,香美市,50333693,229,310,
高知中央,香美市,50333694,224,304,
高知中央,香美市,50333695,221,299,
高知中央,香美市,50333696,219,296,
高知中央,香美市,50333697,247,335,
高知中央,香美市,50333698,252,341,
高知中央,香美市,50333699,257,348,
高知中央,香美市,50333773,263,356,
高知中央,香美市,50333782,256,347,
高知中央,香美市,50333783,261,353,
高知中央,香美市,50333784,270,366,
高知中央,香美市,50333790,257,348,
高知中央,香美市,50333791,254,344,
高知中央,香美市,50333792,252,341,
高知中央,香美市,50333793,257,348,
高知中央,香美市,50333794,267,361,
高知中央,香美市,50333795,276,373,
高知中央,香美市,50334409,264,357,
高知中央,香美市,50334419,266,360,
高知中央,香美市,50334429,270,366,
高知中央,香美市,50334438,269,364,
高知中央,香美市,50334439,271,367,
高知中央,香美市,50334448,267,362,
高知中央,香美市,50334449,270,365,
高知中央,香美市,50334500,264,357,
高知中央,香美市,50334501,263,356,
高知中央,香美市,50334502,263,356,
高知中央,香美市,50334503,263,356,
高知中央,香美市,50334504,260,352,
高知中央,香美市,50334505,227,308,
高知中央,香美市,50334506,245,332,
高知中央,香美市,50334507,242,328,
高知中央,香美市,50334508,241,327,
高知中央,香美市,50334509,241,327,
高知中央,香美市,50334510,266,360,
高知中央,香美市,50334511,266,360,
高知中央,香美市,50334512,266,360,
高知中央,香美市,50334513,268,363,
高知中央,香美市,50334514,265,359,
高知中央,香美市,50334515,257,348,
高知中央,香美市,50334516,250,339,
高知中央,香美市,50334517,247,334,
高知中央,香美市,50334518,244,331,
高知中央,香美市,50334519,245,332,
高知中央,香美市,50334520,269,364,
高知中央,香美市,50334521,268,363,
高知中央,香美市,50334522,267,362,
高知中央,香美市,50334523,269,364,
高知中央,香美市,50334524,266,360,
高知中央,香美市,50334526,253,342,
高知中央,香美市,50334527,249,337,
高知中央,香美市,50334528,247,335,
高知中央,香美市,50334529,248,336,
高知中央,香美市,50334530,271,367,
高知中央,香美市,50334531,267,362,
高知中央,香美市,50334532,269,364,
高知中央,香美市,50334533,267,361,
高知中央,香美市,50334537,251,340,
高知中央,香美市,50334538,251,340,
高知中央,香美市,50334539,251,340,
高知中央,香美市,50334540,272,368,
高知中央,香美市,50334541,270,365,
高知中央,香美市,50334542,269,364,
高知中央,香美市,50334548,255,345,
高知中央,香美市,50334549,259,350,
高知中央,香美市,50334550,269,364,
高知中央,香美市,50334551,269,364,
高知中央,香美市,50334559,269,364,
高知中央,香美市,50334569,273,369,
高知中央,香美市,50334600,239,324,
高知中央,香美市,50334601,238,322,
高知中央,香美市,50334602,238,322,
高知中央,香美市,50334603,235,318,
高知中央,香美市,50334604,230,311,
高知中央,香美市,50334605,224,304,
高知中央,香美市,50334606,221,299,
高知中央,香美市,50334607,222,300,
高知中央,香美市,50334608,248,336,
高知中央,香美市,50334609,251,340,
高知中央,香美市,50334610,243,329,
高知中央,香美市,50334611,242,328,
高知中央,香美市,50334612,241,326,
高知中央,香美市,50334613,239,324,
高知中央,香美市,50334614,236,320,
高知中央,香美市,50334615,232,314,
高知中央,香美市,50334616,227,308,
高知中央,香美市,50334617,224,304,
高知中央,香美市,50334618,249,337,
高知中央,香美市,50334619,251,340,
高知中央,香美市,50334620,246,333,
高知中央,香美市,50334621,246,333,
高知中央,香美市,50334622,242,328,
高知中央,香美市,50334623,244,330,
高知中央,香美市,50334624,244,331,
高知中央,香美市,50334625,242,328,
高知中央,香美市,50334626,236,320,
高知中央,香美市,50334627,230,311,
高知中央,香美市,50334628,227,308,
高知中央,香美市,50334629,254,344,
高知中央,香美市,50334630,251,340,
高知中央,香美市,50334631,250,339,
高知中央,香美市,50334632,247,335,
高知中央,香美市,50334633,248,336,
高知中央,香美市,50334634,251,340,
高知中央,香美市,50334635,250,339,
高知中央,香美市,50334636,242,328,
高知中央,香美市,50334637,231,313,
高知中央,香美市,50334638,227,308,
高知中央,香美市,50334639,230,312,
高知中央,香美市,50334640,260,352,
高知中央,香美市,50334641,258,349,
高知中央,香美市,50334642,254,344,
高知中央,香美市,50334643,251,340,
高知中央,香美市,50334644,252,341,
高知中央,香美市,50334645,251,340,
高知中央,香美市,50334646,241,327,
高知中央,香美市,50334647,230,312,
高知中央,香美市,50334648,226,306,
高知中央,香美市,50334649,227,307,
高知中央,香美市,50334650,273,369,
高知中央,香美市,50334651,267,361,
高知中央,香美市,50334652,259,350,
高知中央,香美市,50334653,254,344,
高知中央,香美市,50334654,251,340,
高知中央,香美市,50334655,247,335,
高知中央,香美市,50334656,239,324,
高知中央,香美市,50334657,230,312,
高知中央,香美市,50334658,224,304,
高知中央,香美市,50334659,223,302,
高知中央,香美市,50334660,279,378,
高知中央,香美市,50334661,273,370,
高知中央,香美市,50334662,260,352,
高知中央,香美市,50334663,254,344,
高知中央,香美市,50334664,251,340,
高知中央,香美市,50334665,247,334,
高知中央,香美市,50334666,239,323,
高知中央,香美市,50334667,230,312,
高知中央,香美市,50334668,224,304,
高知中央,香美市,50334669,222,301,
高知中央,香美市,50334670,275,372,
高知中央,香美市,50334671,270,366,
高知中央,香美市,50334673,254,344,
高知中央,香美市,50334674,252,341,
高知中央,香美市,50334675,248,336,
高知中央,香美市,50334676,240,325,
高知中央,香美市,50334677,233,315,
高知中央,香美市,50334678,224,304,
高知中央,香美市,50334679,223,302,
高知中央,香美市,50334684,253,342,
高知中央,香美市,50334685,253,－,
高知中央,香美市,50334686,242,328,
高知中央,香美市,50334687,233,316,
高知中央,香美市,50334688,227,307,
高知中央,香美市,50334689,224,304,
高知中央,香美市,50334694,249,337,
高知中央,香美市,50334695,253,－,
高知中央,香美市,50334696,244,331,
高知中央,香美市,50334697,236,319,
高知中央,香美市,50334698,229,310,
高知中央,香美市,50334699,225,305,
高知中央,香美市,50334700,253,342,
高知中央,香美市,50334701,250,339,
高知中央,香美市,50334702,249,337,
高知中央,香美市,50334703,253,342,
高知中央,香美市,50334704,262,355,
高知中央,香美市,50334705,273,369,
高知中央,香美市,50334706,279,378,
高知中央,香美市,50334710,252,341,
高知中央,香美市,50334711,250,339,
高知中央,香美市,50334712,248,336,
高知中央,香美市,50334713,250,339,
高知中央,香美市,50334714,255,345,
高知中央,香美市,50334715,264,357,
高知中央,香美市,50334716,272,368,
高知中央,香美市,50334717,281,380,
高知中央,香美市,50334720,255,345,
高知中央,香美市,50334721,253,342,
高知中央,香美市,50334722,247,335,
高知中央,香美市,50334723,247,335,
高知中央,香美市,50334724,251,340,
高知中央,香美市,50334725,259,350,
高知中央,香美市,50334726,266,360,
高知中央,香美市,50334727,273,369,
高知中央,香美市,50334730,257,348,
高知中央,香美市,50334731,254,344,
高知中央,香美市,50334732,248,336,
高知中央,香美市,50334733,245,332,
高知中央,香美市,50334734,247,334,
高知中央,香美市,50334735,253,342,
高知中央,香美市,50334736,260,352,
高知中央,香美市,50334737,267,362,
高知中央,香美市,50334738,275,372,
高知中央,香美市,50334740,253,342,
高知中央,香美市,50334741,250,339,
高知中央,香美市,50334742,245,332,
高知中央,香美市,50334743,243,329,
高知中央,香美市,50334744,245,332,
高知中央,香美市,50334745,248,336,
高知中央,香美市,50334746,254,344,
高知中央,香美市,50334747,261,353,
高知中央,香美市,50334748,269,364,
高知中央,香美市,50334749,278,－,
高知中央,香美市,50334750,224,304,
高知中央,香美市,50334751,247,334,
高知中央,香美市,50334752,243,329,
高知中央,香美市,50334753,242,328,
高知中央,香美市,50334754,243,329,
高知中央,香美市,50334755,245,332,
高知中央,香美市,50334756,250,338,
高知中央,香美市,50334757,257,348,
高知中央,香美市,50334758,263,356,
高知中央,香美市,50334759,270,365,
高知中央,香美市,50334760,224,304,
高知中央,香美市,50334761,224,303,
高知中央,香美市,50334762,245,332,
高知中央,香美市,50334763,242,328,
高知中央,香美市,50334764,242,328,
高知中央,香美市,50334765,244,330,
高知中央,香美市,50334766,248,336,
高知中央,香美市,50334767,253,343,
高知中央,香美市,50334768,261,354,
高知中央,香美市,50334769,268,363,
高知中央,香美市,50334770,226,306,
高知中央,香美市,50334771,227,307,
高知中央,香美市,50334772,223,302,
高知中央,香美市,50334773,219,296,
高知中央,香美市,50334774,217,294,
高知中央,香美市,50334775,242,328,
高知中央,香美市,50334776,246,333,
高知中央,香美市,50334777,251,340,
高知中央,香美市,50334778,258,349,
高知中央,香美市,50334779,267,362,
高知中央,香美市,50334780,226,306,
高知中央,香美市,50334781,226,306,
高知中央,香美市,50334782,222,300,
高知中央,香美市,50334783,219,296,
高知中央,香美市,50334784,218,295,
高知中央,香美市,50334785,219,296,
高知中央,香美市,50334786,220,298,
高知中央,香美市,50334787,248,336,
高知中央,香美市,50334788,255,345,
高知中央,香美市,50334789,264,358,
高知中央,香美市,50334790,223,302,
高知中央,香美市,50334791,223,302,
高知中央,香美市,50334792,220,298,
高知中央,香美市,50334793,218,295,
高知中央,香美市,50334794,218,295,
高知中央,香美市,50334795,219,296,
高知中央,香美市,50334796,221,299,
高知中央,香美市,50334797,222,300,
高知中央,香美市,50334798,251,340,
高知中央,香美市,50334799,261,353,
高知中央,香美市,50335606,242,328,
高知中央,香美市,50335607,235,318,
高知中央,香美市,50335608,230,311,
高知中央,香美市,50335609,226,306,
高知中央,香美市,50335617,235,318,
高知中央,香美市,50335618,230,311,
高知中央,香美市,50335619,227,308,
高知中央,香美市,50335627,233,315,
高知中央,香美市,50335628,229,310,
高知中央,香美市,50335629,228,309,
高知中央,香美市,50335638,227,308,
高知中央,香美市,50335639,227,308,
高知中央,香美市,50335649,226,306,
高知中央,香美市,50335659,222,300,
高知中央,香美市,50335700,223,302,
高知中央,香美市,50335701,222,300,
高知中央,香美市,50335702,219,296,
高知中央,香美市,50335703,216,292,
高知中央,香美市,50335704,216,292,
高知中央,香美市,50335705,218,295,
高知中央,香美市,50335706,219,297,
高知中央,香美市,50335707,223,302,
高知中央,香美市,50335708,225,305,
高知中央,香美市,50335709,274,－,
高知中央,香美市,50335710,225,305,
高知中央,香美市,50335711,223,302,
高知中央,香美市,50335712,219,297,
高知中央,香美市,50335713,217,294,
高知中央,香美市,50335714,216,292,
高知中央,香美市,50335715,219,297,
高知中央,香美市,50335716,222,300,
高知中央,香美市,50335717,223,302,
高知中央,香美市,50335718,225,305,
高知中央,香美市,50335719,230,312,
高知中央,香美市,50335720,228,309,
高知中央,香美市,50335721,227,307,
高知中央,香美市,50335722,223,302,
高知中央,香美市,50335723,218,295,
高知中央,香美市,50335724,218,295,
高知中央,香美市,50335725,222,300,
高知中央,香美市,50335726,224,304,
高知中央,香美市,50335727,225,305,
高知中央,香美市,50335728,225,305,
高知中央,香美市,50335729,230,311,
高知中央,香美市,50335730,230,311,
高知中央,香美市,50335731,230,311,
高知中央,香美市,50335732,224,303,
高知中央,香美市,50335733,219,296,
高知中央,香美市,50335734,218,295,
高知中央,香美市,50335735,224,303,
高知中央,香美市,50335736,227,307,
高知中央,香美市,50335737,224,304,
高知中央,香美市,50335738,224,304,
高知中央,香美市,50335739,228,309,
高知中央,香美市,50335740,227,307,
高知中央,香美市,50335741,225,305,
高知中央,香美市,50335742,222,300,
高知中央,香美市,50335743,216,293,
高知中央,香美市,50335744,217,294,
高知中央,香美市,50335745,220,298,
高知中央,香美市,50335746,223,302,
高知中央,香美市,50335747,222,300,
高知中央,香美市,50335748,222,301,
高知中央,香美市,50335749,227,308,
高知中央,香美市,50335750,222,300,
高知中央,香美市,50335751,220,298,
高知中央,香美市,50335753,216,292,
高知中央,香美市,50335754,214,290,
高知中央,香美市,50335755,216,293,
高知中央,香美市,50335756,216,292,
高知中央,香美市,50335757,217,294,
高知中央,香美市,50335758,221,299,
高知中央,香美市,50335759,226,306,
高知中央,香美市,50335760,217,294,
高知中央,香美市,50335766,213,288,
高知中央,香美市,50335767,214,290,
高知中央,香美市,50335768,219,296,
高知中央,香美市,50335769,224,304,
高知中央,香美市,50335776,225,－,
高知中央,香美市,50335777,215,291,
高知中央,香美市,50335778,219,296,
高知中央,香美市,50335779,223,302,
高知中央,香美市,50335786,225,－,
高知中央,香美市,50335787,225,－,
高知中央,香美市,50335788,225,－,
高知中央,香美市,50335789,225,－,
高知中央,香美市,50335796,210,284,
高知中央,香美市,50335797,225,－,
高知中央,香美市,50335798,225,－,
高知中央,香美市,50336708,225,－,
高知中央,香美市,50344060,277,375,
高知中央,香美市,50344061,276,373,
高知中央,香美市,50344062,276,373,
高知中央,香美市,50344063,274,371,
高知中央,香美市,50344064,274,371,
高知中央,香美市,50344070,274,371,
高知中央,香美市,50344071,276,373,
高知中央,香美市,50344072,274,371,
高知中央,香美市,50344073,273,370,
高知中央,香美市,50344074,275,372,
高知中央,香美市,50344080,275,372,
高知中央,香美市,50344081,277,375,
高知中央,香美市,50344082,275,372,
高知中央,香美市,50344083,273,369,
高知中央,香美市,50344084,275,－,
高知中央,香美市,50344090,269,364,
高知中央,香美市,50344091,276,373,
高知中央,香美市,50344092,276,373,
高知中央,香美市,50344093,275,372,
高知中央,香美市,50344094,275,372,
高知中央,香美市,50345000,266,360,
高知中央,香美市,50345001,274,371,
高知中央,香美市,50345002,280,379,
高知中央,香美市,50345003,281,380,
高知中央,香美市,50345004,278,376,
高知中央,香美市,50345010,274,－,
高知中央,香美市,50345011,245,332,
高知中央,香美市,50345012,281,380,
高知中央,香美市,50345013,285,386,
高知中央,香美市,50345014,278,377,
高知中央,香美市,50345020,274,－,
高知中央,香美市,50345021,240,325,
高知中央,香美市,50345022,250,338,
高知中央,香美市,50345023,255,345,
高知中央,香美市,50345024,278,376,
高知中央,香美市,50345030,274,－,
高知中央,香美市,50345031,238,322,
高知中央,香美市,50345032,255,－,
高知中央,香美市,50345033,249,337,
高知中央,香美市,50345034,247,334,
高知中央,香美市,50345040,274,－,
高知中央,香美市,50345041,235,318,
高知中央,香美市,50345042,255,－,
高知中央,香美市,50345043,255,－,
高知中央,香美市,50345050,274,－,
高知中央,香美市,50345051,233,316,
高知中央,香美市,50345052,255,－,
高知中央,香美市,50345053,255,－,
高知中央,香美市,50345060,227,308,
高知中央,香美市,50345061,230,312,
高知中央,香美市,50345062,255,－,
高知中央,香美市,50345070,225,305,
高知中央,香美市,50345071,227,308,
高知中央,香美市,50345072,255,－,
高知中央,香美市,50345080,222,301,
高知中央,香美市,50345081,224,303,
高知中央,香美市,50345082,255,－,
高知中央,いの町,50332276,221,299,
高知中央,いの町,50332278,227,307,
高知中央,いの町,50332286,221,299,
高知中央,いの町,50332287,224,303,
高知中央,いの町,50332289,230,311,
高知中央,いの町,50332295,221,299,
高知中央,いの町,50332296,222,300,
高知中央,いの町,50332297,223,302,
高知中央,いの町,50332298,224,304,
高知中央,いの町,50332299,228,309,
高知中央,いの町,50332322,216,292,
高知中央,いの町,50332324,215,291,
高知中央,いの町,50332325,188,255,
高知中央,いの町,50332332,218,295,
高知中央,いの町,50332333,217,294,
高知中央,いの町,50332334,177,240,
高知中央,いの町,50332335,216,292,
高知中央,いの町,50332336,215,291,
高知中央,いの町,50332342,220,298,
高知中央,いの町,50332343,181,245,
高知中央,いの町,50332344,220,298,
高知中央,いの町,50332345,219,296,
高知中央,いの町,50332346,219,296,
高知中央,いの町,50332352,222,300,
高知中央,いの町,50332353,222,301,
高知中央,いの町,50332354,223,302,
高知中央,いの町,50332355,222,300,
高知中央,いの町,50332356,222,300,
高知中央,いの町,50332361,224,304,
高知中央,いの町,50332362,224,303,
高知中央,いの町,50332363,224,303,
高知中央,いの町,50332364,224,304,
高知中央,いの町,50332365,224,304,
高知中央,いの町,50332366,224,304,
高知中央,いの町,50332367,226,306,
高知中央,いの町,50332370,227,308,
高知中央,いの町,50332371,226,306,
高知中央,いの町,50332372,224,303,
高知中央,いの町,50332373,224,303,
高知中央,いの町,50332374,224,303,
高知中央,いの町,50332375,224,304,
高知中央,いの町,50332376,187,254,
高知中央,いの町,50332377,228,309,
高知中央,いの町,50332380,227,307,
高知中央,いの町,50332381,227,307,
高知中央,いの町,50332382,225,305,
高知中央,いの町,50332383,225,305,
高知中央,いの町,50332384,224,304,
高知中央,いの町,50332386,229,310,
高知中央,いの町,50332390,228,309,
高知中央,いの町,50332391,229,310,
高知中央,いの町,50332392,228,309,
高知中央,いの町,50333128,236,320,
高知中央,いの町,50333138,233,316,
高知中央,いの町,50333139,237,321,
高知中央,いの町,50333148,231,313,
高知中央,いの町,50333149,233,316,
高知中央,いの町,50333158,230,311,
高知中央,いの町,50333159,230,312,
高知中央,いの町,50333169,228,309,
高知中央,いの町,50333179,224,303,
高知中央,いの町,50333188,182,247,
高知中央,いの町,50333189,182,247,
高知中央,いの町,50333198,180,244,
高知中央,いの町,50333199,179,243,
高知中央,いの町,50333203,224,304,
高知中央,いの町,50333204,223,302,
高知中央,いの町,50333205,224,303,
高知中央,いの町,50333206,224,303,
高知中央,いの町,50333207,224,304,
高知中央,いの町,50333208,227,308,
高知中央,いの町,50333209,227,308,
高知中央,いの町,50333212,228,309,
高知中央,いの町,50333213,225,305,
高知中央,いの町,50333214,224,304,
高知中央,いの町,50333215,226,306,
高知中央,いの町,50333216,225,305,
高知中央,いの町,50333217,224,304,
高知中央,いの町,50333218,226,306,
高知中央,いの町,50333219,227,308,
高知中央,いの町,50333222,227,308,
高知中央,いの町,50333223,224,304,
高知中央,いの町,50333224,224,304,
高知中央,いの町,50333225,226,306,
高知中央,いの町,50333226,229,310,
高知中央,いの町,50333227,226,306,
高知中央,いの町,50333228,225,305,
高知中央,いの町,50333229,226,306,
高知中央,いの町,50333230,236,319,
高知中央,いの町,50333231,233,316,
高知中央,いの町,50333232,229,310,
高知中央,いの町,50333233,224,304,
高知中央,いの町,50333234,224,304,
高知中央,いの町,50333235,227,308,
高知中央,いの町,50333236,228,309,
高知中央,いの町,50333237,229,－,
高知中央,いの町,50333238,226,306,
高知中央,いの町,50333239,227,307,
高知中央,いの町,50333240,235,318,
高知中央,いの町,50333241,234,317,
高知中央,いの町,50333242,230,312,
高知中央,いの町,50333243,227,308,
高知中央,いの町,50333244,224,304,
高知中央,いの町,50333245,224,304,
高知中央,いの町,50333246,227,307,
高知中央,いの町,50333247,227,307,
高知中央,いの町,50333248,227,308,
高知中央,いの町,50333249,229,310,
高知中央,いの町,50333250,233,316,
高知中央,いの町,50333251,233,315,
高知中央,いの町,50333252,232,314,
高知中央,いの町,50333253,227,308,
高知中央,いの町,50333254,224,304,
高知中央,いの町,50333255,224,304,
高知中央,いの町,50333256,228,309,
高知中央,いの町,50333257,230,312,
高知中央,いの町,50333258,230,312,
高知中央,いの町,50333259,231,313,
高知中央,いの町,50333260,229,310,
高知中央,いの町,50333261,229,310,
高知中央,いの町,50333262,229,310,
高知中央,いの町,50333263,226,306,
高知中央,いの町,50333264,223,302,
高知中央,いの町,50333265,225,305,
高知中央,いの町,50333266,231,313,
高知中央,いの町,50333267,236,319,
高知中央,いの町,50333268,233,316,
高知中央,いの町,50333269,233,316,
高知中央,いの町,50333270,224,304,
高知中央,いの町,50333271,224,304,
高知中央,いの町,50333272,223,302,
高知中央,いの町,50333273,222,300,
高知中央,いの町,50333274,222,301,
高知中央,いの町,50333275,227,307,
高知中央,いの町,50333276,233,316,
高知中央,いの町,50333277,236,320,
高知中央,いの町,50333278,235,318,
高知中央,いの町,50333279,232,314,
高知中央,いの町,50333280,182,247,
高知中央,いの町,50333281,220,298,
高知中央,いの町,50333282,221,299,
高知中央,いの町,50333283,222,300,
高知中央,いの町,50333284,222,301,
高知中央,いの町,50333285,226,306,
高知中央,いの町,50333286,230,312,
高知中央,いの町,50333287,233,316,
高知中央,いの町,50333288,232,314,
高知中央,いの町,50333289,230,312,
高知中央,いの町,50333290,181,245,
高知中央,いの町,50333291,182,246,
高知中央,いの町,50333292,183,248,
高知中央,いの町,50333293,223,302,
高知中央,いの町,50333294,223,302,
高知中央,いの町,50333295,224,304,
高知中央,いの町,50333296,227,308,
高知中央,いの町,50333297,228,309,
高知中央,いの町,50333298,227,308,
高知中央,いの町,50333299,227,308,
高知中央,いの町,50333300,230,311,
高知中央,いの町,50333301,230,311,
高知中央,いの町,50333302,232,314,
高知中央,いの町,50333310,230,312,
高知中央,いの町,50333311,232,314,
高知中央,いの町,50333320,230,311,
高知中央,いの町,50333321,233,316,
高知中央,いの町,50333322,235,318,
高知中央,いの町,50333330,230,312,
高知中央,いの町,50333331,234,317,
高知中央,いの町,50333332,236,320,
高知中央,いの町,50333340,232,314,
高知中央,いの町,50333341,236,320,
高知中央,いの町,50333350,233,316,
高知中央,いの町,50333351,237,321,
高知中央,いの町,50333360,233,316,
高知中央,いの町,50333361,238,322,
高知中央,いの町,50333370,233,316,
高知中央,いの町,50333371,239,324,
高知中央,いの町,50333380,233,315,
高知中央,いの町,50333381,239,323,
高知中央,いの町,50333390,230,312,
高知中央,いの町,50333391,239,323,
高知中央,いの町,50333392,243,329,
高知中央,いの町,50333393,245,332,
高知中央,いの町,50334108,177,240,
高知中央,いの町,50334109,179,243,
高知中央,いの町,50334118,178,241,
高知中央,いの町,50334119,181,245,
高知中央,いの町,50334127,175,237,
高知中央,いの町,50334128,179,242,
高知中央,いの町,50334129,183,248,
高知中央,いの町,50334136,171,232,
高知中央,いの町,50334137,176,238,
高知中央,いの町,50334138,180,244,
高知中央,いの町,50334139,185,250,
高知中央,いの町,50334144,170,230,
高知中央,いの町,50334145,171,232,
高知中央,いの町,50334146,172,233,
高知中央,いの町,50334147,176,238,
高知中央,いの町,50334148,180,244,
高知中央,いの町,50334149,185,251,
高知中央,いの町,50334154,173,234,
高知中央,いの町,50334155,173,235,
高知中央,いの町,50334156,175,237,
高知中央,いの町,50334157,178,241,
高知中央,いの町,50334158,182,246,
高知中央,いの町,50334159,186,252,
高知中央,いの町,50334163,183,－,
高知中央,いの町,50334164,179,242,
高知中央,いの町,50334165,178,241,
高知中央,いの町,50334166,178,241,
高知中央,いの町,50334167,181,245,
高知中央,いの町,50334168,184,249,
高知中央,いの町,50334169,188,255,
高知中央,いの町,50334173,182,246,
高知中央,いの町,50334174,183,248,
高知中央,いの町,50334175,183,248,
高知中央,いの町,50334176,183,248,
高知中央,いの町,50334177,185,251,
高知中央,いの町,50334178,186,252,
高知中央,いの町,50334179,189,256,
高知中央,いの町,50334183,187,253,
高知中央,いの町,50334184,189,256,
高知中央,いの町,50334185,187,254,
高知中央,いの町,50334186,185,250,
高知中央,いの町,50334187,185,250,
高知中央,いの町,50334188,187,253,
高知中央,いの町,50334189,187,254,
高知中央,いの町,50334193,189,256,
高知中央,いの町,50334194,187,254,
高知中央,いの町,50334195,186,252,
高知中央,いの町,50334196,183,248,
高知中央,いの町,50334197,183,248,
高知中央,いの町,50334198,185,250,
高知中央,いの町,50334199,186,252,
高知中央,いの町,50334200,182,246,
高知中央,いの町,50334201,183,248,
高知中央,いの町,50334202,185,250,
高知中央,いの町,50334203,187,253,
高知中央,いの町,50334204,187,253,
高知中央,いの町,50334205,224,304,
高知中央,いの町,50334206,224,304,
高知中央,いの町,50334207,222,301,
高知中央,いの町,50334208,224,304,
高知中央,いの町,50334209,227,308,
高知中央,いの町,50334210,183,248,
高知中央,いの町,50334211,185,250,
高知中央,いの町,50334212,186,252,
高知中央,いの町,50334213,189,256,
高知中央,いの町,50334214,189,256,
高知中央,いの町,50334215,187,253,
高知中央,いの町,50334216,187,253,
高知中央,いの町,50334217,223,302,
高知中央,いの町,50334218,223,302,
高知中央,いの町,50334219,227,308,
高知中央,いの町,50334220,185,250,
高知中央,いの町,50334221,187,253,
高知中央,いの町,50334222,188,255,
高知中央,いの町,50334223,190,258,
高知中央,いの町,50334224,190,258,
高知中央,いの町,50334225,188,255,
高知中央,いの町,50334226,187,254,
高知中央,いの町,50334227,186,252,
高知中央,いの町,50334228,185,251,
高知中央,いの町,50334229,189,256,
高知中央,いの町,50334230,186,252,
高知中央,いの町,50334231,189,256,
高知中央,いの町,50334232,191,259,
高知中央,いの町,50334233,193,261,
高知中央,いの町,50334234,193,261,
高知中央,いの町,50334235,191,259,
高知中央,いの町,50334236,187,254,
高知中央,いの町,50334237,185,251,
高知中央,いの町,50334238,185,250,
高知中央,いの町,50334239,189,256,
高知中央,いの町,50334240,189,256,
高知中央,いの町,50334241,193,262,
高知中央,いの町,50334242,195,264,
高知中央,いの町,50334243,197,267,
高知中央,いの町,50334244,196,266,
高知中央,いの町,50334245,192,260,
高知中央,いの町,50334246,187,254,
高知中央,いの町,50334247,186,252,
高知中央,いの町,50334248,187,253,
高知中央,いの町,50334249,189,256,
高知中央,いの町,50334250,192,260,
高知中央,いの町,50334251,198,268,
高知中央,いの町,50334252,200,271,
高知中央,いの町,50334253,201,272,
高知中央,いの町,50334254,199,270,
高知中央,いの町,50334255,194,263,
高知中央,いの町,50334256,194,－,
高知中央,いの町,50334257,187,253,
高知中央,いの町,50334258,188,255,
高知中央,いの町,50334259,192,260,
高知中央,いの町,50334260,195,264,
高知中央,いの町,50334261,201,272,
高知中央,いの町,50334262,202,273,
高知中央,いの町,50334263,199,270,
高知中央,いの町,50334264,196,265,
高知中央,いの町,50334265,191,259,
高知中央,いの町,50334266,187,253,
高知中央,いの町,50334267,187,253,
高知中央,いの町,50334268,191,259,
高知中央,いの町,50334269,195,264,
高知中央,いの町,50334270,187,253,
高知中央,いの町,50334271,197,267,
高知中央,いの町,50334272,199,269,
高知中央,いの町,50334273,195,264,
高知中央,いの町,50334274,190,258,
高知中央,いの町,50334275,187,254,
高知中央,いの町,50334276,185,251,
高知中央,いの町,50334277,186,252,
高知中央,いの町,50334278,192,260,
高知中央,いの町,50334280,189,256,
高知中央,いの町,50334281,191,259,
高知中央,いの町,50334282,193,262,
高知中央,いの町,50334283,191,259,
高知中央,いの町,50334284,186,252,
高知中央,いの町,50334285,183,248,
高知中央,いの町,50334286,181,245,
高知中央,いの町,50334287,185,250,
高知中央,いの町,50334288,191,259,
高知中央,いの町,50334290,185,251,
高知中央,いの町,50334291,187,253,
高知中央,いの町,50334292,189,256,
高知中央,いの町,50334293,187,254,
高知中央,いの町,50334294,183,248,
高知中央,いの町,50334295,186,－,
高知中央,いの町,50334296,181,245,
高知中央,いの町,50334297,184,249,
高知中央,いの町,50334298,190,258,
高知中央,いの町,50334300,233,315,
高知中央,いの町,50334301,239,323,
高知中央,いの町,50334302,242,328,
高知中央,いの町,50334303,244,331,
高知中央,いの町,50334304,245,332,
高知中央,いの町,50334310,234,317,
高知中央,いの町,50334311,239,324,
高知中央,いの町,50334312,243,329,
高知中央,いの町,50334313,244,330,
高知中央,いの町,50334314,244,330,
高知中央,いの町,50334315,246,333,
高知中央,いの町,50334320,196,265,
高知中央,いの町,50334321,239,324,
高知中央,いの町,50334324,242,328,
高知中央,いの町,50334330,194,263,
高知中央,いの町,50334331,201,272,
高知中央,いの町,50334340,195,264,
高知中央,いの町,50335103,190,258,
高知中央,いの町,50335104,189,256,
高知中央,いの町,50335105,186,252,
高知中央,いの町,50335106,181,245,
高知中央,いの町,50335107,181,245,
高知中央,いの町,50335108,183,248,
高知中央,いの町,50335109,185,250,
高知中央,いの町,50335114,186,252,
高知中央,いの町,50335115,183,248,
高知中央,いの町,50335116,179,242,
高知中央,いの町,50335117,180,244,
高知中央,いの町,50335118,183,248,
高知中央,いの町,50335119,185,250,
高知中央,いの町,50335125,182,247,
高知中央,いの町,50335126,178,241,
高知中央,いの町,50335127,185,－,
高知中央,いの町,50335128,185,251,
高知中央,いの町,50335129,186,252,
高知中央,いの町,50335135,182,246,
高知中央,いの町,50335136,185,－,
高知中央,いの町,50335137,179,242,
高知中央,いの町,50335138,185,251,
高知中央,いの町,50335139,187,254,
高知中央,いの町,50335145,180,244,
高知中央,いの町,50335146,179,242,
高知中央,いの町,50335200,185,250,
高知中央,いの町,50335201,185,250,
高知中央,いの町,50335202,184,249,
高知中央,いの町,50335203,183,248,
高知中央,いの町,50335204,180,244,
高知中央,いの町,50335205,179,243,
高知中央,いの町,50335206,182,246,
高知中央,いの町,50335207,185,251,
高知中央,いの町,50335208,192,260,
高知中央,いの町,50335210,184,249,
高知中央,いの町,50335211,185,－,
高知中央,いの町,50335212,185,－,
高知中央,いの町,50335213,180,244,
高知中央,いの町,50335214,176,239,
高知中央,いの町,50335215,177,240,
高知中央,いの町,50335216,182,246,
高知中央,いの町,50335217,186,252,
高知中央,いの町,50335218,192,260,
高知中央,いの町,50335220,183,248,
高知中央,いの町,50335221,180,244,
高知中央,いの町,50335222,179,243,
高知中央,いの町,50335223,176,239,
高知中央,いの町,50335224,173,235,
高知中央,いの町,50335225,174,236,
高知中央,いの町,50335226,180,244,
高知中央,いの町,50335227,186,252,
高知中央,いの町,50335228,189,256,
高知中央,いの町,50335230,185,251,
高知中央,いの町,50335231,180,244,
高知中央,いの町,50335232,178,241,
高知中央,いの町,50335233,175,237,
高知中央,いの町,50335234,172,233,
高知中央,いの町,50335235,173,234,
高知中央,いの町,50335236,177,240,
高知中央,いの町,50335237,181,245,
高知中央,いの町,50335240,186,252,
高知中央,いの町,50335241,182,247,
高知中央,いの町,50335242,178,241,
高知中央,いの町,50335243,173,234,
高知中央,いの町,50335244,171,232,
高知中央,いの町,50335245,170,231,
高知中央,いの町,50335246,174,236,
高知中央,いの町,50335247,179,242,
高知中央,いの町,50335251,183,248,
高知中央,いの町,50335252,177,240,
高知中央,いの町,50335253,173,235,
高知中央,いの町,50335254,171,232,
高知中央,いの町,50335255,171,232,
高知中央,いの町,50335256,173,235,
高知中央,いの町,50335257,177,240,
高知中央,いの町,50335261,182,246,
高知中央,いの町,50335262,174,236,
高知中央,いの町,50335263,172,233,
高知中央,いの町,50335264,173,234,
高知中央,いの町,50335265,175,237,
高知中央,いの町,50335266,174,236,
高知中央,いの町,50335271,179,242,
高知中央,いの町,50335272,174,236,
高知中央,いの町,50335273,173,234,
高知中央,いの町,50335274,174,236,
高知中央,いの町,50335275,177,－,
高知中央,いの町,50335281,177,240,
高知中央,いの町,50335282,175,237,
高知中央,いの町,50335283,173,235,
高知中央,いの町,50335292,176,238,
高知中央,日高村,50332207,222,300,
高知中央,日高村,50332208,219,297,
高知中央,日高村,50332217,224,304,
高知中央,日高村,50332218,222,301,
高知中央,日高村,50332219,220,298,
高知中央,日高村,50332227,227,308,
高知中央,日高村,50332228,226,306,
高知中央,日高村,50332229,223,302,
高知中央,日高村,50332236,224,304,
高知中央,日高村,50332237,195,264,
高知中央,日高村,50332238,228,309,
高知中央,日高村,50332239,226,306,
高知中央,日高村,50332246,226,306,
高知中央,日高村,50332247,227,308,
高知中央,日高村,50332248,229,310,
高知中央,日高村,50332249,227,308,
高知中央,日高村,50332256,224,303,
高知中央,日高村,50332257,227,308,
高知中央,日高村,50332258,228,309,
高知中央,日高村,50332259,227,308,
高知中央,日高村,50332265,195,264,
高知中央,日高村,50332266,224,304,
高知中央,日高村,50332267,227,307,
高知中央,日高村,50332268,227,308,
高知中央,日高村,50332269,227,308,
高知中央,日高村,50332274,219,296,
高知中央,日高村,50332275,219,297,
高知中央,日高村,50332277,224,304,
高知中央,日高村,50332279,228,309,
高知中央,日高村,50332284,220,298,
高知中央,日高村,50332285,220,298,
高知中央,日高村,50332288,227,307,
高知中央,日高村,50332294,221,299,
高知中央,日高村,50332310,219,296,
高知中央,日高村,50332320,221,299,
高知中央,日高村,50332321,219,296,
高知中央,日高村,50332330,222,300,
高知中央,日高村,50332331,219,297,
高知中央,日高村,50332340,224,303,
高知中央,日高村,50332341,222,300,
高知中央,日高村,50332350,224,304,
高知中央,日高村,50332351,224,303,
高知中央,日高村,50332360,224,304,
嶺北,本山町,50334447,266,360,
嶺北,本山町,50334457,261,353,
嶺北,本山町,50334458,264,357,
嶺北,本山町,50334459,267,362,
嶺北,本山町,50334466,258,349,
嶺北,本山町,50334467,256,347,
嶺北,本山町,50334468,258,349,
嶺北,本山町,50334469,261,353,
嶺北,本山町,50334476,251,340,
嶺北,本山町,50334477,253,342,
嶺北,本山町,50334478,254,344,
嶺北,本山町,50334479,258,349,
嶺北,本山町,50334486,250,338,
嶺北,本山町,50334487,250,339,
嶺北,本山町,50334488,256,346,
嶺北,本山町,50334489,258,349,
嶺北,本山町,50334496,252,341,
嶺北,本山町,50334497,254,344,
嶺北,本山町,50334498,256,347,
嶺北,本山町,50334499,259,350,
嶺北,本山町,50334560,263,356,
嶺北,本山町,50334570,261,354,
嶺北,本山町,50334580,260,352,
嶺北,本山町,50334590,259,350,
嶺北,本山町,50335404,209,283,
嶺北,本山町,50335405,211,286,
嶺北,本山町,50335406,213,289,
嶺北,本山町,50335407,253,343,
嶺北,本山町,50335408,199,269,
嶺北,本山町,50335409,254,344,
嶺北,本山町,50335414,210,284,
嶺北,本山町,50335415,212,287,
嶺北,本山町,50335416,210,285,
嶺北,本山町,50335417,207,281,
嶺北,本山町,50335418,205,278,
嶺北,本山町,50335419,245,332,
嶺北,本山町,50335424,207,280,
嶺北,本山町,50335425,208,282,
嶺北,本山町,50335426,205,278,
嶺北,本山町,50335427,202,273,
嶺北,本山町,50335428,201,272,
嶺北,本山町,50335429,201,272,
嶺北,本山町,50335434,204,276,
嶺北,本山町,50335435,204,276,
嶺北,本山町,50335436,202,273,
嶺北,本山町,50335437,201,272,
嶺北,本山町,50335438,224,303,
嶺北,本山町,50335439,201,272,
嶺北,本山町,50335443,195,264,
嶺北,本山町,50335444,199,269,
嶺北,本山町,50335445,199,270,
嶺北,本山町,50335446,201,272,
嶺北,本山町,50335447,201,272,
嶺北,本山町,50335448,201,272,
嶺北,本山町,50335449,202,273,
嶺北,本山町,50335453,192,260,
嶺北,本山町,50335454,195,264,
嶺北,本山町,50335455,197,267,
嶺北,本山町,50335456,198,268,
嶺北,本山町,50335457,199,270,
嶺北,本山町,50335458,201,272,
嶺北,本山町,50335459,203,275,
嶺北,本山町,50335463,190,257,
嶺北,本山町,50335464,194,263,
嶺北,本山町,50335465,196,265,
嶺北,本山町,50335466,195,264,
嶺北,本山町,50335467,198,268,
嶺北,本山町,50335468,201,272,
嶺北,本山町,50335469,202,274,
嶺北,本山町,50335472,184,249,
嶺北,本山町,50335473,186,252,
嶺北,本山町,50335474,188,255,
嶺北,本山町,50335475,191,259,
嶺北,本山町,50335476,195,264,
嶺北,本山町,50335477,198,268,
嶺北,本山町,50335478,200,271,
嶺北,本山町,50335479,199,269,
嶺北,本山町,50335482,181,245,
嶺北,本山町,50335483,180,244,
嶺北,本山町,50335484,182,246,
嶺北,本山町,50335485,185,251,
嶺北,本山町,50335486,190,258,
嶺北,本山町,50335487,194,263,
嶺北,本山町,50335488,196,266,
嶺北,本山町,50335489,199,270,
嶺北,本山町,50335491,183,248,
嶺北,本山町,50335492,180,244,
嶺北,本山町,50335493,177,240,
嶺北,本山町,50335494,177,240,
嶺北,本山町,50335495,180,244,
嶺北,本山町,50335496,185,251,
嶺北,本山町,50335497,190,257,
嶺北,本山町,50335498,195,264,
嶺北,本山町,50335500,251,340,
嶺北,本山町,50335510,244,331,
嶺北,本山町,50335520,201,272,
嶺北,本山町,50335550,206,－,
嶺北,本山町,50335560,201,272,
嶺北,本山町,50335570,201,272,
嶺北,本山町,50336401,182,246,
嶺北,本山町,50336402,177,240,
嶺北,本山町,50336403,174,236,
嶺北,本山町,50336404,177,240,
嶺北,本山町,50336405,178,241,
嶺北,本山町,50336406,180,244,
嶺北,本山町,50336411,179,243,
嶺北,本山町,50336412,179,242,
嶺北,本山町,50336413,180,－,
嶺北,本山町,50336414,177,240,
嶺北,本山町,50336415,179,242,
嶺北,本山町,50336416,182,246,
嶺北,本山町,50336422,178,241,
嶺北,本山町,50336423,177,240,
嶺北,本山町,50336424,180,244,
嶺北,本山町,50336425,181,245,
嶺北,本山町,50336426,180,244,
嶺北,本山町,50336432,177,240,
嶺北,本山町,50336433,177,240,
嶺北,本山町,50336434,180,244,
嶺北,本山町,50336435,179,242,
嶺北,本山町,50336436,179,243,
嶺北,本山町,50336443,173,235,
嶺北,本山町,50336444,174,236,
嶺北,本山町,50336445,174,236,
嶺北,本山町,50336454,174,－,
嶺北,大豊町,50334525,260,352,
嶺北,大豊町,50334534,262,355,
嶺北,大豊町,50334535,270,365,
嶺北,大豊町,50334536,254,344,
嶺北,大豊町,50334543,224,304,
嶺北,大豊町,50334544,261,353,
嶺北,大豊町,50334545,256,347,
嶺北,大豊町,50334546,252,341,
嶺北,大豊町,50334547,252,341,
嶺北,大豊町,50334552,267,361,
嶺北,大豊町,50334553,265,359,
嶺北,大豊町,50334554,261,353,
嶺北,大豊町,50334555,255,345,
嶺北,大豊町,50334556,251,340,
嶺北,大豊町,50334557,227,307,
嶺北,大豊町,50334558,259,351,
嶺北,大豊町,50334561,264,358,
嶺北,大豊町,50334562,264,358,
嶺北,大豊町,50334563,263,356,
嶺北,大豊町,50334564,260,352,
嶺北,大豊町,50334565,207,280,
嶺北,大豊町,50334566,250,338,
嶺北,大豊町,50334567,250,339,
嶺北,大豊町,50334568,273,－,
嶺北,大豊町,50334571,261,353,
嶺北,大豊町,50334572,261,353,
嶺北,大豊町,50334573,259,351,
嶺北,大豊町,50334574,258,349,
嶺北,大豊町,50334575,254,344,
嶺北,大豊町,50334576,251,340,
嶺北,大豊町,50334577,250,338,
嶺北,大豊町,50334578,256,347,
嶺北,大豊町,50334579,267,361,
嶺北,大豊町,50334581,259,351,
嶺北,大豊町,50334582,259,350,
嶺北,大豊町,50334583,257,348,
嶺北,大豊町,50334584,257,348,
嶺北,大豊町,50334585,254,344,
嶺北,大豊町,50334586,250,339,
嶺北,大豊町,50334587,250,338,
嶺北,大豊町,50334588,202,273,
嶺北,大豊町,50334589,275,－,
嶺北,大豊町,50334591,255,345,
嶺北,大豊町,50334592,264,357,
嶺北,大豊町,50334593,253,343,
嶺北,大豊町,50334594,253,343,
嶺北,大豊町,50334595,253,342,
嶺北,大豊町,50334596,250,338,
嶺北,大豊町,50334597,250,338,
嶺北,大豊町,50334598,251,340,
嶺北,大豊町,50334599,254,344,
嶺北,大豊町,50334672,260,352,
嶺北,大豊町,50334680,268,363,
嶺北,大豊町,50334681,267,362,
嶺北,大豊町,50334682,260,352,
嶺北,大豊町,50334683,253,343,
嶺北,大豊町,50334690,260,352,
嶺北,大豊町,50334691,263,356,
嶺北,大豊町,50334692,257,348,
嶺北,大豊町,50334693,251,340,
嶺北,大豊町,50335499,197,267,
嶺北,大豊町,50335501,248,336,
嶺北,大豊町,50335502,248,336,
嶺北,大豊町,50335503,249,337,
嶺北,大豊町,50335504,249,337,
嶺北,大豊町,50335505,248,336,
嶺北,大豊町,50335506,247,335,
嶺北,大豊町,50335507,245,332,
嶺北,大豊町,50335508,247,335,
嶺北,大豊町,50335509,253,342,
嶺北,大豊町,50335511,244,331,
嶺北,大豊町,50335512,227,308,
嶺北,大豊町,50335513,247,335,
嶺北,大豊町,50335514,247,334,
嶺北,大豊町,50335515,198,268,
嶺北,大豊町,50335516,241,327,
嶺北,大豊町,50335517,240,325,
嶺北,大豊町,50335518,185,250,
嶺北,大豊町,50335519,248,336,
嶺北,大豊町,50335521,202,274,
嶺北,大豊町,50335522,245,332,
嶺北,大豊町,50335523,248,336,
嶺北,大豊町,50335524,221,299,
嶺北,大豊町,50335525,240,325,
嶺北,大豊町,50335526,236,319,
嶺北,大豊町,50335527,234,317,
嶺北,大豊町,50335528,237,321,
嶺北,大豊町,50335529,240,325,
嶺北,大豊町,50335530,202,274,
嶺北,大豊町,50335531,204,276,
嶺北,大豊町,50335532,207,280,
嶺北,大豊町,50335533,208,282,
嶺北,大豊町,50335534,207,280,
嶺北,大豊町,50335535,201,272,
嶺北,大豊町,50335536,183,248,
嶺北,大豊町,50335537,233,316,
嶺北,大豊町,50335538,231,313,
嶺北,大豊町,50335539,233,316,
嶺北,大豊町,50335540,202,274,
嶺北,大豊町,50335541,204,276,
嶺北,大豊町,50335542,208,282,
嶺北,大豊町,50335543,207,280,
嶺北,大豊町,50335544,203,275,
嶺北,大豊町,50335545,201,272,
嶺北,大豊町,50335546,196,265,
嶺北,大豊町,50335547,177,240,
嶺北,大豊町,50335548,188,255,
嶺北,大豊町,50335549,231,313,
嶺北,大豊町,50335551,206,279,
嶺北,大豊町,50335552,206,279,
嶺北,大豊町,50335553,203,275,
嶺北,大豊町,50335554,201,272,
嶺北,大豊町,50335555,199,269,
嶺北,大豊町,50335556,194,263,
嶺北,大豊町,50335557,176,239,
嶺北,大豊町,50335558,170,230,
嶺北,大豊町,50335559,193,261,
嶺北,大豊町,50335561,203,275,
嶺北,大豊町,50335562,202,273,
嶺北,大豊町,50335563,203,275,
嶺北,大豊町,50335564,201,272,
嶺北,大豊町,50335565,178,241,
嶺北,大豊町,50335566,193,262,
嶺北,大豊町,50335567,189,256,
嶺北,大豊町,50335568,188,255,
嶺北,大豊町,50335569,193,261,
嶺北,大豊町,50335571,201,272,
嶺北,大豊町,50335572,199,270,
嶺北,大豊町,50335573,201,272,
嶺北,大豊町,50335574,200,271,
嶺北,大豊町,50335575,201,－,
嶺北,大豊町,50335576,201,－,
嶺北,大豊町,50335577,189,256,
嶺北,大豊町,50335578,189,256,
嶺北,大豊町,50335579,190,258,
嶺北,大豊町,50335580,200,271,
嶺北,大豊町,50335581,199,270,
嶺北,大豊町,50335582,200,271,
嶺北,大豊町,50335583,201,272,
嶺北,大豊町,50335584,199,269,
嶺北,大豊町,50335585,195,264,
嶺北,大豊町,50335586,193,262,
嶺北,大豊町,50335587,190,257,
嶺北,大豊町,50335588,189,256,
嶺北,大豊町,50335589,187,253,
嶺北,大豊町,50335590,198,268,
嶺北,大豊町,50335591,201,272,
嶺北,大豊町,50335592,223,302,
嶺北,大豊町,50335593,199,270,
嶺北,大豊町,50335594,198,268,
嶺北,大豊町,50335595,193,262,
嶺北,大豊町,50335596,194,263,
嶺北,大豊町,50335597,192,260,
嶺北,大豊町,50335598,189,256,
嶺北,大豊町,50335599,187,254,
嶺北,大豊町,50335600,257,348,
嶺北,大豊町,50335601,260,352,
嶺北,大豊町,50335602,254,344,
嶺北,大豊町,50335603,247,335,
嶺北,大豊町,50335604,243,329,
嶺北,大豊町,50335605,245,332,
嶺北,大豊町,50335610,251,340,
嶺北,大豊町,50335611,256,347,
嶺北,大豊町,50335612,253,342,
嶺北,大豊町,50335613,246,333,
嶺北,大豊町,50335614,239,324,
嶺北,大豊町,50335615,239,323,
嶺北,大豊町,50335616,239,324,
嶺北,大豊町,50335620,201,272,
嶺北,大豊町,50335621,250,338,
嶺北,大豊町,50335622,253,342,
嶺北,大豊町,50335623,248,336,
嶺北,大豊町,50335624,242,328,
嶺北,大豊町,50335625,239,324,
嶺北,大豊町,50335626,237,321,
嶺北,大豊町,50335630,236,320,
嶺北,大豊町,50335631,240,325,
嶺北,大豊町,50335632,246,333,
嶺北,大豊町,50335633,253,343,
嶺北,大豊町,50335634,254,344,
嶺北,大豊町,50335635,245,332,
嶺北,大豊町,50335636,236,319,
嶺北,大豊町,50335637,230,311,
嶺北,大豊町,50335640,233,316,
嶺北,大豊町,50335641,235,318,
嶺北,大豊町,50335642,183,248,
嶺北,大豊町,50335643,195,264,
嶺北,大豊町,50335644,258,349,
嶺北,大豊町,50335645,246,333,
嶺北,大豊町,50335646,233,316,
嶺北,大豊町,50335647,225,305,
嶺北,大豊町,50335648,225,305,
嶺北,大豊町,50335650,197,267,
嶺北,大豊町,50335651,199,270,
嶺北,大豊町,50335652,239,324,
嶺北,大豊町,50335653,245,332,
嶺北,大豊町,50335654,249,337,
嶺北,大豊町,50335655,239,324,
嶺北,大豊町,50335656,230,311,
嶺北,大豊町,50335657,224,303,
嶺北,大豊町,50335658,224,303,
嶺北,大豊町,50335660,191,259,
嶺北,大豊町,50335661,202,274,
嶺北,大豊町,50335662,215,291,
嶺北,大豊町,50335663,199,270,
嶺北,大豊町,50335664,198,268,
嶺北,大豊町,50335665,233,316,
嶺北,大豊町,50335666,229,310,
嶺北,大豊町,50335667,224,303,
嶺北,大豊町,50335668,220,298,
嶺北,大豊町,50335669,219,296,
嶺北,大豊町,50335670,193,261,
嶺北,大豊町,50335671,197,267,
嶺北,大豊町,50335672,195,264,
嶺北,大豊町,50335673,192,260,
嶺北,大豊町,50335674,190,258,
嶺北,大豊町,50335675,193,261,
嶺北,大豊町,50335676,192,260,
嶺北,大豊町,50335677,224,304,
嶺北,大豊町,50335678,219,296,
嶺北,大豊町,50335679,220,－,
嶺北,大豊町,50335680,189,256,
嶺北,大豊町,50335681,188,255,
嶺北,大豊町,50335682,175,237,
嶺北,大豊町,50335683,188,255,
嶺北,大豊町,50335684,190,257,
嶺北,大豊町,50335685,192,260,
嶺北,大豊町,50335686,189,256,
嶺北,大豊町,50335687,183,248,
嶺北,大豊町,50335688,177,240,
嶺北,大豊町,50335690,184,249,
嶺北,大豊町,50335691,183,248,
嶺北,大豊町,50335692,195,264,
嶺北,大豊町,50335693,191,259,
嶺北,大豊町,50335694,186,252,
嶺北,大豊町,50335695,185,250,
嶺北,大豊町,50335696,180,244,
嶺北,大豊町,50335697,178,241,
嶺北,大豊町,50335698,176,238,
嶺北,大豊町,50336407,185,251,
嶺北,大豊町,50336408,190,258,
嶺北,大豊町,50336409,193,262,
嶺北,大豊町,50336417,183,248,
嶺北,大豊町,50336418,186,252,
嶺北,大豊町,50336419,190,257,
嶺北,大豊町,50336427,182,247,
嶺北,大豊町,50336428,183,248,
嶺北,大豊町,50336429,184,249,
嶺北,大豊町,50336437,178,241,
嶺北,大豊町,50336438,179,242,
嶺北,大豊町,50336439,179,243,
嶺北,大豊町,50336447,173,235,
嶺北,大豊町,50336448,179,－,
嶺北,大豊町,50336449,175,237,
嶺北,大豊町,50336458,179,－,
嶺北,大豊町,50336500,193,262,
嶺北,大豊町,50336501,200,271,
嶺北,大豊町,50336502,200,271,
嶺北,大豊町,50336503,199,269,
嶺北,大豊町,50336504,195,264,
嶺北,大豊町,50336505,192,260,
嶺北,大豊町,50336506,192,260,
嶺北,大豊町,50336507,190,258,
嶺北,大豊町,50336508,189,256,
嶺北,大豊町,50336509,190,－,
嶺北,大豊町,50336510,192,260,
嶺北,大豊町,50336511,195,264,
嶺北,大豊町,50336512,196,266,
嶺北,大豊町,50336513,196,265,
嶺北,大豊町,50336514,196,265,
嶺北,大豊町,50336515,192,260,
嶺北,大豊町,50336516,192,260,
嶺北,大豊町,50336517,192,260,
嶺北,大豊町,50336518,190,258,
嶺北,大豊町,50336520,165,224,
嶺北,大豊町,50336521,187,253,
嶺北,大豊町,50336522,190,258,
嶺北,大豊町,50336523,195,264,
嶺北,大豊町,50336524,197,267,
嶺北,大豊町,50336525,195,264,
嶺北,大豊町,50336530,180,244,
嶺北,大豊町,50336531,198,268,
嶺北,大豊町,50336532,187,253,
嶺北,大豊町,50336533,193,261,
嶺北,大豊町,50336540,176,239,
嶺北,大豊町,50336541,179,242,
嶺北,大豊町,50336542,183,248,
嶺北,大豊町,50336551,174,236,
嶺北,大豊町,50336552,176,239,
嶺北,大豊町,50336601,182,247,
嶺北,大豊町,50336602,182,246,
嶺北,大豊町,50336605,177,240,
嶺北,大豊町,50336606,175,237,
嶺北,大豊町,50336607,173,235,
嶺北,土佐町,50334279,198,268,
嶺北,土佐町,50334289,200,271,
嶺北,土佐町,50334299,199,269,
嶺北,土佐町,50334306,249,337,
嶺北,土佐町,50334307,253,342,
嶺北,土佐町,50334308,255,345,
嶺北,土佐町,50334309,258,349,
嶺北,土佐町,50334316,251,340,
嶺北,土佐町,50334317,252,341,
嶺北,土佐町,50334318,254,344,
嶺北,土佐町,50334319,255,345,
嶺北,土佐町,50334322,242,328,
嶺北,土佐町,50334323,241,327,
嶺北,土佐町,50334325,245,332,
嶺北,土佐町,50334326,249,337,
嶺北,土佐町,50334327,250,338,
嶺北,土佐町,50334328,251,340,
嶺北,土佐町,50334329,254,344,
嶺北,土佐町,50334332,203,275,
嶺北,土佐町,50334333,201,272,
嶺北,土佐町,50334334,239,324,
嶺北,土佐町,50334335,242,328,
嶺北,土佐町,50334336,245,332,
嶺北,土佐町,50334337,246,333,
嶺北,土佐町,50334338,247,335,
嶺北,土佐町,50334339,253,342,
嶺北,土佐町,50334341,199,270,
嶺北,土佐町,50334342,201,272,
嶺北,土佐町,50334343,199,270,
嶺北,土佐町,50334344,201,272,
嶺北,土佐町,50334345,202,274,
嶺北,土佐町,50334346,202,273,
嶺北,土佐町,50334347,239,324,
嶺北,土佐町,50334348,244,330,
嶺北,土佐町,50334349,250,339,
嶺北,土佐町,50334350,197,267,
嶺北,土佐町,50334351,201,272,
嶺北,土佐町,50334352,201,272,
嶺北,土佐町,50334353,200,271,
嶺北,土佐町,50334354,200,271,
嶺北,土佐町,50334355,201,272,
嶺北,土佐町,50334356,199,270,
嶺北,土佐町,50334357,198,268,
嶺北,土佐町,50334358,200,271,
嶺北,土佐町,50334359,244,330,
嶺北,土佐町,50334360,199,269,
嶺北,土佐町,50334361,202,274,
嶺北,土佐町,50334362,202,274,
嶺北,土佐町,50334363,199,269,
嶺北,土佐町,50334364,196,265,
嶺北,土佐町,50334365,197,267,
嶺北,土佐町,50334366,195,264,
嶺北,土佐町,50334367,195,264,
嶺北,土佐町,50334368,196,265,
嶺北,土佐町,50334369,199,270,
嶺北,土佐町,50334370,204,－,
嶺北,土佐町,50334371,204,277,
嶺北,土佐町,50334372,202,273,
嶺北,土佐町,50334373,198,268,
嶺北,土佐町,50334374,193,261,
嶺北,土佐町,50334375,191,259,
嶺北,土佐町,50334376,192,260,
嶺北,土佐町,50334377,194,263,
嶺北,土佐町,50334378,195,264,
嶺北,土佐町,50334379,195,264,
嶺北,土佐町,50334380,203,275,
嶺北,土佐町,50334381,204,276,
嶺北,土佐町,50334382,201,272,
嶺北,土佐町,50334383,195,264,
嶺北,土佐町,50334384,190,257,
嶺北,土佐町,50334385,190,257,
嶺北,土佐町,50334386,193,262,
嶺北,土佐町,50334387,196,265,
嶺北,土佐町,50334388,196,266,
嶺北,土佐町,50334389,194,263,
嶺北,土佐町,50334390,204,276,
嶺北,土佐町,50334391,204,277,
嶺北,土佐町,50334392,200,271,
嶺北,土佐町,50334393,195,264,
嶺北,土佐町,50334394,189,256,
嶺北,土佐町,50334395,191,259,
嶺北,土佐町,50334396,197,267,
嶺北,土佐町,50334397,199,269,
嶺北,土佐町,50334398,196,266,
嶺北,土佐町,50334399,193,261,
嶺北,土佐町,50334403,270,366,
嶺北,土佐町,50334404,271,367,
嶺北,土佐町,50334410,259,351,
嶺北,土佐町,50334412,269,364,
嶺北,土佐町,50334413,275,372,
嶺北,土佐町,50334414,274,371,
嶺北,土佐町,50334420,257,348,
嶺北,土佐町,50334421,259,351,
嶺北,土佐町,50334422,266,360,
嶺北,土佐町,50334423,270,366,
嶺北,土佐町,50334424,275,372,
嶺北,土佐町,50334430,255,345,
嶺北,土佐町,50334431,258,349,
嶺北,土佐町,50334432,261,354,
嶺北,土佐町,50334433,267,362,
嶺北,土佐町,50334434,272,368,
嶺北,土佐町,50334435,272,368,
嶺北,土佐町,50334440,254,344,
嶺北,土佐町,50334441,256,347,
嶺北,土佐町,50334442,260,352,
嶺北,土佐町,50334443,265,359,
嶺北,土佐町,50334444,269,364,
嶺北,土佐町,50334445,269,364,
嶺北,土佐町,50334446,265,359,
嶺北,土佐町,50334450,248,336,
嶺北,土佐町,50334451,252,341,
嶺北,土佐町,50334452,257,348,
嶺北,土佐町,50334453,264,358,
嶺北,土佐町,50334454,247,334,
嶺北,土佐町,50334455,264,358,
嶺北,土佐町,50334456,261,354,
嶺北,土佐町,50334460,202,273,
嶺北,土佐町,50334461,245,332,
嶺北,土佐町,50334462,254,344,
嶺北,土佐町,50334463,257,348,
嶺北,土佐町,50334464,258,349,
嶺北,土佐町,50334465,257,348,
嶺北,土佐町,50334470,199,269,
嶺北,土佐町,50334471,205,278,
嶺北,土佐町,50334472,249,337,
嶺北,土佐町,50334473,251,340,
嶺北,土佐町,50334474,248,336,
嶺北,土佐町,50334475,249,337,
嶺北,土佐町,50334480,199,269,
嶺北,土佐町,50334481,204,276,
嶺北,土佐町,50334482,210,284,
嶺北,土佐町,50334483,208,282,
嶺北,土佐町,50334484,246,333,
嶺北,土佐町,50334485,247,335,
嶺北,土佐町,50334490,196,265,
嶺北,土佐町,50334491,204,276,
嶺北,土佐町,50334492,208,282,
嶺北,土佐町,50334493,207,281,
嶺北,土佐町,50334494,207,280,
嶺北,土佐町,50334495,247,335,
嶺北,土佐町,50335209,197,267,
嶺北,土佐町,50335300,203,275,
嶺北,土佐町,50335301,202,274,
嶺北,土佐町,50335302,200,271,
嶺北,土佐町,50335303,194,263,
嶺北,土佐町,50335304,190,257,
嶺北,土佐町,50335305,192,260,
嶺北,土佐町,50335306,184,249,
嶺北,土佐町,50335307,198,268,
嶺北,土佐町,50335308,194,263,
嶺北,土佐町,50335309,192,260,
嶺北,土佐町,50335312,198,268,
嶺北,土佐町,50335313,192,260,
嶺北,土佐町,50335314,188,255,
嶺北,土佐町,50335315,190,257,
嶺北,土佐町,50335316,192,260,
嶺北,土佐町,50335317,185,251,
嶺北,土佐町,50335318,188,255,
嶺北,土佐町,50335319,189,256,
嶺北,土佐町,50335326,187,254,
嶺北,土佐町,50335327,186,252,
嶺北,土佐町,50335328,185,250,
嶺北,土佐町,50335329,188,255,
嶺北,土佐町,50335338,182,247,
嶺北,土佐町,50335339,185,250,
嶺北,土佐町,50335349,183,248,
嶺北,土佐町,50335359,185,251,
嶺北,土佐町,50335369,187,254,
嶺北,土佐町,50335378,179,242,
嶺北,土佐町,50335379,185,251,
嶺北,土佐町,50335389,185,－,
嶺北,土佐町,50335399,185,－,
嶺北,土佐町,50335400,195,264,
嶺北,土佐町,50335401,202,273,
嶺北,土佐町,50335402,206,279,
嶺北,土佐町,50335403,207,281,
嶺北,土佐町,50335410,196,265,
嶺北,土佐町,50335411,202,274,
嶺北,土佐町,50335412,205,278,
嶺北,土佐町,50335413,207,280,
嶺北,土佐町,50335420,196,265,
嶺北,土佐町,50335421,201,272,
嶺北,土佐町,50335422,204,276,
嶺北,土佐町,50335423,207,280,
嶺北,土佐町,50335430,191,259,
嶺北,土佐町,50335431,196,265,
嶺北,土佐町,50335432,199,269,
嶺北,土佐町,50335433,202,273,
嶺北,土佐町,50335440,185,250,
嶺北,土佐町,50335441,189,256,
嶺北,土佐町,50335442,192,260,
嶺北,土佐町,50335450,183,248,
嶺北,土佐町,50335451,183,248,
嶺北,土佐町,50335452,187,254,
嶺北,土佐町,50335460,187,253,
嶺北,土佐町,50335461,184,249,
嶺北,土佐町,50335462,185,251,
嶺北,土佐町,50335470,185,250,
嶺北,土佐町,50335471,184,249,
嶺北,土佐町,50335480,183,248,
嶺北,土佐町,50335481,183,248,
嶺北,土佐町,50335490,185,－,
嶺北,大川村,50335219,195,264,
嶺北,大川村,50335229,190,257,
嶺北,大川村,50335238,182,246,
嶺北,大川村,50335239,182,246,
嶺北,大川村,50335248,179,243,
嶺北,大川村,50335249,177,240,
嶺北,大川村,50335258,178,241,
嶺北,大川村,50335259,179,242,
嶺北,大川村,50335267,176,239,
嶺北,大川村,50335268,180,244,
嶺北,大川村,50335269,178,241,
嶺北,大川村,50335276,177,240,
嶺北,大川村,50335277,177,240,
嶺北,大川村,50335278,176,239,
嶺北,大川村,50335279,174,236,
嶺北,大川村,50335287,173,235,
嶺北,大川村,50335288,170,231,
嶺北,大川村,50335289,168,228,
嶺北,大川村,50335298,167,227,
嶺北,大川村,50335299,170,－,
嶺北,大川村,50335310,200,271,
嶺北,大川村,50335311,201,272,
嶺北,大川村,50335320,193,262,
嶺北,大川村,50335321,195,264,
嶺北,大川村,50335322,193,261,
嶺北,大川村,50335323,189,256,
嶺北,大川村,50335324,185,251,
嶺北,大川村,50335325,186,252,
嶺北,大川村,50335330,183,248,
嶺北,大川村,50335331,186,252,
嶺北,大川村,50335332,183,248,
嶺北,大川村,50335333,182,246,
嶺北,大川村,50335334,180,244,
嶺北,大川村,50335335,183,248,
嶺北,大川村,50335336,186,252,
嶺北,大川村,50335337,185,251,
嶺北,大川村,50335340,180,244,
嶺北,大川村,50335341,182,246,
嶺北,大川村,50335342,180,244,
嶺北,大川村,50335343,177,240,
嶺北,大川村,50335344,177,240,
嶺北,大川村,50335345,185,251,
嶺北,大川村,50335346,182,247,
嶺北,大川村,50335347,182,247,
嶺北,大川村,50335348,182,247,
嶺北,大川村,50335350,179,243,
嶺北,大川村,50335351,181,245,
嶺北,大川村,50335352,177,240,
嶺北,大川村,50335353,175,237,
嶺北,大川村,50335354,174,236,
嶺北,大川村,50335355,176,238,
嶺北,大川村,50335356,176,238,
嶺北,大川村,50335357,185,250,
嶺北,大川村,50335358,183,248,
嶺北,大川村,50335360,179,242,
嶺北,大川村,50335361,180,244,
嶺北,大川村,50335362,179,243,
嶺北,大川村,50335363,175,237,
嶺北,大川村,50335364,174,236,
嶺北,大川村,50335365,174,236,
嶺北,大川村,50335366,173,235,
嶺北,大川村,50335367,176,239,
嶺北,大川村,50335368,183,248,
嶺北,大川村,50335370,174,236,
嶺北,大川村,50335371,177,240,
嶺北,大川村,50335372,178,241,
嶺北,大川村,50335373,176,238,
嶺北,大川村,50335374,177,240,
嶺北,大川村,50335375,178,241,
嶺北,大川村,50335376,174,236,
嶺北,大川村,50335377,180,244,
嶺北,大川村,50335380,170,231,
嶺北,大川村,50335381,175,237,
嶺北,大川村,50335382,179,242,
嶺北,大川村,50335383,178,241,
嶺北,大川村,50335384,179,243,
嶺北,大川村,50335385,179,242,
嶺北,大川村,50335386,174,236,
嶺北,大川村,50335387,171,232,
嶺北,大川村,50335388,174,236,
嶺北,大川村,50335392,175,237,
嶺北,大川村,50335393,177,240,
嶺北,大川村,50335394,177,240,
嶺北,大川村,50335395,176,238,
嶺北,大川村,50335396,173,234,
嶺北,大川村,50335397,170,230,
嶺北,大川村,50335398,170,231,
嶺北,大川村,50336303,173,234,
高吾北,仁淀川町,50331046,247,335,
高吾北,仁淀川町,50331047,244,331,
高吾北,仁淀川町,50331048,242,328,
高吾北,仁淀川町,50331049,233,316,
高吾北,仁淀川町,50331056,247,335,
高吾北,仁淀川町,50331057,244,331,
高吾北,仁淀川町,50331058,243,329,
高吾北,仁淀川町,50331059,236,320,
高吾北,仁淀川町,50331065,248,336,
高吾北,仁淀川町,50331066,251,340,
高吾北,仁淀川町,50331067,245,332,
高吾北,仁淀川町,50331068,239,324,
高吾北,仁淀川町,50331069,235,318,
高吾北,仁淀川町,50331073,235,318,
高吾北,仁淀川町,50331074,243,329,
高吾北,仁淀川町,50331075,250,339,
高吾北,仁淀川町,50331076,254,344,
高吾北,仁淀川町,50331077,248,336,
高吾北,仁淀川町,50331078,241,326,
高吾北,仁淀川町,50331079,234,317,
高吾北,仁淀川町,50331081,233,316,
高吾北,仁淀川町,50331082,230,312,
高吾北,仁淀川町,50331083,233,316,
高吾北,仁淀川町,50331084,242,328,
高吾北,仁淀川町,50331085,250,339,
高吾北,仁淀川町,50331086,253,342,
高吾北,仁淀川町,50331087,248,336,
高吾北,仁淀川町,50331088,242,328,
高吾北,仁淀川町,50331089,240,325,
高吾北,仁淀川町,50331092,226,306,
高吾北,仁淀川町,50331093,230,311,
高吾北,仁淀川町,50331094,239,323,
高吾北,仁淀川町,50331095,247,334,
高吾北,仁淀川町,50331096,250,338,
高吾北,仁淀川町,50331097,247,334,
高吾北,仁淀川町,50331098,244,331,
高吾北,仁淀川町,50331099,245,332,
高吾北,仁淀川町,50331150,237,－,
高吾北,仁淀川町,50331151,232,314,
高吾北,仁淀川町,50331160,237,－,
高吾北,仁淀川町,50331161,236,319,
高吾北,仁淀川町,50331162,240,325,
高吾北,仁淀川町,50331170,235,318,
高吾北,仁淀川町,50331171,237,321,
高吾北,仁淀川町,50331180,241,326,
高吾北,仁淀川町,50331181,241,327,
高吾北,仁淀川町,50331190,245,332,
高吾北,仁淀川町,50331191,245,332,
高吾北,仁淀川町,50332002,222,300,
高吾北,仁淀川町,50332003,224,304,
高吾北,仁淀川町,50332004,233,316,
高吾北,仁淀川町,50332005,242,328,
高吾北,仁淀川町,50332006,247,334,
高吾北,仁淀川町,50332007,245,332,
高吾北,仁淀川町,50332008,245,332,
高吾北,仁淀川町,50332009,247,335,
高吾北,仁淀川町,50332013,221,299,
高吾北,仁淀川町,50332014,228,309,
高吾北,仁淀川町,50332015,238,322,
高吾北,仁淀川町,50332016,244,331,
高吾北,仁淀川町,50332017,244,330,
高吾北,仁淀川町,50332018,244,330,
高吾北,仁淀川町,50332019,245,332,
高吾北,仁淀川町,50332023,221,299,
高吾北,仁淀川町,50332024,227,307,
高吾北,仁淀川町,50332025,233,316,
高吾北,仁淀川町,50332026,240,325,
高吾北,仁淀川町,50332027,241,327,
高吾北,仁淀川町,50332028,241,327,
高吾北,仁淀川町,50332029,241,327,
高吾北,仁淀川町,50332033,222,300,
高吾北,仁淀川町,50332034,226,306,
高吾北,仁淀川町,50332035,228,309,
高吾北,仁淀川町,50332036,235,318,
高吾北,仁淀川町,50332037,238,322,
高吾北,仁淀川町,50332038,239,324,
高吾北,仁淀川町,50332039,239,324,
高吾北,仁淀川町,50332045,227,308,
高吾北,仁淀川町,50332046,231,313,
高吾北,仁淀川町,50332047,235,318,
高吾北,仁淀川町,50332048,238,322,
高吾北,仁淀川町,50332049,239,324,
高吾北,仁淀川町,50332055,227,308,
高吾北,仁淀川町,50332056,230,312,
高吾北,仁淀川町,50332057,233,316,
高吾北,仁淀川町,50332058,236,320,
高吾北,仁淀川町,50332059,236,320,
高吾北,仁淀川町,50332065,227,308,
高吾北,仁淀川町,50332066,229,310,
高吾北,仁淀川町,50332067,232,314,
高吾北,仁淀川町,50332068,233,316,
高吾北,仁淀川町,50332069,234,317,
高吾北,仁淀川町,50332075,227,308,
高吾北,仁淀川町,50332076,228,309,
高吾北,仁淀川町,50332077,230,312,
高吾北,仁淀川町,50332078,232,314,
高吾北,仁淀川町,50332079,232,314,
高吾北,仁淀川町,50332084,229,310,
高吾北,仁淀川町,50332085,229,310,
高吾北,仁淀川町,50332086,227,308,
高吾北,仁淀川町,50332087,228,309,
高吾北,仁淀川町,50332088,231,313,
高吾北,仁淀川町,50332089,232,314,
高吾北,仁淀川町,50332094,230,312,
高吾北,仁淀川町,50332095,229,310,
高吾北,仁淀川町,50332096,227,307,
高吾北,仁淀川町,50332097,228,309,
高吾北,仁淀川町,50332098,230,312,
高吾北,仁淀川町,50332099,231,313,
高吾北,仁淀川町,50332100,249,337,
高吾北,仁淀川町,50332101,248,336,
高吾北,仁淀川町,50332110,247,334,
高吾北,仁淀川町,50332111,247,334,
高吾北,仁淀川町,50332120,242,328,
高吾北,仁淀川町,50332121,244,331,
高吾北,仁淀川町,50332130,239,323,
高吾北,仁淀川町,50332131,240,325,
高吾北,仁淀川町,50332132,242,328,
高吾北,仁淀川町,50332140,239,323,
高吾北,仁淀川町,50332141,239,324,
高吾北,仁淀川町,50332142,240,325,
高吾北,仁淀川町,50332143,242,328,
高吾北,仁淀川町,50332150,236,319,
高吾北,仁淀川町,50332151,236,320,
高吾北,仁淀川町,50332152,236,320,
高吾北,仁淀川町,50332153,238,322,
高吾北,仁淀川町,50332160,233,315,
高吾北,仁淀川町,50332161,233,315,
高吾北,仁淀川町,50332162,233,316,
高吾北,仁淀川町,50332163,233,316,
高吾北,仁淀川町,50332164,232,314,
高吾北,仁淀川町,50332170,232,314,
高吾北,仁淀川町,50332171,230,311,
高吾北,仁淀川町,50332172,229,310,
高吾北,仁淀川町,50332173,230,311,
高吾北,仁淀川町,50332174,170,231,
高吾北,仁淀川町,50332180,231,313,
高吾北,仁淀川町,50332181,227,308,
高吾北,仁淀川町,50332182,227,308,
高吾北,仁淀川町,50332183,227,308,
高吾北,仁淀川町,50332184,226,306,
高吾北,仁淀川町,50332185,225,305,
高吾北,仁淀川町,50332186,227,308,
高吾北,仁淀川町,50332190,232,314,
高吾北,仁淀川町,50332191,228,309,
高吾北,仁淀川町,50332192,225,305,
高吾北,仁淀川町,50332193,224,303,
高吾北,仁淀川町,50332194,223,302,
高吾北,仁淀川町,50332195,180,244,
高吾北,仁淀川町,50332196,227,307,
高吾北,仁淀川町,50333004,230,312,
高吾北,仁淀川町,50333005,228,309,
高吾北,仁淀川町,50333006,228,309,
高吾北,仁淀川町,50333007,230,312,
高吾北,仁淀川町,50333008,232,314,
高吾北,仁淀川町,50333009,232,314,
高吾北,仁淀川町,50333015,230,311,
高吾北,仁淀川町,50333016,229,310,
高吾北,仁淀川町,50333017,234,317,
高吾北,仁淀川町,50333018,233,316,
高吾北,仁淀川町,50333019,230,312,
高吾北,仁淀川町,50333026,230,312,
高吾北,仁淀川町,50333027,236,320,
高吾北,仁淀川町,50333028,235,318,
高吾北,仁淀川町,50333029,230,312,
高吾北,仁淀川町,50333036,228,309,
高吾北,仁淀川町,50333037,235,318,
高吾北,仁淀川町,50333038,236,319,
高吾北,仁淀川町,50333039,228,309,
高吾北,仁淀川町,50333046,223,302,
高吾北,仁淀川町,50333047,227,307,
高吾北,仁淀川町,50333048,230,312,
高吾北,仁淀川町,50333049,224,304,
高吾北,仁淀川町,50333056,218,295,
高吾北,仁淀川町,50333057,219,297,
高吾北,仁淀川町,50333058,222,300,
高吾北,仁淀川町,50333059,220,298,
高吾北,仁淀川町,50333066,213,288,
高吾北,仁淀川町,50333067,215,291,
高吾北,仁淀川町,50333068,216,292,
高吾北,仁淀川町,50333069,214,290,
高吾北,仁淀川町,50333076,173,235,
高吾北,仁淀川町,50333077,176,239,
高吾北,仁淀川町,50333078,178,241,
高吾北,仁淀川町,50333079,177,240,
高吾北,仁淀川町,50333087,174,236,
高吾北,仁淀川町,50333088,177,240,
高吾北,仁淀川町,50333089,177,240,
高吾北,仁淀川町,50333099,177,240,
高吾北,仁淀川町,50333100,231,313,
高吾北,仁淀川町,50333101,227,308,
高吾北,仁淀川町,50333102,224,304,
高吾北,仁淀川町,50333103,222,301,
高吾北,仁淀川町,50333104,222,300,
高吾北,仁淀川町,50333105,221,299,
高吾北,仁淀川町,50333106,227,307,
高吾北,仁淀川町,50333110,228,309,
高吾北,仁淀川町,50333111,224,304,
高吾北,仁淀川町,50333112,224,303,
高吾北,仁淀川町,50333113,224,304,
高吾北,仁淀川町,50333114,222,301,
高吾北,仁淀川町,50333115,222,301,
高吾北,仁淀川町,50333116,227,307,
高吾北,仁淀川町,50333120,224,304,
高吾北,仁淀川町,50333121,222,300,
高吾北,仁淀川町,50333122,225,305,
高吾北,仁淀川町,50333123,227,308,
高吾北,仁淀川町,50333124,226,306,
高吾北,仁淀川町,50333125,223,302,
高吾北,仁淀川町,50333126,224,304,
高吾北,仁淀川町,50333127,232,314,
高吾北,仁淀川町,50333130,222,300,
高吾北,仁淀川町,50333131,219,297,
高吾北,仁淀川町,50333132,223,302,
高吾北,仁淀川町,50333133,227,308,
高吾北,仁淀川町,50333134,224,304,
高吾北,仁淀川町,50333135,221,299,
高吾北,仁淀川町,50333136,223,302,
高吾北,仁淀川町,50333137,230,311,
高吾北,仁淀川町,50333140,218,295,
高吾北,仁淀川町,50333141,216,292,
高吾北,仁淀川町,50333142,217,294,
高吾北,仁淀川町,50333143,220,298,
高吾北,仁淀川町,50333144,219,297,
高吾北,仁淀川町,50333145,219,296,
高吾北,仁淀川町,50333146,222,300,
高吾北,仁淀川町,50333147,227,308,
高吾北,仁淀川町,50333150,215,291,
高吾北,仁淀川町,50333151,213,288,
高吾北,仁淀川町,50333152,213,288,
高吾北,仁淀川町,50333153,213,288,
高吾北,仁淀川町,50333154,216,292,
高吾北,仁淀川町,50333155,216,293,
高吾北,仁淀川町,50333156,221,299,
高吾北,仁淀川町,50333157,225,305,
高吾北,仁淀川町,50333160,213,288,
高吾北,仁淀川町,50333161,211,286,
高吾北,仁淀川町,50333162,210,285,
高吾北,仁淀川町,50333163,211,286,
高吾北,仁淀川町,50333164,213,288,
高吾北,仁淀川町,50333165,215,291,
高吾北,仁淀川町,50333166,219,296,
高吾北,仁淀川町,50333167,222,300,
高吾北,仁淀川町,50333168,227,307,
高吾北,仁淀川町,50333170,176,239,
高吾北,仁淀川町,50333171,176,238,
高吾北,仁淀川町,50333172,176,239,
高吾北,仁淀川町,50333173,176,238,
高吾北,仁淀川町,50333174,176,239,
高吾北,仁淀川町,50333175,177,240,
高吾北,仁淀川町,50333176,180,244,
高吾北,仁淀川町,50333177,184,249,
高吾北,仁淀川町,50333178,223,302,
高吾北,仁淀川町,50333180,174,236,
高吾北,仁淀川町,50333181,175,237,
高吾北,仁淀川町,50333182,178,241,
高吾北,仁淀川町,50333183,178,241,
高吾北,仁淀川町,50333184,177,240,
高吾北,仁淀川町,50333185,176,238,
高吾北,仁淀川町,50333186,177,240,
高吾北,仁淀川町,50333187,182,246,
高吾北,仁淀川町,50333190,175,237,
高吾北,仁淀川町,50333191,176,239,
高吾北,仁淀川町,50333192,178,241,
高吾北,仁淀川町,50333193,179,243,
高吾北,仁淀川町,50333194,177,240,
高吾北,仁淀川町,50333195,175,237,
高吾北,仁淀川町,50333196,176,238,
高吾北,仁淀川町,50333197,178,241,
高吾北,仁淀川町,50334100,178,241,
高吾北,仁淀川町,50334101,179,243,
高吾北,仁淀川町,50334102,179,243,
高吾北,仁淀川町,50334103,178,241,
高吾北,仁淀川町,50334104,174,236,
高吾北,仁淀川町,50334105,172,233,
高吾北,仁淀川町,50334106,173,235,
高吾北,仁淀川町,50334107,176,238,
高吾北,仁淀川町,50334110,181,245,
高吾北,仁淀川町,50334111,182,247,
高吾北,仁淀川町,50334112,180,244,
高吾北,仁淀川町,50334113,176,238,
高吾北,仁淀川町,50334114,172,233,
高吾北,仁淀川町,50334115,169,229,
高吾北,仁淀川町,50334116,170,231,
高吾北,仁淀川町,50334117,174,236,
高吾北,仁淀川町,50334120,183,248,
高吾北,仁淀川町,50334121,182,247,
高吾北,仁淀川町,50334122,177,240,
高吾北,仁淀川町,50334123,173,235,
高吾北,仁淀川町,50334124,168,228,
高吾北,仁淀川町,50334125,167,227,
高吾北,仁淀川町,50334126,168,228,
高吾北,仁淀川町,50334130,183,248,
高吾北,仁淀川町,50334131,183,－,
高吾北,仁淀川町,50334132,174,236,
高吾北,仁淀川町,50334133,171,232,
高吾北,仁淀川町,50334134,168,228,
高吾北,仁淀川町,50334135,168,228,
高吾北,仁淀川町,50334141,183,－,
高吾北,仁淀川町,50334142,173,234,
高吾北,仁淀川町,50334143,170,230,
高吾北,仁淀川町,50334151,183,－,
高吾北,仁淀川町,50334152,174,236,
高吾北,仁淀川町,50334153,183,－,
高吾北,仁淀川町,50334162,176,239,
高吾北,佐川町,50331158,235,318,
高吾北,佐川町,50331159,233,316,
高吾北,佐川町,50331166,242,328,
高吾北,佐川町,50331167,241,326,
高吾北,佐川町,50331168,239,323,
高吾北,佐川町,50331169,236,320,
高吾北,佐川町,50331176,244,330,
高吾北,佐川町,50331177,244,330,
高吾北,佐川町,50331178,242,328,
高吾北,佐川町,50331179,236,320,
高吾北,佐川町,50331186,244,331,
高吾北,佐川町,50331187,245,332,
高吾北,佐川町,50331188,242,328,
高吾北,佐川町,50331189,236,320,
高吾北,佐川町,50331196,243,329,
高吾北,佐川町,50331197,244,330,
高吾北,佐川町,50331198,240,325,
高吾北,佐川町,50331199,234,317,
高吾北,佐川町,50331230,230,312,
高吾北,佐川町,50331231,225,305,
高吾北,佐川町,50331232,222,301,
高吾北,佐川町,50331240,231,313,
高吾北,佐川町,50331241,227,308,
高吾北,佐川町,50331242,223,302,
高吾北,佐川町,50331243,223,302,
高吾北,佐川町,50331250,230,312,
高吾北,佐川町,50331251,228,309,
高吾北,佐川町,50331252,224,304,
高吾北,佐川町,50331253,224,304,
高吾北,佐川町,50331254,224,303,
高吾北,佐川町,50331260,232,314,
高吾北,佐川町,50331261,227,308,
高吾北,佐川町,50331262,226,306,
高吾北,佐川町,50331263,224,304,
高吾北,佐川町,50331264,223,302,
高吾北,佐川町,50331270,230,312,
高吾北,佐川町,50331271,227,307,
高吾北,佐川町,50331272,225,305,
高吾北,佐川町,50331273,222,301,
高吾北,佐川町,50331274,222,300,
高吾北,佐川町,50331275,222,301,
高吾北,佐川町,50331280,230,311,
高吾北,佐川町,50331281,224,304,
高吾北,佐川町,50331282,224,303,
高吾北,佐川町,50331283,221,299,
高吾北,佐川町,50331284,221,299,
高吾北,佐川町,50331285,222,300,
高吾北,佐川町,50331290,229,310,
高吾北,佐川町,50331291,226,306,
高吾北,佐川町,50331292,224,304,
高吾北,佐川町,50331293,191,259,
高吾北,佐川町,50331294,222,301,
高吾北,佐川町,50331295,223,302,
高吾北,佐川町,50332106,241,326,
高吾北,佐川町,50332107,240,325,
高吾北,佐川町,50332108,237,321,
高吾北,佐川町,50332200,230,312,
高吾北,佐川町,50332201,230,311,
高吾北,佐川町,50332202,229,310,
高吾北,佐川町,50332203,224,304,
高吾北,佐川町,50332204,224,304,
高吾北,佐川町,50332205,222,301,
高吾北,佐川町,50332206,224,304,
高吾北,佐川町,50332210,232,314,
高吾北,佐川町,50332211,233,316,
高吾北,佐川町,50332212,232,314,
高吾北,佐川町,50332213,227,308,
高吾北,佐川町,50332214,225,305,
高吾北,佐川町,50332215,224,304,
高吾北,佐川町,50332216,224,304,
高吾北,佐川町,50332220,233,315,
高吾北,佐川町,50332221,230,312,
高吾北,佐川町,50332222,230,311,
高吾北,佐川町,50332223,226,306,
高吾北,佐川町,50332224,222,300,
高吾北,佐川町,50332225,222,301,
高吾北,佐川町,50332226,225,305,
高吾北,佐川町,50332231,227,307,
高吾北,佐川町,50332232,224,304,
高吾北,佐川町,50332233,222,301,
高吾北,佐川町,50332234,219,296,
高吾北,佐川町,50332235,219,297,
高吾北,佐川町,50332241,223,302,
高吾北,佐川町,50332242,221,299,
高吾北,佐川町,50332243,220,298,
高吾北,佐川町,50332244,219,296,
高吾北,佐川町,50332245,222,300,
高吾北,佐川町,50332251,223,302,
高吾北,佐川町,50332252,222,300,
高吾北,佐川町,50332253,219,297,
高吾北,佐川町,50332254,219,296,
高吾北,佐川町,50332255,220,298,
高吾北,佐川町,50332261,222,301,
高吾北,佐川町,50332262,221,299,
高吾北,佐川町,50332263,220,298,
高吾北,佐川町,50332264,219,297,
高吾北,越知町,50331163,242,－,
高吾北,越知町,50331164,240,325,
高吾北,越知町,50331172,241,326,
高吾北,越知町,50331173,241,327,
高吾北,越知町,50331174,242,328,
高吾北,越知町,50331175,244,－,
高吾北,越知町,50331182,242,328,
高吾北,越知町,50331183,242,328,
高吾北,越知町,50331184,243,329,
高吾北,越知町,50331185,242,328,
高吾北,越知町,50331192,244,331,
高吾北,越知町,50331193,242,328,
高吾北,越知町,50331194,242,328,
高吾北,越知町,50331195,241,327,
高吾北,越知町,50332102,245,332,
高吾北,越知町,50332103,244,330,
高吾北,越知町,50332104,241,326,
高吾北,越知町,50332105,239,324,
高吾北,越知町,50332109,232,314,
高吾北,越知町,50332112,245,332,
高吾北,越知町,50332113,243,329,
高吾北,越知町,50332114,239,323,
高吾北,越知町,50332115,238,322,
高吾北,越知町,50332116,238,322,
高吾北,越知町,50332117,238,322,
高吾北,越知町,50332118,234,317,
高吾北,越知町,50332119,230,312,
高吾北,越知町,50332122,244,331,
高吾北,越知町,50332123,244,330,
高吾北,越知町,50332124,239,324,
高吾北,越知町,50332125,236,320,
高吾北,越知町,50332126,239,323,
高吾北,越知町,50332127,238,322,
高吾北,越知町,50332128,236,319,
高吾北,越知町,50332129,233,315,
高吾北,越知町,50332133,243,329,
高吾北,越知町,50332134,239,324,
高吾北,越知町,50332135,239,323,
高吾北,越知町,50332136,237,321,
高吾北,越知町,50332137,213,288,
高吾北,越知町,50332138,236,319,
高吾北,越知町,50332139,233,316,
高吾北,越知町,50332144,239,323,
高吾北,越知町,50332145,236,320,
高吾北,越知町,50332146,236,320,
高吾北,越知町,50332147,235,318,
高吾北,越知町,50332148,234,317,
高吾北,越知町,50332149,230,312,
高吾北,越知町,50332154,236,320,
高吾北,越知町,50332155,235,318,
高吾北,越知町,50332156,234,317,
高吾北,越知町,50332157,233,316,
高吾北,越知町,50332158,233,315,
高吾北,越知町,50332159,230,311,
高吾北,越知町,50332165,232,314,
高吾北,越知町,50332166,232,314,
高吾北,越知町,50332167,232,314,
高吾北,越知町,50332168,230,312,
高吾北,越知町,50332169,227,308,
高吾北,越知町,50332175,228,309,
高吾北,越知町,50332176,230,311,
高吾北,越知町,50332177,230,312,
高吾北,越知町,50332178,230,312,
高吾北,越知町,50332179,228,309,
高吾北,越知町,50332187,212,287,
高吾北,越知町,50332188,230,312,
高吾北,越知町,50332189,229,310,
高吾北,越知町,50332197,230,312,
高吾北,越知町,50332198,231,313,
高吾北,越知町,50332199,233,315,
高吾北,越知町,50332230,229,310,
高吾北,越知町,50332240,227,308,
高吾北,越知町,50332250,227,307,
高吾北,越知町,50332260,225,305,
高吾北,越知町,50332270,227,308,
高吾北,越知町,50332271,224,304,
高吾北,越知町,50332272,222,300,
高吾北,越知町,50332273,220,298,
高吾北,越知町,50332280,229,310,
高吾北,越知町,50332281,225,305,
高吾北,越知町,50332282,223,302,
高吾北,越知町,50332283,222,300,
高吾北,越知町,50332290,230,312,
高吾北,越知町,50332291,228,309,
高吾北,越知町,50332292,224,304,
高吾北,越知町,50332293,222,301,
高吾北,越知町,50333107,230,312,
高吾北,越知町,50333108,234,317,
高吾北,越知町,50333109,224,304,
高吾北,越知町,50333117,233,316,
高吾北,越知町,50333118,236,320,
高吾北,越知町,50333119,237,321,
高吾北,越知町,50333129,239,323,
高吾北,越知町,50333200,233,315,
高吾北,越知町,50333201,230,312,
高吾北,越知町,50333202,226,306,
高吾北,越知町,50333210,235,318,
高吾北,越知町,50333211,233,316,
高吾北,越知町,50333220,236,319,
高吾北,越知町,50333221,232,314,
室戸,室戸市,49346193,195,264,
室戸,室戸市,49346194,194,263,
室戸,室戸市,49347058,209,283,
室戸,室戸市,49347059,210,284,
室戸,室戸市,49347068,213,288,
室戸,室戸市,49347069,214,290,
室戸,室戸市,49347078,218,295,
室戸,室戸市,49347079,222,300,
室戸,室戸市,49347088,224,304,
室戸,室戸市,49347089,230,312,
室戸,室戸市,49347097,241,－,
室戸,室戸市,49347098,233,315,
室戸,室戸市,49347099,241,326,
室戸,室戸市,49347103,199,270,
室戸,室戸市,49347104,199,269,
室戸,室戸市,49347112,201,－,
室戸,室戸市,49347113,201,272,
室戸,室戸市,49347114,199,269,
室戸,室戸市,49347122,199,270,
室戸,室戸市,49347123,199,269,
室戸,室戸市,49347124,195,264,
室戸,室戸市,49347131,204,－,
室戸,室戸市,49347132,201,272,
室戸,室戸市,49347133,198,268,
室戸,室戸市,49347134,194,263,
室戸,室戸市,49347141,204,276,
室戸,室戸市,49347142,204,276,
室戸,室戸市,49347143,198,268,
室戸,室戸市,49347144,194,263,
室戸,室戸市,49347150,210,284,
室戸,室戸市,49347151,210,284,
室戸,室戸市,49347152,207,281,
室戸,室戸市,49347153,200,271,
室戸,室戸市,49347154,195,264,
室戸,室戸市,49347155,193,262,
室戸,室戸市,49347160,216,292,
室戸,室戸市,49347161,216,292,
室戸,室戸市,49347162,214,290,
室戸,室戸市,49347163,202,274,
室戸,室戸市,49347164,197,267,
室戸,室戸市,49347165,196,265,
室戸,室戸市,49347170,224,303,
室戸,室戸市,49347171,224,304,
室戸,室戸市,49347172,222,300,
室戸,室戸市,49347173,207,280,
室戸,室戸市,49347174,199,270,
室戸,室戸市,49347175,198,268,
室戸,室戸市,49347180,234,317,
室戸,室戸市,49347181,236,320,
室戸,室戸市,49347182,230,312,
室戸,室戸市,49347183,213,289,
室戸,室戸市,49347184,203,275,
室戸,室戸市,49347185,201,272,
室戸,室戸市,49347190,245,332,
室戸,室戸市,49347191,247,334,
室戸,室戸市,49347192,241,326,
室戸,室戸市,49347193,222,301,
室戸,室戸市,49347194,230,－,
室戸,室戸市,49347195,204,276,
室戸,室戸市,50340006,224,303,
室戸,室戸市,50340007,233,315,
室戸,室戸市,50340008,241,327,
室戸,室戸市,50340009,251,340,
室戸,室戸市,50340015,222,300,
室戸,室戸市,50340016,230,312,
室戸,室戸市,50340017,240,325,
室戸,室戸市,50340018,251,340,
室戸,室戸市,50340019,259,350,
室戸,室戸市,50340025,227,308,
室戸,室戸市,50340026,238,322,
室戸,室戸市,50340027,250,338,
室戸,室戸市,50340028,263,356,
室戸,室戸市,50340029,266,360,
室戸,室戸市,50340034,242,－,
室戸,室戸市,50340035,233,316,
室戸,室戸市,50340036,245,332,
室戸,室戸市,50340037,257,348,
室戸,室戸市,50340038,269,364,
室戸,室戸市,50340039,272,368,
室戸,室戸市,50340042,225,－,
室戸,室戸市,50340043,222,300,
室戸,室戸市,50340044,232,314,
室戸,室戸市,50340045,242,328,
室戸,室戸市,50340046,216,293,
室戸,室戸市,50340047,266,360,
室戸,室戸市,50340048,275,372,
室戸,室戸市,50340049,277,375,
室戸,室戸市,50340052,217,294,
室戸,室戸市,50340053,225,305,
室戸,室戸市,50340054,236,320,
室戸,室戸市,50340055,250,339,
室戸,室戸市,50340056,261,354,
室戸,室戸市,50340057,272,368,
室戸,室戸市,50340058,278,376,
室戸,室戸市,50340059,278,376,
室戸,室戸市,50340064,241,326,
室戸,室戸市,50340065,255,345,
室戸,室戸市,50340066,268,363,
室戸,室戸市,50340067,227,308,
室戸,室戸市,50340068,281,380,
室戸,室戸市,50340069,283,383,
室戸,室戸市,50340075,257,348,
室戸,室戸市,50340076,270,366,
室戸,室戸市,50340077,280,379,
室戸,室戸市,50340078,282,382,
室戸,室戸市,50340079,286,387,
室戸,室戸市,50340086,275,372,
室戸,室戸市,50340087,284,384,
室戸,室戸市,50340088,290,392,
室戸,室戸市,50340089,291,394,
室戸,室戸市,50340096,281,380,
室戸,室戸市,50340097,289,391,
室戸,室戸市,50340098,295,399,
室戸,室戸市,50340099,296,400,
室戸,室戸市,50340100,253,343,
室戸,室戸市,50340101,253,343,
室戸,室戸市,50340102,246,333,
室戸,室戸市,50340103,230,312,
室戸,室戸市,50340104,213,289,
室戸,室戸市,50340105,205,278,
室戸,室戸市,50340110,259,351,
室戸,室戸市,50340111,256,347,
室戸,室戸市,50340112,250,338,
室戸,室戸市,50340113,236,320,
室戸,室戸市,50340114,217,294,
室戸,室戸市,50340115,207,280,
室戸,室戸市,50340116,214,－,
室戸,室戸市,50340120,267,361,
室戸,室戸市,50340121,259,351,
室戸,室戸市,50340122,253,343,
室戸,室戸市,50340123,239,323,
室戸,室戸市,50340124,221,299,
室戸,室戸市,50340125,210,285,
室戸,室戸市,50340126,214,290,
室戸,室戸市,50340130,272,368,
室戸,室戸市,50340131,263,356,
室戸,室戸市,50340132,257,348,
室戸,室戸市,50340133,242,328,
室戸,室戸市,50340134,226,306,
室戸,室戸市,50340135,218,295,
室戸,室戸市,50340136,218,295,
室戸,室戸市,50340140,274,371,
室戸,室戸市,50340141,267,361,
室戸,室戸市,50340142,260,352,
室戸,室戸市,50340143,246,333,
室戸,室戸市,50340144,231,313,
室戸,室戸市,50340145,222,300,
室戸,室戸市,50340146,220,298,
室戸,室戸市,50340150,276,373,
室戸,室戸市,50340151,269,364,
室戸,室戸市,50340152,261,353,
室戸,室戸市,50340153,249,337,
室戸,室戸市,50340154,233,316,
室戸,室戸市,50340155,222,301,
室戸,室戸市,50340156,223,302,
室戸,室戸市,50340157,227,308,
室戸,室戸市,50340160,278,377,
室戸,室戸市,50340161,273,370,
室戸,室戸市,50340162,266,360,
室戸,室戸市,50340163,253,343,
室戸,室戸市,50340164,238,322,
室戸,室戸市,50340165,227,307,
室戸,室戸市,50340166,227,308,
室戸,室戸市,50340167,230,312,
室戸,室戸市,50340170,283,383,
室戸,室戸市,50340171,278,376,
室戸,室戸市,50340172,268,363,
室戸,室戸市,50340173,255,345,
室戸,室戸市,50340174,241,327,
室戸,室戸市,50340175,228,309,
室戸,室戸市,50340176,230,312,
室戸,室戸市,50340177,233,－,
室戸,室戸市,50340180,287,389,
室戸,室戸市,50340181,281,381,
室戸,室戸市,50340182,273,369,
室戸,室戸市,50340183,259,351,
室戸,室戸市,50340184,245,332,
室戸,室戸市,50340185,230,311,
室戸,室戸市,50340186,230,312,
室戸,室戸市,50340187,233,316,
室戸,室戸市,50340190,292,395,
室戸,室戸市,50340191,284,385,
室戸,室戸市,50340192,275,372,
室戸,室戸市,50340193,261,353,
室戸,室戸市,50340194,246,333,
室戸,室戸市,50340195,229,310,
室戸,室戸市,50340196,228,309,
室戸,室戸市,50340197,233,316,
室戸,室戸市,50341007,293,397,
室戸,室戸市,50341008,299,405,
室戸,室戸市,50341009,301,407,
室戸,室戸市,50341017,295,399,
室戸,室戸市,50341018,302,409,
室戸,室戸市,50341019,304,411,
室戸,室戸市,50341028,311,－,
室戸,室戸市,50341029,304,412,
室戸,室戸市,50341038,303,410,
室戸,室戸市,50341039,311,－,
室戸,室戸市,50341049,309,418,
室戸,室戸市,50341100,296,401,
室戸,室戸市,50341101,287,389,
室戸,室戸市,50341102,277,375,
室戸,室戸市,50341103,263,356,
室戸,室戸市,50341104,248,336,
室戸,室戸市,50341105,230,312,
室戸,室戸市,50341106,230,312,
室戸,室戸市,50341107,236,320,
室戸,室戸市,50341108,242,－,
室戸,室戸市,50341110,299,405,
室戸,室戸市,50341111,292,395,
室戸,室戸市,50341112,281,381,
室戸,室戸市,50341113,267,362,
室戸,室戸市,50341114,250,338,
室戸,室戸市,50341115,233,316,
室戸,室戸市,50341116,232,314,
室戸,室戸市,50341117,239,323,
室戸,室戸市,50341118,242,328,
室戸,室戸市,50341120,304,411,
室戸,室戸市,50341121,296,401,
室戸,室戸市,50341122,289,391,
室戸,室戸市,50341123,273,369,
室戸,室戸市,50341124,251,340,
室戸,室戸市,50341125,236,319,
室戸,室戸市,50341126,231,313,
室戸,室戸市,50341127,239,323,
室戸,室戸市,50341128,244,330,
室戸,室戸市,50341130,307,416,
室戸,室戸市,50341131,302,409,
室戸,室戸市,50341132,296,401,
室戸,室戸市,50341133,280,379,
室戸,室戸市,50341134,255,345,
室戸,室戸市,50341135,236,320,
室戸,室戸市,50341136,240,－,
室戸,室戸市,50341137,239,323,
室戸,室戸市,50341138,244,331,
室戸,室戸市,50341140,311,421,
室戸,室戸市,50341141,309,418,
室戸,室戸市,50341142,303,410,
室戸,室戸市,50341143,286,387,
室戸,室戸市,50341144,259,350,
室戸,室戸市,50341145,240,325,
室戸,室戸市,50341146,232,314,
室戸,室戸市,50341147,240,325,
室戸,室戸市,50341150,315,426,
室戸,室戸市,50341151,313,424,
室戸,室戸市,50341152,310,419,
室戸,室戸市,50341153,292,395,
室戸,室戸市,50341154,265,359,
室戸,室戸市,50341155,247,335,
室戸,室戸市,50341156,237,321,
室戸,室戸市,50341157,244,330,
室戸,室戸市,50341160,316,428,
室戸,室戸市,50341162,309,418,
室戸,室戸市,50341163,293,397,
室戸,室戸市,50341164,270,366,
室戸,室戸市,50341165,257,348,
室戸,室戸市,50341166,246,333,
室戸,室戸市,50341173,298,404,
室戸,室戸市,50341174,277,375,
室戸,室戸市,50341175,266,360,
室戸,東洋町,50341139,247,334,
室戸,東洋町,50341148,245,332,
室戸,東洋町,50341149,251,340,
室戸,東洋町,50341158,247,335,
室戸,東洋町,50341159,254,344,
室戸,東洋町,50341167,247,334,
室戸,東洋町,50341168,248,336,
室戸,東洋町,50341169,254,344,
室戸,東洋町,50341176,253,342,
室戸,東洋町,50341177,251,340,
室戸,東洋町,50341178,253,342,
室戸,東洋町,50341179,257,348,
室戸,東洋町,50341186,254,344,
室戸,東洋町,50341187,253,342,
室戸,東洋町,50341188,255,345,
室戸,東洋町,50341189,259,350,
室戸,東洋町,50341196,251,340,
室戸,東洋町,50341197,251,340,
室戸,東洋町,50341198,254,344,
室戸,東洋町,50341199,181,245,
室戸,東洋町,50341260,257,－,
室戸,東洋町,50341270,251,340,
室戸,東洋町,50341280,253,342,
室戸,東洋町,50341281,254,－,
室戸,東洋町,50341290,254,344,
室戸,東洋町,50341291,247,335,
室戸,東洋町,50342107,246,333,
室戸,東洋町,50342108,250,339,
室戸,東洋町,50342109,256,347,
室戸,東洋町,50342117,244,331,
室戸,東洋町,50342118,247,334,
室戸,東洋町,50342119,253,343,
室戸,東洋町,50342126,250,338,
室戸,東洋町,50342127,243,329,
室戸,東洋町,50342128,246,333,
室戸,東洋町,50342129,253,342,
室戸,東洋町,50342136,249,337,
室戸,東洋町,50342137,244,330,
室戸,東洋町,50342138,245,332,
室戸,東洋町,50342139,253,342,
室戸,東洋町,50342146,248,336,
室戸,東洋町,50342147,244,331,
室戸,東洋町,50342148,245,332,
室戸,東洋町,50342149,252,341,
室戸,東洋町,50342156,248,336,
室戸,東洋町,50342157,244,331,
室戸,東洋町,50342158,245,332,
室戸,東洋町,50342159,252,341,
室戸,東洋町,50342166,248,336,
室戸,東洋町,50342167,244,331,
室戸,東洋町,50342168,244,330,
室戸,東洋町,50342169,249,337,
室戸,東洋町,50342176,250,339,
室戸,東洋町,50342177,247,334,
室戸,東洋町,50342200,256,346,
室戸,東洋町,50342201,248,336,
室戸,東洋町,50342202,250,－,
室戸,東洋町,50342210,257,348,
室戸,東洋町,50342211,250,339,
室戸,東洋町,50342212,242,328,
室戸,東洋町,50342220,259,351,
室戸,東洋町,50342221,251,340,
室戸,東洋町,50342222,244,331,
室戸,東洋町,50342223,246,－,
室戸,東洋町,50342230,260,352,
室戸,東洋町,50342231,221,299,
室戸,東洋町,50342232,246,333,
室戸,東洋町,50342233,241,326,
室戸,東洋町,50342240,261,353,
室戸,東洋町,50342241,257,348,
室戸,東洋町,50342242,250,338,
室戸,東洋町,50342243,244,330,
室戸,東洋町,50342244,248,－,
室戸,東洋町,50342250,260,352,
室戸,東洋町,50342251,258,349,
室戸,東洋町,50342252,254,344,
室戸,東洋町,50342253,248,336,
室戸,東洋町,50342254,242,328,
室戸,東洋町,50342261,260,－,
室戸,東洋町,50342262,257,348,
室戸,東洋町,50342263,252,341,
安芸,安芸市,50331735,207,－,
安芸,安芸市,50331745,204,277,
安芸,安芸市,50331746,207,280,
安芸,安芸市,50331755,207,281,
安芸,安芸市,50331756,210,285,
安芸,安芸市,50331765,212,287,
安芸,安芸市,50331766,215,291,
安芸,安芸市,50331767,217,294,
安芸,安芸市,50331775,216,292,
安芸,安芸市,50331776,217,294,
安芸,安芸市,50331777,221,299,
安芸,安芸市,50331783,220,－,
安芸,安芸市,50331784,216,292,
安芸,安芸市,50331785,218,295,
安芸,安芸市,50331786,221,299,
安芸,安芸市,50331787,224,304,
安芸,安芸市,50331788,228,309,
安芸,安芸市,50331790,220,－,
安芸,安芸市,50331791,220,－,
安芸,安芸市,50331792,220,－,
安芸,安芸市,50331793,220,－,
安芸,安芸市,50331794,217,294,
安芸,安芸市,50331795,219,297,
安芸,安芸市,50331796,223,302,
安芸,安芸市,50331797,227,308,
安芸,安芸市,50331798,232,314,
安芸,安芸市,50332607,211,286,
安芸,安芸市,50332608,211,286,
安芸,安芸市,50332609,212,287,
安芸,安芸市,50332615,216,－,
安芸,安芸市,50332616,214,290,
安芸,安芸市,50332617,213,289,
安芸,安芸市,50332618,213,289,
安芸,安芸市,50332619,214,290,
安芸,安芸市,50332626,193,262,
安芸,安芸市,50332627,218,295,
安芸,安芸市,50332628,219,296,
安芸,安芸市,50332629,219,296,
安芸,安芸市,50332638,224,304,
安芸,安芸市,50332639,224,304,
安芸,安芸市,50332648,230,311,
安芸,安芸市,50332649,231,313,
安芸,安芸市,50332659,236,319,
安芸,安芸市,50332669,239,324,
安芸,安芸市,50332679,244,330,
安芸,安芸市,50332700,213,288,
安芸,安芸市,50332701,213,289,
安芸,安芸市,50332702,220,－,
安芸,安芸市,50332703,216,293,
安芸,安芸市,50332704,219,296,
安芸,安芸市,50332705,221,299,
安芸,安芸市,50332706,225,305,
安芸,安芸市,50332707,229,310,
安芸,安芸市,50332708,233,316,
安芸,安芸市,50332710,216,292,
安芸,安芸市,50332711,216,292,
安芸,安芸市,50332712,220,－,
安芸,安芸市,50332713,218,295,
安芸,安芸市,50332714,219,296,
安芸,安芸市,50332715,222,301,
安芸,安芸市,50332716,226,306,
安芸,安芸市,50332717,230,312,
安芸,安芸市,50332718,235,318,
安芸,安芸市,50332720,220,298,
安芸,安芸市,50332721,220,298,
安芸,安芸市,50332722,219,297,
安芸,安芸市,50332723,220,298,
安芸,安芸市,50332724,222,300,
安芸,安芸市,50332725,224,304,
安芸,安芸市,50332726,228,309,
安芸,安芸市,50332727,233,315,
安芸,安芸市,50332728,236,320,
安芸,安芸市,50332729,244,330,
安芸,安芸市,50332730,226,306,
安芸,安芸市,50332731,225,305,
安芸,安芸市,50332732,224,304,
安芸,安芸市,50332733,223,302,
安芸,安芸市,50332734,224,303,
安芸,安芸市,50332735,227,307,
安芸,安芸市,50332736,230,311,
安芸,安芸市,50332737,234,317,
安芸,安芸市,50332738,238,322,
安芸,安芸市,50332739,245,332,
安芸,安芸市,50332740,230,312,
安芸,安芸市,50332741,230,312,
安芸,安芸市,50332742,227,308,
安芸,安芸市,50332743,227,308,
安芸,安芸市,50332744,227,308,
安芸,安芸市,50332745,230,311,
安芸,安芸市,50332746,233,315,
安芸,安芸市,50332747,236,320,
安芸,安芸市,50332748,240,325,
安芸,安芸市,50332749,245,332,
安芸,安芸市,50332750,236,319,
安芸,安芸市,50332751,236,319,
安芸,安芸市,50332752,233,315,
安芸,安芸市,50332753,230,312,
安芸,安芸市,50332754,230,312,
安芸,安芸市,50332755,233,315,
安芸,安芸市,50332756,235,318,
安芸,安芸市,50332757,238,322,
安芸,安芸市,50332758,241,327,
安芸,安芸市,50332759,247,335,
安芸,安芸市,50332760,240,325,
安芸,安芸市,50332761,239,323,
安芸,安芸市,50332762,237,321,
安芸,安芸市,50332763,235,318,
安芸,安芸市,50332764,234,317,
安芸,安芸市,50332765,235,318,
安芸,安芸市,50332766,237,321,
安芸,安芸市,50332767,239,324,
安芸,安芸市,50332768,242,328,
安芸,安芸市,50332769,247,335,
安芸,安芸市,50332770,244,331,
安芸,安芸市,50332771,243,329,
安芸,安芸市,50332772,242,328,
安芸,安芸市,50332773,239,324,
安芸,安芸市,50332774,237,321,
安芸,安芸市,50332775,236,320,
安芸,安芸市,50332776,239,323,
安芸,安芸市,50332777,239,324,
安芸,安芸市,50332778,242,328,
安芸,安芸市,50332779,248,336,
安芸,安芸市,50332780,248,336,
安芸,安芸市,50332781,247,335,
安芸,安芸市,50332782,247,334,
安芸,安芸市,50332783,243,329,
安芸,安芸市,50332784,241,327,
安芸,安芸市,50332785,239,324,
安芸,安芸市,50332786,240,325,
安芸,安芸市,50332787,241,326,
安芸,安芸市,50332788,245,332,
安芸,安芸市,50332789,250,339,
安芸,安芸市,50332790,250,339,
安芸,安芸市,50332791,250,339,
安芸,安芸市,50332792,250,339,
安芸,安芸市,50332793,247,335,
安芸,安芸市,50332794,247,334,
安芸,安芸市,50332795,245,332,
安芸,安芸市,50332796,244,331,
安芸,安芸市,50332797,244,330,
安芸,安芸市,50332798,246,333,
安芸,安芸市,50332799,251,340,
安芸,安芸市,50333609,253,343,
安芸,安芸市,50333619,257,348,
安芸,安芸市,50333629,259,350,
安芸,安芸市,50333700,255,345,
安芸,安芸市,50333701,254,344,
安芸,安芸市,50333702,253,343,
安芸,安芸市,50333703,253,342,
安芸,安芸市,50333704,251,340,
安芸,安芸市,50333705,250,338,
安芸,安芸市,50333706,248,336,
安芸,安芸市,50333707,248,336,
安芸,安芸市,50333708,248,336,
安芸,安芸市,50333709,253,343,
安芸,安芸市,50333710,259,350,
安芸,安芸市,50333711,259,350,
安芸,安芸市,50333712,258,349,
安芸,安芸市,50333713,256,347,
安芸,安芸市,50333714,255,345,
安芸,安芸市,50333715,253,343,
安芸,安芸市,50333716,253,343,
安芸,安芸市,50333717,251,340,
安芸,安芸市,50333718,251,340,
安芸,安芸市,50333719,253,342,
安芸,安芸市,50333720,262,355,
安芸,安芸市,50333721,263,356,
安芸,安芸市,50333722,264,357,
安芸,安芸市,50333723,261,353,
安芸,安芸市,50333724,259,350,
安芸,安芸市,50333725,256,347,
安芸,安芸市,50333726,255,345,
安芸,安芸市,50333727,254,344,
安芸,安芸市,50333728,252,341,
安芸,安芸市,50333729,253,342,
安芸,安芸市,50333730,264,357,
安芸,安芸市,50333731,266,360,
安芸,安芸市,50333732,267,362,
安芸,安芸市,50333733,264,357,
安芸,安芸市,50333734,260,352,
安芸,安芸市,50333735,259,350,
安芸,安芸市,50333736,257,348,
安芸,安芸市,50333737,257,348,
安芸,安芸市,50333738,254,344,
安芸,安芸市,50333739,254,344,
安芸,安芸市,50333740,264,357,
安芸,安芸市,50333741,266,360,
安芸,安芸市,50333742,266,360,
安芸,安芸市,50333743,264,358,
安芸,安芸市,50333744,260,352,
安芸,安芸市,50333745,259,351,
安芸,安芸市,50333746,260,352,
安芸,安芸市,50333747,259,350,
安芸,安芸市,50333748,257,348,
安芸,安芸市,50333749,256,347,
安芸,安芸市,50333750,265,359,
安芸,安芸市,50333751,264,358,
安芸,安芸市,50333752,264,357,
安芸,安芸市,50333753,261,354,
安芸,安芸市,50333754,262,355,
安芸,安芸市,50333755,261,354,
安芸,安芸市,50333756,263,356,
安芸,安芸市,50333757,261,354,
安芸,安芸市,50333758,260,352,
安芸,安芸市,50333759,260,352,
安芸,安芸市,50333760,265,359,
安芸,安芸市,50333761,262,355,
安芸,安芸市,50333762,261,353,
安芸,安芸市,50333763,262,355,
安芸,安芸市,50333764,266,360,
安芸,安芸市,50333765,266,360,
安芸,安芸市,50333766,267,361,
安芸,安芸市,50333767,265,359,
安芸,安芸市,50333768,263,356,
安芸,安芸市,50333769,263,356,
安芸,安芸市,50333771,261,354,
安芸,安芸市,50333772,260,352,
安芸,安芸市,50333774,270,365,
安芸,安芸市,50333775,278,－,
安芸,安芸市,50333776,272,368,
安芸,安芸市,50333777,271,367,
安芸,安芸市,50333778,270,366,
安芸,安芸市,50333779,270,365,
安芸,安芸市,50333781,259,350,
安芸,安芸市,50333785,278,376,
安芸,安芸市,50333786,278,376,
安芸,安芸市,50333787,278,376,
安芸,安芸市,50333788,278,376,
安芸,安芸市,50333789,277,375,
安芸,安芸市,50333796,280,379,
安芸,安芸市,50333797,283,383,
安芸,安芸市,50333798,285,386,
安芸,安芸市,50333799,285,386,
安芸,安芸市,50334707,284,384,
安芸,安芸市,50334708,287,389,
安芸,安芸市,50334709,285,386,
安芸,安芸市,50334718,284,384,
安芸,安芸市,50334719,284,384,
安芸,安芸市,50334728,281,380,
安芸,安芸市,50334729,279,378,
安芸,安芸市,50334739,276,374,
安芸,安芸市,50342030,253,343,
安芸,安芸市,50342040,253,343,
安芸,安芸市,50342050,253,343,
安芸,安芸市,50342051,264,358,
安芸,安芸市,50342060,256,346,
安芸,安芸市,50342061,265,359,
安芸,安芸市,50342070,257,348,
安芸,安芸市,50342071,266,360,
安芸,安芸市,50342080,259,350,
安芸,安芸市,50342090,259,350,
安芸,安芸市,50343000,256,347,
安芸,安芸市,50343010,254,344,
安芸,安芸市,50343011,259,350,
安芸,安芸市,50343020,255,345,
安芸,安芸市,50343021,257,348,
安芸,安芸市,50343030,254,344,
安芸,安芸市,50343040,257,348,
安芸,安芸市,50343041,261,353,
安芸,安芸市,50343050,261,353,
安芸,安芸市,50343051,265,359,
安芸,安芸市,50343060,264,357,
安芸,安芸市,50343061,268,363,
安芸,安芸市,50343070,267,362,
安芸,安芸市,50343071,270,366,
安芸,安芸市,50343072,274,371,
安芸,安芸市,50343073,278,376,
安芸,安芸市,50343080,273,370,
安芸,安芸市,50343081,270,366,
安芸,安芸市,50343082,276,373,
安芸,安芸市,50343083,281,380,
安芸,安芸市,50343084,280,379,
安芸,安芸市,50343090,278,376,
安芸,安芸市,50343091,273,370,
安芸,安芸市,50343092,275,372,
安芸,安芸市,50343093,280,379,
安芸,安芸市,50343094,283,383,
安芸,安芸市,50344000,278,376,
安芸,安芸市,50344001,285,－,
安芸,安芸市,50344002,275,372,
安芸,安芸市,50344003,278,377,
安芸,安芸市,50344004,285,－,
安芸,安芸市,50344010,277,375,
安芸,安芸市,50344011,272,368,
安芸,安芸市,50344012,285,－,
安芸,安芸市,50344013,285,－,
安芸,安芸市,50344020,276,374,
安芸,安芸市,50344021,273,369,
安芸,安芸市,50344022,275,372,
安芸,安芸市,50344023,285,－,
安芸,安芸市,50344030,276,373,
安芸,安芸市,50344031,276,373,
安芸,安芸市,50344032,274,371,
安芸,安芸市,50344033,276,374,
安芸,安芸市,50344034,285,－,
安芸,安芸市,50344040,278,376,
安芸,安芸市,50344041,278,376,
安芸,安芸市,50344042,276,373,
安芸,安芸市,50344043,275,372,
安芸,安芸市,50344044,276,374,
安芸,安芸市,50344050,275,372,
安芸,安芸市,50344051,278,376,
安芸,安芸市,50344052,275,372,
安芸,安芸市,50344053,275,372,
安芸,安芸市,50344054,274,371,
安芸,奈半利町,50340062,222,300,
安芸,奈半利町,50340063,230,312,
安芸,奈半利町,50340072,225,305,
安芸,奈半利町,50340073,235,318,
安芸,奈半利町,50340074,244,331,
安芸,奈半利町,50340082,230,312,
安芸,奈半利町,50340083,239,324,
安芸,奈半利町,50340084,251,340,
安芸,奈半利町,50340085,264,357,
安芸,奈半利町,50340091,233,－,
安芸,奈半利町,50340092,233,315,
安芸,奈半利町,50340093,242,328,
安芸,奈半利町,50340094,256,347,
安芸,奈半利町,50340095,269,364,
安芸,奈半利町,50341001,224,303,
安芸,奈半利町,50341002,233,315,
安芸,奈半利町,50341003,242,328,
安芸,奈半利町,50341004,259,350,
安芸,奈半利町,50341005,270,365,
安芸,奈半利町,50341006,284,384,
安芸,奈半利町,50341011,226,306,
安芸,奈半利町,50341012,233,316,
安芸,奈半利町,50341013,245,332,
安芸,奈半利町,50341014,259,350,
安芸,奈半利町,50341015,270,366,
安芸,奈半利町,50341016,284,385,
安芸,奈半利町,50341022,235,318,
安芸,奈半利町,50341025,272,368,
安芸,奈半利町,50341026,284,384,
安芸,奈半利町,50341027,296,400,
安芸,奈半利町,50341037,295,399,
安芸,田野町,50331719,213,289,
安芸,田野町,50341000,233,－,
安芸,田野町,50341010,221,299,
安芸,田野町,50341020,222,300,
安芸,田野町,50341021,227,308,
安芸,田野町,50341031,228,309,
安芸,田野町,50341041,232,314,
安芸,安田町,50331718,209,283,
安芸,安田町,50331727,207,280,
安芸,安田町,50331728,210,285,
安芸,安田町,50331729,216,292,
安芸,安田町,50331736,204,277,
安芸,安田町,50331737,209,283,
安芸,安田町,50331738,213,288,
安芸,安田町,50331739,216,293,
安芸,安田町,50331747,211,286,
安芸,安田町,50331748,214,290,
安芸,安田町,50331749,219,296,
安芸,安田町,50331757,213,289,
安芸,安田町,50331758,217,294,
安芸,安田町,50331759,222,301,
安芸,安田町,50331768,219,297,
安芸,安田町,50331769,225,305,
安芸,安田町,50331778,224,304,
安芸,安田町,50331779,229,310,
安芸,安田町,50331789,233,315,
安芸,安田町,50331799,236,320,
安芸,安田町,50332709,239,323,
安芸,安田町,50332719,241,327,
安芸,安田町,50341030,222,300,
安芸,安田町,50341040,224,303,
安芸,安田町,50341050,227,308,
安芸,安田町,50341051,236,319,
安芸,安田町,50341060,233,315,
安芸,安田町,50341061,239,324,
安芸,安田町,50341070,236,319,
安芸,安田町,50341071,242,328,
安芸,安田町,50341080,238,322,
安芸,安田町,50341081,243,329,
安芸,安田町,50341090,241,327,
安芸,安田町,50341091,247,334,
安芸,安田町,50342000,244,330,
安芸,安田町,50342001,248,336,
安芸,安田町,50342010,247,334,
安芸,安田町,50342011,253,342,
安芸,安田町,50342012,257,348,
安芸,安田町,50342020,250,339,
安芸,安田町,50342021,257,348,
安芸,安田町,50342022,261,354,
安芸,安田町,50342023,286,－,
安芸,安田町,50342024,286,－,
安芸,安田町,50342031,260,352,
安芸,安田町,50342032,265,359,
安芸,安田町,50342033,267,362,
安芸,安田町,50342034,275,372,
安芸,安田町,50342041,262,355,
安芸,安田町,50342042,269,364,
安芸,安田町,50342043,275,372,
安芸,北川村,50341023,245,332,
安芸,北川村,50341024,258,349,
安芸,北川村,50341032,236,319,
安芸,北川村,50341033,246,333,
安芸,北川村,50341034,257,348,
安芸,北川村,50341035,271,367,
安芸,北川村,50341036,283,383,
安芸,北川村,50341042,239,324,
安芸,北川村,50341043,248,336,
安芸,北川村,50341044,258,349,
安芸,北川村,50341045,268,363,
安芸,北川村,50341046,281,380,
安芸,北川村,50341047,293,397,
安芸,北川村,50341048,304,412,
安芸,北川村,50341052,242,328,
安芸,北川村,50341053,250,338,
安芸,北川村,50341054,259,350,
安芸,北川村,50341055,268,363,
安芸,北川村,50341056,281,380,
安芸,北川村,50341057,295,399,
安芸,北川村,50341058,305,413,
安芸,北川村,50341059,311,421,
安芸,北川村,50341062,245,332,
安芸,北川村,50341063,251,340,
安芸,北川村,50341064,260,352,
安芸,北川村,50341065,269,364,
安芸,北川村,50341066,283,383,
安芸,北川村,50341067,298,403,
安芸,北川村,50341068,310,420,
安芸,北川村,50341069,315,426,
安芸,北川村,50341072,247,335,
安芸,北川村,50341073,253,343,
安芸,北川村,50341074,261,354,
安芸,北川村,50341075,270,366,
安芸,北川村,50341076,284,384,
安芸,北川村,50341077,300,406,
安芸,北川村,50341078,313,423,
安芸,北川村,50341079,316,428,
安芸,北川村,50341082,250,338,
安芸,北川村,50341083,257,348,
安芸,北川村,50341084,264,357,
安芸,北川村,50341085,275,372,
安芸,北川村,50341086,191,259,
安芸,北川村,50341087,301,407,
安芸,北川村,50341088,312,422,
安芸,北川村,50341089,316,－,
安芸,北川村,50341092,253,342,
安芸,北川村,50341093,259,351,
安芸,北川村,50341094,268,363,
安芸,北川村,50341095,278,376,
安芸,北川村,50341096,290,393,
安芸,北川村,50341097,301,408,
安芸,北川村,50341098,190,258,
安芸,北川村,50341099,316,－,
安芸,北川村,50341161,314,425,
安芸,北川村,50341170,315,426,
安芸,北川村,50341171,310,420,
安芸,北川村,50341172,308,417,
安芸,北川村,50341180,311,421,
安芸,北川村,50341181,307,416,
安芸,北川村,50341182,305,413,
安芸,北川村,50341183,299,405,
安芸,北川村,50341184,278,376,
安芸,北川村,50341185,264,357,
安芸,北川村,50341190,309,418,
安芸,北川村,50341191,305,413,
安芸,北川村,50341192,307,416,
安芸,北川村,50341193,303,410,
安芸,北川村,50341194,282,382,
安芸,北川村,50341195,263,356,
安芸,北川村,50342002,254,344,
安芸,北川村,50342003,261,353,
安芸,北川村,50342004,270,365,
安芸,北川村,50342005,281,380,
安芸,北川村,50342006,293,397,
安芸,北川村,50342007,304,411,
安芸,北川村,50342008,307,416,
安芸,北川村,50342009,308,417,
安芸,北川村,50342013,264,357,
安芸,北川村,50342014,273,369,
安芸,北川村,50342015,284,384,
安芸,北川村,50342016,296,400,
安芸,北川村,50342017,303,410,
安芸,北川村,50342018,304,412,
安芸,北川村,50342019,198,268,
安芸,北川村,50342025,284,385,
安芸,北川村,50342026,296,400,
安芸,北川村,50342027,302,409,
安芸,北川村,50342028,301,408,
安芸,北川村,50342029,298,403,
安芸,北川村,50342036,295,399,
安芸,北川村,50342037,301,407,
安芸,北川村,50342038,297,402,
安芸,北川村,50342039,292,395,
安芸,北川村,50342046,294,398,
安芸,北川村,50342047,296,401,
安芸,北川村,50342048,293,396,
安芸,北川村,50342049,287,388,
安芸,北川村,50342057,290,393,
安芸,北川村,50342058,287,389,
安芸,北川村,50342059,284,384,
安芸,北川村,50342067,284,384,
安芸,北川村,50342068,281,381,
安芸,北川村,50342069,283,383,
安芸,北川村,50342077,277,375,
安芸,北川村,50342078,276,373,
安芸,北川村,50342079,289,－,
安芸,北川村,50342087,276,373,
安芸,北川村,50342088,274,371,
安芸,北川村,50342089,278,377,
安芸,北川村,50342098,276,374,
安芸,北川村,50342099,307,－,
安芸,北川村,50342100,307,415,
安芸,北川村,50342101,304,411,
安芸,北川村,50342102,305,413,
安芸,北川村,50342103,300,406,
安芸,北川村,50342104,303,－,
安芸,北川村,50342105,260,352,
安芸,北川村,50342106,249,337,
安芸,北川村,50342110,303,410,
安芸,北川村,50342111,301,408,
安芸,北川村,50342112,304,412,
安芸,北川村,50342113,299,405,
安芸,北川村,50342114,284,384,
安芸,北川村,50342115,262,355,
安芸,北川村,50342116,250,339,
安芸,北川村,50342120,298,403,
安芸,北川村,50342121,295,399,
安芸,北川村,50342122,298,404,
安芸,北川村,50342123,295,399,
安芸,北川村,50342124,280,379,
安芸,北川村,50342125,261,353,
安芸,北川村,50342130,293,396,
安芸,北川村,50342131,301,－,
安芸,北川村,50342132,296,401,
安芸,北川村,50342133,292,395,
安芸,北川村,50342134,278,376,
安芸,北川村,50342135,260,352,
安芸,北川村,50342140,287,389,
安芸,北川村,50342141,301,－,
安芸,北川村,50342142,297,402,
安芸,北川村,50342143,293,397,
安芸,北川村,50342144,278,376,
安芸,北川村,50342145,261,354,
安芸,北川村,50342150,287,388,
安芸,北川村,50342151,290,392,
安芸,北川村,50342152,301,－,
安芸,北川村,50342153,294,398,
安芸,北川村,50342154,281,380,
安芸,北川村,50342155,263,356,
安芸,北川村,50342160,286,387,
安芸,北川村,50342161,290,392,
安芸,北川村,50342162,301,－,
安芸,北川村,50342163,295,399,
安芸,北川村,50342164,281,381,
安芸,北川村,50342165,263,356,
安芸,北川村,50342170,287,389,
安芸,北川村,50342171,293,396,
安芸,北川村,50342172,301,－,
安芸,北川村,50342173,301,－,
安芸,北川村,50342174,284,384,
安芸,北川村,50342175,265,359,
安芸,北川村,50342180,289,391,
安芸,北川村,50342181,296,400,
安芸,北川村,50342182,301,408,
安芸,北川村,50342183,298,404,
安芸,北川村,50342184,286,387,
安芸,北川村,50342190,291,394,
安芸,北川村,50342191,296,400,
安芸,北川村,50342192,305,413,
安芸,北川村,50342193,302,409,
安芸,北川村,50342194,288,390,
安芸,北川村,50343008,283,383,
安芸,北川村,50343009,285,386,
安芸,北川村,50343018,294,398,
安芸,北川村,50343019,296,400,
安芸,北川村,50343100,307,－,
安芸,北川村,50343101,307,－,
安芸,北川村,50343102,307,416,
安芸,北川村,50343103,304,412,
安芸,北川村,50343104,304,－,
安芸,北川村,50343112,307,416,
安芸,北川村,50343113,301,408,
安芸,北川村,50343122,307,416,
安芸,北川村,50343123,302,409,
安芸,馬路村,50342035,286,387,
安芸,馬路村,50342044,278,377,
安芸,馬路村,50342045,287,388,
安芸,馬路村,50342052,273,370,
安芸,馬路村,50342053,281,381,
安芸,馬路村,50342054,287,388,
安芸,馬路村,50342055,290,393,
安芸,馬路村,50342056,292,395,
安芸,馬路村,50342062,276,374,
安芸,馬路村,50342063,287,388,
安芸,馬路村,50342064,293,396,
安芸,馬路村,50342065,293,396,
安芸,馬路村,50342066,287,389,
安芸,馬路村,50342072,276,373,
安芸,馬路村,50342073,286,387,
安芸,馬路村,50342074,296,400,
安芸,馬路村,50342075,294,398,
安芸,馬路村,50342076,284,385,
安芸,馬路村,50342081,266,360,
安芸,馬路村,50342082,273,370,
安芸,馬路村,50342083,283,383,
安芸,馬路村,50342084,293,396,
安芸,馬路村,50342085,293,396,
安芸,馬路村,50342086,285,386,
安芸,馬路村,50342091,265,359,
安芸,馬路村,50342092,270,365,
安芸,馬路村,50342093,278,376,
安芸,馬路村,50342094,288,390,
安芸,馬路村,50342095,293,396,
安芸,馬路村,50342096,289,391,
安芸,馬路村,50342097,279,378,
安芸,馬路村,50343001,261,353,
安芸,馬路村,50343002,266,360,
安芸,馬路村,50343003,273,370,
安芸,馬路村,50343004,285,386,
安芸,馬路村,50343005,294,398,
安芸,馬路村,50343006,291,394,
安芸,馬路村,50343007,287,388,
安芸,馬路村,50343012,262,355,
安芸,馬路村,50343013,269,364,
安芸,馬路村,50343014,294,－,
安芸,馬路村,50343015,293,396,
安芸,馬路村,50343016,297,402,
安芸,馬路村,50343017,296,400,
安芸,馬路村,50343022,260,352,
安芸,馬路村,50343023,267,362,
安芸,馬路村,50343024,294,－,
安芸,馬路村,50343025,287,389,
安芸,馬路村,50343026,297,402,
安芸,馬路村,50343027,304,412,
安芸,馬路村,50343028,306,414,
安芸,馬路村,50343029,306,414,
安芸,馬路村,50343031,257,348,
安芸,馬路村,50343032,261,353,
安芸,馬路村,50343033,267,362,
安芸,馬路村,50343034,276,374,
安芸,馬路村,50343035,287,388,
安芸,馬路村,50343036,298,403,
安芸,馬路村,50343037,304,412,
安芸,馬路村,50343038,313,423,
安芸,馬路村,50343039,310,420,
安芸,馬路村,50343042,275,－,
安芸,馬路村,50343043,271,367,
安芸,馬路村,50343044,278,376,
安芸,馬路村,50343045,298,－,
安芸,馬路村,50343046,293,397,
安芸,馬路村,50343047,301,408,
安芸,馬路村,50343048,305,413,
安芸,馬路村,50343049,308,417,
安芸,馬路村,50343052,270,365,
安芸,馬路村,50343053,275,372,
安芸,馬路村,50343054,279,378,
安芸,馬路村,50343055,283,383,
安芸,馬路村,50343056,289,391,
安芸,馬路村,50343057,292,395,
安芸,馬路村,50343058,296,400,
安芸,馬路村,50343059,300,406,
安芸,馬路村,50343062,272,368,
安芸,馬路村,50343063,277,375,
安芸,馬路村,50343064,280,379,
安芸,馬路村,50343065,281,380,
安芸,馬路村,50343066,282,382,
安芸,馬路村,50343067,285,386,
安芸,馬路村,50343068,290,392,
安芸,馬路村,50343069,302,－,
安芸,馬路村,50343074,279,378,
安芸,馬路村,50343075,280,379,
安芸,馬路村,50343076,281,380,
安芸,馬路村,50343077,284,384,
安芸,馬路村,50343078,289,391,
安芸,馬路村,50343079,295,399,
安芸,馬路村,50343085,280,379,
安芸,馬路村,50343086,280,379,
安芸,馬路村,50343087,283,383,
安芸,馬路村,50343088,289,391,
安芸,馬路村,50343089,296,400,
安芸,馬路村,50343095,285,－,
安芸,馬路村,50343096,281,381,
安芸,馬路村,50343097,284,384,
安芸,馬路村,50343098,290,392,
安芸,馬路村,50343099,296,400,
安芸,馬路村,50343110,298,404,
安芸,馬路村,50343111,303,410,
安芸,馬路村,50343120,304,412,
安芸,馬路村,50343121,307,－,
安芸,馬路村,50343130,304,412,
安芸,馬路村,50343131,301,408,
安芸,馬路村,50343132,305,413,
安芸,馬路村,50343140,304,412,
安芸,馬路村,50343141,304,411,
安芸,馬路村,50343150,302,409,
安芸,馬路村,50343151,303,410,
安芸,馬路村,50343160,301,407,
安芸,馬路村,50343161,301,408,
安芸,馬路村,50343162,304,412,
安芸,馬路村,50343170,298,404,
安芸,馬路村,50343171,301,408,
安芸,馬路村,50343172,307,415,
安芸,馬路村,50343173,307,416,
安芸,馬路村,50343180,299,405,
安芸,馬路村,50343181,304,411,
安芸,馬路村,50343182,310,420,
安芸,馬路村,50343183,314,425,
安芸,馬路村,50343190,301,408,
安芸,馬路村,50343191,307,415,
安芸,馬路村,50343192,313,424,
安芸,馬路村,50343193,316,428,
安芸,馬路村,50344005,282,382,
安芸,馬路村,50344006,284,384,
安芸,馬路村,50344007,287,388,
安芸,馬路村,50344008,294,398,
安芸,馬路村,50344009,301,408,
安芸,馬路村,50344014,284,384,
安芸,馬路村,50344015,284,384,
安芸,馬路村,50344016,287,388,
安芸,馬路村,50344017,290,392,
安芸,馬路村,50344018,298,403,
安芸,馬路村,50344019,305,413,
安芸,馬路村,50344024,281,380,
安芸,馬路村,50344025,285,386,
安芸,馬路村,50344026,289,391,
安芸,馬路村,50344027,293,397,
安芸,馬路村,50344028,310,－,
安芸,馬路村,50344029,310,419,
安芸,馬路村,50344100,305,413,
安芸,馬路村,50344101,310,420,
安芸,馬路村,50344102,318,431,
安芸,馬路村,50344103,321,－,
安芸,馬路村,50344110,316,－,
安芸,馬路村,50344111,316,428,
安芸,馬路村,50344112,321,434,
安芸,馬路村,50344113,318,431,
安芸,馬路村,50344120,315,427,
安芸,芸西村,50332611,216,－,
安芸,芸西村,50332612,216,－,
安芸,芸西村,50332613,216,－,
安芸,芸西村,50332614,216,－,
安芸,芸西村,50332622,210,285,
安芸,芸西村,50332623,172,233,
安芸,芸西村,50332624,213,289,
安芸,芸西村,50332625,216,293,
安芸,芸西村,50332632,214,290,
安芸,芸西村,50332633,214,290,
安芸,芸西村,50332634,216,292,
安芸,芸西村,50332635,217,294,
安芸,芸西村,50332636,221,299,
安芸,芸西村,50332637,222,301,
安芸,芸西村,50332643,216,293,
安芸,芸西村,50332644,217,294,
安芸,芸西村,50332645,219,296,
安芸,芸西村,50332646,222,300,
安芸,芸西村,50332647,226,306,
安芸,芸西村,50332653,219,297,
安芸,芸西村,50332654,219,297,
安芸,芸西村,50332655,221,299,
安芸,芸西村,50332656,223,302,
安芸,芸西村,50332657,229,310,
安芸,芸西村,50332658,233,316,
安芸,芸西村,50332664,222,301,
安芸,芸西村,50332665,223,302,
安芸,芸西村,50332666,225,305,
安芸,芸西村,50332667,231,313,
安芸,芸西村,50332668,236,320,
安芸,芸西村,50332675,226,306,
安芸,芸西村,50332676,228,309,
安芸,芸西村,50332677,235,318,
安芸,芸西村,50332678,240,325,
安芸,芸西村,50332686,230,312,
安芸,芸西村,50332687,237,321,
安芸,芸西村,50332688,243,329,
安芸,芸西村,50332689,248,336,
安芸,芸西村,50332696,236,320,
安芸,芸西村,50332698,247,334,
安芸,芸西村,50332699,250,339,
安芸,芸西村,50333608,250,338,
幡多,宿毛市,49320443,195,264,
幡多,宿毛市,49320444,198,－,
幡多,宿毛市,49320453,195,264,
幡多,宿毛市,49320454,196,266,
幡多,宿毛市,49320455,198,268,
幡多,宿毛市,49320463,195,264,
幡多,宿毛市,49320464,196,266,
幡多,宿毛市,49320465,198,268,
幡多,宿毛市,49320472,190,258,
幡多,宿毛市,49320473,193,261,
幡多,宿毛市,49320474,195,264,
幡多,宿毛市,49320475,197,267,
幡多,宿毛市,49320483,192,260,
幡多,宿毛市,49320484,195,264,
幡多,宿毛市,49320485,196,266,
幡多,宿毛市,49320493,192,260,
幡多,宿毛市,49320494,194,263,
幡多,宿毛市,49320495,196,－,
幡多,宿毛市,49321358,181,－,
幡多,宿毛市,49321359,181,245,
幡多,宿毛市,49321368,181,－,
幡多,宿毛市,49321369,181,245,
幡多,宿毛市,49321403,196,－,
幡多,宿毛市,49321404,196,－,
幡多,宿毛市,49322519,206,279,
幡多,宿毛市,49322529,207,280,
幡多,宿毛市,49322538,207,280,
幡多,宿毛市,49322539,208,282,
幡多,宿毛市,49322546,207,280,
幡多,宿毛市,49322547,210,284,
幡多,宿毛市,49322548,210,284,
幡多,宿毛市,49322549,210,285,
幡多,宿毛市,49322556,208,282,
幡多,宿毛市,49322557,213,288,
幡多,宿毛市,49322558,213,288,
幡多,宿毛市,49322559,213,288,
幡多,宿毛市,49322566,207,280,
幡多,宿毛市,49322567,211,286,
幡多,宿毛市,49322568,213,288,
幡多,宿毛市,49322569,213,288,
幡多,宿毛市,49322576,211,－,
幡多,宿毛市,49322577,210,284,
幡多,宿毛市,49322578,212,287,
幡多,宿毛市,49322579,215,291,
幡多,宿毛市,49322586,207,280,
幡多,宿毛市,49322587,209,283,
幡多,宿毛市,49322588,198,268,
幡多,宿毛市,49322589,216,292,
幡多,宿毛市,49322594,215,－,
幡多,宿毛市,49322595,210,284,
幡多,宿毛市,49322596,211,286,
幡多,宿毛市,49322597,211,286,
幡多,宿毛市,49322598,214,290,
幡多,宿毛市,49322599,219,296,
幡多,宿毛市,49322600,206,279,
幡多,宿毛市,49322601,207,281,
幡多,宿毛市,49322610,207,280,
幡多,宿毛市,49322611,209,283,
幡多,宿毛市,49322612,211,286,
幡多,宿毛市,49322620,209,283,
幡多,宿毛市,49322621,212,287,
幡多,宿毛市,49322630,210,284,
幡多,宿毛市,49322631,213,289,
幡多,宿毛市,49322632,217,294,
幡多,宿毛市,49322640,212,287,
幡多,宿毛市,49322641,217,294,
幡多,宿毛市,49322642,220,298,
幡多,宿毛市,49322650,214,290,
幡多,宿毛市,49322651,219,296,
幡多,宿毛市,49322660,216,292,
幡多,宿毛市,49322661,220,298,
幡多,宿毛市,49322670,219,296,
幡多,宿毛市,49322680,221,299,
幡多,宿毛市,49322681,224,304,
幡多,宿毛市,49322683,230,312,
幡多,宿毛市,49322690,222,301,
幡多,宿毛市,49322691,225,305,
幡多,宿毛市,49322692,237,－,
幡多,宿毛市,49322693,233,316,
幡多,宿毛市,49323502,197,267,
幡多,宿毛市,49323503,170,230,
幡多,宿毛市,49323504,209,283,
幡多,宿毛市,49323505,215,291,
幡多,宿毛市,49323506,216,292,
幡多,宿毛市,49323507,215,291,
幡多,宿毛市,49323508,216,292,
幡多,宿毛市,49323509,220,298,
幡多,宿毛市,49323512,199,270,
幡多,宿毛市,49323513,204,276,
幡多,宿毛市,49323514,195,264,
幡多,宿毛市,49323515,216,292,
幡多,宿毛市,49323516,216,293,
幡多,宿毛市,49323517,218,295,
幡多,宿毛市,49323518,204,277,
幡多,宿毛市,49323519,223,302,
幡多,宿毛市,49323522,201,272,
幡多,宿毛市,49323523,202,274,
幡多,宿毛市,49323524,207,280,
幡多,宿毛市,49323525,198,268,
幡多,宿毛市,49323526,201,272,
幡多,宿毛市,49323527,204,276,
幡多,宿毛市,49323528,221,299,
幡多,宿毛市,49323529,225,305,
幡多,宿毛市,49323534,204,277,
幡多,宿毛市,49323535,209,283,
幡多,宿毛市,49323536,213,288,
幡多,宿毛市,49323537,214,290,
幡多,宿毛市,49323538,218,295,
幡多,宿毛市,49323539,222,300,
幡多,宿毛市,49323545,213,－,
幡多,宿毛市,49323546,210,284,
幡多,宿毛市,49323547,212,287,
幡多,宿毛市,49323548,214,290,
幡多,宿毛市,49323549,218,295,
幡多,宿毛市,49323555,205,278,
幡多,宿毛市,49323556,176,238,
幡多,宿毛市,49323557,210,284,
幡多,宿毛市,49323558,212,287,
幡多,宿毛市,49323559,215,291,
幡多,宿毛市,49323565,204,277,
幡多,宿毛市,49323566,207,280,
幡多,宿毛市,49323567,209,283,
幡多,宿毛市,49323568,212,287,
幡多,宿毛市,49323569,214,290,
幡多,宿毛市,49323575,207,280,
幡多,宿毛市,49323576,209,283,
幡多,宿毛市,49323577,210,285,
幡多,宿毛市,49323578,213,288,
幡多,宿毛市,49323579,214,290,
幡多,宿毛市,49323585,209,283,
幡多,宿毛市,49323586,210,284,
幡多,宿毛市,49323587,213,288,
幡多,宿毛市,49323588,214,290,
幡多,宿毛市,49323589,216,292,
幡多,宿毛市,49323595,210,285,
幡多,宿毛市,49323596,212,287,
幡多,宿毛市,49323597,213,288,
幡多,宿毛市,49323598,216,292,
幡多,宿毛市,49323599,216,293,
幡多,宿毛市,49323600,224,304,
幡多,宿毛市,49323601,226,306,
幡多,宿毛市,49323602,231,313,
幡多,宿毛市,49323603,237,321,
幡多,宿毛市,49323604,242,328,
幡多,宿毛市,49323610,227,307,
幡多,宿毛市,49323611,226,306,
幡多,宿毛市,49323612,230,312,
幡多,宿毛市,49323613,236,320,
幡多,宿毛市,49323614,242,328,
幡多,宿毛市,49323615,243,329,
幡多,宿毛市,49323620,227,307,
幡多,宿毛市,49323621,226,306,
幡多,宿毛市,49323622,227,308,
幡多,宿毛市,49323623,233,316,
幡多,宿毛市,49323624,236,320,
幡多,宿毛市,49323625,236,319,
幡多,宿毛市,49323630,224,304,
幡多,宿毛市,49323631,224,304,
幡多,宿毛市,49323632,224,304,
幡多,宿毛市,49323633,227,308,
幡多,宿毛市,49323634,227,308,
幡多,宿毛市,49323635,228,309,
幡多,宿毛市,49323640,221,299,
幡多,宿毛市,49323641,222,300,
幡多,宿毛市,49323642,222,300,
幡多,宿毛市,49323643,224,303,
幡多,宿毛市,49323644,226,306,
幡多,宿毛市,49323645,227,308,
幡多,宿毛市,49323650,218,295,
幡多,宿毛市,49323651,219,297,
幡多,宿毛市,49323652,221,299,
幡多,宿毛市,49323653,224,304,
幡多,宿毛市,49323654,227,308,
幡多,宿毛市,49323655,231,313,
幡多,宿毛市,49323660,217,294,
幡多,宿毛市,49323661,219,296,
幡多,宿毛市,49323662,221,299,
幡多,宿毛市,49323663,224,304,
幡多,宿毛市,49323664,230,311,
幡多,宿毛市,49323665,233,315,
幡多,宿毛市,49323670,216,293,
幡多,宿毛市,49323671,218,295,
幡多,宿毛市,49323672,219,296,
幡多,宿毛市,49323673,222,301,
幡多,宿毛市,49323674,227,307,
幡多,宿毛市,49323675,230,311,
幡多,宿毛市,49323680,216,293,
幡多,宿毛市,49323681,217,294,
幡多,宿毛市,49323682,219,296,
幡多,宿毛市,49323683,221,299,
幡多,宿毛市,49323684,224,303,
幡多,宿毛市,49323685,223,302,
幡多,宿毛市,49323690,217,294,
幡多,宿毛市,49323691,218,295,
幡多,宿毛市,49323692,219,296,
幡多,宿毛市,49323693,221,299,
幡多,宿毛市,49323694,222,300,
幡多,宿毛市,49323695,222,300,
幡多,宿毛市,49324505,212,287,
幡多,宿毛市,49324506,213,288,
幡多,宿毛市,49324507,215,291,
幡多,宿毛市,49324508,216,293,
幡多,宿毛市,49324509,219,296,
幡多,宿毛市,49324514,213,288,
幡多,宿毛市,49324515,213,288,
幡多,宿毛市,49324516,214,290,
幡多,宿毛市,49324517,216,292,
幡多,宿毛市,49324518,218,295,
幡多,宿毛市,49324519,219,297,
幡多,宿毛市,49324524,216,292,
幡多,宿毛市,49324525,216,292,
幡多,宿毛市,49324526,216,293,
幡多,宿毛市,49324527,219,296,
幡多,宿毛市,49324528,219,297,
幡多,宿毛市,49324529,222,300,
幡多,宿毛市,49324534,220,298,
幡多,宿毛市,49324535,219,297,
幡多,宿毛市,49324536,219,296,
幡多,宿毛市,49324537,220,298,
幡多,宿毛市,49324538,222,300,
幡多,宿毛市,49324539,222,301,
幡多,宿毛市,49324544,227,307,
幡多,宿毛市,49324545,224,303,
幡多,宿毛市,49324546,222,301,
幡多,宿毛市,49324547,222,300,
幡多,宿毛市,49324548,222,301,
幡多,宿毛市,49324549,223,302,
幡多,宿毛市,49324554,232,314,
幡多,宿毛市,49324555,229,310,
幡多,宿毛市,49324556,224,304,
幡多,宿毛市,49324557,223,302,
幡多,宿毛市,49324558,222,301,
幡多,宿毛市,49324559,224,－,
幡多,宿毛市,49324563,233,316,
幡多,宿毛市,49324564,235,318,
幡多,宿毛市,49324565,230,312,
幡多,宿毛市,49324566,227,307,
幡多,宿毛市,49324567,224,304,
幡多,宿毛市,49324568,224,304,
幡多,宿毛市,49324569,224,304,
幡多,宿毛市,49324573,232,314,
幡多,宿毛市,49324574,232,314,
幡多,宿毛市,49324575,230,311,
幡多,宿毛市,49324576,226,306,
幡多,宿毛市,49324577,224,304,
幡多,宿毛市,49324578,224,304,
幡多,宿毛市,49324579,225,305,
幡多,宿毛市,49324583,232,－,
幡多,宿毛市,49324584,227,308,
幡多,宿毛市,49324585,227,308,
幡多,宿毛市,49324586,226,306,
幡多,宿毛市,49324587,226,306,
幡多,宿毛市,49324588,225,305,
幡多,宿毛市,49324593,232,－,
幡多,宿毛市,49324594,225,305,
幡多,宿毛市,49324595,226,306,
幡多,宿毛市,49324596,226,306,
幡多,宿毛市,49324597,225,305,
幡多,宿毛市,49324600,219,296,
幡多,宿毛市,49324601,219,296,
幡多,宿毛市,49324602,220,298,
幡多,宿毛市,49324603,222,301,
幡多,宿毛市,49324604,223,302,
幡多,宿毛市,49324605,222,300,
幡多,宿毛市,49324610,221,299,
幡多,宿毛市,49324611,220,298,
幡多,宿毛市,49324612,222,300,
幡多,宿毛市,49324613,223,302,
幡多,宿毛市,49324614,224,304,
幡多,宿毛市,49324615,222,301,
幡多,宿毛市,49324620,222,301,
幡多,宿毛市,49324621,222,300,
幡多,宿毛市,49324622,222,301,
幡多,宿毛市,49324623,224,303,
幡多,宿毛市,49324624,224,303,
幡多,宿毛市,49324630,223,302,
幡多,宿毛市,49324631,223,302,
幡多,宿毛市,49324632,222,301,
幡多,宿毛市,49324633,223,302,
幡多,宿毛市,49324634,224,－,
幡多,宿毛市,49324640,224,－,
幡多,宿毛市,49324641,223,302,
幡多,宿毛市,49324642,222,301,
幡多,宿毛市,49324643,222,301,
幡多,宿毛市,49325504,227,308,
幡多,宿毛市,49325505,227,307,
幡多,宿毛市,49325506,226,306,
幡多,宿毛市,49325513,227,307,
幡多,宿毛市,49325514,229,310,
幡多,宿毛市,49325523,230,312,
幡多,土佐清水市,49320693,204,－,
幡多,土佐清水市,49320694,204,－,
幡多,土佐清水市,49320769,207,－,
幡多,土佐清水市,49320777,203,275,
幡多,土佐清水市,49320778,203,275,
幡多,土佐清水市,49320779,206,279,
幡多,土佐清水市,49320787,204,276,
幡多,土佐清水市,49320788,205,278,
幡多,土佐清水市,49320789,207,280,
幡多,土佐清水市,49320797,204,277,
幡多,土佐清水市,49320798,207,281,
幡多,土佐清水市,49320799,210,285,
幡多,土佐清水市,49321603,203,275,
幡多,土佐清水市,49321604,204,276,
幡多,土佐清水市,49321605,202,273,
幡多,土佐清水市,49321613,204,277,
幡多,土佐清水市,49321614,206,279,
幡多,土佐清水市,49321615,204,276,
幡多,土佐清水市,49321616,203,275,
幡多,土佐清水市,49321619,210,－,
幡多,土佐清水市,49321623,204,276,
幡多,土佐清水市,49321624,174,236,
幡多,土佐清水市,49321625,165,224,
幡多,土佐清水市,49321626,204,276,
幡多,土佐清水市,49321629,210,－,
幡多,土佐清水市,49321633,204,276,
幡多,土佐清水市,49321634,204,276,
幡多,土佐清水市,49321635,204,276,
幡多,土佐清水市,49321636,165,224,
幡多,土佐清水市,49321637,205,278,
幡多,土佐清水市,49321639,209,283,
幡多,土佐清水市,49321642,204,277,
幡多,土佐清水市,49321643,173,235,
幡多,土佐清水市,49321644,204,276,
幡多,土佐清水市,49321645,165,224,
幡多,土佐清水市,49321646,165,224,
幡多,土佐清水市,49321647,162,219,
幡多,土佐清水市,49321648,211,286,
幡多,土佐清水市,49321649,167,227,
幡多,土佐清水市,49321652,205,278,
幡多,土佐清水市,49321653,205,278,
幡多,土佐清水市,49321654,205,278,
幡多,土佐清水市,49321655,167,226,
幡多,土佐清水市,49321656,165,224,
幡多,土佐清水市,49321657,208,282,
幡多,土佐清水市,49321658,214,290,
幡多,土佐清水市,49321659,165,224,
幡多,土佐清水市,49321661,206,279,
幡多,土佐清水市,49321662,207,280,
幡多,土佐清水市,49321663,207,280,
幡多,土佐清水市,49321664,162,220,
幡多,土佐清水市,49321665,168,228,
幡多,土佐清水市,49321666,168,228,
幡多,土佐清水市,49321667,210,284,
幡多,土佐清水市,49321668,216,292,
幡多,土佐清水市,49321669,217,294,
幡多,土佐清水市,49321671,206,279,
幡多,土佐清水市,49321672,207,281,
幡多,土佐清水市,49321673,210,284,
幡多,土佐清水市,49321674,159,216,
幡多,土佐清水市,49321675,165,224,
幡多,土佐清水市,49321676,210,285,
幡多,土佐清水市,49321677,213,288,
幡多,土佐清水市,49321678,215,291,
幡多,土佐清水市,49321679,163,221,
幡多,土佐清水市,49321681,206,279,
幡多,土佐清水市,49321682,208,282,
幡多,土佐清水市,49321683,159,216,
幡多,土佐清水市,49321684,214,290,
幡多,土佐清水市,49321685,162,220,
幡多,土佐清水市,49321686,215,291,
幡多,土佐清水市,49321687,216,292,
幡多,土佐清水市,49321688,218,295,
幡多,土佐清水市,49321689,219,296,
幡多,土佐清水市,49321691,207,280,
幡多,土佐清水市,49321692,162,220,
幡多,土佐清水市,49321693,159,216,
幡多,土佐清水市,49321694,213,289,
幡多,土佐清水市,49321695,216,293,
幡多,土佐清水市,49321696,217,294,
幡多,土佐清水市,49321697,221,299,
幡多,土佐清水市,49321698,222,301,
幡多,土佐清水市,49321699,224,304,
幡多,土佐清水市,49321706,204,276,
幡多,土佐清水市,49321707,205,278,
幡多,土佐清水市,49321708,211,286,
幡多,土佐清水市,49321709,213,289,
幡多,土佐清水市,49321715,207,－,
幡多,土佐清水市,49321716,205,278,
幡多,土佐清水市,49321717,207,281,
幡多,土佐清水市,49321718,212,287,
幡多,土佐清水市,49321719,214,290,
幡多,土佐清水市,49321720,210,－,
幡多,土佐清水市,49321725,207,280,
幡多,土佐清水市,49321726,207,281,
幡多,土佐清水市,49321727,210,284,
幡多,土佐清水市,49321728,213,288,
幡多,土佐清水市,49321729,213,289,
幡多,土佐清水市,49321730,210,284,
幡多,土佐清水市,49321733,213,－,
幡多,土佐清水市,49321734,213,－,
幡多,土佐清水市,49321735,210,285,
幡多,土佐清水市,49321736,210,284,
幡多,土佐清水市,49321737,212,287,
幡多,土佐清水市,49321738,213,288,
幡多,土佐清水市,49321739,213,288,
幡多,土佐清水市,49321740,213,289,
幡多,土佐清水市,49321741,216,－,
幡多,土佐清水市,49321742,210,284,
幡多,土佐清水市,49321743,210,284,
幡多,土佐清水市,49321744,210,285,
幡多,土佐清水市,49321745,213,288,
幡多,土佐清水市,49321746,213,288,
幡多,土佐清水市,49321747,213,288,
幡多,土佐清水市,49321748,212,287,
幡多,土佐清水市,49321749,212,287,
幡多,土佐清水市,49321750,216,292,
幡多,土佐清水市,49321751,213,289,
幡多,土佐清水市,49321752,213,288,
幡多,土佐清水市,49321753,212,287,
幡多,土佐清水市,49321754,213,288,
幡多,土佐清水市,49321755,213,288,
幡多,土佐清水市,49321756,213,288,
幡多,土佐清水市,49321757,213,288,
幡多,土佐清水市,49321758,213,288,
幡多,土佐清水市,49321759,213,－,
幡多,土佐清水市,49321760,218,295,
幡多,土佐清水市,49321761,216,292,
幡多,土佐清水市,49321762,215,291,
幡多,土佐清水市,49321763,213,288,
幡多,土佐清水市,49321764,213,288,
幡多,土佐清水市,49321765,213,288,
幡多,土佐清水市,49321766,213,288,
幡多,土佐清水市,49321767,213,－,
幡多,土佐清水市,49321770,216,293,
幡多,土佐清水市,49321771,216,293,
幡多,土佐清水市,49321772,216,292,
幡多,土佐清水市,49321773,215,291,
幡多,土佐清水市,49321774,215,291,
幡多,土佐清水市,49321775,213,289,
幡多,土佐清水市,49321776,213,289,
幡多,土佐清水市,49321780,219,296,
幡多,土佐清水市,49321781,219,296,
幡多,土佐清水市,49321782,219,296,
幡多,土佐清水市,49321783,217,294,
幡多,土佐清水市,49321784,216,292,
幡多,土佐清水市,49321785,215,291,
幡多,土佐清水市,49321786,216,－,
幡多,土佐清水市,49321790,224,304,
幡多,土佐清水市,49321791,224,304,
幡多,土佐清水市,49321792,222,301,
幡多,土佐清水市,49321793,220,298,
幡多,土佐清水市,49321794,219,296,
幡多,土佐清水市,49321795,216,293,
幡多,土佐清水市,49321796,215,291,
幡多,土佐清水市,49322602,207,281,
幡多,土佐清水市,49322603,210,285,
幡多,土佐清水市,49322604,160,217,
幡多,土佐清水市,49322605,219,296,
幡多,土佐清水市,49322606,221,299,
幡多,土佐清水市,49322607,227,307,
幡多,土佐清水市,49322608,230,312,
幡多,土佐清水市,49322609,233,315,
幡多,土佐清水市,49322613,213,288,
幡多,土佐清水市,49322614,217,294,
幡多,土佐清水市,49322615,167,226,
幡多,土佐清水市,49322616,229,310,
幡多,土佐清水市,49322617,236,320,
幡多,土佐清水市,49322618,241,326,
幡多,土佐清水市,49322619,244,330,
幡多,土佐清水市,49322622,215,291,
幡多,土佐清水市,49322623,218,295,
幡多,土佐清水市,49322624,222,300,
幡多,土佐清水市,49322625,227,308,
幡多,土佐清水市,49322626,237,321,
幡多,土佐清水市,49322627,246,333,
幡多,土佐清水市,49322628,250,339,
幡多,土佐清水市,49322629,251,340,
幡多,土佐清水市,49322633,222,300,
幡多,土佐清水市,49322634,226,306,
幡多,土佐清水市,49322635,232,314,
幡多,土佐清水市,49322636,243,329,
幡多,土佐清水市,49322638,254,344,
幡多,土佐清水市,49322639,254,344,
幡多,土佐清水市,49322643,224,304,
幡多,土佐清水市,49322644,229,310,
幡多,土佐清水市,49322700,233,316,
幡多,土佐清水市,49322701,232,314,
幡多,土佐清水市,49322702,230,311,
幡多,土佐清水市,49322703,224,304,
幡多,土佐清水市,49322704,221,299,
幡多,土佐清水市,49322705,218,295,
幡多,土佐清水市,49322706,216,292,
幡多,土佐清水市,49322710,243,329,
幡多,土佐清水市,49322711,241,327,
幡多,土佐清水市,49322712,236,319,
幡多,土佐清水市,49322713,227,308,
幡多,土佐清水市,49322714,222,301,
幡多,土佐清水市,49322715,220,298,
幡多,土佐清水市,49322716,217,294,
幡多,土佐清水市,49322720,253,343,
幡多,土佐清水市,49322721,250,338,
幡多,土佐清水市,49322722,241,327,
幡多,土佐清水市,49322723,243,－,
幡多,土佐清水市,49322724,243,－,
幡多,土佐清水市,49322725,222,300,
幡多,土佐清水市,49322726,219,296,
幡多,土佐清水市,49322730,257,348,
幡多,土佐清水市,49322731,253,342,
幡多,土佐清水市,49322732,243,329,
幡多,土佐清水市,49322733,230,312,
幡多,土佐清水市,49322734,227,307,
幡多,土佐清水市,49322735,224,303,
幡多,土佐清水市,49322736,219,297,
幡多,土佐清水市,49322737,219,－,
幡多,土佐清水市,49322738,216,293,
幡多,土佐清水市,49322739,218,295,
幡多,土佐清水市,49322740,257,348,
幡多,土佐清水市,49322741,250,339,
幡多,土佐清水市,49322742,240,325,
幡多,土佐清水市,49322743,230,312,
幡多,土佐清水市,49322744,227,308,
幡多,土佐清水市,49322745,224,303,
幡多,土佐清水市,49322746,162,220,
幡多,土佐清水市,49322747,219,296,
幡多,土佐清水市,49322748,218,295,
幡多,土佐清水市,49322749,219,296,
幡多,土佐清水市,49322752,236,320,
幡多,土佐清水市,49322753,230,311,
幡多,土佐清水市,49322754,227,308,
幡多,土佐清水市,49322755,224,304,
幡多,土佐清水市,49322756,222,301,
幡多,土佐清水市,49322757,219,297,
幡多,土佐清水市,49322758,219,296,
幡多,土佐清水市,49322759,219,296,
幡多,土佐清水市,49322763,236,－,
幡多,土佐清水市,49322764,227,308,
幡多,土佐清水市,49322765,226,306,
幡多,土佐清水市,49322766,224,304,
幡多,土佐清水市,49322767,222,300,
幡多,土佐清水市,49322768,219,297,
幡多,土佐清水市,49322769,219,296,
幡多,土佐清水市,49322773,230,312,
幡多,土佐清水市,49322774,229,310,
幡多,土佐清水市,49322775,227,308,
幡多,土佐清水市,49322776,227,307,
幡多,土佐清水市,49322777,224,304,
幡多,土佐清水市,49322778,222,300,
幡多,土佐清水市,49322779,218,295,
幡多,土佐清水市,49322782,236,320,
幡多,土佐清水市,49322783,233,316,
幡多,土佐清水市,49322784,230,312,
幡多,土佐清水市,49322785,228,309,
幡多,土佐清水市,49322786,229,310,
幡多,土佐清水市,49322787,227,307,
幡多,土佐清水市,49322788,222,301,
幡多,土佐清水市,49322789,218,295,
幡多,土佐清水市,49322793,234,317,
幡多,土佐清水市,49322794,231,313,
幡多,土佐清水市,49322795,230,311,
幡多,土佐清水市,49322797,227,308,
幡多,土佐清水市,49322798,222,300,
幡多,土佐清水市,49322799,217,294,
幡多,土佐清水市,49323703,236,320,
幡多,土佐清水市,49323704,232,314,
幡多,土佐清水市,49323713,237,321,
幡多,土佐清水市,49323714,234,317,
幡多,土佐清水市,49330060,207,281,
幡多,土佐清水市,49330061,206,279,
幡多,土佐清水市,49330070,207,281,
幡多,土佐清水市,49330071,207,280,
幡多,土佐清水市,49330080,208,282,
幡多,土佐清水市,49330081,207,280,
幡多,土佐清水市,49330090,210,284,
幡多,土佐清水市,49330091,207,280,
幡多,土佐清水市,49331000,211,286,
幡多,土佐清水市,49331001,207,280,
幡多,土佐清水市,49331010,211,286,
幡多,土佐清水市,49331011,207,281,
幡多,土佐清水市,49331020,210,285,
幡多,土佐清水市,49331030,210,285,
幡多,土佐清水市,49331040,210,284,
幡多,土佐清水市,49332050,218,295,
幡多,土佐清水市,49332060,218,295,
幡多,土佐清水市,49332070,217,294,
幡多,土佐清水市,49332080,216,292,
幡多,四万十市,49322796,230,312,
幡多,四万十市,49323636,228,309,
幡多,四万十市,49323637,227,308,
幡多,四万十市,49323638,230,311,
幡多,四万十市,49323639,232,314,
幡多,四万十市,49323646,228,309,
幡多,四万十市,49323647,155,210,
幡多,四万十市,49323648,227,308,
幡多,四万十市,49323649,230,312,
幡多,四万十市,49323656,230,311,
幡多,四万十市,49323657,227,308,
幡多,四万十市,49323658,226,306,
幡多,四万十市,49323659,227,308,
幡多,四万十市,49323666,230,312,
幡多,四万十市,49323667,226,306,
幡多,四万十市,49323668,224,303,
幡多,四万十市,49323669,224,303,
幡多,四万十市,49323676,227,308,
幡多,四万十市,49323677,223,302,
幡多,四万十市,49323678,221,299,
幡多,四万十市,49323679,222,300,
幡多,四万十市,49323686,223,302,
幡多,四万十市,49323687,220,298,
幡多,四万十市,49323688,219,297,
幡多,四万十市,49323689,219,297,
幡多,四万十市,49323696,220,298,
幡多,四万十市,49323697,219,296,
幡多,四万十市,49323698,218,295,
幡多,四万十市,49323699,219,296,
幡多,四万十市,49323705,230,312,
幡多,四万十市,49323706,228,309,
幡多,四万十市,49323707,224,304,
幡多,四万十市,49323708,220,298,
幡多,四万十市,49323709,216,292,
幡多,四万十市,49323715,231,313,
幡多,四万十市,49323716,227,308,
幡多,四万十市,49323717,224,303,
幡多,四万十市,49323718,219,296,
幡多,四万十市,49323719,216,293,
幡多,四万十市,49323723,237,321,
幡多,四万十市,49323724,234,317,
幡多,四万十市,49323725,230,312,
幡多,四万十市,49323726,227,307,
幡多,四万十市,49323727,222,301,
幡多,四万十市,49323728,218,295,
幡多,四万十市,49323729,219,－,
幡多,四万十市,49323730,235,318,
幡多,四万十市,49323731,239,324,
幡多,四万十市,49323732,238,322,
幡多,四万十市,49323733,236,320,
幡多,四万十市,49323734,230,312,
幡多,四万十市,49323735,228,309,
幡多,四万十市,49323736,225,305,
幡多,四万十市,49323737,222,300,
幡多,四万十市,49323738,218,295,
幡多,四万十市,49323739,214,290,
幡多,四万十市,49323740,233,316,
幡多,四万十市,49323741,235,318,
幡多,四万十市,49323742,235,318,
幡多,四万十市,49323743,231,313,
幡多,四万十市,49323744,227,307,
幡多,四万十市,49323745,226,306,
幡多,四万十市,49323746,224,303,
幡多,四万十市,49323747,222,300,
幡多,四万十市,49323748,217,294,
幡多,四万十市,49323749,213,288,
幡多,四万十市,49323750,230,312,
幡多,四万十市,49323751,232,314,
幡多,四万十市,49323752,230,312,
幡多,四万十市,49323753,227,308,
幡多,四万十市,49323754,224,304,
幡多,四万十市,49323755,224,303,
幡多,四万十市,49323756,222,300,
幡多,四万十市,49323757,219,296,
幡多,四万十市,49323758,215,291,
幡多,四万十市,49323759,211,286,
幡多,四万十市,49323760,227,307,
幡多,四万十市,49323761,227,308,
幡多,四万十市,49323762,227,308,
幡多,四万十市,49323763,224,304,
幡多,四万十市,49323764,223,302,
幡多,四万十市,49323765,222,301,
幡多,四万十市,49323766,221,299,
幡多,四万十市,49323767,216,293,
幡多,四万十市,49323768,212,287,
幡多,四万十市,49323769,210,285,
幡多,四万十市,49323770,222,301,
幡多,四万十市,49323771,224,304,
幡多,四万十市,49323772,226,306,
幡多,四万十市,49323773,225,305,
幡多,四万十市,49323774,224,303,
幡多,四万十市,49323775,141,191,
幡多,四万十市,49323776,219,296,
幡多,四万十市,49323777,216,292,
幡多,四万十市,49323778,211,286,
幡多,四万十市,49323779,210,284,
幡多,四万十市,49323780,222,300,
幡多,四万十市,49323781,223,302,
幡多,四万十市,49323782,225,305,
幡多,四万十市,49323783,225,305,
幡多,四万十市,49323784,222,301,
幡多,四万十市,49323785,220,298,
幡多,四万十市,49323786,217,294,
幡多,四万十市,49323787,215,291,
幡多,四万十市,49323790,219,297,
幡多,四万十市,49323791,220,298,
幡多,四万十市,49323792,222,300,
幡多,四万十市,49323793,222,300,
幡多,四万十市,49323794,219,297,
幡多,四万十市,49323795,216,293,
幡多,四万十市,49323796,215,291,
幡多,四万十市,49323797,213,289,
幡多,四万十市,49324589,225,－,
幡多,四万十市,49324598,224,303,
幡多,四万十市,49324599,224,304,
幡多,四万十市,49324606,220,298,
幡多,四万十市,49324607,218,295,
幡多,四万十市,49324608,216,293,
幡多,四万十市,49324609,218,295,
幡多,四万十市,49324616,219,296,
幡多,四万十市,49324617,218,295,
幡多,四万十市,49324618,216,292,
幡多,四万十市,49324619,216,293,
幡多,四万十市,49324625,222,300,
幡多,四万十市,49324626,219,296,
幡多,四万十市,49324627,217,294,
幡多,四万十市,49324628,216,292,
幡多,四万十市,49324629,216,292,
幡多,四万十市,49324635,220,298,
幡多,四万十市,49324636,219,296,
幡多,四万十市,49324637,216,292,
幡多,四万十市,49324638,216,292,
幡多,四万十市,49324639,216,292,
幡多,四万十市,49324644,222,300,
幡多,四万十市,49324645,220,298,
幡多,四万十市,49324646,217,294,
幡多,四万十市,49324647,215,291,
幡多,四万十市,49324648,215,291,
幡多,四万十市,49324649,216,292,
幡多,四万十市,49324650,224,304,
幡多,四万十市,49324651,224,303,
幡多,四万十市,49324652,222,301,
幡多,四万十市,49324653,222,300,
幡多,四万十市,49324654,221,299,
幡多,四万十市,49324655,219,296,
幡多,四万十市,49324656,218,295,
幡多,四万十市,49324657,216,292,
幡多,四万十市,49324658,216,292,
幡多,四万十市,49324659,216,292,
幡多,四万十市,49324660,224,304,
幡多,四万十市,49324661,224,303,
幡多,四万十市,49324662,224,303,
幡多,四万十市,49324663,222,300,
幡多,四万十市,49324664,220,298,
幡多,四万十市,49324665,218,295,
幡多,四万十市,49324666,216,293,
幡多,四万十市,49324667,216,292,
幡多,四万十市,49324668,216,292,
幡多,四万十市,49324669,216,292,
幡多,四万十市,49324670,225,305,
幡多,四万十市,49324671,224,304,
幡多,四万十市,49324672,224,303,
幡多,四万十市,49324673,222,300,
幡多,四万十市,49324674,219,297,
幡多,四万十市,49324675,218,295,
幡多,四万十市,49324676,216,292,
幡多,四万十市,49324677,216,292,
幡多,四万十市,49324678,219,296,
幡多,四万十市,49324679,219,297,
幡多,四万十市,49324680,225,305,
幡多,四万十市,49324681,224,304,
幡多,四万十市,49324682,224,303,
幡多,四万十市,49324683,221,299,
幡多,四万十市,49324684,219,297,
幡多,四万十市,49324685,216,293,
幡多,四万十市,49324686,214,290,
幡多,四万十市,49324687,216,293,
幡多,四万十市,49324688,221,299,
幡多,四万十市,49324689,222,301,
幡多,四万十市,49324690,224,303,
幡多,四万十市,49324691,224,304,
幡多,四万十市,49324692,224,－,
幡多,四万十市,49324693,221,299,
幡多,四万十市,49324694,219,296,
幡多,四万十市,49324695,216,293,
幡多,四万十市,49324696,216,292,
幡多,四万十市,49324697,216,293,
幡多,四万十市,49324698,220,298,
幡多,四万十市,49324699,222,300,
幡多,四万十市,49324700,217,294,
幡多,四万十市,49324701,219,296,
幡多,四万十市,49324702,216,293,
幡多,四万十市,49324703,216,293,
幡多,四万十市,49324704,216,292,
幡多,四万十市,49324705,215,291,
幡多,四万十市,49324706,214,290,
幡多,四万十市,49324710,217,294,
幡多,四万十市,49324711,218,295,
幡多,四万十市,49324712,184,249,
幡多,四万十市,49324713,216,292,
幡多,四万十市,49324714,215,291,
幡多,四万十市,49324715,215,291,
幡多,四万十市,49324716,215,291,
幡多,四万十市,49324720,216,293,
幡多,四万十市,49324721,218,295,
幡多,四万十市,49324722,217,294,
幡多,四万十市,49324723,216,292,
幡多,四万十市,49324724,216,292,
幡多,四万十市,49324725,215,291,
幡多,四万十市,49324730,217,294,
幡多,四万十市,49324731,217,294,
幡多,四万十市,49324732,216,292,
幡多,四万十市,49324733,215,291,
幡多,四万十市,49324734,214,290,
幡多,四万十市,49324735,214,290,
幡多,四万十市,49324736,213,289,
幡多,四万十市,49324740,216,292,
幡多,四万十市,49324741,215,291,
幡多,四万十市,49324742,216,292,
幡多,四万十市,49324743,214,290,
幡多,四万十市,49324744,213,289,
幡多,四万十市,49324745,213,289,
幡多,四万十市,49324746,213,288,
幡多,四万十市,49324750,215,291,
幡多,四万十市,49324751,213,289,
幡多,四万十市,49324752,213,289,
幡多,四万十市,49324753,213,289,
幡多,四万十市,49324754,213,288,
幡多,四万十市,49324755,213,289,
幡多,四万十市,49324756,213,288,
幡多,四万十市,49324760,216,292,
幡多,四万十市,49324761,213,289,
幡多,四万十市,49324762,213,288,
幡多,四万十市,49324763,213,288,
幡多,四万十市,49324764,213,288,
幡多,四万十市,49324765,213,289,
幡多,四万十市,49324766,213,289,
幡多,四万十市,49324770,217,294,
幡多,四万十市,49324771,214,290,
幡多,四万十市,49324772,213,288,
幡多,四万十市,49324773,213,288,
幡多,四万十市,49324774,213,288,
幡多,四万十市,49324775,213,288,
幡多,四万十市,49324776,213,289,
幡多,四万十市,49324780,219,296,
幡多,四万十市,49324781,215,291,
幡多,四万十市,49324782,213,288,
幡多,四万十市,49324783,213,288,
幡多,四万十市,49324784,213,288,
幡多,四万十市,49324785,214,290,
幡多,四万十市,49324786,216,292,
幡多,四万十市,49324787,216,292,
幡多,四万十市,49324790,222,－,
幡多,四万十市,49324791,216,292,
幡多,四万十市,49324792,213,289,
幡多,四万十市,49324793,213,288,
幡多,四万十市,49324794,213,289,
幡多,四万十市,49324795,215,291,
幡多,四万十市,49324796,216,292,
幡多,四万十市,49324797,218,295,
幡多,四万十市,49325507,224,304,
幡多,四万十市,49325508,222,301,
幡多,四万十市,49325509,222,300,
幡多,四万十市,49325515,227,307,
幡多,四万十市,49325516,226,306,
幡多,四万十市,49325517,223,302,
幡多,四万十市,49325518,221,299,
幡多,四万十市,49325519,220,298,
幡多,四万十市,49325524,230,312,
幡多,四万十市,49325525,227,308,
幡多,四万十市,49325526,224,303,
幡多,四万十市,49325527,221,299,
幡多,四万十市,49325528,219,296,
幡多,四万十市,49325529,219,296,
幡多,四万十市,49325532,231,313,
幡多,四万十市,49325533,233,315,
幡多,四万十市,49325534,230,312,
幡多,四万十市,49325535,225,305,
幡多,四万十市,49325536,221,299,
幡多,四万十市,49325537,219,296,
幡多,四万十市,49325538,217,294,
幡多,四万十市,49325539,216,293,
幡多,四万十市,49325542,233,316,
幡多,四万十市,49325543,233,316,
幡多,四万十市,49325544,229,310,
幡多,四万十市,49325545,225,305,
幡多,四万十市,49325546,221,299,
幡多,四万十市,49325547,217,294,
幡多,四万十市,49325548,216,292,
幡多,四万十市,49325549,216,292,
幡多,四万十市,49325551,230,312,
幡多,四万十市,49325552,232,314,
幡多,四万十市,49325553,230,312,
幡多,四万十市,49325554,228,309,
幡多,四万十市,49325555,224,303,
幡多,四万十市,49325556,221,299,
幡多,四万十市,49325557,219,296,
幡多,四万十市,49325558,216,292,
幡多,四万十市,49325559,215,291,
幡多,四万十市,49325560,230,－,
幡多,四万十市,49325561,229,310,
幡多,四万十市,49325562,232,314,
幡多,四万十市,49325563,230,311,
幡多,四万十市,49325564,227,307,
幡多,四万十市,49325565,224,304,
幡多,四万十市,49325566,222,300,
幡多,四万十市,49325567,218,295,
幡多,四万十市,49325568,216,292,
幡多,四万十市,49325569,215,291,
幡多,四万十市,49325571,228,309,
幡多,四万十市,49325572,233,315,
幡多,四万十市,49325573,230,312,
幡多,四万十市,49325576,221,299,
幡多,四万十市,49325577,217,294,
幡多,四万十市,49325578,156,212,
幡多,四万十市,49325579,213,289,
幡多,四万十市,49325580,220,298,
幡多,四万十市,49325581,230,311,
幡多,四万十市,49325582,233,315,
幡多,四万十市,49325587,218,295,
幡多,四万十市,49325588,216,292,
幡多,四万十市,49325589,213,289,
幡多,四万十市,49325590,224,304,
幡多,四万十市,49325591,230,312,
幡多,四万十市,49325592,234,317,
幡多,四万十市,49325597,218,295,
幡多,四万十市,49325598,216,292,
幡多,四万十市,49325599,213,289,
幡多,四万十市,49325600,222,300,
幡多,四万十市,49325601,224,303,
幡多,四万十市,49325602,222,301,
幡多,四万十市,49325603,220,298,
幡多,四万十市,49325604,218,295,
幡多,四万十市,49325605,216,292,
幡多,四万十市,49325606,216,292,
幡多,四万十市,49325607,218,295,
幡多,四万十市,49325608,219,296,
幡多,四万十市,49325609,219,296,
幡多,四万十市,49325610,220,298,
幡多,四万十市,49325611,221,299,
幡多,四万十市,49325612,219,297,
幡多,四万十市,49325613,218,295,
幡多,四万十市,49325614,216,293,
幡多,四万十市,49325615,216,292,
幡多,四万十市,49325616,216,292,
幡多,四万十市,49325617,218,295,
幡多,四万十市,49325618,219,296,
幡多,四万十市,49325619,219,296,
幡多,四万十市,49325620,219,296,
幡多,四万十市,49325621,219,296,
幡多,四万十市,49325622,216,293,
幡多,四万十市,49325623,217,294,
幡多,四万十市,49325624,216,292,
幡多,四万十市,49325625,214,290,
幡多,四万十市,49325626,215,291,
幡多,四万十市,49325627,218,295,
幡多,四万十市,49325628,219,297,
幡多,四万十市,49325629,219,296,
幡多,四万十市,49325630,216,293,
幡多,四万十市,49325631,216,293,
幡多,四万十市,49325632,216,293,
幡多,四万十市,49325633,216,292,
幡多,四万十市,49325634,214,290,
幡多,四万十市,49325635,213,289,
幡多,四万十市,49325636,216,292,
幡多,四万十市,49325637,218,295,
幡多,四万十市,49325638,224,－,
幡多,四万十市,49325639,224,－,
幡多,四万十市,49325640,216,292,
幡多,四万十市,49325641,216,292,
幡多,四万十市,49325642,216,292,
幡多,四万十市,49325643,214,290,
幡多,四万十市,49325644,213,289,
幡多,四万十市,49325645,213,289,
幡多,四万十市,49325646,216,292,
幡多,四万十市,49325647,224,－,
幡多,四万十市,49325648,224,－,
幡多,四万十市,49325649,221,299,
幡多,四万十市,49325650,215,291,
幡多,四万十市,49325651,214,290,
幡多,四万十市,49325652,213,289,
幡多,四万十市,49325653,213,288,
幡多,四万十市,49325654,212,287,
幡多,四万十市,49325655,213,288,
幡多,四万十市,49325656,214,290,
幡多,四万十市,49325657,224,－,
幡多,四万十市,49325658,224,－,
幡多,四万十市,49325659,222,301,
幡多,四万十市,49325660,213,288,
幡多,四万十市,49325661,213,288,
幡多,四万十市,49325662,211,286,
幡多,四万十市,49325663,210,285,
幡多,四万十市,49325664,210,285,
幡多,四万十市,49325665,211,286,
幡多,四万十市,49325666,213,289,
幡多,四万十市,49325667,219,296,
幡多,四万十市,49325668,222,301,
幡多,四万十市,49325669,224,304,
幡多,四万十市,49325670,211,286,
幡多,四万十市,49325671,210,285,
幡多,四万十市,49325672,210,284,
幡多,四万十市,49325673,209,283,
幡多,四万十市,49325674,209,283,
幡多,四万十市,49325675,210,285,
幡多,四万十市,49325676,213,288,
幡多,四万十市,49325677,219,296,
幡多,四万十市,49325678,224,303,
幡多,四万十市,49325679,224,304,
幡多,四万十市,49325680,210,285,
幡多,四万十市,49325681,209,283,
幡多,四万十市,49325682,208,282,
幡多,四万十市,49325683,156,212,
幡多,四万十市,49325684,210,284,
幡多,四万十市,49325685,210,285,
幡多,四万十市,49325686,213,288,
幡多,四万十市,49325687,217,294,
幡多,四万十市,49325688,221,299,
幡多,四万十市,49325689,223,302,
幡多,四万十市,49325690,210,285,
幡多,四万十市,49325691,210,284,
幡多,四万十市,49325692,210,285,
幡多,四万十市,49325693,213,288,
幡多,四万十市,49325694,211,286,
幡多,四万十市,49325695,210,285,
幡多,四万十市,49325696,212,287,
幡多,四万十市,49325697,214,290,
幡多,四万十市,49325698,219,296,
幡多,四万十市,49325699,220,298,
幡多,四万十市,49325700,217,294,
幡多,四万十市,49325701,216,292,
幡多,四万十市,49325702,214,290,
幡多,四万十市,49325703,214,290,
幡多,四万十市,49325704,216,292,
幡多,四万十市,49325705,217,294,
幡多,四万十市,49325706,219,297,
幡多,四万十市,49325707,221,299,
幡多,四万十市,49325710,217,294,
幡多,四万十市,49325711,216,292,
幡多,四万十市,49325712,215,291,
幡多,四万十市,49325713,215,291,
幡多,四万十市,49325714,218,295,
幡多,四万十市,49325715,220,298,
幡多,四万十市,49325716,224,303,
幡多,四万十市,49325717,224,304,
幡多,四万十市,49325718,224,303,
幡多,四万十市,49325720,217,294,
幡多,四万十市,49325721,216,292,
幡多,四万十市,49325722,216,292,
幡多,四万十市,49325723,216,293,
幡多,四万十市,49325724,219,296,
幡多,四万十市,49325725,223,302,
幡多,四万十市,49325726,226,306,
幡多,四万十市,49325727,227,307,
幡多,四万十市,49325728,226,306,
幡多,四万十市,49325729,227,307,
幡多,四万十市,49325730,219,296,
幡多,四万十市,49325731,216,293,
幡多,四万十市,49325732,218,295,
幡多,四万十市,49325733,219,296,
幡多,四万十市,49325734,221,299,
幡多,四万十市,49325735,224,304,
幡多,四万十市,49325736,226,306,
幡多,四万十市,49325737,227,308,
幡多,四万十市,49325738,227,307,
幡多,四万十市,49325739,227,308,
幡多,四万十市,49325740,219,296,
幡多,四万十市,49325741,219,296,
幡多,四万十市,49325742,220,298,
幡多,四万十市,49325743,222,300,
幡多,四万十市,49325744,222,300,
幡多,四万十市,49325745,222,301,
幡多,四万十市,49325746,224,303,
幡多,四万十市,49325747,226,306,
幡多,四万十市,49325748,227,308,
幡多,四万十市,49325749,228,309,
幡多,四万十市,49325750,221,299,
幡多,四万十市,49325751,219,296,
幡多,四万十市,49325752,222,300,
幡多,四万十市,49325753,222,301,
幡多,四万十市,49325754,223,302,
幡多,四万十市,49325755,222,300,
幡多,四万十市,49325756,223,302,
幡多,四万十市,49325757,224,304,
幡多,四万十市,49325758,226,306,
幡多,四万十市,49325759,229,310,
幡多,四万十市,49325760,222,300,
幡多,四万十市,49325761,221,299,
幡多,四万十市,49325762,222,301,
幡多,四万十市,49325763,224,303,
幡多,四万十市,49325764,224,304,
幡多,四万十市,49325765,223,302,
幡多,四万十市,49325766,222,301,
幡多,四万十市,49325767,224,304,
幡多,四万十市,49325768,226,306,
幡多,四万十市,49325769,228,309,
幡多,四万十市,49325770,222,301,
幡多,四万十市,49325771,221,299,
幡多,四万十市,49325776,222,301,
幡多,四万十市,49325777,224,303,
幡多,四万十市,49325778,227,307,
幡多,四万十市,49325779,230,312,
幡多,四万十市,49325780,222,300,
幡多,四万十市,49325787,224,304,
幡多,四万十市,49325788,227,307,
幡多,四万十市,49325789,231,313,
幡多,四万十市,49326409,234,－,
幡多,四万十市,49326500,228,309,
幡多,四万十市,49326501,234,－,
幡多,四万十市,49326508,216,293,
幡多,四万十市,49326509,213,288,
幡多,四万十市,49326510,234,－,
幡多,四万十市,49326519,214,290,
幡多,四万十市,49326529,215,291,
幡多,四万十市,49326539,215,291,
幡多,四万十市,49326600,211,286,
幡多,四万十市,49326601,179,242,
幡多,四万十市,49326602,213,288,
幡多,四万十市,49326603,214,290,
幡多,四万十市,49326604,213,288,
幡多,四万十市,49326605,211,286,
幡多,四万十市,49326606,211,286,
幡多,四万十市,49326607,213,289,
幡多,四万十市,49326608,216,292,
幡多,四万十市,49326609,216,293,
幡多,四万十市,49326610,180,244,
幡多,四万十市,49326611,179,242,
幡多,四万十市,49326612,212,287,
幡多,四万十市,49326613,213,288,
幡多,四万十市,49326614,211,286,
幡多,四万十市,49326615,210,284,
幡多,四万十市,49326616,210,285,
幡多,四万十市,49326617,213,288,
幡多,四万十市,49326618,215,291,
幡多,四万十市,49326619,216,292,
幡多,四万十市,49326620,213,289,
幡多,四万十市,49326621,211,286,
幡多,四万十市,49326622,210,284,
幡多,四万十市,49326623,209,283,
幡多,四万十市,49326624,207,281,
幡多,四万十市,49326625,208,282,
幡多,四万十市,49326626,210,285,
幡多,四万十市,49326630,213,289,
幡多,四万十市,49326631,158,214,
幡多,四万十市,49326632,210,284,
幡多,四万十市,49326633,207,281,
幡多,四万十市,49326634,206,279,
幡多,四万十市,49326635,210,－,
幡多,四万十市,49326641,213,288,
幡多,四万十市,49326642,211,286,
幡多,四万十市,49326643,208,282,
幡多,四万十市,49326644,207,280,
幡多,四万十市,49326645,207,281,
幡多,四万十市,49326652,211,286,
幡多,四万十市,49326653,156,212,
幡多,四万十市,49326654,208,282,
幡多,四万十市,49326655,209,283,
幡多,四万十市,49326662,211,286,
幡多,四万十市,49326663,212,287,
幡多,四万十市,49326664,210,284,
幡多,四万十市,49326665,210,284,
幡多,四万十市,49326672,211,286,
幡多,四万十市,49326673,212,287,
幡多,四万十市,49326674,211,286,
幡多,四万十市,49326675,210,284,
幡多,四万十市,49326682,212,287,
幡多,四万十市,49326683,213,288,
幡多,四万十市,49326684,213,288,
幡多,四万十市,49326685,212,287,
幡多,四万十市,49326692,210,285,
幡多,四万十市,49326693,212,287,
幡多,四万十市,49327602,210,284,
幡多,四万十市,49327603,211,286,
幡多,四万十市,49332090,214,290,
幡多,四万十市,49333000,214,290,
幡多,四万十市,49333010,219,－,
幡多,四万十市,49333030,219,－,
幡多,四万十市,49333050,213,－,
幡多,四万十市,49333060,210,285,
幡多,四万十市,49333070,211,－,
幡多,四万十市,49335030,230,312,
幡多,四万十市,49335032,237,321,
幡多,四万十市,49335040,231,313,
幡多,四万十市,49335041,235,318,
幡多,四万十市,49335042,239,323,
幡多,四万十市,49335043,241,326,
幡多,四万十市,49335050,231,313,
幡多,四万十市,49335051,235,318,
幡多,四万十市,49335052,239,324,
幡多,四万十市,49335053,242,328,
幡多,四万十市,49335060,233,315,
幡多,四万十市,49335061,236,320,
幡多,四万十市,49335062,241,327,
幡多,四万十市,49335070,233,316,
幡多,四万十市,49335071,239,323,
幡多,大月町,49321419,199,－,
幡多,大月町,49321429,199,270,
幡多,大月町,49321510,168,228,
幡多,大月町,49321511,204,－,
幡多,大月町,49321512,204,－,
幡多,大月町,49321519,204,－,
幡多,大月町,49321520,167,227,
幡多,大月町,49321521,200,271,
幡多,大月町,49321522,204,－,
幡多,大月町,49321528,204,－,
幡多,大月町,49321529,204,276,
幡多,大月町,49321530,198,268,
幡多,大月町,49321531,186,252,
幡多,大月町,49321532,201,272,
幡多,大月町,49321533,204,276,
幡多,大月町,49321534,204,－,
幡多,大月町,49321538,204,277,
幡多,大月町,49321539,204,277,
幡多,大月町,49321540,199,269,
幡多,大月町,49321541,186,252,
幡多,大月町,49321542,201,272,
幡多,大月町,49321543,203,275,
幡多,大月町,49321544,203,275,
幡多,大月町,49321545,203,275,
幡多,大月町,49321547,204,276,
幡多,大月町,49321548,205,278,
幡多,大月町,49321549,206,279,
幡多,大月町,49321550,198,268,
幡多,大月町,49321551,199,269,
幡多,大月町,49321552,199,270,
幡多,大月町,49321553,202,273,
幡多,大月町,49321554,189,256,
幡多,大月町,49321555,202,273,
幡多,大月町,49321556,202,274,
幡多,大月町,49321557,204,276,
幡多,大月町,49321558,206,279,
幡多,大月町,49321559,207,280,
幡多,大月町,49321560,197,267,
幡多,大月町,49321561,198,268,
幡多,大月町,49321562,185,251,
幡多,大月町,49321563,200,271,
幡多,大月町,49321564,201,272,
幡多,大月町,49321565,142,193,
幡多,大月町,49321566,201,272,
幡多,大月町,49321567,203,275,
幡多,大月町,49321568,205,278,
幡多,大月町,49321569,207,280,
幡多,大月町,49321571,198,268,
幡多,大月町,49321572,198,268,
幡多,大月町,49321573,200,271,
幡多,大月町,49321574,201,272,
幡多,大月町,49321575,201,272,
幡多,大月町,49321576,202,273,
幡多,大月町,49321577,202,274,
幡多,大月町,49321578,204,276,
幡多,大月町,49321579,205,278,
幡多,大月町,49321581,198,268,
幡多,大月町,49321582,174,236,
幡多,大月町,49321583,199,269,
幡多,大月町,49321584,199,270,
幡多,大月町,49321585,187,254,
幡多,大月町,49321586,143,194,
幡多,大月町,49321587,203,275,
幡多,大月町,49321588,204,276,
幡多,大月町,49321589,204,277,
幡多,大月町,49321592,199,269,
幡多,大月町,49321593,199,270,
幡多,大月町,49321594,200,271,
幡多,大月町,49321595,202,273,
幡多,大月町,49321596,204,276,
幡多,大月町,49321597,204,276,
幡多,大月町,49321598,204,277,
幡多,大月町,49321599,204,277,
幡多,大月町,49321600,202,274,
幡多,大月町,49321601,201,272,
幡多,大月町,49321602,202,274,
幡多,大月町,49321610,203,275,
幡多,大月町,49321611,179,243,
幡多,大月町,49321612,202,274,
幡多,大月町,49321620,204,276,
幡多,大月町,49321621,179,243,
幡多,大月町,49321622,204,276,
幡多,大月町,49321630,204,277,
幡多,大月町,49321631,204,276,
幡多,大月町,49321632,204,276,
幡多,大月町,49321640,173,235,
幡多,大月町,49321641,204,277,
幡多,大月町,49321650,207,280,
幡多,大月町,49321651,205,278,
幡多,大月町,49321660,207,280,
幡多,大月町,49321670,205,278,
幡多,大月町,49321680,205,278,
幡多,大月町,49321690,206,279,
幡多,大月町,49322502,199,269,
幡多,大月町,49322503,199,270,
幡多,大月町,49322504,201,272,
幡多,大月町,49322505,203,275,
幡多,大月町,49322506,139,189,
幡多,大月町,49322507,204,277,
幡多,大月町,49322508,204,276,
幡多,大月町,49322509,205,278,
幡多,大月町,49322512,199,－,
幡多,大月町,49322513,199,270,
幡多,大月町,49322514,200,271,
幡多,大月町,49322515,143,194,
幡多,大月町,49322516,145,196,
幡多,大月町,49322517,204,276,
幡多,大月町,49322518,204,276,
幡多,大月町,49322522,198,268,
幡多,大月町,49322523,186,252,
幡多,大月町,49322524,199,270,
幡多,大月町,49322525,201,272,
幡多,大月町,49322526,202,274,
幡多,大月町,49322527,204,276,
幡多,大月町,49322528,204,277,
幡多,大月町,49322533,199,269,
幡多,大月町,49322534,199,269,
幡多,大月町,49322535,201,272,
幡多,大月町,49322536,203,275,
幡多,大月町,49322537,205,278,
幡多,大月町,49322544,200,271,
幡多,大月町,49322545,202,273,
幡多,大月町,49322555,202,274,
幡多,大月町,49322565,202,274,
幡多,三原村,49322637,251,340,
幡多,三原村,49322645,234,317,
幡多,三原村,49322646,244,330,
幡多,三原村,49322647,250,338,
幡多,三原村,49322648,251,340,
幡多,三原村,49322649,254,344,
幡多,三原村,49322652,222,301,
幡多,三原村,49322653,226,306,
幡多,三原村,49322654,230,312,
幡多,三原村,49322655,235,318,
幡多,三原村,49322656,241,326,
幡多,三原村,49322657,245,332,
幡多,三原村,49322658,246,333,
幡多,三原村,49322659,252,341,
幡多,三原村,49322662,224,303,
幡多,三原村,49322663,227,307,
幡多,三原村,49322664,232,314,
幡多,三原村,49322665,236,320,
幡多,三原村,49322666,239,324,
幡多,三原村,49322667,243,329,
幡多,三原村,49322668,244,330,
幡多,三原村,49322669,247,334,
幡多,三原村,49322671,222,300,
幡多,三原村,49322672,226,306,
幡多,三原村,49322673,230,311,
幡多,三原村,49322674,233,316,
幡多,三原村,49322675,239,323,
幡多,三原村,49322676,240,325,
幡多,三原村,49322677,241,326,
幡多,三原村,49322678,240,325,
幡多,三原村,49322679,241,326,
幡多,三原村,49322682,227,308,
幡多,三原村,49322684,245,－,
幡多,三原村,49322685,241,326,
幡多,三原村,49322686,242,328,
幡多,三原村,49322687,240,325,
幡多,三原村,49322688,238,322,
幡多,三原村,49322689,238,322,
幡多,三原村,49322694,245,－,
幡多,三原村,49322695,242,328,
幡多,三原村,49322696,244,330,
幡多,三原村,49322697,242,328,
幡多,三原村,49322698,236,320,
幡多,三原村,49322699,236,319,
幡多,三原村,49322750,254,344,
幡多,三原村,49322751,247,334,
幡多,三原村,49322760,247,334,
幡多,三原村,49322761,242,328,
幡多,三原村,49322762,235,318,
幡多,三原村,49322770,241,327,
幡多,三原村,49322771,239,323,
幡多,三原村,49322772,236,319,
幡多,三原村,49322780,238,322,
幡多,三原村,49322781,239,323,
幡多,三原村,49322790,236,320,
幡多,三原村,49322791,238,322,
幡多,三原村,49322792,237,321,
幡多,三原村,49323605,245,332,
幡多,三原村,49323606,245,332,
幡多,三原村,49323607,241,327,
幡多,三原村,49323608,236,320,
幡多,三原村,49323609,235,318,
幡多,三原村,49323616,240,325,
幡多,三原村,49323617,236,320,
幡多,三原村,49323618,234,317,
幡多,三原村,49323619,233,316,
幡多,三原村,49323626,233,316,
幡多,三原村,49323627,231,313,
幡多,三原村,49323628,232,314,
幡多,三原村,49323629,234,317,
幡多,三原村,49323700,236,320,
幡多,三原村,49323701,239,323,
幡多,三原村,49323702,239,324,
幡多,三原村,49323710,236,319,
幡多,三原村,49323711,239,324,
幡多,三原村,49323712,238,322,
幡多,三原村,49323720,236,320,
幡多,三原村,49323721,239,324,
幡多,三原村,49323722,239,324,
幡多,黒潮町,49323788,212,287,
幡多,黒潮町,49323789,210,284,
幡多,黒潮町,49323798,213,288,
幡多,黒潮町,49323799,212,287,
幡多,黒潮町,49324707,213,289,
幡多,黒潮町,49324708,213,288,
幡多,黒潮町,49324709,213,288,
幡多,黒潮町,49324717,214,290,
幡多,黒潮町,49324718,213,288,
幡多,黒潮町,49324719,214,290,
幡多,黒潮町,49324726,215,291,
幡多,黒潮町,49324727,213,288,
幡多,黒潮町,49324728,213,288,
幡多,黒潮町,49324729,214,290,
幡多,黒潮町,49324737,212,287,
幡多,黒潮町,49324738,212,287,
幡多,黒潮町,49324739,213,289,
幡多,黒潮町,49324747,211,286,
幡多,黒潮町,49324748,211,286,
幡多,黒潮町,49324749,213,288,
幡多,黒潮町,49324757,212,287,
幡多,黒潮町,49324758,211,286,
幡多,黒潮町,49324759,212,287,
幡多,黒潮町,49324767,213,288,
幡多,黒潮町,49324768,213,288,
幡多,黒潮町,49324769,213,288,
幡多,黒潮町,49324777,213,289,
幡多,黒潮町,49324778,214,290,
幡多,黒潮町,49324779,215,291,
幡多,黒潮町,49324788,216,293,
幡多,黒潮町,49324789,217,294,
幡多,黒潮町,49324798,219,296,
幡多,黒潮町,49324799,219,297,
幡多,黒潮町,49325708,222,300,
幡多,黒潮町,49325709,222,300,
幡多,黒潮町,49325719,224,304,
幡多,黒潮町,49333080,211,286,
幡多,黒潮町,49333090,212,287,
幡多,黒潮町,49334000,213,289,
幡多,黒潮町,49334010,216,292,
幡多,黒潮町,49334011,216,－,
幡多,黒潮町,49334020,216,292,
幡多,黒潮町,49334021,216,－,
幡多,黒潮町,49334027,212,287,
幡多,黒潮町,49334030,215,291,
幡多,黒潮町,49334031,216,－,
幡多,黒潮町,49334032,216,－,
幡多,黒潮町,49334035,216,－,
幡多,黒潮町,49334036,213,289,
幡多,黒潮町,49334037,213,289,
幡多,黒潮町,49334040,213,288,
幡多,黒潮町,49334041,213,288,
幡多,黒潮町,49334042,213,288,
幡多,黒潮町,49334043,213,288,
幡多,黒潮町,49334044,213,289,
幡多,黒潮町,49334045,213,289,
幡多,黒潮町,49334046,216,292,
幡多,黒潮町,49334047,215,291,
幡多,黒潮町,49334050,213,288,
幡多,黒潮町,49334051,214,290,
幡多,黒潮町,49334052,216,292,
幡多,黒潮町,49334053,216,292,
幡多,黒潮町,49334054,216,292,
幡多,黒潮町,49334055,216,292,
幡多,黒潮町,49334056,216,292,
幡多,黒潮町,49334057,216,292,
幡多,黒潮町,49334060,214,290,
幡多,黒潮町,49334061,217,294,
幡多,黒潮町,49334062,220,298,
幡多,黒潮町,49334063,221,299,
幡多,黒潮町,49334064,219,297,
幡多,黒潮町,49334065,218,295,
幡多,黒潮町,49334066,218,295,
幡多,黒潮町,49334067,217,294,
幡多,黒潮町,49334070,216,292,
幡多,黒潮町,49334071,219,296,
幡多,黒潮町,49334072,224,303,
幡多,黒潮町,49334073,224,304,
幡多,黒潮町,49334074,223,302,
幡多,黒潮町,49334075,222,301,
幡多,黒潮町,49334076,222,300,
幡多,黒潮町,49334077,221,299,
幡多,黒潮町,49334078,219,296,
幡多,黒潮町,49334080,218,295,
幡多,黒潮町,49334081,221,299,
幡多,黒潮町,49334082,224,304,
幡多,黒潮町,49334083,227,307,
幡多,黒潮町,49334084,227,307,
幡多,黒潮町,49334085,227,307,
幡多,黒潮町,49334086,227,307,
幡多,黒潮町,49334087,224,304,
幡多,黒潮町,49334088,222,300,
幡多,黒潮町,49334089,224,－,
幡多,黒潮町,49334090,220,298,
幡多,黒潮町,49334091,223,302,
幡多,黒潮町,49334092,225,305,
幡多,黒潮町,49334093,228,309,
幡多,黒潮町,49334094,230,311,
幡多,黒潮町,49334095,230,312,
幡多,黒潮町,49334096,229,310,
幡多,黒潮町,49334097,228,309,
幡多,黒潮町,49334098,224,304,
幡多,黒潮町,49334099,222,300,
幡多,黒潮町,49335000,223,302,
幡多,黒潮町,49335001,224,304,
幡多,黒潮町,49335002,228,309,
幡多,黒潮町,49335003,231,313,
幡多,黒潮町,49335004,233,316,
幡多,黒潮町,49335005,233,316,
幡多,黒潮町,49335006,232,314,
幡多,黒潮町,49335007,228,309,
幡多,黒潮町,49335008,225,305,
幡多,黒潮町,49335009,222,301,
幡多,黒潮町,49335010,226,306,
幡多,黒潮町,49335011,228,309,
幡多,黒潮町,49335012,231,313,
幡多,黒潮町,49335013,234,317,
幡多,黒潮町,49335014,236,320,
幡多,黒潮町,49335015,236,320,
幡多,黒潮町,49335016,234,317,
幡多,黒潮町,49335017,230,311,
幡多,黒潮町,49335018,225,305,
幡多,黒潮町,49335019,223,302,
幡多,黒潮町,49335020,229,310,
幡多,黒潮町,49335021,232,314,
幡多,黒潮町,49335022,236,319,
幡多,黒潮町,49335023,238,322,
幡多,黒潮町,49335024,240,325,
幡多,黒潮町,49335025,240,325,
幡多,黒潮町,49335026,237,321,
幡多,黒潮町,49335027,232,314,
幡多,黒潮町,49335028,227,308,
幡多,黒潮町,49335029,224,304,
幡多,黒潮町,49335031,234,317,
幡多,黒潮町,49335033,240,325,
幡多,黒潮町,49335034,241,327,
幡多,黒潮町,49335035,242,－,
幡多,黒潮町,49335036,238,322,
幡多,黒潮町,49335037,233,316,
幡多,黒潮町,49335038,230,312,
幡多,黒潮町,49335039,227,308,
幡多,黒潮町,49335045,242,328,
幡多,黒潮町,49335046,239,324,
幡多,黒潮町,49335047,236,319,
幡多,黒潮町,49335048,232,314,
幡多,黒潮町,49335049,228,309,
幡多,黒潮町,49335056,239,324,
幡多,黒潮町,49335057,236,320,
幡多,黒潮町,49335058,233,316,
幡多,黒潮町,49335059,230,312,
幡多,黒潮町,49335066,240,325,
幡多,黒潮町,49335067,238,322,
幡多,黒潮町,49335068,233,316,
幡多,黒潮町,49335069,230,312,
幡多,黒潮町,49335076,239,324,
幡多,黒潮町,49335077,237,321,
幡多,黒潮町,49335078,233,316,
幡多,黒潮町,49335079,231,313,
幡多,黒潮町,49335087,237,321,
幡多,黒潮町,49335088,234,317,
幡多,黒潮町,49335089,233,316,
幡多,黒潮町,49335098,236,319,
幡多,黒潮町,49335100,220,298,
幡多,黒潮町,49335110,220,298,
幡多,黒潮町,49335111,219,296,
幡多,黒潮町,49335120,222,300,
幡多,黒潮町,49335121,220,298,
幡多,黒潮町,49335130,224,304,
幡多,黒潮町,49335131,222,300,
幡多,黒潮町,49335132,219,296,
幡多,黒潮町,49335140,227,307,
幡多,黒潮町,49335141,223,302,
幡多,黒潮町,49335142,222,300,
幡多,黒潮町,49335150,227,308,
幡多,黒潮町,49335151,224,304,
幡多,黒潮町,49335152,224,303,
幡多,黒潮町,49335160,230,311,
幡多,黒潮町,49335161,227,308,
幡多,黒潮町,49335162,226,306,
幡多,黒潮町,49335170,230,312,
幡多,黒潮町,49335171,229,310,
幡多,黒潮町,49335180,233,315,
幡多,黒潮町,49335181,230,312,
幡多,黒潮町,49335182,230,312,
幡多,黒潮町,49335190,234,317,
幡多,黒潮町,49335191,233,316,
幡多,黒潮町,49335192,233,316,
幡多,黒潮町,49336101,236,320,
幡多,黒潮町,49336102,236,320,
幡多,黒潮町,49336103,234,317,
幡多,黒潮町,49336112,239,324,
幡多,黒潮町,49336113,238,322,
幡多,黒潮町,49336114,233,316,
幡多,黒潮町,49336123,241,326,
高幡,中土佐町,49336188,230,312,
高幡,中土佐町,49336189,225,305,
高幡,中土佐町,49336198,233,316,
高幡,中土佐町,49336199,226,306,
高幡,中土佐町,49336290,227,－,
高幡,中土佐町,49337079,256,347,
高幡,中土佐町,49337087,257,348,
高幡,中土佐町,49337088,254,344,
高幡,中土佐町,49337089,256,346,
高幡,中土佐町,49337096,261,353,
高幡,中土佐町,49337097,259,351,
高幡,中土佐町,49337098,256,347,
高幡,中土佐町,49337099,256,347,
高幡,中土佐町,49337106,244,331,
高幡,中土佐町,49337107,240,325,
高幡,中土佐町,49337108,233,316,
高幡,中土佐町,49337109,227,308,
高幡,中土佐町,49337115,248,336,
高幡,中土佐町,49337116,246,333,
高幡,中土佐町,49337117,241,327,
高幡,中土佐町,49337118,234,317,
高幡,中土佐町,49337119,228,309,
高幡,中土佐町,49337126,248,336,
高幡,中土佐町,49337127,243,329,
高幡,中土佐町,49337128,236,319,
高幡,中土佐町,49337129,228,309,
高幡,中土佐町,49337136,249,337,
高幡,中土佐町,49337137,244,330,
高幡,中土佐町,49337138,237,321,
高幡,中土佐町,49337139,230,311,
高幡,中土佐町,49337146,250,338,
高幡,中土佐町,49337147,245,332,
高幡,中土佐町,49337148,239,323,
高幡,中土佐町,49337149,230,311,
高幡,中土佐町,49337155,253,342,
高幡,中土佐町,49337156,250,339,
高幡,中土佐町,49337157,247,335,
高幡,中土佐町,49337158,239,324,
高幡,中土佐町,49337159,230,312,
高幡,中土佐町,49337160,259,350,
高幡,中土佐町,49337165,255,345,
高幡,中土佐町,49337166,253,342,
高幡,中土佐町,49337167,249,337,
高幡,中土佐町,49337168,242,328,
高幡,中土佐町,49337169,234,317,
高幡,中土佐町,49337170,260,352,
高幡,中土佐町,49337171,263,356,
高幡,中土佐町,49337172,262,355,
高幡,中土佐町,49337174,260,352,
高幡,中土佐町,49337175,257,348,
高幡,中土佐町,49337176,253,343,
高幡,中土佐町,49337177,249,337,
高幡,中土佐町,49337178,244,330,
高幡,中土佐町,49337179,236,320,
高幡,中土佐町,49337180,259,350,
高幡,中土佐町,49337181,262,355,
高幡,中土佐町,49337182,263,356,
高幡,中土佐町,49337183,261,354,
高幡,中土佐町,49337184,259,351,
高幡,中土佐町,49337185,257,348,
高幡,中土佐町,49337186,254,344,
高幡,中土佐町,49337187,182,247,
高幡,中土佐町,49337188,245,332,
高幡,中土佐町,49337189,239,323,
高幡,中土佐町,49337190,259,350,
高幡,中土佐町,49337191,261,354,
高幡,中土佐町,49337192,262,355,
高幡,中土佐町,49337193,260,352,
高幡,中土佐町,49337194,257,348,
高幡,中土佐町,49337195,255,345,
高幡,中土佐町,49337196,253,343,
高幡,中土佐町,49337197,250,338,
高幡,中土佐町,49337198,245,332,
高幡,中土佐町,49337199,239,324,
高幡,中土佐町,49337200,224,303,
高幡,中土佐町,49337201,227,－,
高幡,中土佐町,49337210,224,304,
高幡,中土佐町,49337220,226,306,
高幡,中土佐町,49337230,227,308,
高幡,中土佐町,49337260,236,－,
高幡,中土佐町,49337270,232,314,
高幡,中土佐町,49337290,239,－,
高幡,中土佐町,50330005,262,355,
高幡,中土佐町,50330006,263,356,
高幡,中土佐町,50330007,261,353,
高幡,中土佐町,50330008,257,348,
高幡,中土佐町,50330009,258,349,
高幡,中土佐町,50330016,264,－,
高幡,中土佐町,50330017,261,354,
高幡,中土佐町,50330018,259,350,
高幡,中土佐町,50330019,259,351,
高幡,中土佐町,50330025,264,357,
高幡,中土佐町,50330026,264,358,
高幡,中土佐町,50330027,260,352,
高幡,中土佐町,50330028,259,351,
高幡,中土佐町,50330029,259,350,
高幡,中土佐町,50330034,266,360,
高幡,中土佐町,50330035,266,360,
高幡,中土佐町,50330036,264,357,
高幡,中土佐町,50330037,261,354,
高幡,中土佐町,50330038,259,351,
高幡,中土佐町,50330039,258,349,
高幡,中土佐町,50330044,264,357,
高幡,中土佐町,50330045,264,357,
高幡,中土佐町,50330046,262,355,
高幡,中土佐町,50330047,261,353,
高幡,中土佐町,50330048,260,352,
高幡,中土佐町,50330049,259,350,
高幡,中土佐町,50330055,263,356,
高幡,中土佐町,50330056,263,356,
高幡,中土佐町,50330058,260,352,
高幡,中土佐町,50330059,260,352,
高幡,中土佐町,50330068,261,354,
高幡,中土佐町,50330069,262,355,
高幡,中土佐町,50330079,263,356,
高幡,中土佐町,50330089,264,357,
高幡,中土佐町,50330099,260,352,
高幡,中土佐町,50330100,260,352,
高幡,中土佐町,50330101,261,354,
高幡,中土佐町,50330102,261,354,
高幡,中土佐町,50330103,259,351,
高幡,中土佐町,50330104,256,346,
高幡,中土佐町,50330105,255,345,
高幡,中土佐町,50330106,254,344,
高幡,中土佐町,50330107,250,338,
高幡,中土佐町,50330108,245,332,
高幡,中土佐町,50330109,239,324,
高幡,中土佐町,50330110,260,352,
高幡,中土佐町,50330111,261,354,
高幡,中土佐町,50330112,261,353,
高幡,中土佐町,50330113,260,352,
高幡,中土佐町,50330114,257,348,
高幡,中土佐町,50330115,256,346,
高幡,中土佐町,50330116,255,345,
高幡,中土佐町,50330117,251,340,
高幡,中土佐町,50330118,247,334,
高幡,中土佐町,50330119,240,325,
高幡,中土佐町,50330120,259,351,
高幡,中土佐町,50330121,261,353,
高幡,中土佐町,50330122,261,354,
高幡,中土佐町,50330123,261,354,
高幡,中土佐町,50330124,259,351,
高幡,中土佐町,50330125,257,348,
高幡,中土佐町,50330126,256,346,
高幡,中土佐町,50330127,253,343,
高幡,中土佐町,50330128,248,336,
高幡,中土佐町,50330129,241,327,
高幡,中土佐町,50330130,258,349,
高幡,中土佐町,50330131,260,352,
高幡,中土佐町,50330132,263,356,
高幡,中土佐町,50330133,263,356,
高幡,中土佐町,50330134,261,353,
高幡,中土佐町,50330135,259,350,
高幡,中土佐町,50330136,257,348,
高幡,中土佐町,50330137,255,345,
高幡,中土佐町,50330138,251,340,
高幡,中土佐町,50330140,259,351,
高幡,中土佐町,50330141,261,354,
高幡,中土佐町,50330142,264,358,
高幡,中土佐町,50330143,265,359,
高幡,中土佐町,50330144,264,357,
高幡,中土佐町,50330145,260,352,
高幡,中土佐町,50330146,259,351,
高幡,中土佐町,50330147,256,347,
高幡,中土佐町,50330148,253,342,
高幡,中土佐町,50330150,261,353,
高幡,中土佐町,50330151,263,356,
高幡,中土佐町,50330152,265,359,
高幡,中土佐町,50330153,267,361,
高幡,中土佐町,50330156,260,352,
高幡,中土佐町,50330157,258,349,
高幡,中土佐町,50330160,263,356,
高幡,中土佐町,50330161,263,356,
高幡,中土佐町,50330162,266,360,
高幡,中土佐町,50330163,266,360,
高幡,中土佐町,50330170,263,356,
高幡,中土佐町,50330171,263,356,
高幡,中土佐町,50330172,266,360,
高幡,中土佐町,50330173,266,360,
高幡,中土佐町,50330180,262,355,
高幡,中土佐町,50330181,262,355,
高幡,中土佐町,50330182,264,358,
高幡,中土佐町,50330183,265,359,
高幡,中土佐町,50330190,258,349,
高幡,中土佐町,50330191,259,351,
高幡,中土佐町,50330192,261,353,
高幡,中土佐町,50330193,261,354,
高幡,中土佐町,50330200,234,317,
高幡,中土佐町,50330210,234,317,
高幡,檮原町,49327757,246,333,
高幡,檮原町,49327758,250,338,
高幡,檮原町,49327767,250,339,
高幡,檮原町,49327768,251,340,
高幡,檮原町,49327769,251,340,
高幡,檮原町,49327776,239,324,
高幡,檮原町,49327777,245,332,
高幡,檮原町,49327778,247,334,
高幡,檮原町,49327779,247,335,
高幡,檮原町,49327784,231,313,
高幡,檮原町,49327785,233,315,
高幡,檮原町,49327786,233,316,
高幡,檮原町,49327787,237,321,
高幡,檮原町,49327788,239,324,
高幡,檮原町,49327789,243,329,
高幡,檮原町,49327792,236,320,
高幡,檮原町,49327793,231,313,
高幡,檮原町,49327794,230,312,
高幡,檮原町,49327795,230,312,
高幡,檮原町,49327796,230,311,
高幡,檮原町,49327797,232,314,
高幡,檮原町,49327798,236,319,
高幡,檮原町,49327799,239,324,
高幡,檮原町,49337070,251,340,
高幡,檮原町,49337071,256,347,
高幡,檮原町,49337080,248,336,
高幡,檮原町,49337081,253,343,
高幡,檮原町,49337082,254,344,
高幡,檮原町,49337090,245,332,
高幡,檮原町,49337091,251,340,
高幡,檮原町,49337092,254,344,
高幡,檮原町,50320649,216,293,
高幡,檮原町,50320659,216,292,
高幡,檮原町,50320668,216,292,
高幡,檮原町,50320669,216,292,
高幡,檮原町,50320678,189,256,
高幡,檮原町,50320679,213,289,
高幡,檮原町,50320687,186,252,
高幡,檮原町,50320688,187,254,
高幡,檮原町,50320689,189,256,
高幡,檮原町,50320697,185,251,
高幡,檮原町,50320698,189,256,
高幡,檮原町,50320699,190,257,
高幡,檮原町,50320702,233,316,
高幡,檮原町,50320703,230,311,
高幡,檮原町,50320704,230,312,
高幡,檮原町,50320705,230,312,
高幡,檮原町,50320706,230,312,
高幡,檮原町,50320707,230,312,
高幡,檮原町,50320708,233,316,
高幡,檮原町,50320709,237,321,
高幡,檮原町,50320712,230,311,
高幡,檮原町,50320713,227,307,
高幡,檮原町,50320714,228,309,
高幡,檮原町,50320715,228,309,
高幡,檮原町,50320716,229,310,
高幡,檮原町,50320717,230,311,
高幡,檮原町,50320718,233,316,
高幡,檮原町,50320719,238,322,
高幡,檮原町,50320721,225,305,
高幡,檮原町,50320722,225,305,
高幡,檮原町,50320723,225,305,
高幡,檮原町,50320724,227,307,
高幡,檮原町,50320725,227,308,
高幡,檮原町,50320726,227,308,
高幡,檮原町,50320727,230,311,
高幡,檮原町,50320728,233,315,
高幡,檮原町,50320729,238,322,
高幡,檮原町,50320730,220,298,
高幡,檮原町,50320731,222,300,
高幡,檮原町,50320732,224,303,
高幡,檮原町,50320733,224,304,
高幡,檮原町,50320734,226,306,
高幡,檮原町,50320735,228,309,
高幡,檮原町,50320736,228,309,
高幡,檮原町,50320737,230,312,
高幡,檮原町,50320738,233,316,
高幡,檮原町,50320739,238,322,
高幡,檮原町,50320740,219,296,
高幡,檮原町,50320741,219,297,
高幡,檮原町,50320742,224,303,
高幡,檮原町,50320743,227,308,
高幡,檮原町,50320744,230,312,
高幡,檮原町,50320745,230,312,
高幡,檮原町,50320746,230,311,
高幡,檮原町,50320747,231,313,
高幡,檮原町,50320748,233,316,
高幡,檮原町,50320749,236,320,
高幡,檮原町,50320750,176,239,
高幡,檮原町,50320751,219,296,
高幡,檮原町,50320752,226,306,
高幡,檮原町,50320753,232,314,
高幡,檮原町,50320754,233,316,
高幡,檮原町,50320755,233,316,
高幡,檮原町,50320756,230,312,
高幡,檮原町,50320757,230,312,
高幡,檮原町,50320758,233,316,
高幡,檮原町,50320759,237,321,
高幡,檮原町,50320760,216,292,
高幡,檮原町,50320761,219,296,
高幡,檮原町,50320762,226,306,
高幡,檮原町,50320763,233,315,
高幡,檮原町,50320764,233,315,
高幡,檮原町,50320765,232,314,
高幡,檮原町,50320766,230,312,
高幡,檮原町,50320768,234,317,
高幡,檮原町,50320770,213,289,
高幡,檮原町,50320771,217,294,
高幡,檮原町,50320772,224,303,
高幡,檮原町,50320773,228,309,
高幡,檮原町,50320774,230,311,
高幡,檮原町,50320775,229,310,
高幡,檮原町,50320776,229,310,
高幡,檮原町,50320780,213,289,
高幡,檮原町,50320781,216,292,
高幡,檮原町,50320782,220,298,
高幡,檮原町,50320783,200,271,
高幡,檮原町,50320784,203,275,
高幡,檮原町,50320785,204,276,
高幡,檮原町,50320786,206,279,
高幡,檮原町,50320790,191,259,
高幡,檮原町,50320791,193,261,
高幡,檮原町,50320792,196,265,
高幡,檮原町,50320793,199,269,
高幡,檮原町,50320794,203,275,
高幡,檮原町,50320795,204,277,
高幡,檮原町,50320796,207,280,
高幡,檮原町,50321606,180,244,
高幡,檮原町,50321607,186,252,
高幡,檮原町,50321608,188,255,
高幡,檮原町,50321609,191,259,
高幡,檮原町,50321616,180,244,
高幡,檮原町,50321617,185,251,
高幡,檮原町,50321618,190,257,
高幡,檮原町,50321619,192,260,
高幡,檮原町,50321626,178,241,
高幡,檮原町,50321627,184,249,
高幡,檮原町,50321628,188,255,
高幡,檮原町,50321629,192,260,
高幡,檮原町,50321636,178,241,
高幡,檮原町,50321637,183,248,
高幡,檮原町,50321638,187,254,
高幡,檮原町,50321639,191,259,
高幡,檮原町,50321645,172,233,
高幡,檮原町,50321646,176,239,
高幡,檮原町,50321647,181,245,
高幡,檮原町,50321648,186,252,
高幡,檮原町,50321649,190,258,
高幡,檮原町,50321655,171,232,
高幡,檮原町,50321656,176,238,
高幡,檮原町,50321657,182,246,
高幡,檮原町,50321658,187,253,
高幡,檮原町,50321659,192,260,
高幡,檮原町,50321666,176,238,
高幡,檮原町,50321667,182,247,
高幡,檮原町,50321668,188,255,
高幡,檮原町,50321669,193,261,
高幡,檮原町,50321700,193,261,
高幡,檮原町,50321701,195,264,
高幡,檮原町,50321702,197,267,
高幡,檮原町,50321703,201,272,
高幡,檮原町,50321704,204,276,
高幡,檮原町,50321705,206,279,
高幡,檮原町,50321706,209,283,
高幡,檮原町,50321707,213,288,
高幡,檮原町,50321708,217,294,
高幡,檮原町,50321710,194,263,
高幡,檮原町,50321711,148,201,
高幡,檮原町,50321712,198,268,
高幡,檮原町,50321713,201,272,
高幡,檮原町,50321714,204,276,
高幡,檮原町,50321715,206,279,
高幡,檮原町,50321716,209,283,
高幡,檮原町,50321717,213,289,
高幡,檮原町,50321718,216,293,
高幡,檮原町,50321720,194,263,
高幡,檮原町,50321721,196,265,
高幡,檮原町,50321722,198,268,
高幡,檮原町,50321723,201,272,
高幡,檮原町,50321724,204,276,
高幡,檮原町,50321725,207,280,
高幡,檮原町,50321726,209,283,
高幡,檮原町,50321727,213,288,
高幡,檮原町,50321728,217,294,
高幡,檮原町,50321730,193,262,
高幡,檮原町,50321731,196,265,
高幡,檮原町,50321732,198,268,
高幡,檮原町,50321733,201,272,
高幡,檮原町,50321734,204,276,
高幡,檮原町,50321735,206,279,
高幡,檮原町,50321736,210,284,
高幡,檮原町,50321737,213,289,
高幡,檮原町,50321738,218,295,
高幡,檮原町,50321739,220,298,
高幡,檮原町,50321740,194,263,
高幡,檮原町,50321741,196,266,
高幡,檮原町,50321742,200,271,
高幡,檮原町,50321743,203,275,
高幡,檮原町,50321744,205,278,
高幡,檮原町,50321745,207,280,
高幡,檮原町,50321746,210,285,
高幡,檮原町,50321747,214,290,
高幡,檮原町,50321748,219,297,
高幡,檮原町,50321749,224,303,
高幡,檮原町,50321750,195,264,
高幡,檮原町,50321751,167,226,
高幡,檮原町,50321752,202,273,
高幡,檮原町,50321753,207,280,
高幡,檮原町,50321754,210,284,
高幡,檮原町,50321755,210,284,
高幡,檮原町,50321756,211,286,
高幡,檮原町,50321757,216,293,
高幡,檮原町,50321758,225,305,
高幡,檮原町,50321760,194,263,
高幡,檮原町,50321761,198,268,
高幡,檮原町,50321768,228,309,
高幡,檮原町,50330000,244,330,
高幡,檮原町,50330001,251,340,
高幡,檮原町,50330010,244,331,
高幡,檮原町,50330011,260,－,
高幡,津野町,50320767,232,314,
高幡,津野町,50320769,238,322,
高幡,津野町,50320777,160,217,
高幡,津野町,50320778,236,320,
高幡,津野町,50320779,242,328,
高幡,津野町,50320787,210,284,
高幡,津野町,50320788,167,227,
高幡,津野町,50320789,245,332,
高幡,津野町,50320797,211,286,
高幡,津野町,50320798,217,294,
高幡,津野町,50320799,222,300,
高幡,津野町,50321709,220,298,
高幡,津野町,50321719,219,296,
高幡,津野町,50321729,219,296,
高幡,津野町,50321759,230,311,
高幡,津野町,50321769,236,319,
高幡,津野町,50330012,259,351,
高幡,津野町,50330020,245,332,
高幡,津野町,50330021,253,342,
高幡,津野町,50330022,260,352,
高幡,津野町,50330023,263,356,
高幡,津野町,50330030,244,330,
高幡,津野町,50330031,250,339,
高幡,津野町,50330032,259,350,
高幡,津野町,50330033,263,356,
高幡,津野町,50330040,242,328,
高幡,津野町,50330041,247,335,
高幡,津野町,50330042,253,343,
高幡,津野町,50330043,260,352,
高幡,津野町,50330050,241,326,
高幡,津野町,50330051,245,332,
高幡,津野町,50330052,250,339,
高幡,津野町,50330053,257,348,
高幡,津野町,50330054,263,356,
高幡,津野町,50330057,261,353,
高幡,津野町,50330060,242,328,
高幡,津野町,50330061,246,333,
高幡,津野町,50330062,249,337,
高幡,津野町,50330063,254,344,
高幡,津野町,50330064,259,350,
高幡,津野町,50330065,261,353,
高幡,津野町,50330066,261,353,
高幡,津野町,50330067,261,354,
高幡,津野町,50330070,246,333,
高幡,津野町,50330071,249,337,
高幡,津野町,50330072,250,338,
高幡,津野町,50330073,253,342,
高幡,津野町,50330074,257,348,
高幡,津野町,50330075,260,352,
高幡,津野町,50330076,262,355,
高幡,津野町,50330077,263,356,
高幡,津野町,50330078,264,357,
高幡,津野町,50330080,248,336,
高幡,津野町,50330081,249,337,
高幡,津野町,50330082,249,337,
高幡,津野町,50330083,251,340,
高幡,津野町,50330084,257,348,
高幡,津野町,50330085,262,355,
高幡,津野町,50330086,264,358,
高幡,津野町,50330087,266,360,
高幡,津野町,50330088,266,360,
高幡,津野町,50330090,246,333,
高幡,津野町,50330091,248,336,
高幡,津野町,50330092,250,339,
高幡,津野町,50330093,254,344,
高幡,津野町,50330094,260,352,
高幡,津野町,50330095,266,360,
高幡,津野町,50330096,270,366,
高幡,津野町,50330097,270,365,
高幡,津野町,50330098,265,359,
高幡,津野町,50330184,263,356,
高幡,津野町,50330185,259,351,
高幡,津野町,50330194,261,353,
高幡,津野町,50330195,259,350,
高幡,津野町,50330196,259,350,
高幡,津野町,50331000,222,300,
高幡,津野町,50331001,246,333,
高幡,津野町,50331002,252,341,
高幡,津野町,50331003,259,350,
高幡,津野町,50331004,264,357,
高幡,津野町,50331005,270,366,
高幡,津野町,50331006,275,372,
高幡,津野町,50331007,270,366,
高幡,津野町,50331008,264,357,
高幡,津野町,50331009,256,346,
高幡,津野町,50331010,220,298,
高幡,津野町,50331011,222,301,
高幡,津野町,50331012,231,313,
高幡,津野町,50331013,241,326,
高幡,津野町,50331014,247,334,
高幡,津野町,50331015,250,338,
高幡,津野町,50331016,252,341,
高幡,津野町,50331017,250,339,
高幡,津野町,50331018,263,356,
高幡,津野町,50331019,251,340,
高幡,津野町,50331020,222,301,
高幡,津野町,50331021,225,305,
高幡,津野町,50331022,233,315,
高幡,津野町,50331023,243,329,
高幡,津野町,50331024,252,341,
高幡,津野町,50331025,254,344,
高幡,津野町,50331026,254,344,
高幡,津野町,50331027,250,338,
高幡,津野町,50331028,238,322,
高幡,津野町,50331029,224,304,
高幡,津野町,50331030,222,300,
高幡,津野町,50331031,225,305,
高幡,津野町,50331032,231,313,
高幡,津野町,50331033,241,327,
高幡,津野町,50331034,251,340,
高幡,津野町,50331035,253,342,
高幡,津野町,50331036,253,342,
高幡,津野町,50331037,249,337,
高幡,津野町,50331038,240,325,
高幡,津野町,50331039,227,308,
高幡,津野町,50331040,227,307,
高幡,津野町,50331041,227,308,
高幡,津野町,50331042,230,312,
高幡,津野町,50331043,239,323,
高幡,津野町,50331044,245,332,
高幡,津野町,50331045,247,334,
高幡,津野町,50331050,231,313,
高幡,津野町,50331051,232,314,
高幡,津野町,50331052,232,314,
高幡,津野町,50331053,238,322,
高幡,津野町,50331054,242,328,
高幡,津野町,50331055,246,333,
高幡,津野町,50331060,238,322,
高幡,津野町,50331061,236,320,
高幡,津野町,50331062,234,317,
高幡,津野町,50331063,236,320,
高幡,津野町,50331064,242,328,
高幡,津野町,50331071,236,320,
高幡,津野町,50331072,233,316,
高幡,津野町,50331100,254,344,
高幡,津野町,50331101,256,347,
高幡,津野町,50331102,259,350,
高幡,津野町,50331103,259,350,
高幡,津野町,50331104,259,350,
高幡,津野町,50331105,258,349,
高幡,津野町,50331106,258,349,
高幡,津野町,50331110,248,336,
高幡,津野町,50331111,252,341,
高幡,津野町,50331112,256,346,
高幡,津野町,50331113,256,347,
高幡,津野町,50331114,257,348,
高幡,津野町,50331115,258,349,
高幡,津野町,50331116,257,348,
高幡,津野町,50331120,244,331,
高幡,津野町,50331121,248,336,
高幡,津野町,50331122,253,342,
高幡,津野町,50331123,256,346,
高幡,津野町,50331124,258,349,
高幡,津野町,50331125,259,351,
高幡,津野町,50331126,258,349,
高幡,津野町,50331127,259,350,
高幡,津野町,50331128,216,292,
高幡,津野町,50331129,257,348,
高幡,津野町,50331130,220,298,
高幡,津野町,50331131,247,334,
高幡,津野町,50331132,252,341,
高幡,津野町,50331133,257,348,
高幡,津野町,50331134,260,352,
高幡,津野町,50331135,261,354,
高幡,津野町,50331136,261,353,
高幡,津野町,50331137,260,352,
高幡,津野町,50331138,259,351,
高幡,津野町,50331139,257,348,
高幡,津野町,50331140,227,307,
高幡,津野町,50331141,227,307,
高幡,津野町,50331142,255,345,
高幡,津野町,50331143,260,352,
高幡,津野町,50331144,261,353,
高幡,津野町,50331145,263,356,
高幡,津野町,50331146,262,355,
高幡,津野町,50331147,235,318,
高幡,津野町,50331148,233,316,
高幡,津野町,50331149,232,314,
高幡,津野町,50331152,236,320,
高幡,津野町,50331153,239,323,
高幡,津野町,50331154,238,322,
高幡,津野町,50331155,239,324,
高幡,津野町,50331156,239,324,
高幡,津野町,50331157,237,321,
高幡,津野町,50331165,241,326,
高幡,四万十町,49325772,225,－,
高幡,四万十町,49325773,225,305,
高幡,四万十町,49325774,224,304,
高幡,四万十町,49325775,222,300,
高幡,四万十町,49325781,221,299,
高幡,四万十町,49325782,222,300,
高幡,四万十町,49325783,224,304,
高幡,四万十町,49325784,224,304,
高幡,四万十町,49325785,222,301,
高幡,四万十町,49325786,223,302,
高幡,四万十町,49325790,219,296,
高幡,四万十町,49325791,219,297,
高幡,四万十町,49325792,221,299,
高幡,四万十町,49325793,224,303,
高幡,四万十町,49325794,222,301,
高幡,四万十町,49325795,222,301,
高幡,四万十町,49325796,222,301,
高幡,四万十町,49325797,226,306,
高幡,四万十町,49325798,229,310,
高幡,四万十町,49325799,231,313,
高幡,四万十町,49326627,213,288,
高幡,四万十町,49326628,214,290,
高幡,四万十町,49326629,214,290,
高幡,四万十町,49326636,210,284,
高幡,四万十町,49326637,212,287,
高幡,四万十町,49326638,213,288,
高幡,四万十町,49326639,213,288,
高幡,四万十町,49326646,209,283,
高幡,四万十町,49326647,210,284,
高幡,四万十町,49326648,210,285,
高幡,四万十町,49326649,210,285,
高幡,四万十町,49326656,209,283,
高幡,四万十町,49326657,207,281,
高幡,四万十町,49326658,210,284,
高幡,四万十町,49326659,210,285,
高幡,四万十町,49326666,210,284,
高幡,四万十町,49326667,209,283,
高幡,四万十町,49326668,209,283,
高幡,四万十町,49326669,210,284,
高幡,四万十町,49326676,210,285,
高幡,四万十町,49326677,212,287,
高幡,四万十町,49326678,210,285,
高幡,四万十町,49326679,210,285,
高幡,四万十町,49326686,211,286,
高幡,四万十町,49326687,213,289,
高幡,四万十町,49326688,214,290,
高幡,四万十町,49326689,212,287,
高幡,四万十町,49326694,212,287,
高幡,四万十町,49326695,212,287,
高幡,四万十町,49326696,189,256,
高幡,四万十町,49326697,190,257,
高幡,四万十町,49326698,214,290,
高幡,四万十町,49326699,213,289,
高幡,四万十町,49326700,216,292,
高幡,四万十町,49326701,216,293,
高幡,四万十町,49326702,219,296,
高幡,四万十町,49326703,221,299,
高幡,四万十町,49326704,221,299,
高幡,四万十町,49326705,222,300,
高幡,四万十町,49326706,223,302,
高幡,四万十町,49326707,225,305,
高幡,四万十町,49326708,228,309,
高幡,四万十町,49326709,230,312,
高幡,四万十町,49326710,216,293,
高幡,四万十町,49326711,216,292,
高幡,四万十町,49326712,216,292,
高幡,四万十町,49326713,218,295,
高幡,四万十町,49326714,219,297,
高幡,四万十町,49326715,221,299,
高幡,四万十町,49326716,224,304,
高幡,四万十町,49326717,227,308,
高幡,四万十町,49326718,230,311,
高幡,四万十町,49326719,231,313,
高幡,四万十町,49326720,214,290,
高幡,四万十町,49326721,215,291,
高幡,四万十町,49326722,215,291,
高幡,四万十町,49326723,216,292,
高幡,四万十町,49326724,219,296,
高幡,四万十町,49326725,222,300,
高幡,四万十町,49326726,227,307,
高幡,四万十町,49326727,230,312,
高幡,四万十町,49326728,232,314,
高幡,四万十町,49326729,232,314,
高幡,四万十町,49326730,213,288,
高幡,四万十町,49326731,213,288,
高幡,四万十町,49326732,214,290,
高幡,四万十町,49326733,214,290,
高幡,四万十町,49326734,216,293,
高幡,四万十町,49326735,222,300,
高幡,四万十町,49326736,229,310,
高幡,四万十町,49326737,233,316,
高幡,四万十町,49326738,234,317,
高幡,四万十町,49326739,233,316,
高幡,四万十町,49326740,211,286,
高幡,四万十町,49326741,213,288,
高幡,四万十町,49326742,213,288,
高幡,四万十町,49326743,213,289,
高幡,四万十町,49326744,216,292,
高幡,四万十町,49326745,219,297,
高幡,四万十町,49326746,225,305,
高幡,四万十町,49326747,230,312,
高幡,四万十町,49326748,232,314,
高幡,四万十町,49326749,233,315,
高幡,四万十町,49326750,213,288,
高幡,四万十町,49326751,214,290,
高幡,四万十町,49326752,214,290,
高幡,四万十町,49326753,214,290,
高幡,四万十町,49326754,215,291,
高幡,四万十町,49326755,219,296,
高幡,四万十町,49326756,222,300,
高幡,四万十町,49326757,227,308,
高幡,四万十町,49326758,230,311,
高幡,四万十町,49326759,232,314,
高幡,四万十町,49326760,213,288,
高幡,四万十町,49326761,215,291,
高幡,四万十町,49326762,216,292,
高幡,四万十町,49326763,215,291,
高幡,四万十町,49326764,216,293,
高幡,四万十町,49326765,218,295,
高幡,四万十町,49326766,222,300,
高幡,四万十町,49326767,224,304,
高幡,四万十町,49326768,228,309,
高幡,四万十町,49326769,231,313,
高幡,四万十町,49326770,212,287,
高幡,四万十町,49326771,213,289,
高幡,四万十町,49326772,216,292,
高幡,四万十町,49326773,216,292,
高幡,四万十町,49326774,216,293,
高幡,四万十町,49326775,219,296,
高幡,四万十町,49326776,227,－,
高幡,四万十町,49326777,224,304,
高幡,四万十町,49326778,227,308,
高幡,四万十町,49326779,231,313,
高幡,四万十町,49326780,212,287,
高幡,四万十町,49326781,213,288,
高幡,四万十町,49326782,215,291,
高幡,四万十町,49326783,216,293,
高幡,四万十町,49326784,218,295,
高幡,四万十町,49326785,219,296,
高幡,四万十町,49326786,227,－,
高幡,四万十町,49326787,224,304,
高幡,四万十町,49326788,228,309,
高幡,四万十町,49326789,232,314,
高幡,四万十町,49326790,212,287,
高幡,四万十町,49326791,213,288,
高幡,四万十町,49326792,216,292,
高幡,四万十町,49326793,218,295,
高幡,四万十町,49326794,219,297,
高幡,四万十町,49326795,219,297,
高幡,四万十町,49326796,227,－,
高幡,四万十町,49326797,226,306,
高幡,四万十町,49326798,230,311,
高幡,四万十町,49326799,233,315,
高幡,四万十町,49327604,212,287,
高幡,四万十町,49327605,211,286,
高幡,四万十町,49327606,213,289,
高幡,四万十町,49327607,213,289,
高幡,四万十町,49327608,215,291,
高幡,四万十町,49327609,213,289,
高幡,四万十町,49327613,210,285,
高幡,四万十町,49327614,211,286,
高幡,四万十町,49327615,211,286,
高幡,四万十町,49327616,213,289,
高幡,四万十町,49327617,214,290,
高幡,四万十町,49327618,214,290,
高幡,四万十町,49327619,214,290,
高幡,四万十町,49327623,211,286,
高幡,四万十町,49327624,212,287,
高幡,四万十町,49327625,213,288,
高幡,四万十町,49327626,215,291,
高幡,四万十町,49327627,216,292,
高幡,四万十町,49327628,217,294,
高幡,四万十町,49327629,217,294,
高幡,四万十町,49327635,213,289,
高幡,四万十町,49327636,216,292,
高幡,四万十町,49327637,217,294,
高幡,四万十町,49327638,219,297,
高幡,四万十町,49327639,219,297,
高幡,四万十町,49327647,218,295,
高幡,四万十町,49327648,221,299,
高幡,四万十町,49327649,222,301,
高幡,四万十町,49327659,223,302,
高幡,四万十町,49327700,214,290,
高幡,四万十町,49327701,216,292,
高幡,四万十町,49327702,218,295,
高幡,四万十町,49327703,220,298,
高幡,四万十町,49327704,222,300,
高幡,四万十町,49327705,222,300,
高幡,四万十町,49327706,224,304,
高幡,四万十町,49327707,227,308,
高幡,四万十町,49327708,231,313,
高幡,四万十町,49327709,235,318,
高幡,四万十町,49327710,215,291,
高幡,四万十町,49327711,217,294,
高幡,四万十町,49327712,220,298,
高幡,四万十町,49327713,222,301,
高幡,四万十町,49327714,224,304,
高幡,四万十町,49327715,224,303,
高幡,四万十町,49327716,225,305,
高幡,四万十町,49327717,230,312,
高幡,四万十町,49327718,234,317,
高幡,四万十町,49327719,238,322,
高幡,四万十町,49327720,218,295,
高幡,四万十町,49327721,219,297,
高幡,四万十町,49327722,222,301,
高幡,四万十町,49327723,225,305,
高幡,四万十町,49327724,226,306,
高幡,四万十町,49327725,226,306,
高幡,四万十町,49327726,227,308,
高幡,四万十町,49327727,232,314,
高幡,四万十町,49327728,238,322,
高幡,四万十町,49327729,242,328,
高幡,四万十町,49327730,220,298,
高幡,四万十町,49327731,222,300,
高幡,四万十町,49327732,224,304,
高幡,四万十町,49327733,227,307,
高幡,四万十町,49327734,227,307,
高幡,四万十町,49327735,227,307,
高幡,四万十町,49327736,230,312,
高幡,四万十町,49327737,234,317,
高幡,四万十町,49327738,240,325,
高幡,四万十町,49327739,246,333,
高幡,四万十町,49327740,224,304,
高幡,四万十町,49327741,225,305,
高幡,四万十町,49327742,227,308,
高幡,四万十町,49327743,228,309,
高幡,四万十町,49327744,228,309,
高幡,四万十町,49327745,230,311,
高幡,四万十町,49327746,233,316,
高幡,四万十町,49327747,239,324,
高幡,四万十町,49327748,244,331,
高幡,四万十町,49327749,250,338,
高幡,四万十町,49327750,227,308,
高幡,四万十町,49327751,230,312,
高幡,四万十町,49327752,232,314,
高幡,四万十町,49327753,231,313,
高幡,四万十町,49327754,231,313,
高幡,四万十町,49327755,233,316,
高幡,四万十町,49327756,240,325,
高幡,四万十町,49327759,252,341,
高幡,四万十町,49327760,235,－,
高幡,四万十町,49327761,235,318,
高幡,四万十町,49327762,236,－,
高幡,四万十町,49327763,236,－,
高幡,四万十町,49327764,233,315,
高幡,四万十町,49327765,236,319,
高幡,四万十町,49327766,243,329,
高幡,四万十町,49327772,236,－,
高幡,四万十町,49327773,235,318,
高幡,四万十町,49327774,233,315,
高幡,四万十町,49327775,236,319,
高幡,四万十町,49327782,236,－,
高幡,四万十町,49327783,233,316,
高幡,四万十町,49335044,242,328,
高幡,四万十町,49335054,243,329,
高幡,四万十町,49335055,241,327,
高幡,四万十町,49335063,244,330,
高幡,四万十町,49335064,244,330,
高幡,四万十町,49335065,241,327,
高幡,四万十町,49335072,243,329,
高幡,四万十町,49335073,244,330,
高幡,四万十町,49335074,243,329,
高幡,四万十町,49335075,241,327,
高幡,四万十町,49335080,236,319,
高幡,四万十町,49335081,239,324,
高幡,四万十町,49335082,242,328,
高幡,四万十町,49335083,243,329,
高幡,四万十町,49335084,241,327,
高幡,四万十町,49335085,241,326,
高幡,四万十町,49335086,239,324,
高幡,四万十町,49335090,236,319,
高幡,四万十町,49335091,239,324,
高幡,四万十町,49335092,241,327,
高幡,四万十町,49335093,240,325,
高幡,四万十町,49335094,241,326,
高幡,四万十町,49335095,239,323,
高幡,四万十町,49335096,238,322,
高幡,四万十町,49335097,236,320,
高幡,四万十町,49335099,235,318,
高幡,四万十町,49335163,228,－,
高幡,四万十町,49335172,228,309,
高幡,四万十町,49335173,224,303,
高幡,四万十町,49335176,217,－,
高幡,四万十町,49335177,217,－,
高幡,四万十町,49335183,227,307,
高幡,四万十町,49335184,230,－,
高幡,四万十町,49335186,217,294,
高幡,四万十町,49335187,215,291,
高幡,四万十町,49335193,230,312,
高幡,四万十町,49335194,226,306,
高幡,四万十町,49335195,222,301,
高幡,四万十町,49335196,219,297,
高幡,四万十町,49335197,216,292,
高幡,四万十町,49336000,236,319,
高幡,四万十町,49336001,239,324,
高幡,四万十町,49336002,241,327,
高幡,四万十町,49336003,240,325,
高幡,四万十町,49336004,239,324,
高幡,四万十町,49336005,239,323,
高幡,四万十町,49336006,239,323,
高幡,四万十町,49336007,238,322,
高幡,四万十町,49336008,236,320,
高幡,四万十町,49336009,236,320,
高幡,四万十町,49336010,236,319,
高幡,四万十町,49336011,239,324,
高幡,四万十町,49336012,241,326,
高幡,四万十町,49336013,239,323,
高幡,四万十町,49336014,237,321,
高幡,四万十町,49336015,237,321,
高幡,四万十町,49336016,238,322,
高幡,四万十町,49336017,237,321,
高幡,四万十町,49336018,238,322,
高幡,四万十町,49336019,238,322,
高幡,四万十町,49336020,236,319,
高幡,四万十町,49336021,239,324,
高幡,四万十町,49336022,240,325,
高幡,四万十町,49336023,239,323,
高幡,四万十町,49336024,236,320,
高幡,四万十町,49336025,237,321,
高幡,四万十町,49336026,239,323,
高幡,四万十町,49336027,239,323,
高幡,四万十町,49336028,239,323,
高幡,四万十町,49336029,239,324,
高幡,四万十町,49336030,236,320,
高幡,四万十町,49336031,238,322,
高幡,四万十町,49336032,240,325,
高幡,四万十町,49336033,239,324,
高幡,四万十町,49336034,238,322,
高幡,四万十町,49336035,239,324,
高幡,四万十町,49336036,239,324,
高幡,四万十町,49336037,238,322,
高幡,四万十町,49336038,239,324,
高幡,四万十町,49336039,242,328,
高幡,四万十町,49336040,235,318,
高幡,四万十町,49336041,239,323,
高幡,四万十町,49336042,240,325,
高幡,四万十町,49336043,239,324,
高幡,四万十町,49336044,239,324,
高幡,四万十町,49336045,240,325,
高幡,四万十町,49336046,239,324,
高幡,四万十町,49336047,239,324,
高幡,四万十町,49336048,241,326,
高幡,四万十町,49336049,246,333,
高幡,四万十町,49336050,234,317,
高幡,四万十町,49336051,238,322,
高幡,四万十町,49336052,239,324,
高幡,四万十町,49336053,241,326,
高幡,四万十町,49336054,240,325,
高幡,四万十町,49336055,241,326,
高幡,四万十町,49336056,241,327,
高幡,四万十町,49336057,241,327,
高幡,四万十町,49336058,242,328,
高幡,四万十町,49336059,246,333,
高幡,四万十町,49336060,234,317,
高幡,四万十町,49336061,237,321,
高幡,四万十町,49336062,240,325,
高幡,四万十町,49336063,241,327,
高幡,四万十町,49336064,242,328,
高幡,四万十町,49336065,242,328,
高幡,四万十町,49336066,244,330,
高幡,四万十町,49336067,242,328,
高幡,四万十町,49336068,242,328,
高幡,四万十町,49336069,244,330,
高幡,四万十町,49336070,235,318,
高幡,四万十町,49336071,239,323,
高幡,四万十町,49336072,241,327,
高幡,四万十町,49336073,242,328,
高幡,四万十町,49336074,243,329,
高幡,四万十町,49336075,244,331,
高幡,四万十町,49336076,245,332,
高幡,四万十町,49336077,244,331,
高幡,四万十町,49336078,243,329,
高幡,四万十町,49336079,241,327,
高幡,四万十町,49336080,236,320,
高幡,四万十町,49336081,240,325,
高幡,四万十町,49336082,243,329,
高幡,四万十町,49336083,244,331,
高幡,四万十町,49336084,244,331,
高幡,四万十町,49336085,247,335,
高幡,四万十町,49336086,247,334,
高幡,四万十町,49336087,246,333,
高幡,四万十町,49336088,244,330,
高幡,四万十町,49336089,242,328,
高幡,四万十町,49336090,238,322,
高幡,四万十町,49336091,241,326,
高幡,四万十町,49336092,245,332,
高幡,四万十町,49336093,245,332,
高幡,四万十町,49336094,246,333,
高幡,四万十町,49336095,249,337,
高幡,四万十町,49336096,250,338,
高幡,四万十町,49336097,248,336,
高幡,四万十町,49336098,245,332,
高幡,四万十町,49336099,244,331,
高幡,四万十町,49336100,236,320,
高幡,四万十町,49336104,238,－,
高幡,四万十町,49336105,224,304,
高幡,四万十町,49336106,220,298,
高幡,四万十町,49336107,216,292,
高幡,四万十町,49336110,237,321,
高幡,四万十町,49336111,239,323,
高幡,四万十町,49336115,227,307,
高幡,四万十町,49336116,222,301,
高幡,四万十町,49336117,225,－,
高幡,四万十町,49336120,241,326,
高幡,四万十町,49336121,241,327,
高幡,四万十町,49336122,242,328,
高幡,四万十町,49336124,236,320,
高幡,四万十町,49336125,230,311,
高幡,四万十町,49336126,225,305,
高幡,四万十町,49336127,222,300,
高幡,四万十町,49336130,245,332,
高幡,四万十町,49336131,246,333,
高幡,四万十町,49336132,244,331,
高幡,四万十町,49336133,241,327,
高幡,四万十町,49336134,238,322,
高幡,四万十町,49336135,232,314,
高幡,四万十町,49336136,229,310,
高幡,四万十町,49336137,226,306,
高幡,四万十町,49336138,222,300,
高幡,四万十町,49336139,227,－,
高幡,四万十町,49336140,250,339,
高幡,四万十町,49336141,249,337,
高幡,四万十町,49336142,247,335,
高幡,四万十町,49336143,243,329,
高幡,四万十町,49336144,239,324,
高幡,四万十町,49336145,234,317,
高幡,四万十町,49336146,232,314,
高幡,四万十町,49336147,230,312,
高幡,四万十町,49336148,225,305,
高幡,四万十町,49336149,227,－,
高幡,四万十町,49336150,250,338,
高幡,四万十町,49336151,250,339,
高幡,四万十町,49336152,248,336,
高幡,四万十町,49336153,244,331,
高幡,四万十町,49336154,241,326,
高幡,四万十町,49336155,236,320,
高幡,四万十町,49336156,233,316,
高幡,四万十町,49336157,231,313,
高幡,四万十町,49336158,227,307,
高幡,四万十町,49336159,221,299,
高幡,四万十町,49336160,247,334,
高幡,四万十町,49336161,247,335,
高幡,四万十町,49336162,247,335,
高幡,四万十町,49336163,245,332,
高幡,四万十町,49336164,242,328,
高幡,四万十町,49336165,238,322,
高幡,四万十町,49336166,236,319,
高幡,四万十町,49336167,233,316,
高幡,四万十町,49336168,228,309,
高幡,四万十町,49336169,222,300,
高幡,四万十町,49336170,243,329,
高幡,四万十町,49336171,245,332,
高幡,四万十町,49336172,246,333,
高幡,四万十町,49336173,245,332,
高幡,四万十町,49336174,242,328,
高幡,四万十町,49336175,239,323,
高幡,四万十町,49336176,236,320,
高幡,四万十町,49336177,235,318,
高幡,四万十町,49336178,229,310,
高幡,四万十町,49336179,223,302,
高幡,四万十町,49336180,243,329,
高幡,四万十町,49336181,244,330,
高幡,四万十町,49336182,245,332,
高幡,四万十町,49336183,245,332,
高幡,四万十町,49336184,244,330,
高幡,四万十町,49336185,241,326,
高幡,四万十町,49336186,239,324,
高幡,四万十町,49336187,236,320,
高幡,四万十町,49336190,245,332,
高幡,四万十町,49336191,245,332,
高幡,四万十町,49336192,246,333,
高幡,四万十町,49336193,245,332,
高幡,四万十町,49336194,245,332,
高幡,四万十町,49336195,243,329,
高幡,四万十町,49336196,241,327,
高幡,四万十町,49336197,238,322,
高幡,四万十町,49336260,223,－,
高幡,四万十町,49336270,219,297,
高幡,四万十町,49336280,221,299,
高幡,四万十町,49337000,239,324,
高幡,四万十町,49337001,242,328,
高幡,四万十町,49337002,245,332,
高幡,四万十町,49337003,247,334,
高幡,四万十町,49337004,250,338,
高幡,四万十町,49337005,253,342,
高幡,四万十町,49337006,252,341,
高幡,四万十町,49337007,250,339,
高幡,四万十町,49337008,248,336,
高幡,四万十町,49337009,245,332,
高幡,四万十町,49337010,242,328,
高幡,四万十町,49337011,245,332,
高幡,四万十町,49337012,248,336,
高幡,四万十町,49337013,251,340,
高幡,四万十町,49337014,254,344,
高幡,四万十町,49337015,256,347,
高幡,四万十町,49337016,256,346,
高幡,四万十町,49337017,253,342,
高幡,四万十町,49337018,250,338,
高幡,四万十町,49337019,248,336,
高幡,四万十町,49337020,246,333,
高幡,四万十町,49337021,250,339,
高幡,四万十町,49337022,253,342,
高幡,四万十町,49337023,255,345,
高幡,四万十町,49337024,263,－,
高幡,四万十町,49337025,261,353,
高幡,四万十町,49337026,259,350,
高幡,四万十町,49337027,254,344,
高幡,四万十町,49337028,251,340,
高幡,四万十町,49337029,249,337,
高幡,四万十町,49337030,252,341,
高幡,四万十町,49337031,256,346,
高幡,四万十町,49337032,259,350,
高幡,四万十町,49337033,259,351,
高幡,四万十町,49337034,263,－,
高幡,四万十町,49337035,263,356,
高幡,四万十町,49337036,260,352,
高幡,四万十町,49337037,254,344,
高幡,四万十町,49337038,251,340,
高幡,四万十町,49337039,251,340,
高幡,四万十町,49337040,256,346,
高幡,四万十町,49337041,260,352,
高幡,四万十町,49337042,260,352,
高幡,四万十町,49337043,260,352,
高幡,四万十町,49337044,262,355,
高幡,四万十町,49337045,263,356,
高幡,四万十町,49337046,259,351,
高幡,四万十町,49337047,254,344,
高幡,四万十町,49337048,252,341,
高幡,四万十町,49337049,252,341,
高幡,四万十町,49337050,257,348,
高幡,四万十町,49337051,260,352,
高幡,四万十町,49337052,260,352,
高幡,四万十町,49337053,259,351,
高幡,四万十町,49337054,260,352,
高幡,四万十町,49337055,260,352,
高幡,四万十町,49337056,259,350,
高幡,四万十町,49337057,254,344,
高幡,四万十町,49337058,253,343,
高幡,四万十町,49337059,254,344,
高幡,四万十町,49337060,254,344,
高幡,四万十町,49337061,259,351,
高幡,四万十町,49337062,257,348,
高幡,四万十町,49337063,256,347,
高幡,四万十町,49337064,257,348,
高幡,四万十町,49337065,259,350,
高幡,四万十町,49337066,258,349,
高幡,四万十町,49337067,255,345,
高幡,四万十町,49337068,254,344,
高幡,四万十町,49337069,255,345,
高幡,四万十町,49337072,255,345,
高幡,四万十町,49337073,254,344,
高幡,四万十町,49337074,256,346,
高幡,四万十町,49337075,258,349,
高幡,四万十町,49337076,259,350,
高幡,四万十町,49337077,257,348,
高幡,四万十町,49337078,255,345,
高幡,四万十町,49337083,254,344,
高幡,四万十町,49337084,261,－,
高幡,四万十町,49337085,259,350,
高幡,四万十町,49337086,260,352,
高幡,四万十町,49337093,256,346,
高幡,四万十町,49337094,258,349,
高幡,四万十町,49337095,261,353,
高幡,四万十町,49337100,247,335,
高幡,四万十町,49337101,247,334,
高幡,四万十町,49337102,247,334,
高幡,四万十町,49337103,248,336,
高幡,四万十町,49337104,248,336,
高幡,四万十町,49337105,247,334,
高幡,四万十町,49337110,248,336,
高幡,四万十町,49337111,248,336,
高幡,四万十町,49337112,248,336,
高幡,四万十町,49337113,250,338,
高幡,四万十町,49337114,250,339,
高幡,四万十町,49337120,249,337,
高幡,四万十町,49337121,249,337,
高幡,四万十町,49337122,251,340,
高幡,四万十町,49337123,252,341,
高幡,四万十町,49337124,253,343,
高幡,四万十町,49337125,250,339,
高幡,四万十町,49337130,251,340,
高幡,四万十町,49337131,251,340,
高幡,四万十町,49337132,253,342,
高幡,四万十町,49337133,254,344,
高幡,四万十町,49337134,254,344,
高幡,四万十町,49337135,251,340,
高幡,四万十町,49337140,253,343,
高幡,四万十町,49337141,255,345,
高幡,四万十町,49337142,256,346,
高幡,四万十町,49337143,256,347,
高幡,四万十町,49337144,254,344,
高幡,四万十町,49337145,252,341,
高幡,四万十町,49337150,257,348,
高幡,四万十町,49337151,259,351,
高幡,四万十町,49337152,258,349,
高幡,四万十町,49337153,257,348,
高幡,四万十町,49337154,255,345,
高幡,四万十町,49337161,261,353,
高幡,四万十町,49337162,261,353,
高幡,四万十町,49337163,259,351,
高幡,四万十町,49337164,258,349,
高幡,四万十町,49337173,261,354,
高幡,四万十町,50330002,257,348,
高幡,四万十町,50330003,257,348,
高幡,四万十町,50330004,265,－,
高幡,四万十町,50330013,265,－,
高幡,四万十町,50330014,263,356,
高幡,四万十町,50330015,264,358,
高幡,四万十町,50330024,265,359,
