（別添）大雨警報・注意報の土壌雨量指数基準値,,,,令和6年5月23日現在,
市町村等をまとめた地域,市町村等,地域メッシュコード（１km格子対応）,土壌雨量指数基準（注意報）,土壌雨量指数基準（警報）,
広島・呉,広島市中区,51324324,87,118,
広島・呉,広島市中区,51324334,87,118,
広島・呉,広島市中区,51324335,87,118,
広島・呉,広島市中区,51324344,87,118,
広島・呉,広島市中区,51324345,87,118,
広島・呉,広島市中区,51324346,88,119,
広島・呉,広島市中区,51324355,87,118,
広島・呉,広島市中区,51324356,88,119,
広島・呉,広島市中区,51324365,88,119,
広島・呉,広島市中区,51324366,88,120,
広島・呉,広島市中区,51324367,88,120,
広島・呉,広島市中区,51324375,88,120,
広島・呉,広島市中区,51324376,88,120,
広島・呉,広島市中区,51324377,88,120,
広島・呉,広島市中区,51324386,88,119,
広島・呉,広島市中区,51324387,88,119,
広島・呉,広島市東区,51324379,88,119,
広島・呉,広島市東区,51324388,88,119,
広島・呉,広島市東区,51324389,87,118,
広島・呉,広島市東区,51324397,87,118,
広島・呉,広島市東区,51324398,88,119,
広島・呉,広島市東区,51324399,88,119,
広島・呉,広島市東区,51324480,88,120,
広島・呉,広島市東区,51324490,88,120,
広島・呉,広島市東区,51325307,87,118,
広島・呉,広島市東区,51325308,88,119,
広島・呉,広島市東区,51325309,88,120,
広島・呉,広島市東区,51325317,87,118,
広島・呉,広島市東区,51325318,88,119,
広島・呉,広島市東区,51325319,88,120,
広島・呉,広島市東区,51325328,87,118,
広島・呉,広島市東区,51325329,88,119,
広島・呉,広島市東区,51325400,88,120,
広島・呉,広島市東区,51325401,88,120,
広島・呉,広島市東区,51325402,88,119,
広島・呉,広島市東区,51325403,88,119,
広島・呉,広島市東区,51325410,88,120,
広島・呉,広島市東区,51325411,88,120,
広島・呉,広島市東区,51325412,88,119,
広島・呉,広島市東区,51325413,87,118,
広島・呉,広島市東区,51325414,87,118,
広島・呉,広島市東区,51325420,88,120,
広島・呉,広島市東区,51325421,88,120,
広島・呉,広島市東区,51325422,88,119,
広島・呉,広島市東区,51325423,88,119,
広島・呉,広島市東区,51325424,88,119,
広島・呉,広島市東区,51325425,87,118,
広島・呉,広島市東区,51325431,88,120,
広島・呉,広島市東区,51325432,87,118,
広島・呉,広島市東区,51325433,88,119,
広島・呉,広島市東区,51325434,88,119,
広島・呉,広島市東区,51325442,87,118,
広島・呉,広島市東区,51325443,87,118,
広島・呉,広島市東区,51325444,88,119,
広島・呉,広島市南区,51323353,87,118,
広島・呉,広島市南区,51323354,87,118,
広島・呉,広島市南区,51323355,88,119,
広島・呉,広島市南区,51323363,87,118,
広島・呉,広島市南区,51323364,87,118,
広島・呉,広島市南区,51323365,87,118,
広島・呉,広島市南区,51323374,87,118,
広島・呉,広島市南区,51323375,87,118,
広島・呉,広島市南区,51323384,87,118,
広島・呉,広島市南区,51323385,88,119,
広島・呉,広島市南区,51323395,87,118,
広島・呉,広島市南区,51323398,88,119,
広島・呉,広島市南区,51324306,88,119,
広島・呉,広島市南区,51324307,88,119,
広島・呉,広島市南区,51324308,88,120,
広島・呉,広島市南区,51324315,87,118,
広島・呉,広島市南区,51324316,87,118,
広島・呉,広島市南区,51324317,88,120,
広島・呉,広島市南区,51324318,88,120,
広島・呉,広島市南区,51324325,88,119,
広島・呉,広島市南区,51324326,88,119,
広島・呉,広島市南区,51324327,88,120,
広島・呉,広島市南区,51324328,90,122,
広島・呉,広島市南区,51324329,90,122,
広島・呉,広島市南区,51324336,88,119,
広島・呉,広島市南区,51324337,88,120,
広島・呉,広島市南区,51324338,90,122,
広島・呉,広島市南区,51324339,90,122,
広島・呉,広島市南区,51324347,88,120,
広島・呉,広島市南区,51324348,90,122,
広島・呉,広島市南区,51324349,89,121,
広島・呉,広島市南区,51324357,88,120,
広島・呉,広島市南区,51324358,88,120,
広島・呉,広島市南区,51324359,88,120,
広島・呉,広島市南区,51324368,88,120,
広島・呉,広島市南区,51324369,88,120,
広島・呉,広島市南区,51324378,88,119,
広島・呉,広島市南区,51324420,90,122,
広島・呉,広島市南区,51324430,90,122,
広島・呉,広島市南区,51324431,89,121,
広島・呉,広島市南区,51324440,89,121,
広島・呉,広島市西区,51324322,86,117,
広島・呉,広島市西区,51324323,86,117,
広島・呉,広島市西区,51324330,86,117,
広島・呉,広島市西区,51324331,86,117,
広島・呉,広島市西区,51324332,86,117,
広島・呉,広島市西区,51324333,87,118,
広島・呉,広島市西区,51324340,87,118,
広島・呉,広島市西区,51324341,87,118,
広島・呉,広島市西区,51324342,86,117,
広島・呉,広島市西区,51324343,87,118,
広島・呉,広島市西区,51324350,87,118,
広島・呉,広島市西区,51324351,87,118,
広島・呉,広島市西区,51324352,86,117,
広島・呉,広島市西区,51324353,87,118,
広島・呉,広島市西区,51324354,87,118,
広島・呉,広島市西区,51324361,86,117,
広島・呉,広島市西区,51324362,86,117,
広島・呉,広島市西区,51324363,87,118,
広島・呉,広島市西区,51324364,87,118,
広島・呉,広島市西区,51324371,85,116,
広島・呉,広島市西区,51324372,85,116,
広島・呉,広島市西区,51324373,86,117,
広島・呉,広島市西区,51324374,87,118,
広島・呉,広島市西区,51324381,85,116,
広島・呉,広島市西区,51324382,85,116,
広島・呉,広島市西区,51324383,87,118,
広島・呉,広島市西区,51324384,87,118,
広島・呉,広島市西区,51324385,88,119,
広島・呉,広島市西区,51324393,87,118,
広島・呉,広島市西区,51324394,87,118,
広島・呉,広島市西区,51324395,87,118,
広島・呉,広島市西区,51324396,87,118,
広島・呉,広島市西区,51325303,87,118,
広島・呉,広島市西区,51325304,87,118,
広島・呉,広島市西区,51325305,86,117,
広島・呉,広島市西区,51325306,86,117,
広島・呉,広島市安佐南区,51325236,88,119,
広島・呉,広島市安佐南区,51325237,87,118,
広島・呉,広島市安佐南区,51325238,87,118,
広島・呉,広島市安佐南区,51325245,87,118,
広島・呉,広島市安佐南区,51325246,88,119,
広島・呉,広島市安佐南区,51325247,88,119,
広島・呉,広島市安佐南区,51325248,87,118,
広島・呉,広島市安佐南区,51325249,87,118,
広島・呉,広島市安佐南区,51325255,88,119,
広島・呉,広島市安佐南区,51325256,87,118,
広島・呉,広島市安佐南区,51325257,87,118,
広島・呉,広島市安佐南区,51325258,87,118,
広島・呉,広島市安佐南区,51325259,88,119,
広島・呉,広島市安佐南区,51325265,87,118,
広島・呉,広島市安佐南区,51325266,87,118,
広島・呉,広島市安佐南区,51325267,88,119,
広島・呉,広島市安佐南区,51325268,88,120,
広島・呉,広島市安佐南区,51325269,88,120,
広島・呉,広島市安佐南区,51325276,88,119,
広島・呉,広島市安佐南区,51325277,88,119,
広島・呉,広島市安佐南区,51325278,88,120,
広島・呉,広島市安佐南区,51325279,88,119,
広島・呉,広島市安佐南区,51325286,87,118,
広島・呉,広島市安佐南区,51325287,88,119,
広島・呉,広島市安佐南区,51325288,88,119,
広島・呉,広島市安佐南区,51325289,87,118,
広島・呉,広島市安佐南区,51325297,87,118,
広島・呉,広島市安佐南区,51325298,87,118,
広島・呉,広島市安佐南区,51325299,87,118,
広島・呉,広島市安佐南区,51325313,86,117,
広島・呉,広島市安佐南区,51325314,86,117,
広島・呉,広島市安佐南区,51325315,86,117,
広島・呉,広島市安佐南区,51325316,87,118,
広島・呉,広島市安佐南区,51325321,86,117,
広島・呉,広島市安佐南区,51325322,86,117,
広島・呉,広島市安佐南区,51325323,85,116,
広島・呉,広島市安佐南区,51325324,86,117,
広島・呉,広島市安佐南区,51325325,87,118,
広島・呉,広島市安佐南区,51325326,87,118,
広島・呉,広島市安佐南区,51325327,86,117,
広島・呉,広島市安佐南区,51325331,86,117,
広島・呉,広島市安佐南区,51325332,86,117,
広島・呉,広島市安佐南区,51325333,86,117,
広島・呉,広島市安佐南区,51325334,86,117,
広島・呉,広島市安佐南区,51325335,87,118,
広島・呉,広島市安佐南区,51325336,87,118,
広島・呉,広島市安佐南区,51325337,87,118,
広島・呉,広島市安佐南区,51325338,86,117,
広島・呉,広島市安佐南区,51325340,87,118,
広島・呉,広島市安佐南区,51325341,87,118,
広島・呉,広島市安佐南区,51325342,86,117,
広島・呉,広島市安佐南区,51325343,86,117,
広島・呉,広島市安佐南区,51325344,87,118,
広島・呉,広島市安佐南区,51325345,87,118,
広島・呉,広島市安佐南区,51325346,87,118,
広島・呉,広島市安佐南区,51325347,87,118,
広島・呉,広島市安佐南区,51325348,86,117,
広島・呉,広島市安佐南区,51325350,87,118,
広島・呉,広島市安佐南区,51325351,87,118,
広島・呉,広島市安佐南区,51325352,86,117,
広島・呉,広島市安佐南区,51325353,86,117,
広島・呉,広島市安佐南区,51325354,87,118,
広島・呉,広島市安佐南区,51325355,87,118,
広島・呉,広島市安佐南区,51325356,87,118,
広島・呉,広島市安佐南区,51325357,86,117,
広島・呉,広島市安佐南区,51325358,86,117,
広島・呉,広島市安佐南区,51325360,88,119,
広島・呉,広島市安佐南区,51325361,87,118,
広島・呉,広島市安佐南区,51325362,87,118,
広島・呉,広島市安佐南区,51325363,87,118,
広島・呉,広島市安佐南区,51325364,87,118,
広島・呉,広島市安佐南区,51325365,87,118,
広島・呉,広島市安佐南区,51325366,87,118,
広島・呉,広島市安佐南区,51325367,87,118,
広島・呉,広島市安佐南区,51325368,86,117,
広島・呉,広島市安佐南区,51325369,87,118,
広島・呉,広島市安佐南区,51325370,87,118,
広島・呉,広島市安佐南区,51325371,87,118,
広島・呉,広島市安佐南区,51325372,87,118,
広島・呉,広島市安佐南区,51325373,87,118,
広島・呉,広島市安佐南区,51325374,87,118,
広島・呉,広島市安佐南区,51325375,87,118,
広島・呉,広島市安佐南区,51325376,88,119,
広島・呉,広島市安佐南区,51325377,87,118,
広島・呉,広島市安佐南区,51325378,87,118,
広島・呉,広島市安佐南区,51325379,88,119,
広島・呉,広島市安佐南区,51325380,87,118,
広島・呉,広島市安佐南区,51325383,87,118,
広島・呉,広島市安佐南区,51325384,87,118,
広島・呉,広島市安佐南区,51325385,87,118,
広島・呉,広島市安佐南区,51325386,88,119,
広島・呉,広島市安佐南区,51325388,87,118,
広島・呉,広島市安佐南区,51325389,87,118,
広島・呉,広島市安佐南区,51325390,88,119,
広島・呉,広島市安佐南区,51325399,87,118,
広島・呉,広島市安佐南区,51325480,88,120,
広島・呉,広島市安佐南区,51325490,88,120,
広島・呉,広島市安佐南区,51326207,86,117,
広島・呉,広島市安佐南区,51326208,86,117,
広島・呉,広島市安佐南区,51326209,87,118,
広島・呉,広島市安佐南区,51326217,87,118,
広島・呉,広島市安佐南区,51326218,86,117,
広島・呉,広島市安佐南区,51326219,87,118,
広島・呉,広島市安佐南区,51326300,88,120,
広島・呉,広島市安佐南区,51326309,87,118,
広島・呉,広島市安佐南区,51326319,87,118,
広島・呉,広島市安佐南区,51326400,88,119,
広島・呉,広島市安佐北区,51325339,87,118,
広島・呉,広島市安佐北区,51325349,86,117,
広島・呉,広島市安佐北区,51325359,86,117,
広島・呉,広島市安佐北区,51325381,87,118,
広島・呉,広島市安佐北区,51325382,88,120,
広島・呉,広島市安佐北区,51325387,87,118,
広島・呉,広島市安佐北区,51325391,88,120,
広島・呉,広島市安佐北区,51325392,88,120,
広島・呉,広島市安佐北区,51325393,87,118,
広島・呉,広島市安佐北区,51325394,87,118,
広島・呉,広島市安佐北区,51325395,87,118,
広島・呉,広島市安佐北区,51325396,88,119,
広島・呉,広島市安佐北区,51325397,87,118,
広島・呉,広島市安佐北区,51325398,87,118,
広島・呉,広島市安佐北区,51325430,88,119,
広島・呉,広島市安佐北区,51325435,87,118,
広島・呉,広島市安佐北区,51325436,87,118,
広島・呉,広島市安佐北区,51325440,87,118,
広島・呉,広島市安佐北区,51325441,87,118,
広島・呉,広島市安佐北区,51325445,87,118,
広島・呉,広島市安佐北区,51325446,88,119,
広島・呉,広島市安佐北区,51325447,87,118,
広島・呉,広島市安佐北区,51325450,87,118,
広島・呉,広島市安佐北区,51325451,87,118,
広島・呉,広島市安佐北区,51325452,87,118,
広島・呉,広島市安佐北区,51325453,87,118,
広島・呉,広島市安佐北区,51325454,87,118,
広島・呉,広島市安佐北区,51325455,87,118,
広島・呉,広島市安佐北区,51325456,88,119,
広島・呉,広島市安佐北区,51325457,87,118,
広島・呉,広島市安佐北区,51325460,87,118,
広島・呉,広島市安佐北区,51325461,88,120,
広島・呉,広島市安佐北区,51325462,88,119,
広島・呉,広島市安佐北区,51325463,87,118,
広島・呉,広島市安佐北区,51325464,87,118,
広島・呉,広島市安佐北区,51325465,87,118,
広島・呉,広島市安佐北区,51325466,88,120,
広島・呉,広島市安佐北区,51325467,88,119,
広島・呉,広島市安佐北区,51325470,88,120,
広島・呉,広島市安佐北区,51325471,88,119,
広島・呉,広島市安佐北区,51325472,88,119,
広島・呉,広島市安佐北区,51325473,87,118,
広島・呉,広島市安佐北区,51325474,87,118,
広島・呉,広島市安佐北区,51325475,88,119,
広島・呉,広島市安佐北区,51325476,88,120,
広島・呉,広島市安佐北区,51325477,88,120,
広島・呉,広島市安佐北区,51325478,87,118,
広島・呉,広島市安佐北区,51325481,88,120,
広島・呉,広島市安佐北区,51325482,88,120,
広島・呉,広島市安佐北区,51325483,87,118,
広島・呉,広島市安佐北区,51325484,87,118,
広島・呉,広島市安佐北区,51325485,88,120,
広島・呉,広島市安佐北区,51325486,88,120,
広島・呉,広島市安佐北区,51325487,88,120,
広島・呉,広島市安佐北区,51325491,88,120,
広島・呉,広島市安佐北区,51325492,88,119,
広島・呉,広島市安佐北区,51325493,87,118,
広島・呉,広島市安佐北区,51325494,87,118,
広島・呉,広島市安佐北区,51325495,87,118,
広島・呉,広島市安佐北区,51325496,88,119,
広島・呉,広島市安佐北区,51325497,88,119,
広島・呉,広島市安佐北区,51325498,87,118,
広島・呉,広島市安佐北区,51325499,86,117,
広島・呉,広島市安佐北区,51326228,86,117,
広島・呉,広島市安佐北区,51326229,86,117,
広島・呉,広島市安佐北区,51326238,86,117,
広島・呉,広島市安佐北区,51326239,86,117,
広島・呉,広島市安佐北区,51326249,87,118,
広島・呉,広島市安佐北区,51326301,88,120,
広島・呉,広島市安佐北区,51326302,88,120,
広島・呉,広島市安佐北区,51326303,87,118,
広島・呉,広島市安佐北区,51326304,87,118,
広島・呉,広島市安佐北区,51326305,87,118,
広島・呉,広島市安佐北区,51326306,87,118,
広島・呉,広島市安佐北区,51326307,86,117,
広島・呉,広島市安佐北区,51326308,86,117,
広島・呉,広島市安佐北区,51326310,87,118,
広島・呉,広島市安佐北区,51326311,88,120,
広島・呉,広島市安佐北区,51326312,88,119,
広島・呉,広島市安佐北区,51326313,87,118,
広島・呉,広島市安佐北区,51326314,87,118,
広島・呉,広島市安佐北区,51326315,88,119,
広島・呉,広島市安佐北区,51326316,87,118,
広島・呉,広島市安佐北区,51326317,86,117,
広島・呉,広島市安佐北区,51326318,86,117,
広島・呉,広島市安佐北区,51326320,87,118,
広島・呉,広島市安佐北区,51326321,87,118,
広島・呉,広島市安佐北区,51326322,87,118,
広島・呉,広島市安佐北区,51326323,87,118,
広島・呉,広島市安佐北区,51326324,88,119,
広島・呉,広島市安佐北区,51326325,88,119,
広島・呉,広島市安佐北区,51326326,87,118,
広島・呉,広島市安佐北区,51326327,87,118,
広島・呉,広島市安佐北区,51326328,86,117,
広島・呉,広島市安佐北区,51326329,86,117,
広島・呉,広島市安佐北区,51326330,86,117,
広島・呉,広島市安佐北区,51326331,86,117,
広島・呉,広島市安佐北区,51326332,86,117,
広島・呉,広島市安佐北区,51326333,88,119,
広島・呉,広島市安佐北区,51326334,88,119,
広島・呉,広島市安佐北区,51326335,87,118,
広島・呉,広島市安佐北区,51326336,87,118,
広島・呉,広島市安佐北区,51326337,86,117,
広島・呉,広島市安佐北区,51326338,86,117,
広島・呉,広島市安佐北区,51326339,86,117,
広島・呉,広島市安佐北区,51326340,87,118,
広島・呉,広島市安佐北区,51326341,87,118,
広島・呉,広島市安佐北区,51326342,88,119,
広島・呉,広島市安佐北区,51326343,88,120,
広島・呉,広島市安佐北区,51326344,88,120,
広島・呉,広島市安佐北区,51326345,88,119,
広島・呉,広島市安佐北区,51326346,87,118,
広島・呉,広島市安佐北区,51326347,86,117,
広島・呉,広島市安佐北区,51326348,86,117,
広島・呉,広島市安佐北区,51326349,86,117,
広島・呉,広島市安佐北区,51326350,87,118,
広島・呉,広島市安佐北区,51326351,88,119,
広島・呉,広島市安佐北区,51326352,89,121,
広島・呉,広島市安佐北区,51326353,89,121,
広島・呉,広島市安佐北区,51326354,88,120,
広島・呉,広島市安佐北区,51326355,88,119,
広島・呉,広島市安佐北区,51326356,86,117,
広島・呉,広島市安佐北区,51326357,86,117,
広島・呉,広島市安佐北区,51326358,86,117,
広島・呉,広島市安佐北区,51326359,87,118,
広島・呉,広島市安佐北区,51326361,89,121,
広島・呉,広島市安佐北区,51326362,90,122,
広島・呉,広島市安佐北区,51326363,90,122,
広島・呉,広島市安佐北区,51326364,88,119,
広島・呉,広島市安佐北区,51326365,87,118,
広島・呉,広島市安佐北区,51326366,87,118,
広島・呉,広島市安佐北区,51326367,87,118,
広島・呉,広島市安佐北区,51326368,87,118,
広島・呉,広島市安佐北区,51326369,87,118,
広島・呉,広島市安佐北区,51326371,88,120,
広島・呉,広島市安佐北区,51326372,89,121,
広島・呉,広島市安佐北区,51326373,88,120,
広島・呉,広島市安佐北区,51326374,88,120,
広島・呉,広島市安佐北区,51326375,87,118,
広島・呉,広島市安佐北区,51326376,88,119,
広島・呉,広島市安佐北区,51326377,88,119,
広島・呉,広島市安佐北区,51326378,87,118,
広島・呉,広島市安佐北区,51326379,87,118,
広島・呉,広島市安佐北区,51326381,88,120,
広島・呉,広島市安佐北区,51326382,88,120,
広島・呉,広島市安佐北区,51326383,88,119,
広島・呉,広島市安佐北区,51326384,88,120,
広島・呉,広島市安佐北区,51326385,88,120,
広島・呉,広島市安佐北区,51326386,88,120,
広島・呉,広島市安佐北区,51326387,88,120,
広島・呉,広島市安佐北区,51326388,88,120,
広島・呉,広島市安佐北区,51326389,88,119,
広島・呉,広島市安佐北区,51326391,87,118,
広島・呉,広島市安佐北区,51326392,87,118,
広島・呉,広島市安佐北区,51326393,87,118,
広島・呉,広島市安佐北区,51326394,88,119,
広島・呉,広島市安佐北区,51326395,88,120,
広島・呉,広島市安佐北区,51326396,90,122,
広島・呉,広島市安佐北区,51326397,89,121,
広島・呉,広島市安佐北区,51326398,88,120,
広島・呉,広島市安佐北区,51326399,88,120,
広島・呉,広島市安佐北区,51326401,88,120,
広島・呉,広島市安佐北区,51326402,88,119,
広島・呉,広島市安佐北区,51326403,87,118,
広島・呉,広島市安佐北区,51326404,86,117,
広島・呉,広島市安佐北区,51326405,86,117,
広島・呉,広島市安佐北区,51326406,86,117,
広島・呉,広島市安佐北区,51326407,87,118,
広島・呉,広島市安佐北区,51326408,86,117,
広島・呉,広島市安佐北区,51326409,86,117,
広島・呉,広島市安佐北区,51326410,88,119,
広島・呉,広島市安佐北区,51326411,88,120,
広島・呉,広島市安佐北区,51326412,87,118,
広島・呉,広島市安佐北区,51326413,87,118,
広島・呉,広島市安佐北区,51326414,87,118,
広島・呉,広島市安佐北区,51326415,86,117,
広島・呉,広島市安佐北区,51326416,86,117,
広島・呉,広島市安佐北区,51326417,86,117,
広島・呉,広島市安佐北区,51326418,86,117,
広島・呉,広島市安佐北区,51326419,86,117,
広島・呉,広島市安佐北区,51326420,87,118,
広島・呉,広島市安佐北区,51326421,87,118,
広島・呉,広島市安佐北区,51326422,87,118,
広島・呉,広島市安佐北区,51326423,86,117,
広島・呉,広島市安佐北区,51326424,86,117,
広島・呉,広島市安佐北区,51326425,87,118,
広島・呉,広島市安佐北区,51326426,87,118,
広島・呉,広島市安佐北区,51326427,86,117,
広島・呉,広島市安佐北区,51326428,86,117,
広島・呉,広島市安佐北区,51326429,86,117,
広島・呉,広島市安佐北区,51326430,86,117,
広島・呉,広島市安佐北区,51326431,87,118,
広島・呉,広島市安佐北区,51326432,86,117,
広島・呉,広島市安佐北区,51326433,86,117,
広島・呉,広島市安佐北区,51326434,86,117,
広島・呉,広島市安佐北区,51326435,87,118,
広島・呉,広島市安佐北区,51326436,87,118,
広島・呉,広島市安佐北区,51326437,88,119,
広島・呉,広島市安佐北区,51326438,87,118,
広島・呉,広島市安佐北区,51326439,86,117,
広島・呉,広島市安佐北区,51326440,87,118,
広島・呉,広島市安佐北区,51326441,87,118,
広島・呉,広島市安佐北区,51326442,87,118,
広島・呉,広島市安佐北区,51326443,86,117,
広島・呉,広島市安佐北区,51326444,86,117,
広島・呉,広島市安佐北区,51326445,86,117,
広島・呉,広島市安佐北区,51326446,88,119,
広島・呉,広島市安佐北区,51326447,88,120,
広島・呉,広島市安佐北区,51326448,87,118,
広島・呉,広島市安佐北区,51326449,86,117,
広島・呉,広島市安佐北区,51326450,88,119,
広島・呉,広島市安佐北区,51326451,88,120,
広島・呉,広島市安佐北区,51326452,88,120,
広島・呉,広島市安佐北区,51326453,87,118,
広島・呉,広島市安佐北区,51326454,86,117,
広島・呉,広島市安佐北区,51326455,86,117,
広島・呉,広島市安佐北区,51326456,88,119,
広島・呉,広島市安佐北区,51326457,87,118,
広島・呉,広島市安佐北区,51326458,87,118,
広島・呉,広島市安佐北区,51326459,85,116,
広島・呉,広島市安佐北区,51326460,88,120,
広島・呉,広島市安佐北区,51326461,89,121,
広島・呉,広島市安佐北区,51326462,89,121,
広島・呉,広島市安佐北区,51326463,88,120,
広島・呉,広島市安佐北区,51326464,88,119,
広島・呉,広島市安佐北区,51326465,88,119,
広島・呉,広島市安佐北区,51326466,87,118,
広島・呉,広島市安佐北区,51326467,86,117,
広島・呉,広島市安佐北区,51326468,86,117,
広島・呉,広島市安佐北区,51326469,85,115,
広島・呉,広島市安佐北区,51326470,88,120,
広島・呉,広島市安佐北区,51326471,88,120,
広島・呉,広島市安佐北区,51326472,89,121,
広島・呉,広島市安佐北区,51326473,90,122,
広島・呉,広島市安佐北区,51326474,89,121,
広島・呉,広島市安佐北区,51326475,88,120,
広島・呉,広島市安佐北区,51326476,88,119,
広島・呉,広島市安佐北区,51326477,86,117,
広島・呉,広島市安佐北区,51326478,85,116,
広島・呉,広島市安佐北区,51326479,85,115,
広島・呉,広島市安佐北区,51326480,87,118,
広島・呉,広島市安佐北区,51326481,88,119,
広島・呉,広島市安佐北区,51326482,88,120,
広島・呉,広島市安佐北区,51326483,89,121,
広島・呉,広島市安佐北区,51326484,90,122,
広島・呉,広島市安佐北区,51326487,87,118,
広島・呉,広島市安佐北区,51326488,86,117,
広島・呉,広島市安佐北区,51326489,85,115,
広島・呉,広島市安佐北区,51326490,87,118,
広島・呉,広島市安佐北区,51326491,87,118,
広島・呉,広島市安佐北区,51326492,88,120,
広島・呉,広島市安佐北区,51326493,88,120,
広島・呉,広島市安佐北区,51326497,87,118,
広島・呉,広島市安佐北区,51326498,86,117,
広島・呉,広島市安佐北区,51326499,85,116,
広島・呉,広島市安佐北区,51326500,86,117,
広島・呉,広島市安佐北区,51326510,86,117,
広島・呉,広島市安佐北区,51326511,86,117,
広島・呉,広島市安佐北区,51326520,85,116,
広島・呉,広島市安佐北区,51326521,86,117,
広島・呉,広島市安佐北区,51326530,85,116,
広島・呉,広島市安佐北区,51326531,85,116,
広島・呉,広島市安佐北区,51326532,85,115,
広島・呉,広島市安佐北区,51326534,86,117,
広島・呉,広島市安佐北区,51326540,85,115,
広島・呉,広島市安佐北区,51326541,85,115,
広島・呉,広島市安佐北区,51326542,85,115,
広島・呉,広島市安佐北区,51326543,85,116,
広島・呉,広島市安佐北区,51326544,85,116,
広島・呉,広島市安佐北区,51326550,85,115,
広島・呉,広島市安佐北区,51326551,85,115,
広島・呉,広島市安佐北区,51326552,85,115,
広島・呉,広島市安佐北区,51326553,85,116,
広島・呉,広島市安佐北区,51326554,85,116,
広島・呉,広島市安佐北区,51326560,85,115,
広島・呉,広島市安佐北区,51326561,85,115,
広島・呉,広島市安佐北区,51326562,85,116,
広島・呉,広島市安佐北区,51326563,86,117,
広島・呉,広島市安佐北区,51326564,86,117,
広島・呉,広島市安佐北区,51326570,84,114,
広島・呉,広島市安佐北区,51326571,85,115,
広島・呉,広島市安佐北区,51326572,85,115,
広島・呉,広島市安佐北区,51326573,85,115,
広島・呉,広島市安佐北区,51326574,85,115,
広島・呉,広島市安佐北区,51326580,85,115,
広島・呉,広島市安佐北区,51326581,85,115,
広島・呉,広島市安佐北区,51326582,85,115,
広島・呉,広島市安佐北区,51326583,85,115,
広島・呉,広島市安佐北区,51326584,84,114,
広島・呉,広島市安佐北区,51326590,85,115,
広島・呉,広島市安佐北区,51326591,85,115,
広島・呉,広島市安佐北区,51326592,85,115,
広島・呉,広島市安佐北区,51326593,84,114,
広島・呉,広島市安佐北区,51326594,83,113,
広島・呉,広島市安佐北区,51327301,87,118,
広島・呉,広島市安佐北区,51327302,87,118,
広島・呉,広島市安佐北区,51327303,87,118,
広島・呉,広島市安佐北区,51327304,87,118,
広島・呉,広島市安佐北区,51327305,88,120,
広島・呉,広島市安佐北区,51327306,89,121,
広島・呉,広島市安佐北区,51327307,90,122,
広島・呉,広島市安佐北区,51327308,89,121,
広島・呉,広島市安佐北区,51327309,88,120,
広島・呉,広島市安佐北区,51327311,87,118,
広島・呉,広島市安佐北区,51327312,86,117,
広島・呉,広島市安佐北区,51327313,86,117,
広島・呉,広島市安佐北区,51327314,87,118,
広島・呉,広島市安佐北区,51327316,88,120,
広島・呉,広島市安佐北区,51327317,88,120,
広島・呉,広島市安佐北区,51327318,89,121,
広島・呉,広島市安佐北区,51327319,88,120,
広島・呉,広島市安佐北区,51327326,87,118,
広島・呉,広島市安佐北区,51327327,88,119,
広島・呉,広島市安佐北区,51327328,87,118,
広島・呉,広島市安佐北区,51327337,86,117,
広島・呉,広島市安佐北区,51327400,88,119,
広島・呉,広島市安佐北区,51327401,87,118,
広島・呉,広島市安佐北区,51327402,87,118,
広島・呉,広島市安佐北区,51327409,85,116,
広島・呉,広島市安佐北区,51327411,88,119,
広島・呉,広島市安佐北区,51327419,86,117,
広島・呉,広島市安佐北区,51327421,88,120,
広島・呉,広島市安佐北区,51327500,86,117,
広島・呉,広島市安佐北区,51327501,85,116,
広島・呉,広島市安佐北区,51327502,85,115,
広島・呉,広島市安佐北区,51327503,85,115,
広島・呉,広島市安佐北区,51327504,84,114,
広島・呉,広島市安佐北区,51327510,85,116,
広島・呉,広島市安佐北区,51327511,85,116,
広島・呉,広島市安佐北区,51327512,85,116,
広島・呉,広島市安佐北区,51327513,84,114,
広島・呉,広島市安佐北区,51327514,85,115,
広島・呉,広島市安佐北区,51327523,85,115,
広島・呉,広島市安芸区,51323483,88,120,
広島・呉,広島市安芸区,51323484,88,120,
広島・呉,広島市安芸区,51323492,88,120,
広島・呉,広島市安芸区,51323493,88,120,
広島・呉,広島市安芸区,51324402,88,120,
広島・呉,広島市安芸区,51324403,88,120,
広島・呉,広島市安芸区,51324412,88,120,
広島・呉,広島市安芸区,51324413,88,120,
広島・呉,広島市安芸区,51324421,89,121,
広島・呉,広島市安芸区,51324422,88,120,
広島・呉,広島市安芸区,51324423,88,120,
広島・呉,広島市安芸区,51324441,88,120,
広島・呉,広島市安芸区,51324451,88,120,
広島・呉,広島市安芸区,51324452,88,120,
広島・呉,広島市安芸区,51324455,87,118,
広島・呉,広島市安芸区,51324456,87,118,
広島・呉,広島市安芸区,51324458,86,117,
広島・呉,広島市安芸区,51324459,86,117,
広島・呉,広島市安芸区,51324462,88,120,
広島・呉,広島市安芸区,51324463,88,119,
広島・呉,広島市安芸区,51324464,87,118,
広島・呉,広島市安芸区,51324465,87,118,
広島・呉,広島市安芸区,51324466,86,117,
広島・呉,広島市安芸区,51324467,87,118,
広島・呉,広島市安芸区,51324468,87,118,
広島・呉,広島市安芸区,51324469,86,117,
広島・呉,広島市安芸区,51324472,88,120,
広島・呉,広島市安芸区,51324473,88,119,
広島・呉,広島市安芸区,51324474,87,118,
広島・呉,広島市安芸区,51324475,87,118,
広島・呉,広島市安芸区,51324476,86,117,
広島・呉,広島市安芸区,51324477,86,117,
広島・呉,広島市安芸区,51324478,86,117,
広島・呉,広島市安芸区,51324479,86,117,
広島・呉,広島市安芸区,51324483,88,119,
広島・呉,広島市安芸区,51324484,87,118,
広島・呉,広島市安芸区,51324485,87,118,
広島・呉,広島市安芸区,51324486,86,117,
広島・呉,広島市安芸区,51324487,86,117,
広島・呉,広島市安芸区,51324488,86,117,
広島・呉,広島市安芸区,51324489,86,117,
広島・呉,広島市安芸区,51324493,88,119,
広島・呉,広島市安芸区,51324494,88,119,
広島・呉,広島市安芸区,51324495,87,118,
広島・呉,広島市安芸区,51324496,87,118,
広島・呉,広島市安芸区,51324497,86,117,
広島・呉,広島市安芸区,51324498,86,117,
広島・呉,広島市安芸区,51324499,86,117,
広島・呉,広島市安芸区,51324520,86,117,
広島・呉,広島市安芸区,51324530,86,117,
広島・呉,広島市安芸区,51324531,86,117,
広島・呉,広島市安芸区,51324540,86,117,
広島・呉,広島市安芸区,51324541,86,117,
広島・呉,広島市安芸区,51324550,86,117,
広島・呉,広島市安芸区,51324551,86,117,
広島・呉,広島市安芸区,51324560,86,117,
広島・呉,広島市安芸区,51324561,86,117,
広島・呉,広島市安芸区,51324570,86,117,
広島・呉,広島市安芸区,51324571,86,117,
広島・呉,広島市安芸区,51324580,86,117,
広島・呉,広島市安芸区,51324590,86,117,
広島・呉,広島市安芸区,51324591,86,117,
広島・呉,広島市安芸区,51325404,87,118,
広島・呉,広島市安芸区,51325405,87,118,
広島・呉,広島市安芸区,51325406,86,117,
広島・呉,広島市安芸区,51325407,86,117,
広島・呉,広島市安芸区,51325408,86,117,
広島・呉,広島市安芸区,51325409,86,117,
広島・呉,広島市安芸区,51325415,87,118,
広島・呉,広島市安芸区,51325416,87,118,
広島・呉,広島市安芸区,51325417,86,117,
広島・呉,広島市安芸区,51325418,86,117,
広島・呉,広島市安芸区,51325419,86,117,
広島・呉,広島市安芸区,51325426,87,118,
広島・呉,広島市安芸区,51325427,86,117,
広島・呉,広島市安芸区,51325428,86,117,
広島・呉,広島市安芸区,51325429,86,117,
広島・呉,広島市安芸区,51325437,87,118,
広島・呉,広島市安芸区,51325438,87,118,
広島・呉,広島市安芸区,51325439,87,118,
広島・呉,広島市安芸区,51325448,87,118,
広島・呉,広島市安芸区,51325500,86,117,
広島・呉,広島市安芸区,51325501,86,117,
広島・呉,広島市安芸区,51325510,86,117,
広島・呉,広島市安芸区,51325511,86,117,
広島・呉,広島市安芸区,51325512,85,116,
広島・呉,広島市安芸区,51325520,86,117,
広島・呉,広島市安芸区,51325521,86,117,
広島・呉,広島市安芸区,51325522,85,116,
広島・呉,広島市安芸区,51325530,86,117,
広島・呉,広島市佐伯区,51324219,86,117,
広島・呉,広島市佐伯区,51324228,87,118,
広島・呉,広島市佐伯区,51324229,86,117,
広島・呉,広島市佐伯区,51324238,87,118,
広島・呉,広島市佐伯区,51324239,86,117,
広島・呉,広島市佐伯区,51324247,87,118,
広島・呉,広島市佐伯区,51324248,87,118,
広島・呉,広島市佐伯区,51324249,87,118,
広島・呉,広島市佐伯区,51324256,87,118,
広島・呉,広島市佐伯区,51324257,87,118,
広島・呉,広島市佐伯区,51324258,87,118,
広島・呉,広島市佐伯区,51324259,87,118,
広島・呉,広島市佐伯区,51324263,87,118,
広島・呉,広島市佐伯区,51324265,86,117,
広島・呉,広島市佐伯区,51324266,86,117,
広島・呉,広島市佐伯区,51324267,86,117,
広島・呉,広島市佐伯区,51324268,86,117,
広島・呉,広島市佐伯区,51324269,86,117,
広島・呉,広島市佐伯区,51324273,88,119,
広島・呉,広島市佐伯区,51324276,86,117,
広島・呉,広島市佐伯区,51324277,85,116,
広島・呉,広島市佐伯区,51324278,85,115,
広島・呉,広島市佐伯区,51324279,85,116,
広島・呉,広島市佐伯区,51324283,88,119,
広島・呉,広島市佐伯区,51324286,86,117,
広島・呉,広島市佐伯区,51324287,86,117,
広島・呉,広島市佐伯区,51324288,86,117,
広島・呉,広島市佐伯区,51324289,85,116,
広島・呉,広島市佐伯区,51324292,87,118,
広島・呉,広島市佐伯区,51324293,88,119,
広島・呉,広島市佐伯区,51324295,88,119,
広島・呉,広島市佐伯区,51324296,87,118,
広島・呉,広島市佐伯区,51324297,87,118,
広島・呉,広島市佐伯区,51324298,86,117,
広島・呉,広島市佐伯区,51324299,85,116,
広島・呉,広島市佐伯区,51324360,87,118,
広島・呉,広島市佐伯区,51324370,86,117,
広島・呉,広島市佐伯区,51324380,85,115,
広島・呉,広島市佐伯区,51324390,85,115,
広島・呉,広島市佐伯区,51324391,86,117,
広島・呉,広島市佐伯区,51324392,86,117,
広島・呉,広島市佐伯区,51325105,88,120,
広島・呉,広島市佐伯区,51325106,88,119,
広島・呉,広島市佐伯区,51325107,87,118,
広島・呉,広島市佐伯区,51325115,90,122,
広島・呉,広島市佐伯区,51325116,89,121,
広島・呉,広島市佐伯区,51325117,87,118,
広島・呉,広島市佐伯区,51325119,88,119,
広島・呉,広島市佐伯区,51325125,89,121,
広島・呉,広島市佐伯区,51325126,88,120,
広島・呉,広島市佐伯区,51325127,87,118,
広島・呉,広島市佐伯区,51325128,87,118,
広島・呉,広島市佐伯区,51325129,87,118,
広島・呉,広島市佐伯区,51325135,88,119,
広島・呉,広島市佐伯区,51325136,88,119,
広島・呉,広島市佐伯区,51325137,87,118,
広島・呉,広島市佐伯区,51325138,87,118,
広島・呉,広島市佐伯区,51325139,88,120,
広島・呉,広島市佐伯区,51325146,87,118,
広島・呉,広島市佐伯区,51325147,87,118,
広島・呉,広島市佐伯区,51325148,86,117,
広島・呉,広島市佐伯区,51325149,87,118,
広島・呉,広島市佐伯区,51325156,86,117,
広島・呉,広島市佐伯区,51325157,87,118,
広島・呉,広島市佐伯区,51325158,86,117,
広島・呉,広島市佐伯区,51325159,86,117,
広島・呉,広島市佐伯区,51325166,87,118,
広島・呉,広島市佐伯区,51325167,87,118,
広島・呉,広島市佐伯区,51325168,86,117,
広島・呉,広島市佐伯区,51325169,87,118,
広島・呉,広島市佐伯区,51325176,88,119,
広島・呉,広島市佐伯区,51325177,87,118,
広島・呉,広島市佐伯区,51325178,87,118,
広島・呉,広島市佐伯区,51325179,88,119,
広島・呉,広島市佐伯区,51325186,88,119,
広島・呉,広島市佐伯区,51325187,88,120,
広島・呉,広島市佐伯区,51325188,88,119,
広島・呉,広島市佐伯区,51325189,88,119,
広島・呉,広島市佐伯区,51325196,89,121,
広島・呉,広島市佐伯区,51325197,88,120,
広島・呉,広島市佐伯区,51325198,88,119,
広島・呉,広島市佐伯区,51325199,88,119,
広島・呉,広島市佐伯区,51325200,87,118,
広島・呉,広島市佐伯区,51325201,87,118,
広島・呉,広島市佐伯区,51325202,88,119,
広島・呉,広島市佐伯区,51325203,88,119,
広島・呉,広島市佐伯区,51325204,88,119,
広島・呉,広島市佐伯区,51325205,88,119,
広島・呉,広島市佐伯区,51325206,88,120,
広島・呉,広島市佐伯区,51325207,88,119,
広島・呉,広島市佐伯区,51325208,87,118,
広島・呉,広島市佐伯区,51325209,85,116,
広島・呉,広島市佐伯区,51325210,88,120,
広島・呉,広島市佐伯区,51325211,88,120,
広島・呉,広島市佐伯区,51325212,88,120,
広島・呉,広島市佐伯区,51325213,88,119,
広島・呉,広島市佐伯区,51325214,88,119,
広島・呉,広島市佐伯区,51325215,88,120,
広島・呉,広島市佐伯区,51325216,88,120,
広島・呉,広島市佐伯区,51325217,88,120,
広島・呉,広島市佐伯区,51325218,87,118,
広島・呉,広島市佐伯区,51325219,86,117,
広島・呉,広島市佐伯区,51325220,88,120,
広島・呉,広島市佐伯区,51325221,88,120,
広島・呉,広島市佐伯区,51325222,88,120,
広島・呉,広島市佐伯区,51325223,87,118,
広島・呉,広島市佐伯区,51325224,88,119,
広島・呉,広島市佐伯区,51325225,88,120,
広島・呉,広島市佐伯区,51325226,88,120,
広島・呉,広島市佐伯区,51325227,87,118,
広島・呉,広島市佐伯区,51325228,88,119,
広島・呉,広島市佐伯区,51325229,87,118,
広島・呉,広島市佐伯区,51325230,88,120,
広島・呉,広島市佐伯区,51325231,88,120,
広島・呉,広島市佐伯区,51325232,88,119,
広島・呉,広島市佐伯区,51325233,87,118,
広島・呉,広島市佐伯区,51325234,87,118,
広島・呉,広島市佐伯区,51325235,88,119,
広島・呉,広島市佐伯区,51325239,87,118,
広島・呉,広島市佐伯区,51325240,88,119,
広島・呉,広島市佐伯区,51325241,88,119,
広島・呉,広島市佐伯区,51325242,87,118,
広島・呉,広島市佐伯区,51325243,87,118,
広島・呉,広島市佐伯区,51325244,87,118,
広島・呉,広島市佐伯区,51325250,87,118,
広島・呉,広島市佐伯区,51325251,87,118,
広島・呉,広島市佐伯区,51325252,88,119,
広島・呉,広島市佐伯区,51325253,88,119,
広島・呉,広島市佐伯区,51325254,87,118,
広島・呉,広島市佐伯区,51325260,87,118,
広島・呉,広島市佐伯区,51325261,88,119,
広島・呉,広島市佐伯区,51325262,88,119,
広島・呉,広島市佐伯区,51325263,88,119,
広島・呉,広島市佐伯区,51325264,88,119,
広島・呉,広島市佐伯区,51325270,88,120,
広島・呉,広島市佐伯区,51325271,88,119,
広島・呉,広島市佐伯区,51325272,88,119,
広島・呉,広島市佐伯区,51325273,88,120,
広島・呉,広島市佐伯区,51325274,88,120,
広島・呉,広島市佐伯区,51325275,88,119,
広島・呉,広島市佐伯区,51325280,88,119,
広島・呉,広島市佐伯区,51325281,88,120,
広島・呉,広島市佐伯区,51325282,88,120,
広島・呉,広島市佐伯区,51325283,88,120,
広島・呉,広島市佐伯区,51325284,88,120,
広島・呉,広島市佐伯区,51325285,87,118,
広島・呉,広島市佐伯区,51325290,87,118,
広島・呉,広島市佐伯区,51325291,87,118,
広島・呉,広島市佐伯区,51325292,88,120,
広島・呉,広島市佐伯区,51325293,88,120,
広島・呉,広島市佐伯区,51325294,88,119,
広島・呉,広島市佐伯区,51325295,87,118,
広島・呉,広島市佐伯区,51325296,86,117,
広島・呉,広島市佐伯区,51325300,85,116,
広島・呉,広島市佐伯区,51325301,86,117,
広島・呉,広島市佐伯区,51325302,86,117,
広島・呉,広島市佐伯区,51325310,86,117,
広島・呉,広島市佐伯区,51325311,86,117,
広島・呉,広島市佐伯区,51325312,86,117,
広島・呉,広島市佐伯区,51325320,86,117,
広島・呉,広島市佐伯区,51325330,87,118,
広島・呉,広島市佐伯区,51326106,90,122,
広島・呉,広島市佐伯区,51326107,88,120,
広島・呉,広島市佐伯区,51326108,88,120,
広島・呉,広島市佐伯区,51326109,87,118,
広島・呉,広島市佐伯区,51326117,90,122,
広島・呉,広島市佐伯区,51326119,88,120,
広島・呉,広島市佐伯区,51326129,88,120,
広島・呉,広島市佐伯区,51326200,87,118,
広島・呉,広島市佐伯区,51326201,87,118,
広島・呉,広島市佐伯区,51326202,87,118,
広島・呉,広島市佐伯区,51326203,88,119,
広島・呉,広島市佐伯区,51326204,87,118,
広島・呉,広島市佐伯区,51326205,87,118,
広島・呉,広島市佐伯区,51326206,86,117,
広島・呉,広島市佐伯区,51326210,87,118,
広島・呉,広島市佐伯区,51326211,87,118,
広島・呉,広島市佐伯区,51326212,87,118,
広島・呉,広島市佐伯区,51326213,87,118,
広島・呉,広島市佐伯区,51326214,87,118,
広島・呉,広島市佐伯区,51326215,87,118,
広島・呉,広島市佐伯区,51326216,87,118,
広島・呉,広島市佐伯区,51326220,88,120,
広島・呉,広島市佐伯区,51326221,87,118,
広島・呉,広島市佐伯区,51326222,87,118,
広島・呉,広島市佐伯区,51326223,87,118,
広島・呉,広島市佐伯区,51326224,87,118,
広島・呉,広島市佐伯区,51326225,88,120,
広島・呉,広島市佐伯区,51326226,88,119,
広島・呉,広島市佐伯区,51326227,87,118,
広島・呉,広島市佐伯区,51326230,88,120,
広島・呉,広島市佐伯区,51326231,88,119,
広島・呉,広島市佐伯区,51326232,86,117,
広島・呉,広島市佐伯区,51326233,87,118,
広島・呉,広島市佐伯区,51326234,88,119,
広島・呉,広島市佐伯区,51326235,88,119,
広島・呉,広島市佐伯区,51326236,88,119,
広島・呉,広島市佐伯区,51326237,87,118,
広島・呉,広島市佐伯区,51326242,87,118,
広島・呉,広島市佐伯区,51326243,87,118,
広島・呉,広島市佐伯区,51326244,87,118,
広島・呉,広島市佐伯区,51326245,88,119,
広島・呉,広島市佐伯区,51326246,88,119,
広島・呉,広島市佐伯区,51326247,87,118,
広島・呉,広島市佐伯区,51326248,87,118,
広島・呉,広島市佐伯区,51326253,87,118,
広島・呉,広島市佐伯区,51326254,88,120,
広島・呉,広島市佐伯区,51326255,88,119,
広島・呉,広島市佐伯区,51326256,87,118,
広島・呉,広島市佐伯区,51326257,86,117,
広島・呉,広島市佐伯区,51326258,87,118,
広島・呉,広島市佐伯区,51326268,87,118,
広島・呉,呉市,51320396,102,137,
広島・呉,呉市,51320397,103,138,
広島・呉,呉市,51320451,102,137,
広島・呉,呉市,51320452,102,137,
広島・呉,呉市,51320461,103,138,
広島・呉,呉市,51320462,103,138,
広島・呉,呉市,51320472,104,139,
広島・呉,呉市,51320473,103,138,
広島・呉,呉市,51320482,104,139,
広島・呉,呉市,51320483,104,139,
広島・呉,呉市,51320484,104,139,
広島・呉,呉市,51320493,104,139,
広島・呉,呉市,51320494,104,139,
広島・呉,呉市,51321306,102,137,
広島・呉,呉市,51321307,103,138,
広島・呉,呉市,51321308,104,139,
広島・呉,呉市,51321309,105,141,
広島・呉,呉市,51321315,103,138,
広島・呉,呉市,51321316,103,138,
広島・呉,呉市,51321317,104,139,
広島・呉,呉市,51321318,105,141,
広島・呉,呉市,51321319,105,141,
広島・呉,呉市,51321325,104,139,
広島・呉,呉市,51321326,104,139,
広島・呉,呉市,51321327,105,140,
広島・呉,呉市,51321328,105,141,
広島・呉,呉市,51321329,107,143,
広島・呉,呉市,51321335,105,140,
広島・呉,呉市,51321336,105,140,
広島・呉,呉市,51321337,105,141,
広島・呉,呉市,51321338,106,142,
広島・呉,呉市,51321339,106,142,
広島・呉,呉市,51321347,105,141,
広島・呉,呉市,51321348,106,142,
広島・呉,呉市,51321349,107,143,
広島・呉,呉市,51321357,105,141,
広島・呉,呉市,51321358,106,142,
広島・呉,呉市,51321359,107,143,
広島・呉,呉市,51321369,107,143,
広島・呉,呉市,51321379,107,143,
広島・呉,呉市,51321389,106,142,
広島・呉,呉市,51321399,107,143,
広島・呉,呉市,51321400,105,141,
広島・呉,呉市,51321401,105,140,
広島・呉,呉市,51321403,105,141,
広島・呉,呉市,51321404,104,139,
広島・呉,呉市,51321410,106,142,
広島・呉,呉市,51321411,105,141,
広島・呉,呉市,51321412,106,142,
広島・呉,呉市,51321413,107,143,
広島・呉,呉市,51321414,105,141,
広島・呉,呉市,51321415,105,140,
広島・呉,呉市,51321420,106,142,
広島・呉,呉市,51321421,106,142,
広島・呉,呉市,51321422,107,143,
広島・呉,呉市,51321423,108,144,
広島・呉,呉市,51321424,106,142,
広島・呉,呉市,51321425,105,140,
広島・呉,呉市,51321426,104,139,
広島・呉,呉市,51321427,103,138,
広島・呉,呉市,51321430,106,142,
広島・呉,呉市,51321431,106,142,
広島・呉,呉市,51321432,107,143,
広島・呉,呉市,51321433,107,143,
広島・呉,呉市,51321434,106,142,
広島・呉,呉市,51321435,105,140,
広島・呉,呉市,51321436,104,139,
広島・呉,呉市,51321437,103,138,
広島・呉,呉市,51321440,106,142,
広島・呉,呉市,51321441,105,141,
広島・呉,呉市,51321442,106,142,
広島・呉,呉市,51321443,106,142,
広島・呉,呉市,51321444,105,141,
広島・呉,呉市,51321445,105,140,
広島・呉,呉市,51321446,104,139,
広島・呉,呉市,51321450,107,143,
広島・呉,呉市,51321451,106,142,
広島・呉,呉市,51321452,105,141,
広島・呉,呉市,51321453,105,141,
広島・呉,呉市,51321455,105,140,
広島・呉,呉市,51321456,104,139,
広島・呉,呉市,51321460,107,143,
広島・呉,呉市,51321461,106,142,
広島・呉,呉市,51321462,106,142,
広島・呉,呉市,51321463,105,141,
広島・呉,呉市,51321464,105,140,
広島・呉,呉市,51321470,106,142,
広島・呉,呉市,51321471,107,143,
広島・呉,呉市,51321472,106,142,
広島・呉,呉市,51321473,106,142,
広島・呉,呉市,51321474,105,141,
広島・呉,呉市,51321480,107,143,
広島・呉,呉市,51321481,107,143,
広島・呉,呉市,51321482,106,142,
広島・呉,呉市,51321483,106,142,
広島・呉,呉市,51321484,105,141,
広島・呉,呉市,51321485,105,141,
広島・呉,呉市,51321486,105,141,
広島・呉,呉市,51321490,107,143,
広島・呉,呉市,51321491,107,143,
広島・呉,呉市,51321492,107,143,
広島・呉,呉市,51321493,106,142,
広島・呉,呉市,51321495,106,142,
広島・呉,呉市,51321496,105,141,
広島・呉,呉市,51321589,105,141,
広島・呉,呉市,51321598,106,142,
広島・呉,呉市,51321599,107,143,
広島・呉,呉市,51321632,102,137,
広島・呉,呉市,51321633,102,137,
広島・呉,呉市,51321642,104,139,
広島・呉,呉市,51321643,104,139,
広島・呉,呉市,51321644,102,137,
広島・呉,呉市,51321670,104,139,
広島・呉,呉市,51321671,104,139,
広島・呉,呉市,51321680,105,141,
広島・呉,呉市,51321681,104,139,
広島・呉,呉市,51321682,104,139,
広島・呉,呉市,51321684,102,137,
広島・呉,呉市,51321685,101,135,
広島・呉,呉市,51321686,101,135,
広島・呉,呉市,51321687,101,135,
広島・呉,呉市,51321690,107,143,
広島・呉,呉市,51321691,105,140,
広島・呉,呉市,51321692,105,140,
広島・呉,呉市,51321693,104,139,
広島・呉,呉市,51321694,103,138,
広島・呉,呉市,51321695,102,137,
広島・呉,呉市,51321696,102,136,
広島・呉,呉市,51321697,102,136,
広島・呉,呉市,51321698,102,137,
広島・呉,呉市,51322309,107,143,
広島・呉,呉市,51322319,107,143,
広島・呉,呉市,51322400,107,143,
広島・呉,呉市,51322401,107,143,
広島・呉,呉市,51322402,108,144,
広島・呉,呉市,51322403,108,144,
広島・呉,呉市,51322404,106,142,
広島・呉,呉市,51322406,105,141,
広島・呉,呉市,51322410,108,144,
広島・呉,呉市,51322411,108,144,
広島・呉,呉市,51322412,108,144,
広島・呉,呉市,51322413,108,145,
広島・呉,呉市,51322414,108,144,
広島・呉,呉市,51322420,108,145,
広島・呉,呉市,51322421,108,145,
広島・呉,呉市,51322422,109,146,
広島・呉,呉市,51322423,109,146,
広島・呉,呉市,51322424,108,144,
広島・呉,呉市,51322431,108,145,
広島・呉,呉市,51322432,109,146,
広島・呉,呉市,51322433,110,147,
広島・呉,呉市,51322434,108,144,
広島・呉,呉市,51322435,107,143,
広島・呉,呉市,51322442,109,146,
広島・呉,呉市,51322443,111,148,
広島・呉,呉市,51322444,109,146,
広島・呉,呉市,51322445,107,143,
広島・呉,呉市,51322446,106,142,
広島・呉,呉市,51322452,108,145,
広島・呉,呉市,51322453,110,147,
広島・呉,呉市,51322454,108,145,
広島・呉,呉市,51322455,107,143,
広島・呉,呉市,51322456,106,142,
広島・呉,呉市,51322457,105,141,
広島・呉,呉市,51322459,105,141,
広島・呉,呉市,51322462,108,144,
広島・呉,呉市,51322463,108,144,
広島・呉,呉市,51322464,108,144,
広島・呉,呉市,51322465,107,143,
広島・呉,呉市,51322466,106,142,
広島・呉,呉市,51322467,105,141,
広島・呉,呉市,51322468,105,141,
広島・呉,呉市,51322469,106,142,
広島・呉,呉市,51322472,108,144,
広島・呉,呉市,51322473,108,144,
広島・呉,呉市,51322474,108,144,
広島・呉,呉市,51322475,108,144,
広島・呉,呉市,51322476,106,142,
広島・呉,呉市,51322477,106,142,
広島・呉,呉市,51322478,106,142,
広島・呉,呉市,51322479,106,142,
広島・呉,呉市,51322481,108,144,
広島・呉,呉市,51322482,108,144,
広島・呉,呉市,51322483,108,145,
広島・呉,呉市,51322484,109,146,
広島・呉,呉市,51322485,108,144,
広島・呉,呉市,51322486,107,143,
広島・呉,呉市,51322487,106,142,
広島・呉,呉市,51322488,107,143,
広島・呉,呉市,51322489,107,143,
広島・呉,呉市,51322491,108,144,
広島・呉,呉市,51322492,108,144,
広島・呉,呉市,51322493,108,145,
広島・呉,呉市,51322494,109,146,
広島・呉,呉市,51322495,109,146,
広島・呉,呉市,51322496,108,145,
広島・呉,呉市,51322497,108,144,
広島・呉,呉市,51322498,107,143,
広島・呉,呉市,51322499,107,143,
広島・呉,呉市,51322501,104,139,
広島・呉,呉市,51322502,104,139,
広島・呉,呉市,51322503,104,139,
広島・呉,呉市,51322504,104,139,
広島・呉,呉市,51322507,105,141,
広島・呉,呉市,51322508,107,143,
広島・呉,呉市,51322509,108,144,
広島・呉,呉市,51322511,104,139,
広島・呉,呉市,51322512,105,140,
広島・呉,呉市,51322513,104,139,
広島・呉,呉市,51322514,104,139,
広島・呉,呉市,51322515,104,139,
広島・呉,呉市,51322516,104,139,
広島・呉,呉市,51322517,105,141,
広島・呉,呉市,51322518,108,144,
広島・呉,呉市,51322519,108,145,
広島・呉,呉市,51322521,104,139,
広島・呉,呉市,51322522,104,139,
広島・呉,呉市,51322523,105,140,
広島・呉,呉市,51322524,104,139,
広島・呉,呉市,51322525,104,139,
広島・呉,呉市,51322526,105,140,
広島・呉,呉市,51322527,108,144,
広島・呉,呉市,51322528,109,146,
広島・呉,呉市,51322529,109,146,
広島・呉,呉市,51322532,105,141,
広島・呉,呉市,51322533,105,140,
広島・呉,呉市,51322534,105,141,
広島・呉,呉市,51322535,105,140,
広島・呉,呉市,51322536,105,141,
広島・呉,呉市,51322537,108,144,
広島・呉,呉市,51322538,109,146,
広島・呉,呉市,51322539,108,145,
広島・呉,呉市,51322540,105,141,
広島・呉,呉市,51322541,106,142,
広島・呉,呉市,51322542,106,142,
広島・呉,呉市,51322543,106,142,
広島・呉,呉市,51322544,105,141,
広島・呉,呉市,51322545,105,140,
広島・呉,呉市,51322546,105,141,
広島・呉,呉市,51322547,107,143,
広島・呉,呉市,51322548,108,144,
広島・呉,呉市,51322550,107,143,
広島・呉,呉市,51322551,107,143,
広島・呉,呉市,51322552,107,143,
広島・呉,呉市,51322553,107,143,
広島・呉,呉市,51322554,105,141,
広島・呉,呉市,51322560,107,143,
広島・呉,呉市,51322561,107,143,
広島・呉,呉市,51322562,108,144,
広島・呉,呉市,51322563,108,144,
広島・呉,呉市,51322564,107,143,
広島・呉,呉市,51322565,105,141,
広島・呉,呉市,51322570,107,143,
広島・呉,呉市,51322571,107,143,
広島・呉,呉市,51322572,108,144,
広島・呉,呉市,51322573,108,144,
広島・呉,呉市,51322574,108,144,
広島・呉,呉市,51322575,107,143,
広島・呉,呉市,51322580,108,144,
広島・呉,呉市,51322581,107,143,
広島・呉,呉市,51322582,107,143,
広島・呉,呉市,51322583,108,144,
広島・呉,呉市,51322584,108,144,
広島・呉,呉市,51322585,108,144,
広島・呉,呉市,51322586,108,144,
広島・呉,呉市,51322587,108,144,
広島・呉,呉市,51322588,107,143,
広島・呉,呉市,51322589,107,143,
広島・呉,呉市,51322590,108,144,
広島・呉,呉市,51322591,107,143,
広島・呉,呉市,51322592,107,143,
広島・呉,呉市,51322593,108,144,
広島・呉,呉市,51322594,108,145,
広島・呉,呉市,51322595,108,145,
広島・呉,呉市,51322596,108,144,
広島・呉,呉市,51322597,108,144,
広島・呉,呉市,51322598,108,144,
広島・呉,呉市,51322599,107,143,
広島・呉,呉市,51322600,107,143,
広島・呉,呉市,51322601,106,142,
広島・呉,呉市,51322602,105,141,
広島・呉,呉市,51322603,105,141,
広島・呉,呉市,51322604,104,139,
広島・呉,呉市,51322605,103,138,
広島・呉,呉市,51322606,102,137,
広島・呉,呉市,51322607,102,137,
広島・呉,呉市,51322608,102,137,
広島・呉,呉市,51322609,102,137,
広島・呉,呉市,51322610,108,144,
広島・呉,呉市,51322611,107,143,
広島・呉,呉市,51322612,106,142,
広島・呉,呉市,51322613,106,142,
広島・呉,呉市,51322614,105,140,
広島・呉,呉市,51322615,104,139,
広島・呉,呉市,51322616,103,138,
広島・呉,呉市,51322617,104,139,
広島・呉,呉市,51322618,104,139,
広島・呉,呉市,51322619,103,138,
広島・呉,呉市,51322620,108,144,
広島・呉,呉市,51322622,106,142,
広島・呉,呉市,51322623,106,142,
広島・呉,呉市,51322624,105,141,
広島・呉,呉市,51322625,105,140,
広島・呉,呉市,51322626,104,139,
広島・呉,呉市,51322627,105,140,
広島・呉,呉市,51322628,105,141,
広島・呉,呉市,51322630,108,144,
広島・呉,呉市,51322634,105,141,
広島・呉,呉市,51322635,105,140,
広島・呉,呉市,51322636,105,140,
広島・呉,呉市,51322637,105,140,
広島・呉,呉市,51322638,105,140,
広島・呉,呉市,51322680,106,142,
広島・呉,呉市,51322690,106,142,
広島・呉,呉市,51322691,107,143,
広島・呉,呉市,51323401,108,144,
広島・呉,呉市,51323402,108,144,
広島・呉,呉市,51323403,108,144,
広島・呉,呉市,51323404,108,145,
広島・呉,呉市,51323405,109,146,
広島・呉,呉市,51323406,110,147,
広島・呉,呉市,51323407,108,145,
広島・呉,呉市,51323408,107,143,
広島・呉,呉市,51323409,107,143,
広島・呉,呉市,51323411,108,145,
広島・呉,呉市,51323412,108,144,
広島・呉,呉市,51323413,108,144,
広島・呉,呉市,51323414,108,144,
広島・呉,呉市,51323415,108,145,
広島・呉,呉市,51323416,109,146,
広島・呉,呉市,51323417,108,145,
広島・呉,呉市,51323418,108,144,
広島・呉,呉市,51323419,107,143,
広島・呉,呉市,51323421,109,146,
広島・呉,呉市,51323422,108,145,
広島・呉,呉市,51323423,108,144,
広島・呉,呉市,51323424,108,144,
広島・呉,呉市,51323425,108,144,
広島・呉,呉市,51323426,108,145,
広島・呉,呉市,51323427,108,145,
広島・呉,呉市,51323428,108,144,
広島・呉,呉市,51323429,107,143,
広島・呉,呉市,51323431,109,146,
広島・呉,呉市,51323432,109,146,
広島・呉,呉市,51323433,108,145,
広島・呉,呉市,51323434,108,144,
広島・呉,呉市,51323435,108,144,
広島・呉,呉市,51323436,108,144,
広島・呉,呉市,51323437,108,145,
広島・呉,呉市,51323438,108,144,
広島・呉,呉市,51323439,108,144,
広島・呉,呉市,51323440,109,146,
広島・呉,呉市,51323441,109,146,
広島・呉,呉市,51323442,109,146,
広島・呉,呉市,51323443,108,145,
広島・呉,呉市,51323444,108,145,
広島・呉,呉市,51323445,108,144,
広島・呉,呉市,51323446,108,144,
広島・呉,呉市,51323447,108,144,
広島・呉,呉市,51323448,108,144,
広島・呉,呉市,51323449,108,144,
広島・呉,呉市,51323450,108,144,
広島・呉,呉市,51323451,108,145,
広島・呉,呉市,51323452,109,146,
広島・呉,呉市,51323453,109,146,
広島・呉,呉市,51323454,109,146,
広島・呉,呉市,51323455,108,144,
広島・呉,呉市,51323456,108,144,
広島・呉,呉市,51323457,107,143,
広島・呉,呉市,51323458,108,144,
広島・呉,呉市,51323459,108,145,
広島・呉,呉市,51323462,109,146,
広島・呉,呉市,51323463,109,146,
広島・呉,呉市,51323464,109,146,
広島・呉,呉市,51323465,108,144,
広島・呉,呉市,51323466,108,144,
広島・呉,呉市,51323467,107,143,
広島・呉,呉市,51323468,108,144,
広島・呉,呉市,51323469,109,146,
広島・呉,呉市,51323473,108,145,
広島・呉,呉市,51323474,108,145,
広島・呉,呉市,51323475,108,144,
広島・呉,呉市,51323476,108,144,
広島・呉,呉市,51323478,108,144,
広島・呉,呉市,51323479,109,146,
広島・呉,呉市,51323485,108,144,
広島・呉,呉市,51323500,107,143,
広島・呉,呉市,51323501,107,143,
広島・呉,呉市,51323502,108,144,
広島・呉,呉市,51323503,108,144,
広島・呉,呉市,51323504,108,145,
広島・呉,呉市,51323505,109,146,
広島・呉,呉市,51323506,108,144,
広島・呉,呉市,51323507,108,144,
広島・呉,呉市,51323508,107,143,
広島・呉,呉市,51323509,107,143,
広島・呉,呉市,51323510,107,143,
広島・呉,呉市,51323511,107,143,
広島・呉,呉市,51323512,108,144,
広島・呉,呉市,51323513,109,146,
広島・呉,呉市,51323514,109,146,
広島・呉,呉市,51323515,109,146,
広島・呉,呉市,51323516,108,144,
広島・呉,呉市,51323517,108,144,
広島・呉,呉市,51323518,108,144,
広島・呉,呉市,51323519,108,144,
広島・呉,呉市,51323520,107,143,
広島・呉,呉市,51323521,107,143,
広島・呉,呉市,51323522,108,144,
広島・呉,呉市,51323523,109,146,
広島・呉,呉市,51323524,109,146,
広島・呉,呉市,51323525,110,147,
広島・呉,呉市,51323526,109,146,
広島・呉,呉市,51323527,108,145,
広島・呉,呉市,51323528,108,144,
広島・呉,呉市,51323529,108,145,
広島・呉,呉市,51323530,107,143,
広島・呉,呉市,51323531,108,144,
広島・呉,呉市,51323532,108,144,
広島・呉,呉市,51323533,109,146,
広島・呉,呉市,51323534,111,148,
広島・呉,呉市,51323535,112,150,
広島・呉,呉市,51323536,111,149,
広島・呉,呉市,51323537,110,147,
広島・呉,呉市,51323538,109,146,
広島・呉,呉市,51323539,109,146,
広島・呉,呉市,51323540,108,144,
広島・呉,呉市,51323541,108,144,
広島・呉,呉市,51323542,108,144,
広島・呉,呉市,51323543,109,146,
広島・呉,呉市,51323544,111,148,
広島・呉,呉市,51323545,112,150,
広島・呉,呉市,51323546,112,150,
広島・呉,呉市,51323547,111,148,
広島・呉,呉市,51323548,109,146,
広島・呉,呉市,51323549,108,145,
広島・呉,呉市,51323550,109,146,
広島・呉,呉市,51323551,108,145,
広島・呉,呉市,51323552,108,145,
広島・呉,呉市,51323554,110,147,
広島・呉,呉市,51323555,111,149,
広島・呉,呉市,51323556,112,150,
広島・呉,呉市,51323557,111,148,
広島・呉,呉市,51323558,108,145,
広島・呉,呉市,51323559,108,144,
広島・呉,呉市,51323560,111,148,
広島・呉,呉市,51323561,111,148,
広島・呉,呉市,51323565,111,148,
広島・呉,呉市,51323566,109,146,
広島・呉,呉市,51323567,109,146,
広島・呉,呉市,51323568,108,144,
広島・呉,呉市,51323569,108,144,
広島・呉,呉市,51323570,111,148,
広島・呉,呉市,51323577,108,145,
広島・呉,呉市,51323578,108,144,
広島・呉,呉市,51323579,107,143,
広島・呉,呉市,51323588,108,144,
広島・呉,呉市,51323589,107,143,
広島・呉,呉市,51323599,107,143,
広島・呉,呉市,51323600,107,143,
広島・呉,呉市,51323601,106,142,
広島・呉,呉市,51323610,107,143,
広島・呉,呉市,51323611,107,143,
広島・呉,呉市,51323620,108,144,
広島・呉,呉市,51323630,109,146,
広島・呉,呉市,51323631,108,144,
広島・呉,呉市,51323632,107,143,
広島・呉,呉市,51323640,108,144,
広島・呉,呉市,51323641,108,144,
広島・呉,呉市,51323650,108,144,
広島・呉,呉市,51323660,107,143,
広島・呉,大竹市,51322156,109,146,
広島・呉,大竹市,51322157,109,146,
広島・呉,大竹市,51322158,108,145,
広島・呉,大竹市,51322159,108,144,
広島・呉,大竹市,51322166,110,147,
広島・呉,大竹市,51322167,110,147,
広島・呉,大竹市,51322168,109,146,
広島・呉,大竹市,51322169,108,145,
広島・呉,大竹市,51322174,109,146,
広島・呉,大竹市,51322175,109,146,
広島・呉,大竹市,51322176,110,147,
広島・呉,大竹市,51322177,110,147,
広島・呉,大竹市,51322178,109,146,
広島・呉,大竹市,51322179,108,145,
広島・呉,大竹市,51322182,111,148,
広島・呉,大竹市,51322183,110,147,
広島・呉,大竹市,51322184,110,147,
広島・呉,大竹市,51322185,109,146,
広島・呉,大竹市,51322186,109,146,
広島・呉,大竹市,51322187,110,147,
広島・呉,大竹市,51322188,109,146,
広島・呉,大竹市,51322192,110,147,
広島・呉,大竹市,51322193,110,147,
広島・呉,大竹市,51322194,109,146,
広島・呉,大竹市,51322195,109,146,
広島・呉,大竹市,51322196,109,146,
広島・呉,大竹市,51322197,109,146,
広島・呉,大竹市,51322198,109,146,
広島・呉,大竹市,51322223,107,143,
広島・呉,大竹市,51322224,107,143,
広島・呉,大竹市,51322225,107,143,
広島・呉,大竹市,51322233,107,143,
広島・呉,大竹市,51322234,108,144,
広島・呉,大竹市,51322235,107,143,
広島・呉,大竹市,51322245,107,143,
広島・呉,大竹市,51323102,110,147,
広島・呉,大竹市,51323103,109,146,
広島・呉,大竹市,51323104,109,146,
広島・呉,大竹市,51323105,108,145,
広島・呉,大竹市,51323106,109,146,
広島・呉,大竹市,51323107,110,147,
広島・呉,大竹市,51323108,109,146,
広島・呉,大竹市,51323111,110,147,
広島・呉,大竹市,51323112,109,146,
広島・呉,大竹市,51323113,109,146,
広島・呉,大竹市,51323114,108,145,
広島・呉,大竹市,51323115,108,145,
広島・呉,大竹市,51323116,108,145,
広島・呉,大竹市,51323117,109,146,
広島・呉,大竹市,51323118,108,145,
広島・呉,大竹市,51323121,110,147,
広島・呉,大竹市,51323122,110,147,
広島・呉,大竹市,51323123,109,146,
広島・呉,大竹市,51323124,108,145,
広島・呉,大竹市,51323125,108,145,
広島・呉,大竹市,51323126,108,144,
広島・呉,大竹市,51323127,108,144,
広島・呉,大竹市,51323128,108,144,
広島・呉,大竹市,51323131,111,148,
広島・呉,大竹市,51323132,110,147,
広島・呉,大竹市,51323133,111,148,
広島・呉,大竹市,51323134,109,146,
広島・呉,大竹市,51323135,108,145,
広島・呉,大竹市,51323136,108,144,
広島・呉,大竹市,51323137,108,144,
広島・呉,大竹市,51323141,110,147,
広島・呉,大竹市,51323142,111,148,
広島・呉,大竹市,51323146,108,145,
広島・呉,大竹市,51323147,108,144,
広島・呉,大竹市,51323150,110,147,
広島・呉,大竹市,51323151,110,147,
広島・呉,大竹市,51323152,111,148,
広島・呉,大竹市,51323160,111,148,
広島・呉,大竹市,51323161,111,148,
広島・呉,大竹市,51323162,111,148,
広島・呉,大竹市,51323170,110,147,
広島・呉,大竹市,51323171,110,147,
広島・呉,大竹市,51323172,111,148,
広島・呉,大竹市,51323173,110,147,
広島・呉,大竹市,51323182,109,146,
広島・呉,大竹市,51323183,109,146,
広島・呉,大竹市,51323192,108,144,
広島・呉,廿日市市,51322271,108,145,
広島・呉,廿日市市,51322272,108,145,
広島・呉,廿日市市,51322281,108,145,
広島・呉,廿日市市,51322282,108,144,
広島・呉,廿日市市,51322283,108,144,
広島・呉,廿日市市,51322291,107,143,
広島・呉,廿日市市,51322292,108,144,
広島・呉,廿日市市,51322293,108,144,
広島・呉,廿日市市,51322294,108,144,
広島・呉,廿日市市,51323119,108,144,
広島・呉,廿日市市,51323129,108,144,
広島・呉,廿日市市,51323138,108,144,
広島・呉,廿日市市,51323139,107,143,
広島・呉,廿日市市,51323143,110,147,
広島・呉,廿日市市,51323144,109,146,
広島・呉,廿日市市,51323145,108,145,
広島・呉,廿日市市,51323148,108,144,
広島・呉,廿日市市,51323149,108,144,
広島・呉,廿日市市,51323153,110,147,
広島・呉,廿日市市,51323154,109,146,
広島・呉,廿日市市,51323155,109,146,
広島・呉,廿日市市,51323156,109,146,
広島・呉,廿日市市,51323157,109,146,
広島・呉,廿日市市,51323158,108,145,
広島・呉,廿日市市,51323159,108,144,
広島・呉,廿日市市,51323163,111,148,
広島・呉,廿日市市,51323164,110,147,
広島・呉,廿日市市,51323165,108,145,
広島・呉,廿日市市,51323166,108,145,
広島・呉,廿日市市,51323167,109,146,
広島・呉,廿日市市,51323168,109,146,
広島・呉,廿日市市,51323169,108,145,
広島・呉,廿日市市,51323174,109,146,
広島・呉,廿日市市,51323175,109,146,
広島・呉,廿日市市,51323176,109,146,
広島・呉,廿日市市,51323177,109,146,
広島・呉,廿日市市,51323178,109,146,
広島・呉,廿日市市,51323179,108,144,
広島・呉,廿日市市,51323180,109,146,
広島・呉,廿日市市,51323181,108,145,
広島・呉,廿日市市,51323184,109,146,
広島・呉,廿日市市,51323185,108,145,
広島・呉,廿日市市,51323186,108,145,
広島・呉,廿日市市,51323187,108,145,
広島・呉,廿日市市,51323188,109,146,
広島・呉,廿日市市,51323189,108,145,
広島・呉,廿日市市,51323190,108,145,
広島・呉,廿日市市,51323191,108,144,
広島・呉,廿日市市,51323193,108,144,
広島・呉,廿日市市,51323194,108,145,
広島・呉,廿日市市,51323195,108,145,
広島・呉,廿日市市,51323196,108,144,
広島・呉,廿日市市,51323197,108,145,
広島・呉,廿日市市,51323198,109,146,
広島・呉,廿日市市,51323199,108,145,
広島・呉,廿日市市,51323200,108,144,
広島・呉,廿日市市,51323201,107,143,
広島・呉,廿日市市,51323202,107,143,
広島・呉,廿日市市,51323203,107,143,
広島・呉,廿日市市,51323204,107,143,
広島・呉,廿日市市,51323205,107,143,
広島・呉,廿日市市,51323210,107,143,
広島・呉,廿日市市,51323211,107,143,
広島・呉,廿日市市,51323212,107,143,
広島・呉,廿日市市,51323213,107,143,
広島・呉,廿日市市,51323214,106,142,
広島・呉,廿日市市,51323215,105,141,
広島・呉,廿日市市,51323216,106,142,
広島・呉,廿日市市,51323220,108,144,
広島・呉,廿日市市,51323221,107,143,
広島・呉,廿日市市,51323222,107,143,
広島・呉,廿日市市,51323223,107,143,
広島・呉,廿日市市,51323224,105,141,
広島・呉,廿日市市,51323225,105,141,
広島・呉,廿日市市,51323226,106,142,
広島・呉,廿日市市,51323227,107,143,
広島・呉,廿日市市,51323230,107,143,
広島・呉,廿日市市,51323231,107,143,
広島・呉,廿日市市,51323232,107,143,
広島・呉,廿日市市,51323233,107,143,
広島・呉,廿日市市,51323234,106,142,
広島・呉,廿日市市,51323235,106,142,
広島・呉,廿日市市,51323236,105,141,
広島・呉,廿日市市,51323237,106,142,
広島・呉,廿日市市,51323240,107,143,
広島・呉,廿日市市,51323241,107,143,
広島・呉,廿日市市,51323242,108,144,
広島・呉,廿日市市,51323243,108,144,
広島・呉,廿日市市,51323244,106,142,
広島・呉,廿日市市,51323245,106,142,
広島・呉,廿日市市,51323246,106,142,
広島・呉,廿日市市,51323247,105,141,
広島・呉,廿日市市,51323250,107,143,
広島・呉,廿日市市,51323251,107,143,
広島・呉,廿日市市,51323252,108,144,
広島・呉,廿日市市,51323253,108,144,
広島・呉,廿日市市,51323254,108,144,
広島・呉,廿日市市,51323255,107,143,
広島・呉,廿日市市,51323256,106,142,
広島・呉,廿日市市,51323257,105,141,
広島・呉,廿日市市,51323260,107,143,
広島・呉,廿日市市,51323261,107,143,
広島・呉,廿日市市,51323262,107,143,
広島・呉,廿日市市,51323263,108,144,
広島・呉,廿日市市,51323264,108,144,
広島・呉,廿日市市,51323265,107,143,
広島・呉,廿日市市,51323266,106,142,
広島・呉,廿日市市,51323267,105,141,
広島・呉,廿日市市,51323270,107,143,
広島・呉,廿日市市,51323271,107,143,
広島・呉,廿日市市,51323272,108,144,
広島・呉,廿日市市,51323273,108,144,
広島・呉,廿日市市,51323274,107,143,
広島・呉,廿日市市,51323276,106,142,
広島・呉,廿日市市,51323280,108,144,
広島・呉,廿日市市,51323281,108,144,
広島・呉,廿日市市,51323282,108,144,
広島・呉,廿日市市,51323283,108,144,
広島・呉,廿日市市,51323284,107,143,
広島・呉,廿日市市,51323285,107,143,
広島・呉,廿日市市,51323290,108,144,
広島・呉,廿日市市,51323291,108,144,
広島・呉,廿日市市,51323292,107,143,
広島・呉,廿日市市,51323293,107,143,
広島・呉,廿日市市,51323294,107,143,
広島・呉,廿日市市,51323295,107,143,
広島・呉,廿日市市,51324008,109,146,
広島・呉,廿日市市,51324009,109,146,
広島・呉,廿日市市,51324018,109,146,
広島・呉,廿日市市,51324019,109,146,
広島・呉,廿日市市,51324027,109,146,
広島・呉,廿日市市,51324028,108,144,
広島・呉,廿日市市,51324029,108,144,
広島・呉,廿日市市,51324036,110,147,
広島・呉,廿日市市,51324037,109,146,
広島・呉,廿日市市,51324038,108,144,
広島・呉,廿日市市,51324039,108,144,
広島・呉,廿日市市,51324046,110,147,
広島・呉,廿日市市,51324047,109,146,
広島・呉,廿日市市,51324048,108,144,
広島・呉,廿日市市,51324049,107,143,
広島・呉,廿日市市,51324056,109,146,
広島・呉,廿日市市,51324057,109,146,
広島・呉,廿日市市,51324058,107,143,
広島・呉,廿日市市,51324059,108,144,
広島・呉,廿日市市,51324066,108,145,
広島・呉,廿日市市,51324067,108,144,
広島・呉,廿日市市,51324068,108,144,
広島・呉,廿日市市,51324069,108,144,
広島・呉,廿日市市,51324076,108,144,
広島・呉,廿日市市,51324077,108,144,
広島・呉,廿日市市,51324078,108,144,
広島・呉,廿日市市,51324079,107,143,
広島・呉,廿日市市,51324086,108,144,
広島・呉,廿日市市,51324087,107,143,
広島・呉,廿日市市,51324088,107,143,
広島・呉,廿日市市,51324089,107,143,
広島・呉,廿日市市,51324096,107,143,
広島・呉,廿日市市,51324097,107,143,
広島・呉,廿日市市,51324098,107,143,
広島・呉,廿日市市,51324099,107,143,
広島・呉,廿日市市,51324100,108,145,
広島・呉,廿日市市,51324101,108,144,
広島・呉,廿日市市,51324102,107,143,
広島・呉,廿日市市,51324103,108,144,
広島・呉,廿日市市,51324104,108,144,
広島・呉,廿日市市,51324105,108,144,
広島・呉,廿日市市,51324106,108,145,
広島・呉,廿日市市,51324107,108,144,
広島・呉,廿日市市,51324108,108,144,
広島・呉,廿日市市,51324109,108,144,
広島・呉,廿日市市,51324110,108,145,
広島・呉,廿日市市,51324111,108,144,
広島・呉,廿日市市,51324112,107,143,
広島・呉,廿日市市,51324113,107,143,
広島・呉,廿日市市,51324114,108,144,
広島・呉,廿日市市,51324115,108,144,
広島・呉,廿日市市,51324116,108,145,
広島・呉,廿日市市,51324117,108,144,
広島・呉,廿日市市,51324118,108,144,
広島・呉,廿日市市,51324119,107,143,
広島・呉,廿日市市,51324120,108,144,
広島・呉,廿日市市,51324121,107,143,
広島・呉,廿日市市,51324122,107,143,
広島・呉,廿日市市,51324123,107,143,
広島・呉,廿日市市,51324124,108,145,
広島・呉,廿日市市,51324125,108,145,
広島・呉,廿日市市,51324126,108,145,
広島・呉,廿日市市,51324127,108,145,
広島・呉,廿日市市,51324128,108,144,
広島・呉,廿日市市,51324129,107,143,
広島・呉,廿日市市,51324130,107,143,
広島・呉,廿日市市,51324131,107,143,
広島・呉,廿日市市,51324132,107,143,
広島・呉,廿日市市,51324133,108,144,
広島・呉,廿日市市,51324134,108,145,
広島・呉,廿日市市,51324135,109,146,
広島・呉,廿日市市,51324136,109,146,
広島・呉,廿日市市,51324137,109,146,
広島・呉,廿日市市,51324138,108,145,
広島・呉,廿日市市,51324139,107,143,
広島・呉,廿日市市,51324140,107,143,
広島・呉,廿日市市,51324141,108,144,
広島・呉,廿日市市,51324142,107,143,
広島・呉,廿日市市,51324143,108,144,
広島・呉,廿日市市,51324144,108,145,
広島・呉,廿日市市,51324145,109,146,
広島・呉,廿日市市,51324146,109,146,
広島・呉,廿日市市,51324147,108,145,
広島・呉,廿日市市,51324148,108,144,
広島・呉,廿日市市,51324149,108,144,
広島・呉,廿日市市,51324150,108,144,
広島・呉,廿日市市,51324151,108,144,
広島・呉,廿日市市,51324152,108,144,
広島・呉,廿日市市,51324153,108,144,
広島・呉,廿日市市,51324154,108,144,
広島・呉,廿日市市,51324155,108,145,
広島・呉,廿日市市,51324156,109,146,
広島・呉,廿日市市,51324157,108,144,
広島・呉,廿日市市,51324158,108,144,
広島・呉,廿日市市,51324159,108,144,
広島・呉,廿日市市,51324160,108,144,
広島・呉,廿日市市,51324161,108,144,
広島・呉,廿日市市,51324162,108,144,
広島・呉,廿日市市,51324163,107,143,
広島・呉,廿日市市,51324164,107,143,
広島・呉,廿日市市,51324165,108,144,
広島・呉,廿日市市,51324166,107,143,
広島・呉,廿日市市,51324167,107,143,
広島・呉,廿日市市,51324168,107,143,
広島・呉,廿日市市,51324169,108,144,
広島・呉,廿日市市,51324170,107,143,
広島・呉,廿日市市,51324171,107,143,
広島・呉,廿日市市,51324172,107,143,
広島・呉,廿日市市,51324173,107,143,
広島・呉,廿日市市,51324174,106,142,
広島・呉,廿日市市,51324175,106,142,
広島・呉,廿日市市,51324176,106,142,
広島・呉,廿日市市,51324177,106,142,
広島・呉,廿日市市,51324178,106,142,
広島・呉,廿日市市,51324179,107,143,
広島・呉,廿日市市,51324180,106,142,
広島・呉,廿日市市,51324181,107,143,
広島・呉,廿日市市,51324182,107,143,
広島・呉,廿日市市,51324183,107,143,
広島・呉,廿日市市,51324184,106,142,
広島・呉,廿日市市,51324185,105,141,
広島・呉,廿日市市,51324186,105,141,
広島・呉,廿日市市,51324187,105,141,
広島・呉,廿日市市,51324188,105,141,
広島・呉,廿日市市,51324189,105,141,
広島・呉,廿日市市,51324190,107,143,
広島・呉,廿日市市,51324191,106,142,
広島・呉,廿日市市,51324192,107,143,
広島・呉,廿日市市,51324193,107,143,
広島・呉,廿日市市,51324194,107,143,
広島・呉,廿日市市,51324195,107,143,
広島・呉,廿日市市,51324196,106,142,
広島・呉,廿日市市,51324197,106,142,
広島・呉,廿日市市,51324198,105,141,
広島・呉,廿日市市,51324199,105,141,
広島・呉,廿日市市,51324200,108,144,
広島・呉,廿日市市,51324201,107,143,
広島・呉,廿日市市,51324202,107,143,
広島・呉,廿日市市,51324203,107,143,
広島・呉,廿日市市,51324204,107,143,
広島・呉,廿日市市,51324205,107,143,
広島・呉,廿日市市,51324206,107,143,
広島・呉,廿日市市,51324207,107,143,
広島・呉,廿日市市,51324210,107,143,
広島・呉,廿日市市,51324211,107,143,
広島・呉,廿日市市,51324212,106,142,
広島・呉,廿日市市,51324213,107,143,
広島・呉,廿日市市,51324214,107,143,
広島・呉,廿日市市,51324215,107,143,
広島・呉,廿日市市,51324216,107,143,
広島・呉,廿日市市,51324217,107,143,
広島・呉,廿日市市,51324218,106,142,
広島・呉,廿日市市,51324220,107,143,
広島・呉,廿日市市,51324221,107,143,
広島・呉,廿日市市,51324222,107,143,
広島・呉,廿日市市,51324223,107,143,
広島・呉,廿日市市,51324224,107,143,
広島・呉,廿日市市,51324225,107,143,
広島・呉,廿日市市,51324226,108,144,
広島・呉,廿日市市,51324227,108,144,
広島・呉,廿日市市,51324230,107,143,
広島・呉,廿日市市,51324231,107,143,
広島・呉,廿日市市,51324232,107,143,
広島・呉,廿日市市,51324233,107,143,
広島・呉,廿日市市,51324234,107,143,
広島・呉,廿日市市,51324235,108,144,
広島・呉,廿日市市,51324236,108,144,
広島・呉,廿日市市,51324237,108,144,
広島・呉,廿日市市,51324240,107,143,
広島・呉,廿日市市,51324241,108,144,
広島・呉,廿日市市,51324242,108,144,
広島・呉,廿日市市,51324243,107,143,
広島・呉,廿日市市,51324244,107,143,
広島・呉,廿日市市,51324245,107,143,
広島・呉,廿日市市,51324246,107,143,
広島・呉,廿日市市,51324250,108,145,
広島・呉,廿日市市,51324251,108,144,
広島・呉,廿日市市,51324252,108,144,
広島・呉,廿日市市,51324253,107,143,
広島・呉,廿日市市,51324254,107,143,
広島・呉,廿日市市,51324255,107,143,
広島・呉,廿日市市,51324260,108,145,
広島・呉,廿日市市,51324261,108,144,
広島・呉,廿日市市,51324262,108,144,
広島・呉,廿日市市,51324264,106,142,
広島・呉,廿日市市,51324270,108,144,
広島・呉,廿日市市,51324271,107,143,
広島・呉,廿日市市,51324272,107,143,
広島・呉,廿日市市,51324274,108,144,
広島・呉,廿日市市,51324275,107,143,
広島・呉,廿日市市,51324280,106,142,
広島・呉,廿日市市,51324281,107,143,
広島・呉,廿日市市,51324282,107,143,
広島・呉,廿日市市,51324284,108,144,
広島・呉,廿日市市,51324285,107,143,
広島・呉,廿日市市,51324290,106,142,
広島・呉,廿日市市,51324291,106,142,
広島・呉,廿日市市,51324294,108,144,
広島・呉,廿日市市,51325006,107,143,
広島・呉,廿日市市,51325007,107,143,
広島・呉,廿日市市,51325008,106,142,
広島・呉,廿日市市,51325009,106,142,
広島・呉,廿日市市,51325016,106,142,
広島・呉,廿日市市,51325017,107,143,
広島・呉,廿日市市,51325018,106,142,
広島・呉,廿日市市,51325019,106,142,
広島・呉,廿日市市,51325026,106,142,
広島・呉,廿日市市,51325027,107,143,
広島・呉,廿日市市,51325028,107,143,
広島・呉,廿日市市,51325029,107,143,
広島・呉,廿日市市,51325036,106,142,
広島・呉,廿日市市,51325037,107,143,
広島・呉,廿日市市,51325038,107,143,
広島・呉,廿日市市,51325039,107,143,
広島・呉,廿日市市,51325046,107,143,
広島・呉,廿日市市,51325047,108,144,
広島・呉,廿日市市,51325048,107,143,
広島・呉,廿日市市,51325049,107,143,
広島・呉,廿日市市,51325056,107,143,
広島・呉,廿日市市,51325057,107,143,
広島・呉,廿日市市,51325058,108,144,
広島・呉,廿日市市,51325059,108,144,
広島・呉,廿日市市,51325065,106,142,
広島・呉,廿日市市,51325066,106,142,
広島・呉,廿日市市,51325067,107,143,
広島・呉,廿日市市,51325068,107,143,
広島・呉,廿日市市,51325069,108,145,
広島・呉,廿日市市,51325075,105,140,
広島・呉,廿日市市,51325076,105,141,
広島・呉,廿日市市,51325077,106,142,
広島・呉,廿日市市,51325078,108,144,
広島・呉,廿日市市,51325079,109,146,
広島・呉,廿日市市,51325085,105,141,
広島・呉,廿日市市,51325086,105,140,
広島・呉,廿日市市,51325087,105,141,
広島・呉,廿日市市,51325088,107,143,
広島・呉,廿日市市,51325089,109,146,
広島・呉,廿日市市,51325094,105,140,
広島・呉,廿日市市,51325095,105,141,
広島・呉,廿日市市,51325096,105,141,
広島・呉,廿日市市,51325097,105,141,
広島・呉,廿日市市,51325098,107,143,
広島・呉,廿日市市,51325099,108,144,
広島・呉,廿日市市,51325100,106,142,
広島・呉,廿日市市,51325101,106,142,
広島・呉,廿日市市,51325102,107,143,
広島・呉,廿日市市,51325103,108,144,
広島・呉,廿日市市,51325104,108,144,
広島・呉,廿日市市,51325108,106,142,
広島・呉,廿日市市,51325109,107,143,
広島・呉,廿日市市,51325110,107,143,
広島・呉,廿日市市,51325111,106,142,
広島・呉,廿日市市,51325112,107,143,
広島・呉,廿日市市,51325113,108,144,
広島・呉,廿日市市,51325114,109,146,
広島・呉,廿日市市,51325118,107,143,
広島・呉,廿日市市,51325120,107,143,
広島・呉,廿日市市,51325121,107,143,
広島・呉,廿日市市,51325122,107,143,
広島・呉,廿日市市,51325123,108,144,
広島・呉,廿日市市,51325124,108,145,
広島・呉,廿日市市,51325130,106,142,
広島・呉,廿日市市,51325131,107,143,
広島・呉,廿日市市,51325132,107,143,
広島・呉,廿日市市,51325133,107,143,
広島・呉,廿日市市,51325134,107,143,
広島・呉,廿日市市,51325140,107,143,
広島・呉,廿日市市,51325141,106,142,
広島・呉,廿日市市,51325142,106,142,
広島・呉,廿日市市,51325143,107,143,
広島・呉,廿日市市,51325144,106,142,
広島・呉,廿日市市,51325145,107,143,
広島・呉,廿日市市,51325150,108,144,
広島・呉,廿日市市,51325151,108,144,
広島・呉,廿日市市,51325152,106,142,
広島・呉,廿日市市,51325153,105,141,
広島・呉,廿日市市,51325154,105,141,
広島・呉,廿日市市,51325155,105,141,
広島・呉,廿日市市,51325160,109,146,
広島・呉,廿日市市,51325161,108,145,
広島・呉,廿日市市,51325162,108,144,
広島・呉,廿日市市,51325163,107,143,
広島・呉,廿日市市,51325164,107,143,
広島・呉,廿日市市,51325165,107,143,
広島・呉,廿日市市,51325170,110,147,
広島・呉,廿日市市,51325171,109,146,
広島・呉,廿日市市,51325172,108,144,
広島・呉,廿日市市,51325173,107,143,
広島・呉,廿日市市,51325174,107,143,
広島・呉,廿日市市,51325175,108,144,
広島・呉,廿日市市,51325180,109,146,
広島・呉,廿日市市,51325181,109,146,
広島・呉,廿日市市,51325182,108,144,
広島・呉,廿日市市,51325183,108,144,
広島・呉,廿日市市,51325184,108,144,
広島・呉,廿日市市,51325185,108,145,
広島・呉,廿日市市,51325190,108,144,
広島・呉,廿日市市,51325191,108,144,
広島・呉,廿日市市,51325192,108,144,
広島・呉,廿日市市,51325193,108,144,
広島・呉,廿日市市,51325194,108,144,
広島・呉,廿日市市,51325195,109,146,
広島・呉,廿日市市,51326003,104,139,
広島・呉,廿日市市,51326004,105,140,
広島・呉,廿日市市,51326005,105,141,
広島・呉,廿日市市,51326006,105,141,
広島・呉,廿日市市,51326007,107,143,
広島・呉,廿日市市,51326008,107,143,
広島・呉,廿日市市,51326009,107,143,
広島・呉,廿日市市,51326014,104,139,
広島・呉,廿日市市,51326015,105,141,
広島・呉,廿日市市,51326016,106,142,
広島・呉,廿日市市,51326017,106,142,
広島・呉,廿日市市,51326018,105,141,
広島・呉,廿日市市,51326019,105,141,
広島・呉,廿日市市,51326024,104,139,
広島・呉,廿日市市,51326025,105,140,
広島・呉,廿日市市,51326026,105,141,
広島・呉,廿日市市,51326027,105,141,
広島・呉,廿日市市,51326028,105,141,
広島・呉,廿日市市,51326029,105,140,
広島・呉,廿日市市,51326034,104,139,
広島・呉,廿日市市,51326035,104,139,
広島・呉,廿日市市,51326036,104,139,
広島・呉,廿日市市,51326037,104,139,
広島・呉,廿日市市,51326038,104,139,
広島・呉,廿日市市,51326039,104,139,
広島・呉,廿日市市,51326046,104,139,
広島・呉,廿日市市,51326047,103,138,
広島・呉,廿日市市,51326048,103,138,
広島・呉,廿日市市,51326049,104,139,
広島・呉,廿日市市,51326057,103,138,
広島・呉,廿日市市,51326058,104,139,
広島・呉,廿日市市,51326059,104,139,
広島・呉,廿日市市,51326068,103,138,
広島・呉,廿日市市,51326069,104,139,
広島・呉,廿日市市,51326079,104,139,
広島・呉,廿日市市,51326089,104,139,
広島・呉,廿日市市,51326100,107,143,
広島・呉,廿日市市,51326101,108,144,
広島・呉,廿日市市,51326102,107,143,
広島・呉,廿日市市,51326103,108,144,
広島・呉,廿日市市,51326104,108,145,
広島・呉,廿日市市,51326110,106,142,
広島・呉,廿日市市,51326111,106,142,
広島・呉,廿日市市,51326112,107,143,
広島・呉,廿日市市,51326113,108,144,
広島・呉,廿日市市,51326120,105,141,
広島・呉,廿日市市,51326121,105,141,
広島・呉,廿日市市,51326122,106,142,
広島・呉,廿日市市,51326130,104,139,
広島・呉,廿日市市,51326131,104,139,
広島・呉,廿日市市,51326132,105,141,
広島・呉,廿日市市,51326133,106,142,
広島・呉,廿日市市,51326140,104,139,
広島・呉,廿日市市,51326141,104,139,
広島・呉,廿日市市,51326142,105,140,
広島・呉,廿日市市,51326143,106,142,
広島・呉,廿日市市,51326144,108,144,
広島・呉,廿日市市,51326150,104,139,
広島・呉,廿日市市,51326151,104,139,
広島・呉,廿日市市,51326152,104,139,
広島・呉,廿日市市,51326160,105,140,
広島・呉,廿日市市,51326161,105,140,
広島・呉,廿日市市,51326170,104,139,
広島・呉,廿日市市,51326171,105,141,
広島・呉,廿日市市,51326180,104,139,
広島・呉,江田島市,51321354,106,142,
広島・呉,江田島市,51321355,105,141,
広島・呉,江田島市,51321364,106,142,
広島・呉,江田島市,51321365,105,141,
広島・呉,江田島市,51321366,105,141,
広島・呉,江田島市,51321367,105,141,
広島・呉,江田島市,51321368,106,142,
広島・呉,江田島市,51321371,105,141,
広島・呉,江田島市,51321372,105,141,
広島・呉,江田島市,51321374,105,141,
広島・呉,江田島市,51321375,105,141,
広島・呉,江田島市,51321376,105,141,
広島・呉,江田島市,51321377,106,142,
広島・呉,江田島市,51321378,106,142,
広島・呉,江田島市,51321380,106,142,
広島・呉,江田島市,51321381,105,141,
広島・呉,江田島市,51321382,105,141,
広島・呉,江田島市,51321383,105,141,
広島・呉,江田島市,51321384,105,141,
広島・呉,江田島市,51321385,106,142,
広島・呉,江田島市,51321386,106,142,
広島・呉,江田島市,51321387,107,143,
広島・呉,江田島市,51321388,107,143,
広島・呉,江田島市,51321390,106,142,
広島・呉,江田島市,51321391,106,142,
広島・呉,江田島市,51321392,106,142,
広島・呉,江田島市,51321393,105,141,
広島・呉,江田島市,51321394,105,141,
広島・呉,江田島市,51321395,105,141,
広島・呉,江田島市,51321396,106,142,
広島・呉,江田島市,51321397,107,143,
広島・呉,江田島市,51321398,107,143,
広島・呉,江田島市,51322300,106,142,
広島・呉,江田島市,51322301,106,142,
広島・呉,江田島市,51322302,106,142,
広島・呉,江田島市,51322303,106,142,
広島・呉,江田島市,51322304,105,141,
広島・呉,江田島市,51322305,107,143,
広島・呉,江田島市,51322306,107,143,
広島・呉,江田島市,51322307,107,143,
広島・呉,江田島市,51322308,107,143,
広島・呉,江田島市,51322310,107,143,
広島・呉,江田島市,51322311,106,142,
広島・呉,江田島市,51322313,105,141,
広島・呉,江田島市,51322314,105,141,
広島・呉,江田島市,51322315,107,143,
広島・呉,江田島市,51322316,107,143,
広島・呉,江田島市,51322317,107,143,
広島・呉,江田島市,51322318,107,143,
広島・呉,江田島市,51322323,105,141,
広島・呉,江田島市,51322324,105,141,
広島・呉,江田島市,51322325,105,141,
広島・呉,江田島市,51322326,105,141,
広島・呉,江田島市,51322327,107,143,
広島・呉,江田島市,51322333,105,141,
広島・呉,江田島市,51322334,105,141,
広島・呉,江田島市,51322335,105,141,
広島・呉,江田島市,51322336,105,141,
広島・呉,江田島市,51322337,105,141,
広島・呉,江田島市,51322338,107,143,
広島・呉,江田島市,51322342,106,142,
広島・呉,江田島市,51322343,106,142,
広島・呉,江田島市,51322344,105,141,
広島・呉,江田島市,51322345,106,142,
広島・呉,江田島市,51322346,106,142,
広島・呉,江田島市,51322347,106,142,
広島・呉,江田島市,51322348,107,143,
広島・呉,江田島市,51322349,107,143,
広島・呉,江田島市,51322351,108,144,
広島・呉,江田島市,51322352,107,143,
広島・呉,江田島市,51322353,107,143,
広島・呉,江田島市,51322354,107,143,
広島・呉,江田島市,51322355,107,143,
広島・呉,江田島市,51322356,107,143,
広島・呉,江田島市,51322357,107,143,
広島・呉,江田島市,51322358,107,143,
広島・呉,江田島市,51322359,108,144,
広島・呉,江田島市,51322360,107,143,
広島・呉,江田島市,51322361,107,143,
広島・呉,江田島市,51322362,108,144,
広島・呉,江田島市,51322363,108,144,
広島・呉,江田島市,51322364,108,144,
広島・呉,江田島市,51322365,108,144,
広島・呉,江田島市,51322366,107,143,
広島・呉,江田島市,51322367,107,143,
広島・呉,江田島市,51322368,108,144,
広島・呉,江田島市,51322369,108,144,
広島・呉,江田島市,51322370,107,143,
広島・呉,江田島市,51322371,107,143,
広島・呉,江田島市,51322372,108,144,
広島・呉,江田島市,51322373,108,144,
広島・呉,江田島市,51322374,108,144,
広島・呉,江田島市,51322375,108,144,
広島・呉,江田島市,51322376,107,143,
広島・呉,江田島市,51322378,108,145,
広島・呉,江田島市,51322379,108,145,
広島・呉,江田島市,51322381,108,144,
広島・呉,江田島市,51322382,108,144,
広島・呉,江田島市,51322383,108,145,
広島・呉,江田島市,51322384,108,144,
広島・呉,江田島市,51322385,108,144,
広島・呉,江田島市,51322387,107,143,
広島・呉,江田島市,51322388,108,144,
広島・呉,江田島市,51322389,108,145,
広島・呉,江田島市,51322390,108,144,
広島・呉,江田島市,51322391,108,144,
広島・呉,江田島市,51322392,108,145,
広島・呉,江田島市,51322393,109,146,
広島・呉,江田島市,51322394,108,145,
広島・呉,江田島市,51322395,108,144,
広島・呉,江田島市,51322396,108,144,
広島・呉,江田島市,51322397,108,144,
広島・呉,江田島市,51322398,108,144,
広島・呉,江田島市,51322399,108,144,
広島・呉,江田島市,51323209,108,144,
広島・呉,江田島市,51323219,107,143,
広島・呉,江田島市,51323229,107,143,
広島・呉,江田島市,51323238,106,142,
広島・呉,江田島市,51323239,106,142,
広島・呉,江田島市,51323300,108,144,
広島・呉,江田島市,51323301,108,144,
広島・呉,江田島市,51323302,108,145,
広島・呉,江田島市,51323303,109,146,
広島・呉,江田島市,51323304,108,145,
広島・呉,江田島市,51323305,108,145,
広島・呉,江田島市,51323306,108,144,
広島・呉,江田島市,51323307,108,144,
広島・呉,江田島市,51323308,108,144,
広島・呉,江田島市,51323309,108,144,
広島・呉,江田島市,51323310,108,144,
広島・呉,江田島市,51323311,108,145,
広島・呉,江田島市,51323312,108,145,
広島・呉,江田島市,51323313,109,146,
広島・呉,江田島市,51323315,108,144,
広島・呉,江田島市,51323316,108,145,
広島・呉,江田島市,51323317,108,144,
広島・呉,江田島市,51323318,108,145,
広島・呉,江田島市,51323319,108,144,
広島・呉,江田島市,51323320,107,143,
広島・呉,江田島市,51323324,108,144,
広島・呉,江田島市,51323325,108,144,
広島・呉,江田島市,51323326,108,144,
広島・呉,江田島市,51323327,108,144,
広島・呉,江田島市,51323328,108,145,
広島・呉,江田島市,51323329,108,145,
広島・呉,江田島市,51323330,107,143,
広島・呉,江田島市,51323334,108,144,
広島・呉,江田島市,51323335,107,143,
広島・呉,江田島市,51323336,108,144,
広島・呉,江田島市,51323337,108,144,
広島・呉,江田島市,51323338,109,146,
広島・呉,江田島市,51323339,109,146,
広島・呉,江田島市,51323344,108,144,
広島・呉,江田島市,51323345,107,143,
広島・呉,江田島市,51323346,107,143,
広島・呉,江田島市,51323347,107,143,
広島・呉,江田島市,51323348,108,144,
広島・呉,江田島市,51323349,108,145,
広島・呉,江田島市,51323358,108,144,
広島・呉,府中町,51324450,108,145,
広島・呉,府中町,51324460,108,145,
広島・呉,府中町,51324461,108,145,
広島・呉,府中町,51324470,108,145,
広島・呉,府中町,51324471,109,146,
広島・呉,府中町,51324481,108,145,
広島・呉,府中町,51324482,108,144,
広島・呉,府中町,51324491,108,144,
広島・呉,府中町,51324492,108,144,
広島・呉,海田町,51324414,109,146,
広島・呉,海田町,51324424,108,145,
広島・呉,海田町,51324425,108,145,
広島・呉,海田町,51324432,109,146,
広島・呉,海田町,51324433,109,146,
広島・呉,海田町,51324434,108,144,
広島・呉,海田町,51324435,108,144,
広島・呉,海田町,51324442,109,146,
広島・呉,海田町,51324443,108,145,
広島・呉,海田町,51324444,108,144,
広島・呉,海田町,51324445,108,144,
広島・呉,海田町,51324453,108,144,
広島・呉,海田町,51324454,108,144,
広島・呉,熊野町,51323477,108,144,
広島・呉,熊野町,51323486,108,144,
広島・呉,熊野町,51323487,108,144,
広島・呉,熊野町,51323488,108,144,
広島・呉,熊野町,51323494,108,144,
広島・呉,熊野町,51323495,108,145,
広島・呉,熊野町,51323496,108,145,
広島・呉,熊野町,51323497,108,144,
広島・呉,熊野町,51323498,108,144,
広島・呉,熊野町,51324404,108,145,
広島・呉,熊野町,51324405,109,146,
広島・呉,熊野町,51324406,109,146,
広島・呉,熊野町,51324407,108,145,
広島・呉,熊野町,51324408,108,144,
広島・呉,熊野町,51324415,109,146,
広島・呉,熊野町,51324416,109,146,
広島・呉,熊野町,51324417,108,144,
広島・呉,熊野町,51324418,108,144,
広島・呉,熊野町,51324426,108,145,
広島・呉,熊野町,51324427,108,144,
広島・呉,熊野町,51324428,107,143,
広島・呉,熊野町,51324429,107,143,
広島・呉,熊野町,51324436,108,144,
広島・呉,熊野町,51324437,108,144,
広島・呉,熊野町,51324438,107,143,
広島・呉,熊野町,51324439,106,142,
広島・呉,熊野町,51324446,107,143,
広島・呉,熊野町,51324447,107,143,
広島・呉,熊野町,51324448,107,143,
広島・呉,熊野町,51324449,106,142,
広島・呉,熊野町,51324457,107,143,
広島・呉,坂町,51323369,108,144,
広島・呉,坂町,51323379,108,144,
広島・呉,坂町,51323389,108,144,
広島・呉,坂町,51323460,108,144,
広島・呉,坂町,51323461,108,144,
広島・呉,坂町,51323470,108,144,
広島・呉,坂町,51323471,108,144,
広島・呉,坂町,51323472,108,145,
広島・呉,坂町,51323480,108,145,
広島・呉,坂町,51323481,108,145,
広島・呉,坂町,51323482,108,145,
広島・呉,坂町,51323490,109,146,
広島・呉,坂町,51323491,109,146,
広島・呉,坂町,51324309,108,145,
広島・呉,坂町,51324319,109,146,
広島・呉,坂町,51324400,109,146,
広島・呉,坂町,51324401,109,146,
広島・呉,坂町,51324410,110,147,
広島・呉,坂町,51324411,109,146,
福山・尾三,三原市,51324726,107,139,
福山・尾三,三原市,51324727,107,140,
福山・尾三,三原市,51324728,107,140,
福山・尾三,三原市,51324729,106,138,
福山・尾三,三原市,51324735,105,137,
福山・尾三,三原市,51324736,106,138,
福山・尾三,三原市,51324737,106,138,
福山・尾三,三原市,51324738,107,140,
福山・尾三,三原市,51324739,107,139,
福山・尾三,三原市,51324745,105,137,
福山・尾三,三原市,51324746,105,137,
福山・尾三,三原市,51324747,106,138,
福山・尾三,三原市,51324748,107,140,
福山・尾三,三原市,51324749,107,140,
福山・尾三,三原市,51324755,105,137,
福山・尾三,三原市,51324756,105,137,
福山・尾三,三原市,51324757,105,137,
福山・尾三,三原市,51324758,106,138,
福山・尾三,三原市,51324759,106,138,
福山・尾三,三原市,51324763,107,140,
福山・尾三,三原市,51324764,106,138,
福山・尾三,三原市,51324765,105,137,
福山・尾三,三原市,51324766,104,136,
福山・尾三,三原市,51324767,104,136,
福山・尾三,三原市,51324768,103,135,
福山・尾三,三原市,51324769,105,137,
福山・尾三,三原市,51324773,107,140,
福山・尾三,三原市,51324774,105,137,
福山・尾三,三原市,51324775,105,137,
福山・尾三,三原市,51324776,103,135,
福山・尾三,三原市,51324777,103,135,
福山・尾三,三原市,51324778,103,134,
福山・尾三,三原市,51324779,103,135,
福山・尾三,三原市,51324783,107,139,
福山・尾三,三原市,51324784,105,137,
福山・尾三,三原市,51324785,105,137,
福山・尾三,三原市,51324786,103,135,
福山・尾三,三原市,51324787,103,135,
福山・尾三,三原市,51324788,103,135,
福山・尾三,三原市,51324789,103,135,
福山・尾三,三原市,51324793,107,140,
福山・尾三,三原市,51324794,106,138,
福山・尾三,三原市,51324795,105,137,
福山・尾三,三原市,51324796,105,137,
福山・尾三,三原市,51324797,103,135,
福山・尾三,三原市,51324798,103,135,
福山・尾三,三原市,51324799,103,135,
福山・尾三,三原市,51325702,107,140,
福山・尾三,三原市,51325703,107,140,
福山・尾三,三原市,51325704,107,139,
福山・尾三,三原市,51325705,105,137,
福山・尾三,三原市,51325706,105,137,
福山・尾三,三原市,51325707,105,137,
福山・尾三,三原市,51325708,103,135,
福山・尾三,三原市,51325709,104,136,
福山・尾三,三原市,51325712,107,140,
福山・尾三,三原市,51325713,108,141,
福山・尾三,三原市,51325714,107,140,
福山・尾三,三原市,51325715,106,138,
福山・尾三,三原市,51325716,105,137,
福山・尾三,三原市,51325717,105,137,
福山・尾三,三原市,51325718,105,137,
福山・尾三,三原市,51325719,104,136,
福山・尾三,三原市,51325722,107,140,
福山・尾三,三原市,51325723,107,140,
福山・尾三,三原市,51325724,107,140,
福山・尾三,三原市,51325725,105,137,
福山・尾三,三原市,51325726,106,138,
福山・尾三,三原市,51325727,105,137,
福山・尾三,三原市,51325728,106,138,
福山・尾三,三原市,51325729,105,137,
福山・尾三,三原市,51325732,106,138,
福山・尾三,三原市,51325733,107,140,
福山・尾三,三原市,51325734,106,138,
福山・尾三,三原市,51325735,105,137,
福山・尾三,三原市,51325736,104,136,
福山・尾三,三原市,51325737,103,135,
福山・尾三,三原市,51325738,105,137,
福山・尾三,三原市,51325739,104,136,
福山・尾三,三原市,51325742,105,137,
福山・尾三,三原市,51325743,105,137,
福山・尾三,三原市,51325744,105,137,
福山・尾三,三原市,51325745,104,136,
福山・尾三,三原市,51325746,104,136,
福山・尾三,三原市,51325747,103,135,
福山・尾三,三原市,51325748,103,135,
福山・尾三,三原市,51325749,103,135,
福山・尾三,三原市,51325751,107,139,
福山・尾三,三原市,51325753,105,137,
福山・尾三,三原市,51325754,105,137,
福山・尾三,三原市,51325755,104,136,
福山・尾三,三原市,51325756,104,136,
福山・尾三,三原市,51325757,105,137,
福山・尾三,三原市,51325758,104,136,
福山・尾三,三原市,51325759,103,135,
福山・尾三,三原市,51325763,105,137,
福山・尾三,三原市,51325764,104,136,
福山・尾三,三原市,51325765,105,137,
福山・尾三,三原市,51325766,105,137,
福山・尾三,三原市,51325767,104,136,
福山・尾三,三原市,51325768,104,136,
福山・尾三,三原市,51325769,103,135,
福山・尾三,三原市,51325773,105,137,
福山・尾三,三原市,51325774,105,137,
福山・尾三,三原市,51325775,105,137,
福山・尾三,三原市,51325776,105,137,
福山・尾三,三原市,51325777,105,137,
福山・尾三,三原市,51325778,103,135,
福山・尾三,三原市,51325779,104,136,
福山・尾三,三原市,51325782,107,139,
福山・尾三,三原市,51325783,105,137,
福山・尾三,三原市,51325784,105,137,
福山・尾三,三原市,51325785,105,137,
福山・尾三,三原市,51325786,105,137,
福山・尾三,三原市,51325787,104,136,
福山・尾三,三原市,51325788,104,136,
福山・尾三,三原市,51325789,103,135,
福山・尾三,三原市,51325792,107,140,
福山・尾三,三原市,51325793,106,138,
福山・尾三,三原市,51325794,105,137,
福山・尾三,三原市,51325795,105,137,
福山・尾三,三原市,51325796,105,137,
福山・尾三,三原市,51325797,104,136,
福山・尾三,三原市,51325798,104,136,
福山・尾三,三原市,51325799,104,136,
福山・尾三,三原市,51326629,107,139,
福山・尾三,三原市,51326638,106,138,
福山・尾三,三原市,51326639,106,138,
福山・尾三,三原市,51326648,107,139,
福山・尾三,三原市,51326649,106,138,
福山・尾三,三原市,51326658,106,138,
福山・尾三,三原市,51326659,106,138,
福山・尾三,三原市,51326702,107,140,
福山・尾三,三原市,51326703,106,138,
福山・尾三,三原市,51326704,105,137,
福山・尾三,三原市,51326705,105,137,
福山・尾三,三原市,51326706,105,137,
福山・尾三,三原市,51326707,104,136,
福山・尾三,三原市,51326708,104,136,
福山・尾三,三原市,51326709,104,136,
福山・尾三,三原市,51326711,107,140,
福山・尾三,三原市,51326712,107,140,
福山・尾三,三原市,51326713,107,139,
福山・尾三,三原市,51326714,105,137,
福山・尾三,三原市,51326715,105,137,
福山・尾三,三原市,51326716,103,135,
福山・尾三,三原市,51326717,104,136,
福山・尾三,三原市,51326718,104,136,
福山・尾三,三原市,51326719,104,136,
福山・尾三,三原市,51326720,107,139,
福山・尾三,三原市,51326721,105,137,
福山・尾三,三原市,51326722,106,138,
福山・尾三,三原市,51326723,105,137,
福山・尾三,三原市,51326724,105,137,
福山・尾三,三原市,51326725,105,137,
福山・尾三,三原市,51326726,104,136,
福山・尾三,三原市,51326727,104,136,
福山・尾三,三原市,51326728,105,137,
福山・尾三,三原市,51326729,104,136,
福山・尾三,三原市,51326730,106,138,
福山・尾三,三原市,51326731,105,137,
福山・尾三,三原市,51326732,105,137,
福山・尾三,三原市,51326733,105,137,
福山・尾三,三原市,51326734,105,137,
福山・尾三,三原市,51326735,105,137,
福山・尾三,三原市,51326736,105,137,
福山・尾三,三原市,51326737,105,137,
福山・尾三,三原市,51326738,105,137,
福山・尾三,三原市,51326739,105,137,
福山・尾三,三原市,51326740,106,138,
福山・尾三,三原市,51326741,105,137,
福山・尾三,三原市,51326742,104,136,
福山・尾三,三原市,51326743,105,137,
福山・尾三,三原市,51326744,105,137,
福山・尾三,三原市,51326745,105,137,
福山・尾三,三原市,51326746,105,137,
福山・尾三,三原市,51326747,105,137,
福山・尾三,三原市,51326748,105,137,
福山・尾三,三原市,51326749,103,135,
福山・尾三,三原市,51326750,106,138,
福山・尾三,三原市,51326751,105,137,
福山・尾三,三原市,51326752,105,137,
福山・尾三,三原市,51326753,104,136,
福山・尾三,三原市,51326754,104,136,
福山・尾三,三原市,51326755,105,137,
福山・尾三,三原市,51326756,105,137,
福山・尾三,三原市,51326757,105,137,
福山・尾三,三原市,51326758,103,135,
福山・尾三,三原市,51326759,103,135,
福山・尾三,三原市,51326760,106,138,
福山・尾三,三原市,51326761,105,137,
福山・尾三,三原市,51326762,105,137,
福山・尾三,三原市,51326763,105,137,
福山・尾三,三原市,51326764,105,137,
福山・尾三,三原市,51326765,105,137,
福山・尾三,三原市,51326766,104,136,
福山・尾三,三原市,51326767,103,135,
福山・尾三,三原市,51326768,103,135,
福山・尾三,三原市,51326771,105,137,
福山・尾三,三原市,51326772,105,137,
福山・尾三,三原市,51326773,105,137,
福山・尾三,三原市,51326774,104,136,
福山・尾三,三原市,51326775,104,136,
福山・尾三,三原市,51326776,103,135,
福山・尾三,三原市,51326777,103,135,
福山・尾三,三原市,51326780,105,137,
福山・尾三,三原市,51326781,105,137,
福山・尾三,三原市,51326782,105,137,
福山・尾三,三原市,51326783,104,136,
福山・尾三,三原市,51326784,105,137,
福山・尾三,三原市,51326785,104,136,
福山・尾三,三原市,51326786,105,137,
福山・尾三,三原市,51326791,105,137,
福山・尾三,三原市,51326792,105,137,
福山・尾三,三原市,51326793,105,137,
福山・尾三,三原市,51326794,105,137,
福山・尾三,三原市,51326795,105,137,
福山・尾三,三原市,51327702,104,136,
福山・尾三,三原市,51327703,105,137,
福山・尾三,三原市,51333087,105,137,
福山・尾三,三原市,51333088,104,136,
福山・尾三,三原市,51333089,103,135,
福山・尾三,三原市,51333091,105,137,
福山・尾三,三原市,51333092,105,137,
福山・尾三,三原市,51333093,105,137,
福山・尾三,三原市,51333097,104,136,
福山・尾三,三原市,51333098,103,135,
福山・尾三,三原市,51333099,103,135,
福山・尾三,三原市,51334001,104,136,
福山・尾三,三原市,51334002,104,136,
福山・尾三,三原市,51334003,105,137,
福山・尾三,三原市,51334004,104,136,
福山・尾三,三原市,51334007,103,135,
福山・尾三,三原市,51334008,103,135,
福山・尾三,三原市,51334009,103,135,
福山・尾三,三原市,51334011,105,137,
福山・尾三,三原市,51334012,105,137,
福山・尾三,三原市,51334013,105,137,
福山・尾三,三原市,51334014,104,136,
福山・尾三,三原市,51334015,103,135,
福山・尾三,三原市,51334016,103,134,
福山・尾三,三原市,51334018,103,134,
福山・尾三,三原市,51334019,103,134,
福山・尾三,三原市,51334020,105,137,
福山・尾三,三原市,51334021,105,137,
福山・尾三,三原市,51334022,103,135,
福山・尾三,三原市,51334023,104,136,
福山・尾三,三原市,51334024,103,135,
福山・尾三,三原市,51334025,103,135,
福山・尾三,三原市,51334026,103,135,
福山・尾三,三原市,51334028,103,134,
福山・尾三,三原市,51334029,102,133,
福山・尾三,三原市,51334030,105,137,
福山・尾三,三原市,51334031,105,137,
福山・尾三,三原市,51334032,104,136,
福山・尾三,三原市,51334033,103,135,
福山・尾三,三原市,51334034,103,135,
福山・尾三,三原市,51334035,103,135,
福山・尾三,三原市,51334036,103,134,
福山・尾三,三原市,51334037,103,134,
福山・尾三,三原市,51334038,103,134,
福山・尾三,三原市,51334039,103,134,
福山・尾三,三原市,51334040,105,137,
福山・尾三,三原市,51334041,105,137,
福山・尾三,三原市,51334042,105,137,
福山・尾三,三原市,51334043,104,136,
福山・尾三,三原市,51334044,104,136,
福山・尾三,三原市,51334045,103,135,
福山・尾三,三原市,51334046,103,135,
福山・尾三,三原市,51334048,103,134,
福山・尾三,三原市,51334050,105,137,
福山・尾三,三原市,51334051,105,137,
福山・尾三,三原市,51334052,105,137,
福山・尾三,三原市,51334053,105,137,
福山・尾三,三原市,51334054,104,136,
福山・尾三,三原市,51334055,104,136,
福山・尾三,三原市,51334056,103,135,
福山・尾三,三原市,51334057,103,135,
福山・尾三,三原市,51334059,103,135,
福山・尾三,三原市,51334060,104,136,
福山・尾三,三原市,51334061,104,136,
福山・尾三,三原市,51334062,105,137,
福山・尾三,三原市,51334063,105,137,
福山・尾三,三原市,51334064,107,139,
福山・尾三,三原市,51334065,105,137,
福山・尾三,三原市,51334066,104,136,
福山・尾三,三原市,51334067,103,135,
福山・尾三,三原市,51334068,103,135,
福山・尾三,三原市,51334069,103,135,
福山・尾三,三原市,51334070,103,135,
福山・尾三,三原市,51334071,103,135,
福山・尾三,三原市,51334072,105,137,
福山・尾三,三原市,51334073,105,137,
福山・尾三,三原市,51334074,106,138,
福山・尾三,三原市,51334075,106,138,
福山・尾三,三原市,51334076,105,137,
福山・尾三,三原市,51334077,104,136,
福山・尾三,三原市,51334078,103,135,
福山・尾三,三原市,51334079,103,135,
福山・尾三,三原市,51334080,103,135,
福山・尾三,三原市,51334081,103,135,
福山・尾三,三原市,51334082,104,136,
福山・尾三,三原市,51334083,105,137,
福山・尾三,三原市,51334084,106,138,
福山・尾三,三原市,51334085,105,137,
福山・尾三,三原市,51334086,104,136,
福山・尾三,三原市,51334087,104,136,
福山・尾三,三原市,51334088,103,135,
福山・尾三,三原市,51334089,103,134,
福山・尾三,三原市,51334090,103,135,
福山・尾三,三原市,51334091,103,135,
福山・尾三,三原市,51334092,104,136,
福山・尾三,三原市,51334093,105,137,
福山・尾三,三原市,51334094,105,137,
福山・尾三,三原市,51334095,104,136,
福山・尾三,三原市,51334096,103,135,
福山・尾三,三原市,51334097,103,135,
福山・尾三,三原市,51334098,103,134,
福山・尾三,三原市,51334099,103,135,
福山・尾三,三原市,51334150,103,134,
福山・尾三,三原市,51334160,103,134,
福山・尾三,三原市,51334161,103,134,
福山・尾三,三原市,51334170,103,134,
福山・尾三,三原市,51334171,103,134,
福山・尾三,三原市,51334180,103,134,
福山・尾三,三原市,51334181,101,132,
福山・尾三,三原市,51334190,103,134,
福山・尾三,三原市,51335000,103,135,
福山・尾三,三原市,51335001,103,135,
福山・尾三,三原市,51335002,103,135,
福山・尾三,三原市,51335003,103,135,
福山・尾三,三原市,51335004,103,135,
福山・尾三,三原市,51335005,103,135,
福山・尾三,三原市,51335006,103,134,
福山・尾三,三原市,51335007,102,133,
福山・尾三,三原市,51335008,102,133,
福山・尾三,三原市,51335009,103,134,
福山・尾三,三原市,51335010,104,136,
福山・尾三,三原市,51335011,103,135,
福山・尾三,三原市,51335012,103,134,
福山・尾三,三原市,51335013,103,135,
福山・尾三,三原市,51335014,103,135,
福山・尾三,三原市,51335015,103,135,
福山・尾三,三原市,51335016,103,135,
福山・尾三,三原市,51335017,103,134,
福山・尾三,三原市,51335018,102,133,
福山・尾三,三原市,51335019,102,133,
福山・尾三,三原市,51335020,103,135,
福山・尾三,三原市,51335021,103,135,
福山・尾三,三原市,51335022,103,135,
福山・尾三,三原市,51335023,103,135,
福山・尾三,三原市,51335024,103,135,
福山・尾三,三原市,51335025,103,135,
福山・尾三,三原市,51335026,103,135,
福山・尾三,三原市,51335027,103,135,
福山・尾三,三原市,51335028,102,133,
福山・尾三,三原市,51335029,102,133,
福山・尾三,三原市,51335030,104,136,
福山・尾三,三原市,51335031,103,135,
福山・尾三,三原市,51335032,103,135,
福山・尾三,三原市,51335033,103,135,
福山・尾三,三原市,51335034,103,135,
福山・尾三,三原市,51335035,103,134,
福山・尾三,三原市,51335036,103,135,
福山・尾三,三原市,51335037,103,135,
福山・尾三,三原市,51335038,103,134,
福山・尾三,三原市,51335039,102,133,
福山・尾三,三原市,51335040,103,135,
福山・尾三,三原市,51335041,103,135,
福山・尾三,三原市,51335042,103,135,
福山・尾三,三原市,51335043,103,135,
福山・尾三,三原市,51335044,103,135,
福山・尾三,三原市,51335045,103,134,
福山・尾三,三原市,51335046,103,134,
福山・尾三,三原市,51335047,103,134,
福山・尾三,三原市,51335048,103,134,
福山・尾三,三原市,51335049,101,132,
福山・尾三,三原市,51335050,103,135,
福山・尾三,三原市,51335051,103,135,
福山・尾三,三原市,51335052,103,135,
福山・尾三,三原市,51335053,103,135,
福山・尾三,三原市,51335054,103,134,
福山・尾三,三原市,51335055,103,135,
福山・尾三,三原市,51335056,103,134,
福山・尾三,三原市,51335057,102,133,
福山・尾三,三原市,51335058,102,133,
福山・尾三,三原市,51335059,101,132,
福山・尾三,三原市,51335060,103,135,
福山・尾三,三原市,51335061,103,135,
福山・尾三,三原市,51335062,103,135,
福山・尾三,三原市,51335063,103,135,
福山・尾三,三原市,51335064,103,135,
福山・尾三,三原市,51335065,103,135,
福山・尾三,三原市,51335066,103,134,
福山・尾三,三原市,51335067,103,134,
福山・尾三,三原市,51335068,102,133,
福山・尾三,三原市,51335070,103,135,
福山・尾三,三原市,51335071,103,134,
福山・尾三,三原市,51335072,103,135,
福山・尾三,三原市,51335073,103,135,
福山・尾三,三原市,51335074,103,135,
福山・尾三,三原市,51335075,103,135,
福山・尾三,三原市,51335076,103,135,
福山・尾三,三原市,51335077,103,134,
福山・尾三,三原市,51335078,103,134,
福山・尾三,三原市,51335080,103,135,
福山・尾三,三原市,51335081,103,134,
福山・尾三,三原市,51335082,103,134,
福山・尾三,三原市,51335083,103,134,
福山・尾三,三原市,51335084,103,135,
福山・尾三,三原市,51335085,103,135,
福山・尾三,三原市,51335087,103,134,
福山・尾三,三原市,51335088,103,135,
福山・尾三,三原市,51335090,103,135,
福山・尾三,三原市,51335091,103,135,
福山・尾三,三原市,51335092,103,134,
福山・尾三,三原市,51335093,103,135,
福山・尾三,三原市,51335100,102,133,
福山・尾三,三原市,51335110,102,133,
福山・尾三,三原市,51335111,102,133,
福山・尾三,三原市,51335120,102,133,
福山・尾三,三原市,51335121,103,134,
福山・尾三,三原市,51335130,102,133,
福山・尾三,三原市,51335131,103,135,
福山・尾三,三原市,51335140,101,132,
福山・尾三,三原市,51336000,103,135,
福山・尾三,三原市,51336001,103,135,
福山・尾三,三原市,51336002,103,135,
福山・尾三,三原市,51336003,103,135,
福山・尾三,三原市,51336010,103,135,
福山・尾三,三原市,51336011,103,135,
福山・尾三,三原市,51336012,103,135,
福山・尾三,三原市,51336013,103,135,
福山・尾三,三原市,51336014,103,135,
福山・尾三,三原市,51336020,103,135,
福山・尾三,三原市,51336021,103,135,
福山・尾三,三原市,51336022,104,136,
福山・尾三,三原市,51336023,103,135,
福山・尾三,三原市,51336024,103,135,
福山・尾三,三原市,51336030,104,136,
福山・尾三,三原市,51336031,104,136,
福山・尾三,三原市,51336032,105,137,
福山・尾三,三原市,51336033,104,136,
福山・尾三,三原市,51336034,104,136,
福山・尾三,三原市,51336035,103,135,
福山・尾三,三原市,51336040,104,136,
福山・尾三,三原市,51336041,105,137,
福山・尾三,三原市,51336042,107,139,
福山・尾三,三原市,51336043,107,139,
福山・尾三,三原市,51336044,105,137,
福山・尾三,三原市,51336045,105,137,
福山・尾三,三原市,51336046,103,135,
福山・尾三,三原市,51336050,105,137,
福山・尾三,三原市,51336051,107,140,
福山・尾三,三原市,51336052,107,140,
福山・尾三,三原市,51336053,107,140,
福山・尾三,三原市,51336054,107,140,
福山・尾三,三原市,51336055,107,140,
福山・尾三,三原市,51336056,105,137,
福山・尾三,三原市,51336062,107,139,
福山・尾三,三原市,51336063,106,138,
福山・尾三,三原市,51336064,107,139,
福山・尾三,三原市,51336073,105,137,
福山・尾三,尾道市,51333006,103,135,
福山・尾三,尾道市,51333007,103,134,
福山・尾三,尾道市,51333015,103,135,
福山・尾三,尾道市,51333016,103,135,
福山・尾三,尾道市,51333017,103,134,
福山・尾三,尾道市,51333018,103,134,
福山・尾三,尾道市,51333025,104,136,
福山・尾三,尾道市,51333026,103,135,
福山・尾三,尾道市,51333027,103,135,
福山・尾三,尾道市,51333028,103,135,
福山・尾三,尾道市,51333029,103,135,
福山・尾三,尾道市,51333035,103,135,
福山・尾三,尾道市,51333036,103,135,
福山・尾三,尾道市,51333037,103,135,
福山・尾三,尾道市,51333038,103,135,
福山・尾三,尾道市,51333039,104,136,
福山・尾三,尾道市,51333045,104,136,
福山・尾三,尾道市,51333046,103,135,
福山・尾三,尾道市,51333047,104,136,
福山・尾三,尾道市,51333048,103,135,
福山・尾三,尾道市,51333049,104,136,
福山・尾三,尾道市,51333056,103,135,
福山・尾三,尾道市,51333057,105,137,
福山・尾三,尾道市,51333058,105,137,
福山・尾三,尾道市,51333059,104,136,
福山・尾三,尾道市,51333065,104,136,
福山・尾三,尾道市,51333066,103,135,
福山・尾三,尾道市,51333067,105,137,
福山・尾三,尾道市,51333068,105,137,
福山・尾三,尾道市,51333069,104,136,
福山・尾三,尾道市,51333074,105,137,
福山・尾三,尾道市,51333075,104,136,
福山・尾三,尾道市,51333076,104,136,
福山・尾三,尾道市,51333077,104,136,
福山・尾三,尾道市,51333078,105,137,
福山・尾三,尾道市,51333079,103,135,
福山・尾三,尾道市,51333085,103,135,
福山・尾三,尾道市,51333086,103,135,
福山・尾三,尾道市,51333095,104,136,
福山・尾三,尾道市,51333096,104,136,
福山・尾三,尾道市,51333130,103,135,
福山・尾三,尾道市,51333134,101,132,
福山・尾三,尾道市,51333135,101,132,
福山・尾三,尾道市,51333140,103,135,
福山・尾三,尾道市,51333141,103,135,
福山・尾三,尾道市,51333144,101,132,
福山・尾三,尾道市,51333145,101,132,
福山・尾三,尾道市,51333146,101,132,
福山・尾三,尾道市,51333150,103,135,
福山・尾三,尾道市,51333151,103,135,
福山・尾三,尾道市,51333152,104,136,
福山・尾三,尾道市,51333153,103,135,
福山・尾三,尾道市,51333154,103,134,
福山・尾三,尾道市,51333155,101,132,
福山・尾三,尾道市,51333156,101,132,
福山・尾三,尾道市,51333160,103,135,
福山・尾三,尾道市,51333161,103,134,
福山・尾三,尾道市,51333162,103,135,
福山・尾三,尾道市,51333163,103,135,
福山・尾三,尾道市,51333164,103,134,
福山・尾三,尾道市,51333165,103,134,
福山・尾三,尾道市,51333166,101,132,
福山・尾三,尾道市,51333170,103,134,
福山・尾三,尾道市,51333171,103,134,
福山・尾三,尾道市,51333172,103,134,
福山・尾三,尾道市,51333173,103,135,
福山・尾三,尾道市,51333174,103,134,
福山・尾三,尾道市,51333175,102,133,
福山・尾三,尾道市,51333176,101,132,
福山・尾三,尾道市,51333181,103,134,
福山・尾三,尾道市,51333182,103,134,
福山・尾三,尾道市,51333183,103,134,
福山・尾三,尾道市,51333184,102,133,
福山・尾三,尾道市,51333185,102,133,
福山・尾三,尾道市,51333186,102,133,
福山・尾三,尾道市,51333190,103,134,
福山・尾三,尾道市,51333191,102,133,
福山・尾三,尾道市,51333192,103,134,
福山・尾三,尾道市,51333193,103,134,
福山・尾三,尾道市,51333194,103,134,
福山・尾三,尾道市,51333195,102,133,
福山・尾三,尾道市,51333196,101,132,
福山・尾三,尾道市,51334006,103,135,
福山・尾三,尾道市,51334100,103,134,
福山・尾三,尾道市,51334101,102,133,
福山・尾三,尾道市,51334102,102,133,
福山・尾三,尾道市,51334103,102,133,
福山・尾三,尾道市,51334104,102,133,
福山・尾三,尾道市,51334105,101,132,
福山・尾三,尾道市,51334110,102,133,
福山・尾三,尾道市,51334111,102,133,
福山・尾三,尾道市,51334112,101,132,
福山・尾三,尾道市,51334113,101,132,
福山・尾三,尾道市,51334114,103,134,
福山・尾三,尾道市,51334121,102,133,
福山・尾三,尾道市,51334122,101,132,
福山・尾三,尾道市,51334123,101,132,
福山・尾三,尾道市,51334124,101,132,
福山・尾三,尾道市,51334125,101,132,
福山・尾三,尾道市,51334126,100,130,
福山・尾三,尾道市,51334127,101,132,
福山・尾三,尾道市,51334130,103,134,
福山・尾三,尾道市,51334131,103,134,
福山・尾三,尾道市,51334132,102,133,
福山・尾三,尾道市,51334133,101,132,
福山・尾三,尾道市,51334134,101,132,
福山・尾三,尾道市,51334135,101,132,
福山・尾三,尾道市,51334136,100,131,
福山・尾三,尾道市,51334137,100,131,
福山・尾三,尾道市,51334140,103,134,
福山・尾三,尾道市,51334141,102,133,
福山・尾三,尾道市,51334142,102,133,
福山・尾三,尾道市,51334143,102,133,
福山・尾三,尾道市,51334144,101,132,
福山・尾三,尾道市,51334145,102,133,
福山・尾三,尾道市,51334146,101,132,
福山・尾三,尾道市,51334147,100,131,
福山・尾三,尾道市,51334152,102,133,
福山・尾三,尾道市,51334153,102,133,
福山・尾三,尾道市,51334154,102,133,
福山・尾三,尾道市,51334155,102,133,
福山・尾三,尾道市,51334156,101,132,
福山・尾三,尾道市,51334157,101,132,
福山・尾三,尾道市,51334162,102,133,
福山・尾三,尾道市,51334163,103,134,
福山・尾三,尾道市,51334164,102,133,
福山・尾三,尾道市,51334165,102,133,
福山・尾三,尾道市,51334166,101,132,
福山・尾三,尾道市,51334167,101,132,
福山・尾三,尾道市,51334168,101,132,
福山・尾三,尾道市,51334169,101,132,
福山・尾三,尾道市,51334172,101,132,
福山・尾三,尾道市,51334173,102,133,
福山・尾三,尾道市,51334174,101,132,
福山・尾三,尾道市,51334175,101,132,
福山・尾三,尾道市,51334176,101,132,
福山・尾三,尾道市,51334177,100,131,
福山・尾三,尾道市,51334178,101,132,
福山・尾三,尾道市,51334179,101,132,
福山・尾三,尾道市,51334182,101,132,
福山・尾三,尾道市,51334183,101,132,
福山・尾三,尾道市,51334184,101,132,
福山・尾三,尾道市,51334185,101,132,
福山・尾三,尾道市,51334186,100,131,
福山・尾三,尾道市,51334187,101,132,
福山・尾三,尾道市,51334188,101,132,
福山・尾三,尾道市,51334189,101,132,
福山・尾三,尾道市,51334191,101,132,
福山・尾三,尾道市,51334192,101,132,
福山・尾三,尾道市,51334193,101,132,
福山・尾三,尾道市,51334194,100,131,
福山・尾三,尾道市,51334195,101,132,
福山・尾三,尾道市,51334196,101,132,
福山・尾三,尾道市,51334197,101,132,
福山・尾三,尾道市,51334198,101,132,
福山・尾三,尾道市,51334230,100,130,
福山・尾三,尾道市,51334231,99,129,
福山・尾三,尾道市,51334240,100,130,
福山・尾三,尾道市,51334241,100,130,
福山・尾三,尾道市,51334242,101,132,
福山・尾三,尾道市,51334250,100,130,
福山・尾三,尾道市,51334251,100,130,
福山・尾三,尾道市,51334252,100,131,
福山・尾三,尾道市,51334260,100,131,
福山・尾三,尾道市,51334262,100,131,
福山・尾三,尾道市,51334270,101,132,
福山・尾三,尾道市,51334271,101,132,
福山・尾三,尾道市,51334272,100,131,
福山・尾三,尾道市,51334273,100,131,
福山・尾三,尾道市,51334280,101,132,
福山・尾三,尾道市,51334281,101,132,
福山・尾三,尾道市,51334282,100,131,
福山・尾三,尾道市,51334283,100,131,
福山・尾三,尾道市,51334291,101,132,
福山・尾三,尾道市,51334292,101,132,
福山・尾三,尾道市,51335069,101,132,
福山・尾三,尾道市,51335079,101,132,
福山・尾三,尾道市,51335086,103,135,
福山・尾三,尾道市,51335089,103,134,
福山・尾三,尾道市,51335094,103,135,
福山・尾三,尾道市,51335095,103,135,
福山・尾三,尾道市,51335096,103,135,
福山・尾三,尾道市,51335097,103,135,
福山・尾三,尾道市,51335098,103,135,
福山・尾三,尾道市,51335099,103,135,
福山・尾三,尾道市,51335101,102,133,
福山・尾三,尾道市,51335102,101,132,
福山・尾三,尾道市,51335103,101,132,
福山・尾三,尾道市,51335104,101,132,
福山・尾三,尾道市,51335105,101,132,
福山・尾三,尾道市,51335106,102,133,
福山・尾三,尾道市,51335107,102,133,
福山・尾三,尾道市,51335108,101,132,
福山・尾三,尾道市,51335109,101,132,
福山・尾三,尾道市,51335112,101,132,
福山・尾三,尾道市,51335113,101,132,
福山・尾三,尾道市,51335114,101,132,
福山・尾三,尾道市,51335115,101,132,
福山・尾三,尾道市,51335116,101,132,
福山・尾三,尾道市,51335117,102,133,
福山・尾三,尾道市,51335118,102,133,
福山・尾三,尾道市,51335119,101,132,
福山・尾三,尾道市,51335122,103,135,
福山・尾三,尾道市,51335123,103,134,
福山・尾三,尾道市,51335124,101,132,
福山・尾三,尾道市,51335125,101,132,
福山・尾三,尾道市,51335126,101,132,
福山・尾三,尾道市,51335127,102,133,
福山・尾三,尾道市,51335128,103,134,
福山・尾三,尾道市,51335132,103,135,
福山・尾三,尾道市,51335133,103,134,
福山・尾三,尾道市,51335134,101,132,
福山・尾三,尾道市,51335135,101,132,
福山・尾三,尾道市,51335136,101,132,
福山・尾三,尾道市,51335137,101,132,
福山・尾三,尾道市,51335138,103,135,
福山・尾三,尾道市,51335141,103,134,
福山・尾三,尾道市,51335142,103,135,
福山・尾三,尾道市,51335143,102,133,
福山・尾三,尾道市,51335144,101,132,
福山・尾三,尾道市,51335145,101,132,
福山・尾三,尾道市,51335146,101,132,
福山・尾三,尾道市,51335147,100,131,
福山・尾三,尾道市,51335148,101,132,
福山・尾三,尾道市,51335150,101,132,
福山・尾三,尾道市,51335151,101,132,
福山・尾三,尾道市,51335152,101,132,
福山・尾三,尾道市,51335153,101,132,
福山・尾三,尾道市,51335154,101,132,
福山・尾三,尾道市,51335155,100,131,
福山・尾三,尾道市,51335156,100,131,
福山・尾三,尾道市,51335157,100,131,
福山・尾三,尾道市,51335160,101,132,
福山・尾三,尾道市,51335161,101,132,
福山・尾三,尾道市,51335162,101,132,
福山・尾三,尾道市,51335163,101,132,
福山・尾三,尾道市,51335164,101,132,
福山・尾三,尾道市,51335165,101,132,
福山・尾三,尾道市,51335166,100,130,
福山・尾三,尾道市,51335170,102,133,
福山・尾三,尾道市,51335171,101,132,
福山・尾三,尾道市,51335172,101,132,
福山・尾三,尾道市,51335173,100,131,
福山・尾三,尾道市,51335174,100,131,
福山・尾三,尾道市,51335175,100,131,
福山・尾三,尾道市,51335176,100,131,
福山・尾三,尾道市,51335177,100,131,
福山・尾三,尾道市,51335180,103,134,
福山・尾三,尾道市,51335181,102,133,
福山・尾三,尾道市,51335182,101,132,
福山・尾三,尾道市,51335183,101,132,
福山・尾三,尾道市,51335184,100,131,
福山・尾三,尾道市,51335185,101,132,
福山・尾三,尾道市,51335186,101,132,
福山・尾三,尾道市,51335187,101,132,
福山・尾三,尾道市,51335190,103,134,
福山・尾三,尾道市,51335191,101,132,
福山・尾三,尾道市,51335192,101,132,
福山・尾三,尾道市,51335193,100,131,
福山・尾三,尾道市,51335194,100,131,
福山・尾三,尾道市,51335195,100,131,
福山・尾三,尾道市,51335196,101,132,
福山・尾三,尾道市,51335197,101,132,
福山・尾三,尾道市,51335198,101,132,
福山・尾三,尾道市,51336004,103,135,
福山・尾三,尾道市,51336005,103,135,
福山・尾三,尾道市,51336006,104,136,
福山・尾三,尾道市,51336007,104,136,
福山・尾三,尾道市,51336008,103,135,
福山・尾三,尾道市,51336009,103,135,
福山・尾三,尾道市,51336015,103,135,
福山・尾三,尾道市,51336016,103,135,
福山・尾三,尾道市,51336017,103,135,
福山・尾三,尾道市,51336018,103,135,
福山・尾三,尾道市,51336019,103,135,
福山・尾三,尾道市,51336025,103,135,
福山・尾三,尾道市,51336026,103,134,
福山・尾三,尾道市,51336027,103,135,
福山・尾三,尾道市,51336028,103,134,
福山・尾三,尾道市,51336029,103,135,
福山・尾三,尾道市,51336036,103,135,
福山・尾三,尾道市,51336037,103,134,
福山・尾三,尾道市,51336038,103,134,
福山・尾三,尾道市,51336039,103,134,
福山・尾三,尾道市,51336047,103,135,
福山・尾三,尾道市,51336048,101,132,
福山・尾三,尾道市,51336049,102,133,
福山・尾三,尾道市,51336059,102,133,
福山・尾三,尾道市,51336100,103,135,
福山・尾三,尾道市,51336101,102,133,
福山・尾三,尾道市,51336102,101,132,
福山・尾三,尾道市,51336103,100,130,
福山・尾三,尾道市,51336104,100,131,
福山・尾三,尾道市,51336105,100,131,
福山・尾三,尾道市,51336106,101,132,
福山・尾三,尾道市,51336107,101,132,
福山・尾三,尾道市,51336108,101,132,
福山・尾三,尾道市,51336110,103,135,
福山・尾三,尾道市,51336111,102,133,
福山・尾三,尾道市,51336112,101,132,
福山・尾三,尾道市,51336113,100,130,
福山・尾三,尾道市,51336114,100,131,
福山・尾三,尾道市,51336115,101,132,
福山・尾三,尾道市,51336116,100,131,
福山・尾三,尾道市,51336118,100,131,
福山・尾三,尾道市,51336120,103,135,
福山・尾三,尾道市,51336121,103,134,
福山・尾三,尾道市,51336122,101,132,
福山・尾三,尾道市,51336123,100,131,
福山・尾三,尾道市,51336124,100,131,
福山・尾三,尾道市,51336125,101,132,
福山・尾三,尾道市,51336126,100,131,
福山・尾三,尾道市,51336130,103,134,
福山・尾三,尾道市,51336131,103,135,
福山・尾三,尾道市,51336132,102,133,
福山・尾三,尾道市,51336133,101,132,
福山・尾三,尾道市,51336134,100,131,
福山・尾三,尾道市,51336135,100,131,
福山・尾三,尾道市,51336136,100,131,
福山・尾三,尾道市,51336137,100,131,
福山・尾三,尾道市,51336140,102,133,
福山・尾三,尾道市,51336141,101,132,
福山・尾三,尾道市,51336142,101,132,
福山・尾三,尾道市,51336143,101,132,
福山・尾三,尾道市,51336144,100,130,
福山・尾三,尾道市,51336150,102,133,
福山・尾三,尾道市,51336151,102,133,
福山・尾三,尾道市,51336152,102,133,
福山・尾三,尾道市,51336153,101,132,
福山・尾三,尾道市,51336160,103,134,
福山・尾三,尾道市,51336161,102,133,
福山・尾三,尾道市,51336162,102,133,
福山・尾三,尾道市,51336171,103,134,
福山・尾三,尾道市,51336172,102,133,
福山・尾三,尾道市,51336181,103,135,
福山・尾三,福山市,51333290,100,130,
福山・尾三,福山市,51333291,99,129,
福山・尾三,福山市,51334200,100,130,
福山・尾三,福山市,51334201,99,129,
福山・尾三,福山市,51334202,100,130,
福山・尾三,福山市,51334210,100,130,
福山・尾三,福山市,51334211,99,129,
福山・尾三,福山市,51334212,100,130,
福山・尾三,福山市,51334213,99,129,
福山・尾三,福山市,51334214,99,129,
福山・尾三,福山市,51334215,98,128,
福山・尾三,福山市,51334221,99,129,
福山・尾三,福山市,51334222,99,129,
福山・尾三,福山市,51334223,100,130,
福山・尾三,福山市,51334224,100,130,
福山・尾三,福山市,51334225,99,129,
福山・尾三,福山市,51334226,98,128,
福山・尾三,福山市,51334227,97,127,
福山・尾三,福山市,51334233,101,132,
福山・尾三,福山市,51334234,100,131,
福山・尾三,福山市,51334235,99,129,
福山・尾三,福山市,51334236,98,128,
福山・尾三,福山市,51334237,97,127,
福山・尾三,福山市,51334238,97,127,
福山・尾三,福山市,51334244,101,132,
福山・尾三,福山市,51334245,100,131,
福山・尾三,福山市,51334246,98,128,
福山・尾三,福山市,51334247,97,127,
福山・尾三,福山市,51334248,97,127,
福山・尾三,福山市,51334249,98,128,
福山・尾三,福山市,51334253,101,132,
福山・尾三,福山市,51334254,101,132,
福山・尾三,福山市,51334255,101,132,
福山・尾三,福山市,51334256,99,129,
福山・尾三,福山市,51334257,99,129,
福山・尾三,福山市,51334258,98,128,
福山・尾三,福山市,51334259,99,129,
福山・尾三,福山市,51334263,100,131,
福山・尾三,福山市,51334264,101,132,
福山・尾三,福山市,51334265,100,131,
福山・尾三,福山市,51334266,100,130,
福山・尾三,福山市,51334267,99,129,
福山・尾三,福山市,51334268,99,129,
福山・尾三,福山市,51334269,99,129,
福山・尾三,福山市,51334274,100,131,
福山・尾三,福山市,51334275,100,130,
福山・尾三,福山市,51334276,99,129,
福山・尾三,福山市,51334277,99,129,
福山・尾三,福山市,51334278,99,129,
福山・尾三,福山市,51334279,99,129,
福山・尾三,福山市,51334284,100,130,
福山・尾三,福山市,51334285,99,129,
福山・尾三,福山市,51334286,99,129,
福山・尾三,福山市,51334287,99,129,
福山・尾三,福山市,51334288,99,129,
福山・尾三,福山市,51334289,100,131,
福山・尾三,福山市,51334293,101,132,
福山・尾三,福山市,51334294,100,130,
福山・尾三,福山市,51334295,99,129,
福山・尾三,福山市,51334296,98,128,
福山・尾三,福山市,51334297,99,129,
福山・尾三,福山市,51334298,101,132,
福山・尾三,福山市,51334299,102,133,
福山・尾三,福山市,51334304,96,125,
福山・尾三,福山市,51334305,97,126,
福山・尾三,福山市,51334306,97,127,
福山・尾三,福山市,51334314,97,127,
福山・尾三,福山市,51334315,97,127,
福山・尾三,福山市,51334316,97,127,
福山・尾三,福山市,51334324,97,126,
福山・尾三,福山市,51334325,97,126,
福山・尾三,福山市,51334340,98,128,
福山・尾三,福山市,51334350,99,129,
福山・尾三,福山市,51334351,97,127,
福山・尾三,福山市,51334352,97,127,
福山・尾三,福山市,51334360,99,129,
福山・尾三,福山市,51334361,98,128,
福山・尾三,福山市,51334362,97,127,
福山・尾三,福山市,51334370,99,129,
福山・尾三,福山市,51334380,100,130,
福山・尾三,福山市,51334390,101,132,
福山・尾三,福山市,51335129,103,134,
福山・尾三,福山市,51335139,103,135,
福山・尾三,福山市,51335149,103,134,
福山・尾三,福山市,51335158,101,132,
福山・尾三,福山市,51335159,101,132,
福山・尾三,福山市,51335167,100,130,
福山・尾三,福山市,51335168,100,130,
福山・尾三,福山市,51335169,100,131,
福山・尾三,福山市,51335178,100,131,
福山・尾三,福山市,51335179,101,132,
福山・尾三,福山市,51335188,101,132,
福山・尾三,福山市,51335189,101,132,
福山・尾三,福山市,51335199,101,132,
福山・尾三,福山市,51335200,101,132,
福山・尾三,福山市,51335201,101,132,
福山・尾三,福山市,51335202,101,132,
福山・尾三,福山市,51335203,100,131,
福山・尾三,福山市,51335204,100,130,
福山・尾三,福山市,51335205,99,129,
福山・尾三,福山市,51335206,99,129,
福山・尾三,福山市,51335207,100,130,
福山・尾三,福山市,51335208,102,133,
福山・尾三,福山市,51335209,103,135,
福山・尾三,福山市,51335210,101,132,
福山・尾三,福山市,51335211,101,132,
福山・尾三,福山市,51335212,101,132,
福山・尾三,福山市,51335213,101,132,
福山・尾三,福山市,51335214,100,131,
福山・尾三,福山市,51335215,99,129,
福山・尾三,福山市,51335216,99,129,
福山・尾三,福山市,51335217,100,130,
福山・尾三,福山市,51335218,101,132,
福山・尾三,福山市,51335219,102,133,
福山・尾三,福山市,51335220,102,133,
福山・尾三,福山市,51335221,101,132,
福山・尾三,福山市,51335222,100,131,
福山・尾三,福山市,51335223,101,132,
福山・尾三,福山市,51335224,101,132,
福山・尾三,福山市,51335225,100,130,
福山・尾三,福山市,51335226,99,129,
福山・尾三,福山市,51335227,99,129,
福山・尾三,福山市,51335228,101,132,
福山・尾三,福山市,51335229,100,131,
福山・尾三,福山市,51335230,103,134,
福山・尾三,福山市,51335231,101,132,
福山・尾三,福山市,51335232,100,131,
福山・尾三,福山市,51335233,101,132,
福山・尾三,福山市,51335234,100,131,
福山・尾三,福山市,51335235,100,130,
福山・尾三,福山市,51335236,99,129,
福山・尾三,福山市,51335237,100,130,
福山・尾三,福山市,51335238,100,131,
福山・尾三,福山市,51335239,99,129,
福山・尾三,福山市,51335240,101,132,
福山・尾三,福山市,51335241,101,132,
福山・尾三,福山市,51335242,101,132,
福山・尾三,福山市,51335243,100,131,
福山・尾三,福山市,51335244,100,130,
福山・尾三,福山市,51335245,100,130,
福山・尾三,福山市,51335246,99,129,
福山・尾三,福山市,51335247,99,129,
福山・尾三,福山市,51335248,100,130,
福山・尾三,福山市,51335249,99,129,
福山・尾三,福山市,51335250,101,132,
福山・尾三,福山市,51335251,101,132,
福山・尾三,福山市,51335252,101,132,
福山・尾三,福山市,51335253,100,131,
福山・尾三,福山市,51335254,99,129,
福山・尾三,福山市,51335255,99,129,
福山・尾三,福山市,51335256,99,129,
福山・尾三,福山市,51335257,99,129,
福山・尾三,福山市,51335258,100,130,
福山・尾三,福山市,51335259,99,129,
福山・尾三,福山市,51335260,101,132,
福山・尾三,福山市,51335261,101,132,
福山・尾三,福山市,51335262,100,131,
福山・尾三,福山市,51335263,100,130,
福山・尾三,福山市,51335264,100,131,
福山・尾三,福山市,51335265,100,131,
福山・尾三,福山市,51335266,100,130,
福山・尾三,福山市,51335267,100,130,
福山・尾三,福山市,51335268,99,129,
福山・尾三,福山市,51335269,99,129,
福山・尾三,福山市,51335270,101,132,
福山・尾三,福山市,51335271,101,132,
福山・尾三,福山市,51335272,101,132,
福山・尾三,福山市,51335273,100,131,
福山・尾三,福山市,51335274,101,132,
福山・尾三,福山市,51335275,101,132,
福山・尾三,福山市,51335276,101,132,
福山・尾三,福山市,51335277,101,132,
福山・尾三,福山市,51335278,100,131,
福山・尾三,福山市,51335279,99,129,
福山・尾三,福山市,51335280,101,132,
福山・尾三,福山市,51335281,101,132,
福山・尾三,福山市,51335282,101,132,
福山・尾三,福山市,51335283,101,132,
福山・尾三,福山市,51335284,101,132,
福山・尾三,福山市,51335285,101,132,
福山・尾三,福山市,51335286,103,134,
福山・尾三,福山市,51335287,102,133,
福山・尾三,福山市,51335288,101,132,
福山・尾三,福山市,51335289,102,133,
福山・尾三,福山市,51335290,101,132,
福山・尾三,福山市,51335291,103,134,
福山・尾三,福山市,51335292,102,133,
福山・尾三,福山市,51335293,103,134,
福山・尾三,福山市,51335294,102,133,
福山・尾三,福山市,51335295,102,133,
福山・尾三,福山市,51335296,101,132,
福山・尾三,福山市,51335297,102,133,
福山・尾三,福山市,51335298,103,134,
福山・尾三,福山市,51335299,103,135,
福山・尾三,福山市,51335300,101,132,
福山・尾三,福山市,51335301,100,130,
福山・尾三,福山市,51335304,99,129,
福山・尾三,福山市,51335310,100,131,
福山・尾三,福山市,51335311,100,130,
福山・尾三,福山市,51335312,100,130,
福山・尾三,福山市,51335313,99,129,
福山・尾三,福山市,51335314,99,129,
福山・尾三,福山市,51335315,99,129,
福山・尾三,福山市,51335320,100,130,
福山・尾三,福山市,51335321,100,131,
福山・尾三,福山市,51335322,101,132,
福山・尾三,福山市,51335323,100,130,
福山・尾三,福山市,51335324,99,129,
福山・尾三,福山市,51335325,99,129,
福山・尾三,福山市,51335330,99,129,
福山・尾三,福山市,51335331,100,131,
福山・尾三,福山市,51335332,101,132,
福山・尾三,福山市,51335333,100,131,
福山・尾三,福山市,51335334,99,129,
福山・尾三,福山市,51335335,99,129,
福山・尾三,福山市,51335340,99,129,
福山・尾三,福山市,51335341,100,130,
福山・尾三,福山市,51335342,100,131,
福山・尾三,福山市,51335343,100,130,
福山・尾三,福山市,51335344,100,130,
福山・尾三,福山市,51335345,100,130,
福山・尾三,福山市,51335350,99,129,
福山・尾三,福山市,51335351,99,129,
福山・尾三,福山市,51335352,99,129,
福山・尾三,福山市,51335353,99,129,
福山・尾三,福山市,51335354,99,129,
福山・尾三,福山市,51335355,99,129,
福山・尾三,福山市,51335360,98,128,
福山・尾三,福山市,51335361,99,129,
福山・尾三,福山市,51335362,99,129,
福山・尾三,福山市,51335363,99,129,
福山・尾三,福山市,51335364,99,129,
福山・尾三,福山市,51335365,99,129,
福山・尾三,福山市,51335370,100,130,
福山・尾三,福山市,51335371,100,130,
福山・尾三,福山市,51335372,99,129,
福山・尾三,福山市,51335373,99,129,
福山・尾三,福山市,51335374,99,129,
福山・尾三,福山市,51335375,99,129,
福山・尾三,福山市,51335380,102,133,
福山・尾三,福山市,51335381,100,131,
福山・尾三,福山市,51335382,99,129,
福山・尾三,福山市,51335383,99,129,
福山・尾三,福山市,51335384,99,129,
福山・尾三,福山市,51335385,99,129,
福山・尾三,福山市,51335390,103,134,
福山・尾三,福山市,51335391,101,132,
福山・尾三,福山市,51335392,100,130,
福山・尾三,福山市,51335393,99,129,
福山・尾三,福山市,51335394,99,129,
福山・尾三,福山市,51335395,99,129,
福山・尾三,福山市,51336109,101,132,
福山・尾三,福山市,51336117,100,131,
福山・尾三,福山市,51336119,100,131,
福山・尾三,福山市,51336127,100,131,
福山・尾三,福山市,51336128,100,130,
福山・尾三,福山市,51336129,100,130,
福山・尾三,福山市,51336139,100,131,
福山・尾三,福山市,51336149,100,130,
福山・尾三,福山市,51336200,101,132,
福山・尾三,福山市,51336201,102,133,
福山・尾三,福山市,51336202,103,135,
福山・尾三,福山市,51336203,103,134,
福山・尾三,福山市,51336204,101,132,
福山・尾三,福山市,51336205,100,131,
福山・尾三,福山市,51336206,100,131,
福山・尾三,福山市,51336207,101,132,
福山・尾三,福山市,51336208,101,132,
福山・尾三,福山市,51336209,102,133,
福山・尾三,福山市,51336210,100,131,
福山・尾三,福山市,51336211,101,132,
福山・尾三,福山市,51336212,102,133,
福山・尾三,福山市,51336213,101,132,
福山・尾三,福山市,51336214,101,132,
福山・尾三,福山市,51336215,100,130,
福山・尾三,福山市,51336216,100,130,
福山・尾三,福山市,51336217,100,131,
福山・尾三,福山市,51336218,100,131,
福山・尾三,福山市,51336219,100,131,
福山・尾三,福山市,51336220,100,130,
福山・尾三,福山市,51336221,100,131,
福山・尾三,福山市,51336222,101,132,
福山・尾三,福山市,51336223,101,132,
福山・尾三,福山市,51336224,100,131,
福山・尾三,福山市,51336225,100,131,
福山・尾三,福山市,51336226,100,131,
福山・尾三,福山市,51336227,101,132,
福山・尾三,福山市,51336228,100,131,
福山・尾三,福山市,51336229,99,129,
福山・尾三,福山市,51336230,100,130,
福山・尾三,福山市,51336231,100,130,
福山・尾三,福山市,51336232,100,131,
福山・尾三,福山市,51336233,100,131,
福山・尾三,福山市,51336234,100,131,
福山・尾三,福山市,51336235,100,130,
福山・尾三,福山市,51336236,101,132,
福山・尾三,福山市,51336237,101,132,
福山・尾三,福山市,51336238,100,131,
福山・尾三,福山市,51336239,99,129,
福山・尾三,福山市,51336240,100,130,
福山・尾三,福山市,51336241,100,130,
福山・尾三,福山市,51336242,100,130,
福山・尾三,福山市,51336243,100,130,
福山・尾三,福山市,51336244,100,130,
福山・尾三,福山市,51336245,100,130,
福山・尾三,福山市,51336246,100,131,
福山・尾三,福山市,51336247,100,131,
福山・尾三,福山市,51336248,101,132,
福山・尾三,福山市,51336249,100,131,
福山・尾三,福山市,51336250,100,131,
福山・尾三,福山市,51336251,100,130,
福山・尾三,福山市,51336252,100,130,
福山・尾三,福山市,51336253,100,130,
福山・尾三,福山市,51336254,99,129,
福山・尾三,福山市,51336255,100,130,
福山・尾三,福山市,51336256,99,129,
福山・尾三,福山市,51336257,100,130,
福山・尾三,福山市,51336258,100,130,
福山・尾三,福山市,51336259,100,130,
福山・尾三,福山市,51336261,100,130,
福山・尾三,福山市,51336262,99,129,
福山・尾三,福山市,51336263,99,129,
福山・尾三,福山市,51336264,99,129,
福山・尾三,福山市,51336265,99,129,
福山・尾三,福山市,51336266,99,129,
福山・尾三,福山市,51336267,99,129,
福山・尾三,福山市,51336268,99,129,
福山・尾三,福山市,51336269,100,130,
福山・尾三,福山市,51336271,100,130,
福山・尾三,福山市,51336272,99,129,
福山・尾三,福山市,51336273,99,129,
福山・尾三,福山市,51336274,99,129,
福山・尾三,福山市,51336275,99,129,
福山・尾三,福山市,51336276,99,129,
福山・尾三,福山市,51336277,98,128,
福山・尾三,福山市,51336278,98,128,
福山・尾三,福山市,51336279,99,129,
福山・尾三,福山市,51336281,100,130,
福山・尾三,福山市,51336282,99,129,
福山・尾三,福山市,51336283,99,129,
福山・尾三,福山市,51336284,99,129,
福山・尾三,福山市,51336285,99,129,
福山・尾三,福山市,51336286,99,129,
福山・尾三,福山市,51336287,99,129,
福山・尾三,福山市,51336288,99,129,
福山・尾三,福山市,51336289,99,129,
福山・尾三,福山市,51336291,101,132,
福山・尾三,福山市,51336292,101,132,
福山・尾三,福山市,51336293,101,132,
福山・尾三,福山市,51336294,100,130,
福山・尾三,福山市,51336295,99,129,
福山・尾三,福山市,51336296,99,129,
福山・尾三,福山市,51336297,99,129,
福山・尾三,福山市,51336298,99,129,
福山・尾三,福山市,51336299,99,129,
福山・尾三,福山市,51336300,102,133,
福山・尾三,福山市,51336301,100,131,
福山・尾三,福山市,51336302,99,129,
福山・尾三,福山市,51336303,99,129,
福山・尾三,福山市,51336304,99,129,
福山・尾三,福山市,51336305,99,129,
福山・尾三,福山市,51336310,100,130,
福山・尾三,福山市,51336311,99,129,
福山・尾三,福山市,51336312,99,129,
福山・尾三,福山市,51336313,99,129,
福山・尾三,福山市,51336314,99,129,
福山・尾三,福山市,51336315,99,129,
福山・尾三,福山市,51336320,99,129,
福山・尾三,福山市,51336321,98,128,
福山・尾三,福山市,51336322,98,128,
福山・尾三,福山市,51336323,98,128,
福山・尾三,福山市,51336324,99,129,
福山・尾三,福山市,51336325,99,129,
福山・尾三,福山市,51336330,99,129,
福山・尾三,福山市,51336331,99,129,
福山・尾三,福山市,51336332,99,129,
福山・尾三,福山市,51336333,99,129,
福山・尾三,福山市,51336334,99,129,
福山・尾三,福山市,51336335,98,128,
福山・尾三,福山市,51336340,100,130,
福山・尾三,福山市,51336341,99,129,
福山・尾三,福山市,51336342,98,128,
福山・尾三,福山市,51336343,99,129,
福山・尾三,福山市,51336344,98,128,
福山・尾三,福山市,51336345,98,128,
福山・尾三,福山市,51336350,100,131,
福山・尾三,福山市,51336351,100,130,
福山・尾三,福山市,51336352,99,129,
福山・尾三,福山市,51336353,98,128,
福山・尾三,福山市,51336354,98,128,
福山・尾三,福山市,51336355,97,127,
福山・尾三,福山市,51336360,99,129,
福山・尾三,福山市,51336361,99,129,
福山・尾三,福山市,51336362,99,129,
福山・尾三,福山市,51336363,99,129,
福山・尾三,福山市,51336364,99,129,
福山・尾三,福山市,51336365,99,129,
福山・尾三,福山市,51336370,99,129,
福山・尾三,福山市,51336371,99,129,
福山・尾三,福山市,51336372,100,130,
福山・尾三,福山市,51336373,100,130,
福山・尾三,福山市,51336374,100,130,
福山・尾三,福山市,51336380,98,128,
福山・尾三,福山市,51336381,99,129,
福山・尾三,福山市,51336382,100,130,
福山・尾三,福山市,51336383,101,132,
福山・尾三,福山市,51336390,99,129,
福山・尾三,福山市,51336391,98,128,
福山・尾三,福山市,51336392,100,130,
福山・尾三,福山市,51336393,100,130,
福山・尾三,福山市,51337129,100,130,
福山・尾三,福山市,51337139,100,130,
福山・尾三,福山市,51337149,100,131,
福山・尾三,福山市,51337159,100,131,
福山・尾三,福山市,51337169,100,131,
福山・尾三,福山市,51337200,101,132,
福山・尾三,福山市,51337201,102,133,
福山・尾三,福山市,51337202,101,132,
福山・尾三,福山市,51337203,101,132,
福山・尾三,福山市,51337204,101,132,
福山・尾三,福山市,51337205,100,131,
福山・尾三,福山市,51337206,100,130,
福山・尾三,福山市,51337207,100,130,
福山・尾三,福山市,51337208,100,131,
福山・尾三,福山市,51337209,99,129,
福山・尾三,福山市,51337210,101,132,
福山・尾三,福山市,51337211,101,132,
福山・尾三,福山市,51337212,101,132,
福山・尾三,福山市,51337213,102,133,
福山・尾三,福山市,51337214,103,134,
福山・尾三,福山市,51337215,101,132,
福山・尾三,福山市,51337216,100,131,
福山・尾三,福山市,51337217,99,129,
福山・尾三,福山市,51337218,99,129,
福山・尾三,福山市,51337219,99,129,
福山・尾三,福山市,51337220,100,131,
福山・尾三,福山市,51337221,100,131,
福山・尾三,福山市,51337222,101,132,
福山・尾三,福山市,51337223,101,132,
福山・尾三,福山市,51337224,103,134,
福山・尾三,福山市,51337225,101,132,
福山・尾三,福山市,51337226,100,130,
福山・尾三,福山市,51337227,99,129,
福山・尾三,福山市,51337228,99,129,
福山・尾三,福山市,51337229,98,128,
福山・尾三,福山市,51337230,100,130,
福山・尾三,福山市,51337231,100,130,
福山・尾三,福山市,51337232,100,130,
福山・尾三,福山市,51337233,100,131,
福山・尾三,福山市,51337234,100,131,
福山・尾三,福山市,51337235,100,130,
福山・尾三,福山市,51337236,99,129,
福山・尾三,福山市,51337237,98,128,
福山・尾三,福山市,51337238,98,128,
福山・尾三,福山市,51337239,99,129,
福山・尾三,福山市,51337240,100,130,
福山・尾三,福山市,51337241,100,130,
福山・尾三,福山市,51337242,100,130,
福山・尾三,福山市,51337243,99,129,
福山・尾三,福山市,51337244,99,129,
福山・尾三,福山市,51337245,99,129,
福山・尾三,福山市,51337246,99,129,
福山・尾三,福山市,51337247,98,128,
福山・尾三,福山市,51337248,98,128,
福山・尾三,福山市,51337249,98,128,
福山・尾三,福山市,51337250,100,130,
福山・尾三,福山市,51337251,100,130,
福山・尾三,福山市,51337252,100,130,
福山・尾三,福山市,51337253,100,130,
福山・尾三,福山市,51337254,99,129,
福山・尾三,福山市,51337255,99,129,
福山・尾三,福山市,51337256,97,127,
福山・尾三,福山市,51337257,98,128,
福山・尾三,福山市,51337258,97,127,
福山・尾三,福山市,51337259,98,128,
福山・尾三,福山市,51337260,100,131,
福山・尾三,福山市,51337261,100,130,
福山・尾三,福山市,51337262,100,130,
福山・尾三,福山市,51337263,100,130,
福山・尾三,福山市,51337264,99,129,
福山・尾三,福山市,51337265,99,129,
福山・尾三,福山市,51337266,98,128,
福山・尾三,福山市,51337267,98,128,
福山・尾三,福山市,51337268,97,127,
福山・尾三,福山市,51337269,99,129,
福山・尾三,福山市,51337270,101,132,
福山・尾三,福山市,51337271,100,130,
福山・尾三,福山市,51337272,100,131,
福山・尾三,福山市,51337273,100,131,
福山・尾三,福山市,51337275,99,129,
福山・尾三,福山市,51337276,98,128,
福山・尾三,福山市,51337277,98,128,
福山・尾三,福山市,51337278,99,129,
福山・尾三,福山市,51337279,99,129,
福山・尾三,福山市,51337281,101,132,
福山・尾三,福山市,51337282,100,131,
福山・尾三,福山市,51337286,99,129,
福山・尾三,福山市,51337287,99,129,
福山・尾三,福山市,51337288,98,128,
福山・尾三,福山市,51337289,99,129,
福山・尾三,福山市,51337291,101,132,
福山・尾三,福山市,51337292,101,132,
福山・尾三,福山市,51337297,99,129,
福山・尾三,福山市,51337298,99,129,
福山・尾三,福山市,51337299,99,129,
福山・尾三,福山市,51337300,98,128,
福山・尾三,福山市,51337301,98,128,
福山・尾三,福山市,51337302,99,129,
福山・尾三,福山市,51337310,98,128,
福山・尾三,福山市,51337311,97,127,
福山・尾三,福山市,51337320,98,128,
福山・尾三,福山市,51337321,97,127,
福山・尾三,福山市,51337330,98,128,
福山・尾三,福山市,51337340,98,128,
福山・尾三,福山市,51337350,98,128,
福山・尾三,福山市,51337360,99,129,
福山・尾三,福山市,51337370,100,131,
福山・尾三,福山市,51337380,101,132,
福山・尾三,福山市,51337381,101,132,
福山・尾三,福山市,51337390,101,132,
福山・尾三,福山市,51337391,101,132,
福山・尾三,福山市,52330207,99,129,
福山・尾三,福山市,52330208,99,129,
福山・尾三,福山市,52330209,99,129,
福山・尾三,福山市,52330217,99,129,
福山・尾三,福山市,52330218,100,131,
福山・尾三,福山市,52330219,100,130,
福山・尾三,福山市,52330228,101,132,
福山・尾三,福山市,52330229,101,132,
福山・尾三,福山市,52330239,101,132,
福山・尾三,福山市,52330249,101,132,
福山・尾三,福山市,52330300,100,131,
福山・尾三,福山市,52330301,100,131,
福山・尾三,福山市,52330310,100,131,
福山・尾三,福山市,52330320,101,132,
福山・尾三,府中市,51336138,100,131,
福山・尾三,府中市,51336145,100,130,
福山・尾三,府中市,51336146,101,132,
福山・尾三,府中市,51336147,100,131,
福山・尾三,府中市,51336148,100,131,
福山・尾三,府中市,51336154,101,132,
福山・尾三,府中市,51336155,100,131,
福山・尾三,府中市,51336156,100,131,
福山・尾三,府中市,51336157,101,132,
福山・尾三,府中市,51336158,101,132,
福山・尾三,府中市,51336159,101,132,
福山・尾三,府中市,51336163,102,133,
福山・尾三,府中市,51336164,102,133,
福山・尾三,府中市,51336165,101,132,
福山・尾三,府中市,51336166,101,132,
福山・尾三,府中市,51336167,102,133,
福山・尾三,府中市,51336168,103,134,
福山・尾三,府中市,51336169,101,132,
福山・尾三,府中市,51336173,103,134,
福山・尾三,府中市,51336174,102,133,
福山・尾三,府中市,51336175,101,132,
福山・尾三,府中市,51336176,101,132,
福山・尾三,府中市,51336177,103,134,
福山・尾三,府中市,51336178,103,135,
福山・尾三,府中市,51336179,103,134,
福山・尾三,府中市,51336182,103,134,
福山・尾三,府中市,51336183,103,135,
福山・尾三,府中市,51336184,102,133,
福山・尾三,府中市,51336185,101,132,
福山・尾三,府中市,51336186,101,132,
福山・尾三,府中市,51336187,102,133,
福山・尾三,府中市,51336188,102,133,
福山・尾三,府中市,51336189,102,133,
福山・尾三,府中市,51336191,104,136,
福山・尾三,府中市,51336192,103,135,
福山・尾三,府中市,51336193,103,134,
福山・尾三,府中市,51336194,101,132,
福山・尾三,府中市,51336195,101,132,
福山・尾三,府中市,51336196,101,132,
福山・尾三,府中市,51336197,101,132,
福山・尾三,府中市,51336198,100,131,
福山・尾三,府中市,51336199,101,132,
福山・尾三,府中市,51336260,100,131,
福山・尾三,府中市,51336270,101,132,
福山・尾三,府中市,51336280,101,132,
福山・尾三,府中市,51336290,101,132,
福山・尾三,府中市,51337089,103,134,
福山・尾三,府中市,51337097,102,133,
福山・尾三,府中市,51337098,102,133,
福山・尾三,府中市,51337099,103,135,
福山・尾三,府中市,51337101,104,136,
福山・尾三,府中市,51337102,103,135,
福山・尾三,府中市,51337103,102,133,
福山・尾三,府中市,51337104,101,132,
福山・尾三,府中市,51337105,100,131,
福山・尾三,府中市,51337106,100,131,
福山・尾三,府中市,51337107,100,131,
福山・尾三,府中市,51337108,100,130,
福山・尾三,府中市,51337109,100,131,
福山・尾三,府中市,51337112,103,135,
福山・尾三,府中市,51337113,102,133,
福山・尾三,府中市,51337114,101,132,
福山・尾三,府中市,51337115,100,131,
福山・尾三,府中市,51337116,100,131,
福山・尾三,府中市,51337117,100,131,
福山・尾三,府中市,51337118,100,130,
福山・尾三,府中市,51337119,100,130,
福山・尾三,府中市,51337123,101,132,
福山・尾三,府中市,51337124,101,132,
福山・尾三,府中市,51337125,100,131,
福山・尾三,府中市,51337126,100,131,
福山・尾三,府中市,51337127,100,131,
福山・尾三,府中市,51337128,99,129,
福山・尾三,府中市,51337133,101,132,
福山・尾三,府中市,51337134,101,132,
福山・尾三,府中市,51337135,101,132,
福山・尾三,府中市,51337136,100,131,
福山・尾三,府中市,51337137,100,131,
福山・尾三,府中市,51337138,100,130,
福山・尾三,府中市,51337143,101,132,
福山・尾三,府中市,51337144,101,132,
福山・尾三,府中市,51337145,101,132,
福山・尾三,府中市,51337146,101,132,
福山・尾三,府中市,51337147,100,131,
福山・尾三,府中市,51337148,100,130,
福山・尾三,府中市,51337153,101,132,
福山・尾三,府中市,51337154,101,132,
福山・尾三,府中市,51337155,101,132,
福山・尾三,府中市,51337156,101,132,
福山・尾三,府中市,51337157,101,132,
福山・尾三,府中市,51337158,100,131,
福山・尾三,府中市,51337160,103,135,
福山・尾三,府中市,51337161,103,134,
福山・尾三,府中市,51337162,103,134,
福山・尾三,府中市,51337163,101,132,
福山・尾三,府中市,51337164,101,132,
福山・尾三,府中市,51337165,100,131,
福山・尾三,府中市,51337166,101,132,
福山・尾三,府中市,51337167,101,132,
福山・尾三,府中市,51337168,101,132,
福山・尾三,府中市,51337170,104,136,
福山・尾三,府中市,51337171,105,137,
福山・尾三,府中市,51337172,104,136,
福山・尾三,府中市,51337173,103,135,
福山・尾三,府中市,51337174,101,132,
福山・尾三,府中市,51337175,100,130,
福山・尾三,府中市,51337176,100,130,
福山・尾三,府中市,51337177,100,131,
福山・尾三,府中市,51337178,100,131,
福山・尾三,府中市,51337180,103,135,
福山・尾三,府中市,51337181,105,137,
福山・尾三,府中市,51337182,104,136,
福山・尾三,府中市,51337183,103,134,
福山・尾三,府中市,51337184,100,131,
福山・尾三,府中市,51337185,101,132,
福山・尾三,府中市,51337190,103,135,
福山・尾三,府中市,51337191,105,137,
福山・尾三,府中市,51337192,103,135,
福山・尾三,府中市,51337193,102,133,
福山・尾三,府中市,51337194,101,132,
福山・尾三,府中市,52330007,101,132,
福山・尾三,府中市,52330008,102,133,
福山・尾三,府中市,52330009,103,134,
福山・尾三,府中市,52330017,101,132,
福山・尾三,府中市,52330018,103,134,
福山・尾三,府中市,52330019,103,134,
福山・尾三,府中市,52330028,103,135,
福山・尾三,府中市,52330029,103,135,
福山・尾三,府中市,52330038,105,137,
福山・尾三,府中市,52330039,105,137,
福山・尾三,府中市,52330048,104,136,
福山・尾三,府中市,52330049,104,136,
福山・尾三,府中市,52330058,103,135,
福山・尾三,府中市,52330059,103,135,
福山・尾三,府中市,52330068,103,135,
福山・尾三,府中市,52330069,103,135,
福山・尾三,府中市,52330078,103,135,
福山・尾三,府中市,52330079,103,135,
福山・尾三,府中市,52330089,104,136,
福山・尾三,府中市,52330100,103,134,
福山・尾三,府中市,52330101,103,134,
福山・尾三,府中市,52330102,103,134,
福山・尾三,府中市,52330103,102,133,
福山・尾三,府中市,52330104,102,133,
福山・尾三,府中市,52330110,103,135,
福山・尾三,府中市,52330111,103,134,
福山・尾三,府中市,52330112,102,133,
福山・尾三,府中市,52330113,101,132,
福山・尾三,府中市,52330114,103,134,
福山・尾三,府中市,52330120,103,135,
福山・尾三,府中市,52330121,102,133,
福山・尾三,府中市,52330122,102,133,
福山・尾三,府中市,52330123,102,133,
福山・尾三,府中市,52330124,103,134,
福山・尾三,府中市,52330125,103,135,
福山・尾三,府中市,52330130,103,135,
福山・尾三,府中市,52330131,103,134,
福山・尾三,府中市,52330132,101,132,
福山・尾三,府中市,52330133,101,132,
福山・尾三,府中市,52330134,102,133,
福山・尾三,府中市,52330135,102,133,
福山・尾三,府中市,52330140,103,135,
福山・尾三,府中市,52330141,103,134,
福山・尾三,府中市,52330142,102,133,
福山・尾三,府中市,52330143,102,133,
福山・尾三,府中市,52330144,102,133,
福山・尾三,府中市,52330150,103,135,
福山・尾三,府中市,52330151,103,134,
福山・尾三,府中市,52330152,103,134,
福山・尾三,府中市,52330153,102,133,
福山・尾三,府中市,52330160,103,135,
福山・尾三,府中市,52330161,103,135,
福山・尾三,府中市,52330162,103,134,
福山・尾三,府中市,52330170,103,135,
福山・尾三,府中市,52330171,103,135,
福山・尾三,府中市,52330172,103,135,
福山・尾三,府中市,52330180,103,135,
福山・尾三,府中市,52330181,104,136,
福山・尾三,府中市,52330182,103,135,
福山・尾三,府中市,52330190,104,136,
福山・尾三,府中市,52330191,104,136,
福山・尾三,府中市,52330192,104,136,
福山・尾三,府中市,52331101,104,136,
福山・尾三,府中市,52331102,104,136,
福山・尾三,世羅町,51326769,104,136,
福山・尾三,世羅町,51326778,105,137,
福山・尾三,世羅町,51326779,105,137,
福山・尾三,世羅町,51326787,106,138,
福山・尾三,世羅町,51326788,107,139,
福山・尾三,世羅町,51326789,107,139,
福山・尾三,世羅町,51326796,105,137,
福山・尾三,世羅町,51326797,107,139,
福山・尾三,世羅町,51326798,107,139,
福山・尾三,世羅町,51326799,105,137,
福山・尾三,世羅町,51327704,105,137,
福山・尾三,世羅町,51327705,104,136,
福山・尾三,世羅町,51327706,105,137,
福山・尾三,世羅町,51327707,105,137,
福山・尾三,世羅町,51327708,105,137,
福山・尾三,世羅町,51327709,105,137,
福山・尾三,世羅町,51327711,105,137,
福山・尾三,世羅町,51327712,105,137,
福山・尾三,世羅町,51327713,105,137,
福山・尾三,世羅町,51327714,104,136,
福山・尾三,世羅町,51327715,105,137,
福山・尾三,世羅町,51327716,104,136,
福山・尾三,世羅町,51327717,105,137,
福山・尾三,世羅町,51327718,104,136,
福山・尾三,世羅町,51327719,103,135,
福山・尾三,世羅町,51327721,106,138,
福山・尾三,世羅町,51327722,105,137,
福山・尾三,世羅町,51327723,105,137,
福山・尾三,世羅町,51327724,105,137,
福山・尾三,世羅町,51327725,105,137,
福山・尾三,世羅町,51327726,104,136,
福山・尾三,世羅町,51327727,103,135,
福山・尾三,世羅町,51327728,103,135,
福山・尾三,世羅町,51327729,103,135,
福山・尾三,世羅町,51327730,106,138,
福山・尾三,世羅町,51327731,105,137,
福山・尾三,世羅町,51327732,105,137,
福山・尾三,世羅町,51327733,105,137,
福山・尾三,世羅町,51327734,105,137,
福山・尾三,世羅町,51327735,104,136,
福山・尾三,世羅町,51327736,103,135,
福山・尾三,世羅町,51327737,103,135,
福山・尾三,世羅町,51327738,103,135,
福山・尾三,世羅町,51327739,103,134,
福山・尾三,世羅町,51327740,105,137,
福山・尾三,世羅町,51327741,105,137,
福山・尾三,世羅町,51327742,105,137,
福山・尾三,世羅町,51327743,105,137,
福山・尾三,世羅町,51327744,105,137,
福山・尾三,世羅町,51327745,103,135,
福山・尾三,世羅町,51327746,103,135,
福山・尾三,世羅町,51327747,103,135,
福山・尾三,世羅町,51327748,103,134,
福山・尾三,世羅町,51327749,103,134,
福山・尾三,世羅町,51327750,105,137,
福山・尾三,世羅町,51327751,106,138,
福山・尾三,世羅町,51327752,105,137,
福山・尾三,世羅町,51327753,105,137,
福山・尾三,世羅町,51327754,104,136,
福山・尾三,世羅町,51327755,103,135,
福山・尾三,世羅町,51327756,103,135,
福山・尾三,世羅町,51327757,103,135,
福山・尾三,世羅町,51327758,103,134,
福山・尾三,世羅町,51327759,103,135,
福山・尾三,世羅町,51327760,106,138,
福山・尾三,世羅町,51327761,106,138,
福山・尾三,世羅町,51327762,106,138,
福山・尾三,世羅町,51327763,105,137,
福山・尾三,世羅町,51327764,104,136,
福山・尾三,世羅町,51327765,103,135,
福山・尾三,世羅町,51327766,103,135,
福山・尾三,世羅町,51327767,103,135,
福山・尾三,世羅町,51327768,103,135,
福山・尾三,世羅町,51327769,103,135,
福山・尾三,世羅町,51327770,107,139,
福山・尾三,世羅町,51327771,107,139,
福山・尾三,世羅町,51327772,107,139,
福山・尾三,世羅町,51327773,106,138,
福山・尾三,世羅町,51327774,105,137,
福山・尾三,世羅町,51327775,104,136,
福山・尾三,世羅町,51327776,103,135,
福山・尾三,世羅町,51327777,103,135,
福山・尾三,世羅町,51327778,103,134,
福山・尾三,世羅町,51327779,103,135,
福山・尾三,世羅町,51327780,107,139,
福山・尾三,世羅町,51327781,107,140,
福山・尾三,世羅町,51327782,107,139,
福山・尾三,世羅町,51327783,107,139,
福山・尾三,世羅町,51327784,105,137,
福山・尾三,世羅町,51327785,104,136,
福山・尾三,世羅町,51327786,103,135,
福山・尾三,世羅町,51327787,103,135,
福山・尾三,世羅町,51327788,103,134,
福山・尾三,世羅町,51327789,103,134,
福山・尾三,世羅町,51327790,105,137,
福山・尾三,世羅町,51327791,106,138,
福山・尾三,世羅町,51327792,106,138,
福山・尾三,世羅町,51327793,107,139,
福山・尾三,世羅町,51327794,105,137,
福山・尾三,世羅町,51327795,104,136,
福山・尾三,世羅町,51327798,102,133,
福山・尾三,世羅町,51327799,103,134,
福山・尾三,世羅町,51336057,103,135,
福山・尾三,世羅町,51336058,103,134,
福山・尾三,世羅町,51336060,105,137,
福山・尾三,世羅町,51336061,105,137,
福山・尾三,世羅町,51336065,107,139,
福山・尾三,世羅町,51336066,104,136,
福山・尾三,世羅町,51336067,103,135,
福山・尾三,世羅町,51336068,103,134,
福山・尾三,世羅町,51336069,103,135,
福山・尾三,世羅町,51336070,105,137,
福山・尾三,世羅町,51336071,105,137,
福山・尾三,世羅町,51336072,105,137,
福山・尾三,世羅町,51336074,105,137,
福山・尾三,世羅町,51336075,105,137,
福山・尾三,世羅町,51336076,104,136,
福山・尾三,世羅町,51336077,103,135,
福山・尾三,世羅町,51336078,103,135,
福山・尾三,世羅町,51336079,104,136,
福山・尾三,世羅町,51336080,105,137,
福山・尾三,世羅町,51336081,104,136,
福山・尾三,世羅町,51336082,105,137,
福山・尾三,世羅町,51336083,105,137,
福山・尾三,世羅町,51336084,105,137,
福山・尾三,世羅町,51336085,105,137,
福山・尾三,世羅町,51336086,103,135,
福山・尾三,世羅町,51336087,103,135,
福山・尾三,世羅町,51336088,103,135,
福山・尾三,世羅町,51336089,104,136,
福山・尾三,世羅町,51336090,105,137,
福山・尾三,世羅町,51336091,104,136,
福山・尾三,世羅町,51336092,105,137,
福山・尾三,世羅町,51336093,106,138,
福山・尾三,世羅町,51336094,106,138,
福山・尾三,世羅町,51336095,106,138,
福山・尾三,世羅町,51336096,105,137,
福山・尾三,世羅町,51336097,103,135,
福山・尾三,世羅町,51336098,103,135,
福山・尾三,世羅町,51336099,104,136,
福山・尾三,世羅町,51336170,103,135,
福山・尾三,世羅町,51336180,103,135,
福山・尾三,世羅町,51336190,103,135,
福山・尾三,世羅町,51337000,103,135,
福山・尾三,世羅町,51337001,103,135,
福山・尾三,世羅町,51337002,105,137,
福山・尾三,世羅町,51337003,106,138,
福山・尾三,世羅町,51337004,107,139,
福山・尾三,世羅町,51337005,106,138,
福山・尾三,世羅町,51337006,105,137,
福山・尾三,世羅町,51337007,103,135,
福山・尾三,世羅町,51337008,103,135,
福山・尾三,世羅町,51337009,103,135,
福山・尾三,世羅町,51337010,103,135,
福山・尾三,世羅町,51337011,103,135,
福山・尾三,世羅町,51337012,103,135,
福山・尾三,世羅町,51337013,105,137,
福山・尾三,世羅町,51337014,106,138,
福山・尾三,世羅町,51337015,105,137,
福山・尾三,世羅町,51337016,105,137,
福山・尾三,世羅町,51337017,104,136,
福山・尾三,世羅町,51337018,104,136,
福山・尾三,世羅町,51337019,104,136,
福山・尾三,世羅町,51337020,103,135,
福山・尾三,世羅町,51337021,103,135,
福山・尾三,世羅町,51337022,103,135,
福山・尾三,世羅町,51337023,103,135,
福山・尾三,世羅町,51337024,104,136,
福山・尾三,世羅町,51337025,103,135,
福山・尾三,世羅町,51337026,103,135,
福山・尾三,世羅町,51337027,105,137,
福山・尾三,世羅町,51337028,105,137,
福山・尾三,世羅町,51337029,105,137,
福山・尾三,世羅町,51337030,103,134,
福山・尾三,世羅町,51337031,103,135,
福山・尾三,世羅町,51337032,103,135,
福山・尾三,世羅町,51337033,103,135,
福山・尾三,世羅町,51337034,103,135,
福山・尾三,世羅町,51337035,104,136,
福山・尾三,世羅町,51337036,104,136,
福山・尾三,世羅町,51337037,105,137,
福山・尾三,世羅町,51337038,106,138,
福山・尾三,世羅町,51337039,105,137,
福山・尾三,世羅町,51337040,103,135,
福山・尾三,世羅町,51337041,103,134,
福山・尾三,世羅町,51337042,103,134,
福山・尾三,世羅町,51337043,103,135,
福山・尾三,世羅町,51337044,104,136,
福山・尾三,世羅町,51337045,105,137,
福山・尾三,世羅町,51337046,105,137,
福山・尾三,世羅町,51337047,105,137,
福山・尾三,世羅町,51337048,105,137,
福山・尾三,世羅町,51337049,105,137,
福山・尾三,世羅町,51337050,103,135,
福山・尾三,世羅町,51337051,103,135,
福山・尾三,世羅町,51337052,103,134,
福山・尾三,世羅町,51337053,103,134,
福山・尾三,世羅町,51337054,104,136,
福山・尾三,世羅町,51337055,104,136,
福山・尾三,世羅町,51337056,104,136,
福山・尾三,世羅町,51337057,104,136,
福山・尾三,世羅町,51337058,104,136,
福山・尾三,世羅町,51337059,103,135,
福山・尾三,世羅町,51337060,104,136,
福山・尾三,世羅町,51337061,103,135,
福山・尾三,世羅町,51337062,103,135,
福山・尾三,世羅町,51337063,103,134,
福山・尾三,世羅町,51337064,103,135,
福山・尾三,世羅町,51337065,103,135,
福山・尾三,世羅町,51337066,103,135,
福山・尾三,世羅町,51337067,103,135,
福山・尾三,世羅町,51337068,103,135,
福山・尾三,世羅町,51337069,103,135,
福山・尾三,世羅町,51337070,103,135,
福山・尾三,世羅町,51337071,103,135,
福山・尾三,世羅町,51337072,102,133,
福山・尾三,世羅町,51337073,103,134,
福山・尾三,世羅町,51337074,103,134,
福山・尾三,世羅町,51337075,103,134,
福山・尾三,世羅町,51337076,102,133,
福山・尾三,世羅町,51337077,103,134,
福山・尾三,世羅町,51337078,102,133,
福山・尾三,世羅町,51337079,103,135,
福山・尾三,世羅町,51337080,102,133,
福山・尾三,世羅町,51337081,102,133,
福山・尾三,世羅町,51337082,102,133,
福山・尾三,世羅町,51337083,102,133,
福山・尾三,世羅町,51337084,101,132,
福山・尾三,世羅町,51337085,101,132,
福山・尾三,世羅町,51337086,101,132,
福山・尾三,世羅町,51337087,101,132,
福山・尾三,世羅町,51337088,103,134,
福山・尾三,世羅町,51337090,102,133,
福山・尾三,世羅町,51337091,101,132,
福山・尾三,世羅町,51337092,101,132,
福山・尾三,世羅町,51337100,104,136,
福山・尾三,世羅町,51337110,104,136,
福山・尾三,世羅町,51337111,104,136,
福山・尾三,世羅町,51337120,103,135,
福山・尾三,世羅町,51337121,103,134,
福山・尾三,世羅町,51337122,102,133,
福山・尾三,世羅町,51337130,103,135,
福山・尾三,世羅町,51337131,102,133,
福山・尾三,世羅町,51337132,102,133,
福山・尾三,世羅町,51337140,103,135,
福山・尾三,世羅町,51337141,103,134,
福山・尾三,世羅町,51337142,102,133,
福山・尾三,世羅町,51337150,103,135,
福山・尾三,世羅町,51337151,102,133,
福山・尾三,世羅町,51337152,102,133,
福山・尾三,世羅町,52320701,105,137,
福山・尾三,世羅町,52320702,105,137,
福山・尾三,世羅町,52320703,106,138,
福山・尾三,世羅町,52320704,105,137,
福山・尾三,世羅町,52320708,103,134,
福山・尾三,世羅町,52320709,102,133,
福山・尾三,世羅町,52320711,105,137,
福山・尾三,世羅町,52320712,105,137,
福山・尾三,世羅町,52320714,104,136,
福山・尾三,世羅町,52330000,102,133,
福山・尾三,世羅町,52330001,102,133,
福山・尾三,神石高原町,51337179,101,132,
福山・尾三,神石高原町,51337186,100,130,
福山・尾三,神石高原町,51337187,100,131,
福山・尾三,神石高原町,51337188,99,129,
福山・尾三,神石高原町,51337189,100,131,
福山・尾三,神石高原町,51337195,102,133,
福山・尾三,神石高原町,51337196,101,132,
福山・尾三,神石高原町,51337197,101,132,
福山・尾三,神石高原町,51337198,100,131,
福山・尾三,神石高原町,51337199,100,130,
福山・尾三,神石高原町,51337274,100,131,
福山・尾三,神石高原町,51337280,100,131,
福山・尾三,神石高原町,51337283,101,132,
福山・尾三,神石高原町,51337284,100,131,
福山・尾三,神石高原町,51337285,100,130,
福山・尾三,神石高原町,51337290,100,131,
福山・尾三,神石高原町,51337293,101,132,
福山・尾三,神石高原町,51337294,100,131,
福山・尾三,神石高原町,51337295,100,131,
福山・尾三,神石高原町,51337296,99,129,
福山・尾三,神石高原町,52330105,103,135,
福山・尾三,神石高原町,52330106,103,135,
福山・尾三,神石高原町,52330107,103,134,
福山・尾三,神石高原町,52330108,100,131,
福山・尾三,神石高原町,52330109,100,130,
福山・尾三,神石高原町,52330115,103,135,
福山・尾三,神石高原町,52330116,104,136,
福山・尾三,神石高原町,52330117,103,135,
福山・尾三,神石高原町,52330118,101,132,
福山・尾三,神石高原町,52330119,100,130,
福山・尾三,神石高原町,52330126,104,136,
福山・尾三,神石高原町,52330127,103,134,
福山・尾三,神石高原町,52330128,101,132,
福山・尾三,神石高原町,52330129,100,130,
福山・尾三,神石高原町,52330136,103,134,
福山・尾三,神石高原町,52330137,103,134,
福山・尾三,神石高原町,52330138,101,132,
福山・尾三,神石高原町,52330139,101,132,
福山・尾三,神石高原町,52330145,103,134,
福山・尾三,神石高原町,52330146,102,133,
福山・尾三,神石高原町,52330147,103,134,
福山・尾三,神石高原町,52330148,101,132,
福山・尾三,神石高原町,52330149,101,132,
福山・尾三,神石高原町,52330154,102,133,
福山・尾三,神石高原町,52330155,103,134,
福山・尾三,神石高原町,52330156,103,135,
福山・尾三,神石高原町,52330157,103,135,
福山・尾三,神石高原町,52330158,102,133,
福山・尾三,神石高原町,52330159,102,133,
福山・尾三,神石高原町,52330163,103,135,
福山・尾三,神石高原町,52330164,103,135,
福山・尾三,神石高原町,52330165,103,135,
福山・尾三,神石高原町,52330166,103,135,
福山・尾三,神石高原町,52330167,103,134,
福山・尾三,神石高原町,52330168,103,134,
福山・尾三,神石高原町,52330169,102,133,
福山・尾三,神石高原町,52330173,103,135,
福山・尾三,神石高原町,52330174,103,135,
福山・尾三,神石高原町,52330175,103,135,
福山・尾三,神石高原町,52330176,103,135,
福山・尾三,神石高原町,52330177,103,135,
福山・尾三,神石高原町,52330178,103,134,
福山・尾三,神石高原町,52330179,102,133,
福山・尾三,神石高原町,52330183,104,136,
福山・尾三,神石高原町,52330184,103,135,
福山・尾三,神石高原町,52330185,104,136,
福山・尾三,神石高原町,52330186,104,136,
福山・尾三,神石高原町,52330187,104,136,
福山・尾三,神石高原町,52330188,103,135,
福山・尾三,神石高原町,52330189,101,132,
福山・尾三,神石高原町,52330193,104,136,
福山・尾三,神石高原町,52330194,105,137,
福山・尾三,神石高原町,52330195,105,137,
福山・尾三,神石高原町,52330196,104,136,
福山・尾三,神石高原町,52330197,103,135,
福山・尾三,神石高原町,52330198,103,135,
福山・尾三,神石高原町,52330199,102,133,
福山・尾三,神石高原町,52330200,100,131,
福山・尾三,神石高原町,52330201,101,132,
福山・尾三,神石高原町,52330202,101,132,
福山・尾三,神石高原町,52330203,103,134,
福山・尾三,神石高原町,52330204,102,133,
福山・尾三,神石高原町,52330205,100,131,
福山・尾三,神石高原町,52330206,99,129,
福山・尾三,神石高原町,52330210,100,131,
福山・尾三,神石高原町,52330211,100,131,
福山・尾三,神石高原町,52330212,102,133,
福山・尾三,神石高原町,52330213,103,135,
福山・尾三,神石高原町,52330214,102,133,
福山・尾三,神石高原町,52330215,100,131,
福山・尾三,神石高原町,52330216,100,130,
福山・尾三,神石高原町,52330220,100,131,
福山・尾三,神石高原町,52330221,100,130,
福山・尾三,神石高原町,52330222,101,132,
福山・尾三,神石高原町,52330223,102,133,
福山・尾三,神石高原町,52330224,102,133,
福山・尾三,神石高原町,52330225,100,131,
福山・尾三,神石高原町,52330226,101,132,
福山・尾三,神石高原町,52330227,102,133,
福山・尾三,神石高原町,52330230,100,130,
福山・尾三,神石高原町,52330231,100,130,
福山・尾三,神石高原町,52330232,101,132,
福山・尾三,神石高原町,52330233,101,132,
福山・尾三,神石高原町,52330234,101,132,
福山・尾三,神石高原町,52330235,100,131,
福山・尾三,神石高原町,52330236,102,133,
福山・尾三,神石高原町,52330237,103,134,
福山・尾三,神石高原町,52330238,103,134,
福山・尾三,神石高原町,52330240,101,132,
福山・尾三,神石高原町,52330241,100,131,
福山・尾三,神石高原町,52330242,100,131,
福山・尾三,神石高原町,52330243,100,131,
福山・尾三,神石高原町,52330244,100,131,
福山・尾三,神石高原町,52330245,101,132,
福山・尾三,神石高原町,52330246,101,132,
福山・尾三,神石高原町,52330247,103,134,
福山・尾三,神石高原町,52330248,102,133,
福山・尾三,神石高原町,52330250,101,132,
福山・尾三,神石高原町,52330251,101,132,
福山・尾三,神石高原町,52330252,101,132,
福山・尾三,神石高原町,52330253,101,132,
福山・尾三,神石高原町,52330254,100,131,
福山・尾三,神石高原町,52330255,101,132,
福山・尾三,神石高原町,52330256,100,130,
福山・尾三,神石高原町,52330257,100,131,
福山・尾三,神石高原町,52330258,100,131,
福山・尾三,神石高原町,52330259,101,132,
福山・尾三,神石高原町,52330260,102,133,
福山・尾三,神石高原町,52330261,101,132,
福山・尾三,神石高原町,52330262,101,132,
福山・尾三,神石高原町,52330263,102,133,
福山・尾三,神石高原町,52330264,101,132,
福山・尾三,神石高原町,52330265,101,132,
福山・尾三,神石高原町,52330266,100,131,
福山・尾三,神石高原町,52330267,99,129,
福山・尾三,神石高原町,52330268,100,130,
福山・尾三,神石高原町,52330269,100,130,
福山・尾三,神石高原町,52330270,101,132,
福山・尾三,神石高原町,52330271,101,132,
福山・尾三,神石高原町,52330272,102,133,
福山・尾三,神石高原町,52330273,101,132,
福山・尾三,神石高原町,52330274,101,132,
福山・尾三,神石高原町,52330275,101,132,
福山・尾三,神石高原町,52330276,100,130,
福山・尾三,神石高原町,52330277,100,131,
福山・尾三,神石高原町,52330278,100,130,
福山・尾三,神石高原町,52330280,101,132,
福山・尾三,神石高原町,52330281,101,132,
福山・尾三,神石高原町,52330282,101,132,
福山・尾三,神石高原町,52330283,101,132,
福山・尾三,神石高原町,52330284,101,132,
福山・尾三,神石高原町,52330285,101,132,
福山・尾三,神石高原町,52330286,101,132,
福山・尾三,神石高原町,52330287,101,132,
福山・尾三,神石高原町,52330288,100,131,
福山・尾三,神石高原町,52330290,101,132,
福山・尾三,神石高原町,52330291,101,132,
福山・尾三,神石高原町,52330292,102,133,
福山・尾三,神石高原町,52330293,101,132,
福山・尾三,神石高原町,52330294,101,132,
福山・尾三,神石高原町,52330295,101,132,
福山・尾三,神石高原町,52330296,100,131,
福山・尾三,神石高原町,52330297,101,132,
福山・尾三,神石高原町,52330298,101,132,
福山・尾三,神石高原町,52330299,101,132,
福山・尾三,神石高原町,52331103,105,137,
福山・尾三,神石高原町,52331104,104,136,
福山・尾三,神石高原町,52331105,103,135,
福山・尾三,神石高原町,52331106,103,135,
福山・尾三,神石高原町,52331107,103,135,
福山・尾三,神石高原町,52331108,103,135,
福山・尾三,神石高原町,52331109,102,133,
福山・尾三,神石高原町,52331113,105,137,
福山・尾三,神石高原町,52331114,103,135,
福山・尾三,神石高原町,52331115,103,135,
福山・尾三,神石高原町,52331116,103,135,
福山・尾三,神石高原町,52331117,103,135,
福山・尾三,神石高原町,52331118,103,135,
福山・尾三,神石高原町,52331119,103,134,
福山・尾三,神石高原町,52331123,104,136,
福山・尾三,神石高原町,52331124,103,135,
福山・尾三,神石高原町,52331125,103,135,
福山・尾三,神石高原町,52331126,103,135,
福山・尾三,神石高原町,52331127,103,135,
福山・尾三,神石高原町,52331128,103,135,
福山・尾三,神石高原町,52331129,102,133,
福山・尾三,神石高原町,52331132,103,134,
福山・尾三,神石高原町,52331133,103,135,
福山・尾三,神石高原町,52331134,103,134,
福山・尾三,神石高原町,52331135,103,135,
福山・尾三,神石高原町,52331136,103,135,
福山・尾三,神石高原町,52331137,103,135,
福山・尾三,神石高原町,52331138,103,135,
福山・尾三,神石高原町,52331139,102,133,
福山・尾三,神石高原町,52331141,103,135,
福山・尾三,神石高原町,52331142,103,134,
福山・尾三,神石高原町,52331143,103,135,
福山・尾三,神石高原町,52331144,103,134,
福山・尾三,神石高原町,52331145,103,135,
福山・尾三,神石高原町,52331146,103,135,
福山・尾三,神石高原町,52331147,103,135,
福山・尾三,神石高原町,52331148,103,135,
福山・尾三,神石高原町,52331149,103,134,
福山・尾三,神石高原町,52331151,103,135,
福山・尾三,神石高原町,52331152,103,135,
福山・尾三,神石高原町,52331153,103,135,
福山・尾三,神石高原町,52331154,104,136,
福山・尾三,神石高原町,52331155,104,136,
福山・尾三,神石高原町,52331156,103,135,
福山・尾三,神石高原町,52331157,103,135,
福山・尾三,神石高原町,52331158,103,135,
福山・尾三,神石高原町,52331159,103,134,
福山・尾三,神石高原町,52331161,103,135,
福山・尾三,神石高原町,52331162,103,135,
福山・尾三,神石高原町,52331163,104,136,
福山・尾三,神石高原町,52331164,105,137,
福山・尾三,神石高原町,52331165,104,136,
福山・尾三,神石高原町,52331166,103,135,
福山・尾三,神石高原町,52331167,103,135,
福山・尾三,神石高原町,52331168,103,135,
福山・尾三,神石高原町,52331169,103,134,
福山・尾三,神石高原町,52331171,103,135,
福山・尾三,神石高原町,52331172,104,136,
福山・尾三,神石高原町,52331173,105,137,
福山・尾三,神石高原町,52331174,105,137,
福山・尾三,神石高原町,52331175,104,136,
福山・尾三,神石高原町,52331176,103,135,
福山・尾三,神石高原町,52331177,103,135,
福山・尾三,神石高原町,52331178,103,135,
福山・尾三,神石高原町,52331179,103,135,
福山・尾三,神石高原町,52331181,104,136,
福山・尾三,神石高原町,52331182,104,136,
福山・尾三,神石高原町,52331183,104,136,
福山・尾三,神石高原町,52331184,104,136,
福山・尾三,神石高原町,52331185,103,135,
福山・尾三,神石高原町,52331186,103,135,
福山・尾三,神石高原町,52331187,103,135,
福山・尾三,神石高原町,52331188,103,135,
福山・尾三,神石高原町,52331191,104,136,
福山・尾三,神石高原町,52331192,104,136,
福山・尾三,神石高原町,52331193,104,136,
福山・尾三,神石高原町,52331194,103,135,
福山・尾三,神石高原町,52331195,103,135,
福山・尾三,神石高原町,52331196,103,135,
福山・尾三,神石高原町,52331197,103,134,
福山・尾三,神石高原町,52331198,103,135,
福山・尾三,神石高原町,52331200,101,132,
福山・尾三,神石高原町,52331201,103,134,
福山・尾三,神石高原町,52331202,103,135,
福山・尾三,神石高原町,52331203,103,135,
福山・尾三,神石高原町,52331204,102,133,
福山・尾三,神石高原町,52331205,101,132,
福山・尾三,神石高原町,52331206,101,132,
福山・尾三,神石高原町,52331207,101,132,
福山・尾三,神石高原町,52331208,101,132,
福山・尾三,神石高原町,52331210,102,133,
福山・尾三,神石高原町,52331211,104,136,
福山・尾三,神石高原町,52331212,106,138,
福山・尾三,神石高原町,52331213,104,136,
福山・尾三,神石高原町,52331214,103,134,
福山・尾三,神石高原町,52331215,101,132,
福山・尾三,神石高原町,52331216,102,133,
福山・尾三,神石高原町,52331217,102,133,
福山・尾三,神石高原町,52331218,103,134,
福山・尾三,神石高原町,52331220,103,135,
福山・尾三,神石高原町,52331221,104,136,
福山・尾三,神石高原町,52331222,106,138,
福山・尾三,神石高原町,52331223,104,136,
福山・尾三,神石高原町,52331224,103,134,
福山・尾三,神石高原町,52331225,102,133,
福山・尾三,神石高原町,52331226,103,135,
福山・尾三,神石高原町,52331227,103,135,
福山・尾三,神石高原町,52331228,103,135,
福山・尾三,神石高原町,52331230,103,134,
福山・尾三,神石高原町,52331231,103,135,
福山・尾三,神石高原町,52331232,104,136,
福山・尾三,神石高原町,52331233,103,135,
福山・尾三,神石高原町,52331234,103,134,
福山・尾三,神石高原町,52331235,102,133,
福山・尾三,神石高原町,52331236,103,135,
福山・尾三,神石高原町,52331237,105,137,
福山・尾三,神石高原町,52331238,104,136,
福山・尾三,神石高原町,52331239,103,134,
福山・尾三,神石高原町,52331240,103,134,
福山・尾三,神石高原町,52331241,102,133,
福山・尾三,神石高原町,52331242,103,135,
福山・尾三,神石高原町,52331243,103,135,
福山・尾三,神石高原町,52331244,102,133,
福山・尾三,神石高原町,52331245,102,133,
福山・尾三,神石高原町,52331246,103,135,
福山・尾三,神石高原町,52331247,104,136,
福山・尾三,神石高原町,52331248,103,135,
福山・尾三,神石高原町,52331249,103,135,
福山・尾三,神石高原町,52331250,103,134,
福山・尾三,神石高原町,52331251,103,134,
福山・尾三,神石高原町,52331252,101,132,
福山・尾三,神石高原町,52331253,102,133,
福山・尾三,神石高原町,52331254,103,134,
福山・尾三,神石高原町,52331255,102,133,
福山・尾三,神石高原町,52331256,102,133,
福山・尾三,神石高原町,52331257,103,135,
福山・尾三,神石高原町,52331258,103,134,
福山・尾三,神石高原町,52331259,102,133,
福山・尾三,神石高原町,52331260,103,134,
福山・尾三,神石高原町,52331261,103,135,
福山・尾三,神石高原町,52331262,102,133,
福山・尾三,神石高原町,52331263,102,133,
福山・尾三,神石高原町,52331264,102,133,
福山・尾三,神石高原町,52331265,102,133,
福山・尾三,神石高原町,52331266,101,132,
福山・尾三,神石高原町,52331267,103,134,
福山・尾三,神石高原町,52331268,103,134,
福山・尾三,神石高原町,52331269,103,134,
福山・尾三,神石高原町,52331270,103,135,
福山・尾三,神石高原町,52331271,103,135,
福山・尾三,神石高原町,52331272,103,134,
福山・尾三,神石高原町,52331273,102,133,
福山・尾三,神石高原町,52331274,102,133,
福山・尾三,神石高原町,52331275,101,132,
福山・尾三,神石高原町,52331276,101,132,
福山・尾三,神石高原町,52331277,103,135,
福山・尾三,神石高原町,52331278,103,135,
福山・尾三,神石高原町,52331279,103,134,
福山・尾三,神石高原町,52331280,103,135,
福山・尾三,神石高原町,52331281,103,135,
福山・尾三,神石高原町,52331282,103,134,
福山・尾三,神石高原町,52331283,103,134,
福山・尾三,神石高原町,52331284,103,134,
福山・尾三,神石高原町,52331285,103,134,
福山・尾三,神石高原町,52331286,103,134,
福山・尾三,神石高原町,52331287,103,135,
福山・尾三,神石高原町,52331288,103,135,
福山・尾三,神石高原町,52331291,103,135,
福山・尾三,神石高原町,52331292,103,135,
福山・尾三,神石高原町,52331293,103,135,
福山・尾三,神石高原町,52331294,103,135,
福山・尾三,神石高原町,52331295,103,134,
福山・尾三,神石高原町,52331296,103,135,
福山・尾三,神石高原町,52331297,103,135,
福山・尾三,神石高原町,52332102,105,137,
福山・尾三,神石高原町,52332103,105,137,
福山・尾三,神石高原町,52332104,105,137,
福山・尾三,神石高原町,52332105,104,136,
福山・尾三,神石高原町,52332106,103,135,
福山・尾三,神石高原町,52332107,103,135,
福山・尾三,神石高原町,52332113,105,137,
福山・尾三,神石高原町,52332114,104,136,
福山・尾三,神石高原町,52332115,103,135,
福山・尾三,神石高原町,52332116,103,135,
福山・尾三,神石高原町,52332117,103,135,
福山・尾三,神石高原町,52332126,103,135,
福山・尾三,神石高原町,52332127,103,135,
福山・尾三,神石高原町,52332202,103,135,
福山・尾三,神石高原町,52332203,103,135,
福山・尾三,神石高原町,52332204,104,136,
福山・尾三,神石高原町,52332205,104,136,
福山・尾三,神石高原町,52332206,104,136,
福山・尾三,神石高原町,52332212,104,136,
福山・尾三,神石高原町,52332213,104,136,
福山・尾三,神石高原町,52332214,104,136,
福山・尾三,神石高原町,52332215,105,137,
福山・尾三,神石高原町,52332216,104,136,
東広島・竹原,竹原市,51323659,122,159,
東広島・竹原,竹原市,51323668,123,160,
東広島・竹原,竹原市,51323669,122,159,
東広島・竹原,竹原市,51323678,122,159,
東広島・竹原,竹原市,51323679,122,159,
東広島・竹原,竹原市,51323688,122,159,
東広島・竹原,竹原市,51323689,122,159,
東広島・竹原,竹原市,51323698,122,159,
東広島・竹原,竹原市,51323699,122,159,
東広島・竹原,竹原市,51323760,122,159,
東広島・竹原,竹原市,51323769,118,154,
東広島・竹原,竹原市,51323770,122,159,
東広島・竹原,竹原市,51323775,120,157,
東広島・竹原,竹原市,51323779,118,154,
東広島・竹原,竹原市,51323780,122,159,
東広島・竹原,竹原市,51323781,121,158,
東広島・竹原,竹原市,51323784,122,159,
東広島・竹原,竹原市,51323785,121,158,
東広島・竹原,竹原市,51323790,122,159,
東広島・竹原,竹原市,51323791,121,158,
東広島・竹原,竹原市,51323792,123,160,
東広島・竹原,竹原市,51323793,123,161,
東広島・竹原,竹原市,51323794,123,160,
東広島・竹原,竹原市,51323795,122,159,
東広島・竹原,竹原市,51323798,120,157,
東広島・竹原,竹原市,51323799,119,155,
東広島・竹原,竹原市,51324609,121,158,
東広島・竹原,竹原市,51324619,121,158,
東広島・竹原,竹原市,51324628,121,158,
東広島・竹原,竹原市,51324629,120,157,
東広島・竹原,竹原市,51324637,121,158,
東広島・竹原,竹原市,51324638,120,156,
東広島・竹原,竹原市,51324639,120,156,
東広島・竹原,竹原市,51324645,122,159,
東広島・竹原,竹原市,51324646,121,158,
東広島・竹原,竹原市,51324647,120,157,
東広島・竹原,竹原市,51324648,120,157,
東広島・竹原,竹原市,51324649,120,156,
東広島・竹原,竹原市,51324653,120,157,
東広島・竹原,竹原市,51324654,120,156,
東広島・竹原,竹原市,51324655,120,157,
東広島・竹原,竹原市,51324656,120,157,
東広島・竹原,竹原市,51324657,120,157,
東広島・竹原,竹原市,51324658,120,156,
東広島・竹原,竹原市,51324659,120,156,
東広島・竹原,竹原市,51324664,120,157,
東広島・竹原,竹原市,51324665,120,156,
東広島・竹原,竹原市,51324666,120,156,
東広島・竹原,竹原市,51324667,120,156,
東広島・竹原,竹原市,51324668,120,156,
東広島・竹原,竹原市,51324669,120,156,
東広島・竹原,竹原市,51324675,120,157,
東広島・竹原,竹原市,51324676,120,157,
東広島・竹原,竹原市,51324677,120,156,
東広島・竹原,竹原市,51324678,120,156,
東広島・竹原,竹原市,51324679,120,156,
東広島・竹原,竹原市,51324685,122,159,
東広島・竹原,竹原市,51324686,120,157,
東広島・竹原,竹原市,51324687,120,157,
東広島・竹原,竹原市,51324688,120,157,
東広島・竹原,竹原市,51324689,120,156,
東広島・竹原,竹原市,51324693,120,157,
東広島・竹原,竹原市,51324694,121,158,
東広島・竹原,竹原市,51324695,121,158,
東広島・竹原,竹原市,51324696,121,158,
東広島・竹原,竹原市,51324697,121,158,
東広島・竹原,竹原市,51324698,120,157,
東広島・竹原,竹原市,51324700,121,158,
東広島・竹原,竹原市,51324701,122,159,
東広島・竹原,竹原市,51324702,123,160,
東広島・竹原,竹原市,51324703,122,159,
東広島・竹原,竹原市,51324704,122,159,
東広島・竹原,竹原市,51324705,121,158,
東広島・竹原,竹原市,51324706,121,158,
東広島・竹原,竹原市,51324707,120,157,
東広島・竹原,竹原市,51324708,120,157,
東広島・竹原,竹原市,51324709,119,155,
東広島・竹原,竹原市,51324710,120,156,
東広島・竹原,竹原市,51324711,120,157,
東広島・竹原,竹原市,51324712,121,158,
東広島・竹原,竹原市,51324713,120,157,
東広島・竹原,竹原市,51324714,120,156,
東広島・竹原,竹原市,51324715,120,156,
東広島・竹原,竹原市,51324716,120,156,
東広島・竹原,竹原市,51324717,120,156,
東広島・竹原,竹原市,51324718,119,155,
東広島・竹原,竹原市,51324719,118,154,
東広島・竹原,竹原市,51324720,120,156,
東広島・竹原,竹原市,51324721,120,156,
東広島・竹原,竹原市,51324722,120,156,
東広島・竹原,竹原市,51324723,120,156,
東広島・竹原,竹原市,51324724,119,155,
東広島・竹原,竹原市,51324725,118,154,
東広島・竹原,竹原市,51324730,120,156,
東広島・竹原,竹原市,51324731,120,157,
東広島・竹原,竹原市,51324732,120,157,
東広島・竹原,竹原市,51324733,120,157,
東広島・竹原,竹原市,51324734,120,156,
東広島・竹原,竹原市,51324740,120,156,
東広島・竹原,竹原市,51324741,120,157,
東広島・竹原,竹原市,51324742,121,158,
東広島・竹原,竹原市,51324743,120,157,
東広島・竹原,竹原市,51324744,120,156,
東広島・竹原,竹原市,51324750,120,157,
東広島・竹原,竹原市,51324751,122,159,
東広島・竹原,竹原市,51324752,122,159,
東広島・竹原,竹原市,51324753,120,156,
東広島・竹原,竹原市,51324754,120,156,
東広島・竹原,竹原市,51324760,120,157,
東広島・竹原,竹原市,51324761,122,159,
東広島・竹原,竹原市,51324762,121,158,
東広島・竹原,竹原市,51324770,120,157,
東広島・竹原,竹原市,51324771,120,156,
東広島・竹原,竹原市,51324772,120,157,
東広島・竹原,竹原市,51324780,119,155,
東広島・竹原,竹原市,51324781,120,156,
東広島・竹原,竹原市,51324782,120,156,
東広島・竹原,竹原市,51324791,119,155,
東広島・竹原,竹原市,51324792,120,156,
東広島・竹原,竹原市,51325603,120,156,
東広島・竹原,竹原市,51325604,120,157,
東広島・竹原,竹原市,51325605,121,158,
東広島・竹原,竹原市,51325606,121,158,
東広島・竹原,竹原市,51333090,117,153,
東広島・竹原,竹原市,51334000,118,154,
東広島・竹原,竹原市,51334010,117,153,
東広島・竹原,東広島市,51323489,125,163,
東広島・竹原,東広島市,51323499,124,162,
東広島・竹原,東広島市,51323553,125,163,
東広島・竹原,東広島市,51323562,125,163,
東広島・竹原,東広島市,51323563,125,163,
東広島・竹原,東広島市,51323564,126,164,
東広島・竹原,東広島市,51323571,126,164,
東広島・竹原,東広島市,51323572,126,164,
東広島・竹原,東広島市,51323573,125,163,
東広島・竹原,東広島市,51323574,126,164,
東広島・竹原,東広島市,51323575,126,164,
東広島・竹原,東広島市,51323576,126,164,
東広島・竹原,東広島市,51323580,126,164,
東広島・竹原,東広島市,51323581,126,164,
東広島・竹原,東広島市,51323582,125,163,
東広島・竹原,東広島市,51323583,126,164,
東広島・竹原,東広島市,51323584,125,163,
東広島・竹原,東広島市,51323585,125,163,
東広島・竹原,東広島市,51323586,124,162,
東広島・竹原,東広島市,51323587,124,162,
東広島・竹原,東広島市,51323590,124,162,
東広島・竹原,東広島市,51323591,124,162,
東広島・竹原,東広島市,51323592,125,163,
東広島・竹原,東広島市,51323593,125,163,
東広島・竹原,東広島市,51323594,124,162,
東広島・竹原,東広島市,51323595,124,162,
東広島・竹原,東広島市,51323596,123,161,
東広島・竹原,東広島市,51323597,123,160,
東広島・竹原,東広島市,51323598,123,160,
東広島・竹原,東広島市,51323623,123,161,
東広島・竹原,東広島市,51323624,123,160,
東広島・竹原,東広島市,51323633,123,161,
東広島・竹原,東広島市,51323634,123,161,
東広島・竹原,東広島市,51323642,124,162,
東広島・竹原,東広島市,51323643,123,161,
東広島・竹原,東広島市,51323651,124,162,
東広島・竹原,東広島市,51323652,123,161,
東広島・竹原,東広島市,51323653,123,161,
東広島・竹原,東広島市,51323654,123,161,
東広島・竹原,東広島市,51323657,123,160,
東広島・竹原,東広島市,51323658,123,160,
東広島・竹原,東広島市,51323661,123,161,
東広島・竹原,東広島市,51323662,124,162,
東広島・竹原,東広島市,51323663,123,161,
東広島・竹原,東広島市,51323666,123,161,
東広島・竹原,東広島市,51323667,123,160,
東広島・竹原,東広島市,51323670,123,161,
東広島・竹原,東広島市,51323671,124,162,
東広島・竹原,東広島市,51323672,123,161,
東広島・竹原,東広島市,51323673,124,162,
東広島・竹原,東広島市,51323674,124,162,
東広島・竹原,東広島市,51323675,124,162,
東広島・竹原,東広島市,51323676,123,161,
東広島・竹原,東広島市,51323677,123,160,
東広島・竹原,東広島市,51323680,123,160,
東広島・竹原,東広島市,51323681,123,161,
東広島・竹原,東広島市,51323682,123,161,
東広島・竹原,東広島市,51323683,124,162,
東広島・竹原,東広島市,51323684,125,163,
東広島・竹原,東広島市,51323685,124,162,
東広島・竹原,東広島市,51323686,123,161,
東広島・竹原,東広島市,51323687,123,160,
東広島・竹原,東広島市,51323690,122,159,
東広島・竹原,東広島市,51323691,122,159,
東広島・竹原,東広島市,51323692,123,160,
東広島・竹原,東広島市,51323693,123,161,
東広島・竹原,東広島市,51323694,124,162,
東広島・竹原,東広島市,51323695,125,163,
東広島・竹原,東広島市,51323696,124,162,
東広島・竹原,東広島市,51323697,123,160,
東広島・竹原,東広島市,51324409,124,162,
東広島・竹原,東広島市,51324419,123,160,
東広島・竹原,東広島市,51324500,124,162,
東広島・竹原,東広島市,51324501,124,162,
東広島・竹原,東広島市,51324502,124,162,
東広島・竹原,東広島市,51324503,124,162,
東広島・竹原,東広島市,51324504,124,162,
東広島・竹原,東広島市,51324505,123,161,
東広島・竹原,東広島市,51324506,123,160,
東広島・竹原,東広島市,51324507,123,160,
東広島・竹原,東広島市,51324508,122,159,
東広島・竹原,東広島市,51324509,122,159,
東広島・竹原,東広島市,51324510,124,162,
東広島・竹原,東広島市,51324511,124,162,
東広島・竹原,東広島市,51324512,124,162,
東広島・竹原,東広島市,51324513,124,162,
東広島・竹原,東広島市,51324514,124,162,
東広島・竹原,東広島市,51324515,123,161,
東広島・竹原,東広島市,51324516,123,160,
東広島・竹原,東広島市,51324517,122,159,
東広島・竹原,東広島市,51324518,122,159,
東広島・竹原,東広島市,51324519,122,159,
東広島・竹原,東広島市,51324521,124,162,
東広島・竹原,東広島市,51324522,124,162,
東広島・竹原,東広島市,51324523,124,162,
東広島・竹原,東広島市,51324524,124,162,
東広島・竹原,東広島市,51324525,123,161,
東広島・竹原,東広島市,51324526,123,160,
東広島・竹原,東広島市,51324527,122,159,
東広島・竹原,東広島市,51324528,122,159,
東広島・竹原,東広島市,51324529,122,159,
東広島・竹原,東広島市,51324532,123,161,
東広島・竹原,東広島市,51324533,124,162,
東広島・竹原,東広島市,51324534,124,162,
東広島・竹原,東広島市,51324535,123,160,
東広島・竹原,東広島市,51324536,123,160,
東広島・竹原,東広島市,51324537,122,159,
東広島・竹原,東広島市,51324538,122,159,
東広島・竹原,東広島市,51324539,122,159,
東広島・竹原,東広島市,51324542,123,160,
東広島・竹原,東広島市,51324543,123,161,
東広島・竹原,東広島市,51324544,123,161,
東広島・竹原,東広島市,51324545,123,161,
東広島・竹原,東広島市,51324546,124,162,
東広島・竹原,東広島市,51324547,123,161,
東広島・竹原,東広島市,51324548,122,159,
東広島・竹原,東広島市,51324549,122,159,
東広島・竹原,東広島市,51324552,123,160,
東広島・竹原,東広島市,51324553,123,161,
東広島・竹原,東広島市,51324554,123,161,
東広島・竹原,東広島市,51324555,123,160,
東広島・竹原,東広島市,51324556,124,162,
東広島・竹原,東広島市,51324557,124,162,
東広島・竹原,東広島市,51324558,123,160,
東広島・竹原,東広島市,51324559,122,159,
東広島・竹原,東広島市,51324562,123,160,
東広島・竹原,東広島市,51324563,123,160,
東広島・竹原,東広島市,51324564,123,161,
東広島・竹原,東広島市,51324565,123,161,
東広島・竹原,東広島市,51324566,124,162,
東広島・竹原,東広島市,51324567,124,162,
東広島・竹原,東広島市,51324568,123,161,
東広島・竹原,東広島市,51324569,122,159,
東広島・竹原,東広島市,51324572,122,159,
東広島・竹原,東広島市,51324573,123,160,
東広島・竹原,東広島市,51324574,123,160,
東広島・竹原,東広島市,51324575,123,160,
東広島・竹原,東広島市,51324576,123,161,
東広島・竹原,東広島市,51324577,123,160,
東広島・竹原,東広島市,51324578,123,160,
東広島・竹原,東広島市,51324579,123,160,
東広島・竹原,東広島市,51324581,122,159,
東広島・竹原,東広島市,51324582,122,159,
東広島・竹原,東広島市,51324583,122,159,
東広島・竹原,東広島市,51324584,122,159,
東広島・竹原,東広島市,51324585,123,160,
東広島・竹原,東広島市,51324586,123,160,
東広島・竹原,東広島市,51324587,122,159,
東広島・竹原,東広島市,51324588,123,160,
東広島・竹原,東広島市,51324589,123,160,
東広島・竹原,東広島市,51324592,122,159,
東広島・竹原,東広島市,51324593,122,159,
東広島・竹原,東広島市,51324594,121,158,
東広島・竹原,東広島市,51324595,122,159,
東広島・竹原,東広島市,51324596,123,160,
東広島・竹原,東広島市,51324597,123,160,
東広島・竹原,東広島市,51324598,123,160,
東広島・竹原,東広島市,51324599,122,159,
東広島・竹原,東広島市,51324600,122,159,
東広島・竹原,東広島市,51324601,122,159,
東広島・竹原,東広島市,51324602,123,160,
東広島・竹原,東広島市,51324603,123,161,
東広島・竹原,東広島市,51324604,124,162,
東広島・竹原,東広島市,51324605,124,162,
東広島・竹原,東広島市,51324606,123,161,
東広島・竹原,東広島市,51324607,123,160,
東広島・竹原,東広島市,51324608,121,158,
東広島・竹原,東広島市,51324610,122,159,
東広島・竹原,東広島市,51324611,122,159,
東広島・竹原,東広島市,51324612,122,159,
東広島・竹原,東広島市,51324613,123,160,
東広島・竹原,東広島市,51324614,124,162,
東広島・竹原,東広島市,51324615,124,162,
東広島・竹原,東広島市,51324616,123,160,
東広島・竹原,東広島市,51324617,122,159,
東広島・竹原,東広島市,51324618,121,158,
東広島・竹原,東広島市,51324620,122,159,
東広島・竹原,東広島市,51324621,122,159,
東広島・竹原,東広島市,51324622,122,159,
東広島・竹原,東広島市,51324623,122,159,
東広島・竹原,東広島市,51324624,123,161,
東広島・竹原,東広島市,51324625,123,161,
東広島・竹原,東広島市,51324626,123,160,
東広島・竹原,東広島市,51324627,122,159,
東広島・竹原,東広島市,51324630,121,158,
東広島・竹原,東広島市,51324631,121,158,
東広島・竹原,東広島市,51324632,121,158,
東広島・竹原,東広島市,51324633,122,159,
東広島・竹原,東広島市,51324634,122,159,
東広島・竹原,東広島市,51324635,123,160,
東広島・竹原,東広島市,51324636,122,159,
東広島・竹原,東広島市,51324640,121,158,
東広島・竹原,東広島市,51324641,122,159,
東広島・竹原,東広島市,51324642,121,158,
東広島・竹原,東広島市,51324643,120,157,
東広島・竹原,東広島市,51324644,122,159,
東広島・竹原,東広島市,51324650,121,158,
東広島・竹原,東広島市,51324651,122,159,
東広島・竹原,東広島市,51324652,120,157,
東広島・竹原,東広島市,51324660,122,159,
東広島・竹原,東広島市,51324661,121,158,
東広島・竹原,東広島市,51324662,121,158,
東広島・竹原,東広島市,51324663,121,158,
東広島・竹原,東広島市,51324670,122,159,
東広島・竹原,東広島市,51324671,122,159,
東広島・竹原,東広島市,51324672,122,159,
東広島・竹原,東広島市,51324673,122,159,
東広島・竹原,東広島市,51324674,122,159,
東広島・竹原,東広島市,51324680,123,160,
東広島・竹原,東広島市,51324681,122,159,
東広島・竹原,東広島市,51324682,121,158,
東広島・竹原,東広島市,51324683,122,159,
東広島・竹原,東広島市,51324684,122,159,
東広島・竹原,東広島市,51324690,122,159,
東広島・竹原,東広島市,51324691,120,157,
東広島・竹原,東広島市,51324692,120,157,
東広島・竹原,東広島市,51324699,119,155,
東広島・竹原,東広島市,51324790,118,154,
東広島・竹原,東広島市,51325449,123,160,
東広島・竹原,東広島市,51325458,123,161,
東広島・竹原,東広島市,51325459,123,160,
東広島・竹原,東広島市,51325468,124,162,
東広島・竹原,東広島市,51325469,123,161,
東広島・竹原,東広島市,51325479,123,161,
東広島・竹原,東広島市,51325488,124,162,
東広島・竹原,東広島市,51325489,123,160,
東広島・竹原,東広島市,51325502,122,159,
東広島・竹原,東広島市,51325503,121,158,
東広島・竹原,東広島市,51325504,122,159,
東広島・竹原,東広島市,51325505,122,159,
東広島・竹原,東広島市,51325506,123,160,
東広島・竹原,東広島市,51325507,122,159,
東広島・竹原,東広島市,51325508,122,159,
東広島・竹原,東広島市,51325509,122,159,
東広島・竹原,東広島市,51325513,122,159,
東広島・竹原,東広島市,51325514,122,159,
東広島・竹原,東広島市,51325515,122,159,
東広島・竹原,東広島市,51325516,122,159,
東広島・竹原,東広島市,51325517,122,159,
東広島・竹原,東広島市,51325518,121,158,
東広島・竹原,東広島市,51325519,122,159,
東広島・竹原,東広島市,51325523,122,159,
東広島・竹原,東広島市,51325524,122,159,
東広島・竹原,東広島市,51325525,122,159,
東広島・竹原,東広島市,51325526,122,159,
東広島・竹原,東広島市,51325527,120,157,
東広島・竹原,東広島市,51325528,121,158,
東広島・竹原,東広島市,51325529,122,159,
東広島・竹原,東広島市,51325531,122,159,
東広島・竹原,東広島市,51325532,122,159,
東広島・竹原,東広島市,51325533,122,159,
東広島・竹原,東広島市,51325534,122,159,
東広島・竹原,東広島市,51325535,122,159,
東広島・竹原,東広島市,51325536,120,157,
東広島・竹原,東広島市,51325537,120,156,
東広島・竹原,東広島市,51325538,120,156,
東広島・竹原,東広島市,51325539,120,156,
東広島・竹原,東広島市,51325540,123,160,
東広島・竹原,東広島市,51325541,123,160,
東広島・竹原,東広島市,51325542,122,159,
東広島・竹原,東広島市,51325543,122,159,
東広島・竹原,東広島市,51325544,122,159,
東広島・竹原,東広島市,51325545,122,159,
東広島・竹原,東広島市,51325546,120,156,
東広島・竹原,東広島市,51325547,120,156,
東広島・竹原,東広島市,51325548,120,156,
東広島・竹原,東広島市,51325549,120,156,
東広島・竹原,東広島市,51325550,123,161,
東広島・竹原,東広島市,51325551,123,160,
東広島・竹原,東広島市,51325552,122,159,
東広島・竹原,東広島市,51325553,122,159,
東広島・竹原,東広島市,51325554,122,159,
東広島・竹原,東広島市,51325555,121,158,
東広島・竹原,東広島市,51325556,121,158,
東広島・竹原,東広島市,51325557,120,157,
東広島・竹原,東広島市,51325558,120,157,
東広島・竹原,東広島市,51325559,120,156,
東広島・竹原,東広島市,51325560,123,160,
東広島・竹原,東広島市,51325561,123,160,
東広島・竹原,東広島市,51325562,123,160,
東広島・竹原,東広島市,51325563,122,159,
東広島・竹原,東広島市,51325564,122,159,
東広島・竹原,東広島市,51325565,121,158,
東広島・竹原,東広島市,51325566,121,158,
東広島・竹原,東広島市,51325567,122,159,
東広島・竹原,東広島市,51325568,121,158,
東広島・竹原,東広島市,51325569,121,158,
東広島・竹原,東広島市,51325570,123,160,
東広島・竹原,東広島市,51325571,123,160,
東広島・竹原,東広島市,51325572,123,161,
東広島・竹原,東広島市,51325573,123,160,
東広島・竹原,東広島市,51325574,123,160,
東広島・竹原,東広島市,51325575,122,159,
東広島・竹原,東広島市,51325576,122,159,
東広島・竹原,東広島市,51325577,122,159,
東広島・竹原,東広島市,51325578,122,159,
東広島・竹原,東広島市,51325579,121,158,
東広島・竹原,東広島市,51325580,123,160,
東広島・竹原,東広島市,51325581,123,161,
東広島・竹原,東広島市,51325582,124,162,
東広島・竹原,東広島市,51325583,124,162,
東広島・竹原,東広島市,51325584,123,161,
東広島・竹原,東広島市,51325585,122,159,
東広島・竹原,東広島市,51325586,122,159,
東広島・竹原,東広島市,51325587,122,159,
東広島・竹原,東広島市,51325588,122,159,
東広島・竹原,東広島市,51325589,121,158,
東広島・竹原,東広島市,51325590,123,160,
東広島・竹原,東広島市,51325591,124,162,
東広島・竹原,東広島市,51325592,125,163,
東広島・竹原,東広島市,51325593,124,162,
東広島・竹原,東広島市,51325594,123,160,
東広島・竹原,東広島市,51325595,122,159,
東広島・竹原,東広島市,51325596,121,158,
東広島・竹原,東広島市,51325597,121,158,
東広島・竹原,東広島市,51325598,120,157,
東広島・竹原,東広島市,51325599,120,156,
東広島・竹原,東広島市,51325600,122,159,
東広島・竹原,東広島市,51325601,120,157,
東広島・竹原,東広島市,51325602,120,156,
東広島・竹原,東広島市,51325607,121,158,
東広島・竹原,東広島市,51325608,120,156,
東広島・竹原,東広島市,51325609,119,155,
東広島・竹原,東広島市,51325610,122,159,
東広島・竹原,東広島市,51325611,120,157,
東広島・竹原,東広島市,51325612,120,156,
東広島・竹原,東広島市,51325613,120,156,
東広島・竹原,東広島市,51325614,120,156,
東広島・竹原,東広島市,51325615,120,156,
東広島・竹原,東広島市,51325616,120,157,
東広島・竹原,東広島市,51325617,120,156,
東広島・竹原,東広島市,51325618,120,156,
東広島・竹原,東広島市,51325619,118,154,
東広島・竹原,東広島市,51325620,121,158,
東広島・竹原,東広島市,51325621,120,157,
東広島・竹原,東広島市,51325622,120,156,
東広島・竹原,東広島市,51325623,120,156,
東広島・竹原,東広島市,51325624,120,156,
東広島・竹原,東広島市,51325625,120,156,
東広島・竹原,東広島市,51325626,120,156,
東広島・竹原,東広島市,51325627,120,156,
東広島・竹原,東広島市,51325628,120,156,
東広島・竹原,東広島市,51325629,118,154,
東広島・竹原,東広島市,51325630,120,157,
東広島・竹原,東広島市,51325631,120,157,
東広島・竹原,東広島市,51325632,121,158,
東広島・竹原,東広島市,51325633,121,158,
東広島・竹原,東広島市,51325634,120,157,
東広島・竹原,東広島市,51325635,120,157,
東広島・竹原,東広島市,51325636,120,156,
東広島・竹原,東広島市,51325637,120,156,
東広島・竹原,東広島市,51325638,120,156,
東広島・竹原,東広島市,51325639,120,156,
東広島・竹原,東広島市,51325640,120,156,
東広島・竹原,東広島市,51325641,120,157,
東広島・竹原,東広島市,51325642,121,158,
東広島・竹原,東広島市,51325643,122,159,
東広島・竹原,東広島市,51325644,120,157,
東広島・竹原,東広島市,51325645,120,157,
東広島・竹原,東広島市,51325646,120,156,
東広島・竹原,東広島市,51325647,120,156,
東広島・竹原,東広島市,51325648,120,156,
東広島・竹原,東広島市,51325649,120,156,
東広島・竹原,東広島市,51325650,120,156,
東広島・竹原,東広島市,51325651,120,157,
東広島・竹原,東広島市,51325652,121,158,
東広島・竹原,東広島市,51325653,121,158,
東広島・竹原,東広島市,51325654,120,157,
東広島・竹原,東広島市,51325655,120,156,
東広島・竹原,東広島市,51325656,120,156,
東広島・竹原,東広島市,51325657,120,156,
東広島・竹原,東広島市,51325658,120,156,
東広島・竹原,東広島市,51325659,120,156,
東広島・竹原,東広島市,51325660,120,157,
東広島・竹原,東広島市,51325661,120,157,
東広島・竹原,東広島市,51325662,120,157,
東広島・竹原,東広島市,51325663,120,157,
東広島・竹原,東広島市,51325664,120,156,
東広島・竹原,東広島市,51325665,120,156,
東広島・竹原,東広島市,51325666,120,156,
東広島・竹原,東広島市,51325667,120,156,
東広島・竹原,東広島市,51325668,120,156,
東広島・竹原,東広島市,51325669,120,156,
東広島・竹原,東広島市,51325670,121,158,
東広島・竹原,東広島市,51325671,121,158,
東広島・竹原,東広島市,51325672,121,158,
東広島・竹原,東広島市,51325673,120,157,
東広島・竹原,東広島市,51325674,120,156,
東広島・竹原,東広島市,51325675,120,156,
東広島・竹原,東広島市,51325676,120,156,
東広島・竹原,東広島市,51325677,120,156,
東広島・竹原,東広島市,51325678,120,156,
東広島・竹原,東広島市,51325679,120,156,
東広島・竹原,東広島市,51325680,121,158,
東広島・竹原,東広島市,51325681,122,159,
東広島・竹原,東広島市,51325682,122,159,
東広島・竹原,東広島市,51325683,121,158,
東広島・竹原,東広島市,51325684,120,157,
東広島・竹原,東広島市,51325685,120,156,
東広島・竹原,東広島市,51325686,120,156,
東広島・竹原,東広島市,51325687,120,156,
東広島・竹原,東広島市,51325688,120,156,
東広島・竹原,東広島市,51325689,120,156,
東広島・竹原,東広島市,51325690,120,157,
東広島・竹原,東広島市,51325691,122,159,
東広島・竹原,東広島市,51325692,122,159,
東広島・竹原,東広島市,51325693,121,158,
東広島・竹原,東広島市,51325694,120,156,
東広島・竹原,東広島市,51325695,120,156,
東広島・竹原,東広島市,51325696,120,156,
東広島・竹原,東広島市,51325697,120,156,
東広島・竹原,東広島市,51325698,120,156,
東広島・竹原,東広島市,51325699,120,156,
東広島・竹原,東広島市,51325700,118,154,
東広島・竹原,東広島市,51325701,119,155,
東広島・竹原,東広島市,51325710,118,154,
東広島・竹原,東広島市,51325711,120,156,
東広島・竹原,東広島市,51325720,119,155,
東広島・竹原,東広島市,51325721,120,156,
東広島・竹原,東広島市,51325730,119,155,
東広島・竹原,東広島市,51325731,119,155,
東広島・竹原,東広島市,51325740,120,156,
東広島・竹原,東広島市,51325741,118,154,
東広島・竹原,東広島市,51325750,120,156,
東広島・竹原,東広島市,51325752,118,154,
東広島・竹原,東広島市,51325760,120,156,
東広島・竹原,東広島市,51325761,120,157,
東広島・竹原,東広島市,51325762,120,156,
東広島・竹原,東広島市,51325770,120,156,
東広島・竹原,東広島市,51325771,120,157,
東広島・竹原,東広島市,51325772,120,156,
東広島・竹原,東広島市,51325780,120,156,
東広島・竹原,東広島市,51325781,120,156,
東広島・竹原,東広島市,51325790,120,157,
東広島・竹原,東広島市,51325791,120,156,
東広島・竹原,東広島市,51326501,123,161,
東広島・竹原,東広島市,51326502,124,162,
東広島・竹原,東広島市,51326503,124,162,
東広島・竹原,東広島市,51326504,123,160,
東広島・竹原,東広島市,51326505,122,159,
東広島・竹原,東広島市,51326506,121,158,
東広島・竹原,東広島市,51326507,120,157,
東広島・竹原,東広島市,51326508,120,157,
東広島・竹原,東広島市,51326509,120,156,
東広島・竹原,東広島市,51326512,123,160,
東広島・竹原,東広島市,51326513,123,161,
東広島・竹原,東広島市,51326514,122,159,
東広島・竹原,東広島市,51326515,122,159,
東広島・竹原,東広島市,51326516,122,159,
東広島・竹原,東広島市,51326517,121,158,
東広島・竹原,東広島市,51326518,120,157,
東広島・竹原,東広島市,51326519,120,156,
東広島・竹原,東広島市,51326522,122,159,
東広島・竹原,東広島市,51326523,123,160,
東広島・竹原,東広島市,51326524,123,160,
東広島・竹原,東広島市,51326525,123,160,
東広島・竹原,東広島市,51326526,122,159,
東広島・竹原,東広島市,51326527,121,158,
東広島・竹原,東広島市,51326528,121,158,
東広島・竹原,東広島市,51326529,120,156,
東広島・竹原,東広島市,51326533,122,159,
東広島・竹原,東広島市,51326535,122,159,
東広島・竹原,東広島市,51326536,122,159,
東広島・竹原,東広島市,51326537,122,159,
東広島・竹原,東広島市,51326538,121,158,
東広島・竹原,東広島市,51326539,120,157,
東広島・竹原,東広島市,51326546,121,158,
東広島・竹原,東広島市,51326547,122,159,
東広島・竹原,東広島市,51326548,121,158,
東広島・竹原,東広島市,51326549,121,158,
東広島・竹原,東広島市,51326556,121,158,
東広島・竹原,東広島市,51326557,122,159,
東広島・竹原,東広島市,51326558,121,158,
東広島・竹原,東広島市,51326559,121,158,
東広島・竹原,東広島市,51326568,120,157,
東広島・竹原,東広島市,51326569,120,157,
東広島・竹原,東広島市,51326579,120,157,
東広島・竹原,東広島市,51326600,120,157,
東広島・竹原,東広島市,51326601,120,157,
東広島・竹原,東広島市,51326602,120,157,
東広島・竹原,東広島市,51326603,120,156,
東広島・竹原,東広島市,51326604,120,156,
東広島・竹原,東広島市,51326605,120,156,
東広島・竹原,東広島市,51326606,120,156,
東広島・竹原,東広島市,51326607,120,156,
東広島・竹原,東広島市,51326608,120,156,
東広島・竹原,東広島市,51326609,120,156,
東広島・竹原,東広島市,51326610,120,156,
東広島・竹原,東広島市,51326611,120,156,
東広島・竹原,東広島市,51326612,120,156,
東広島・竹原,東広島市,51326613,120,156,
東広島・竹原,東広島市,51326614,120,156,
東広島・竹原,東広島市,51326615,120,156,
東広島・竹原,東広島市,51326616,120,156,
東広島・竹原,東広島市,51326617,120,156,
東広島・竹原,東広島市,51326618,120,156,
東広島・竹原,東広島市,51326619,120,156,
東広島・竹原,東広島市,51326620,120,156,
東広島・竹原,東広島市,51326621,120,156,
東広島・竹原,東広島市,51326622,120,156,
東広島・竹原,東広島市,51326623,120,156,
東広島・竹原,東広島市,51326624,120,156,
東広島・竹原,東広島市,51326625,120,156,
東広島・竹原,東広島市,51326626,120,156,
東広島・竹原,東広島市,51326627,120,156,
東広島・竹原,東広島市,51326628,120,156,
東広島・竹原,東広島市,51326630,120,156,
東広島・竹原,東広島市,51326631,120,157,
東広島・竹原,東広島市,51326632,121,158,
東広島・竹原,東広島市,51326633,120,157,
東広島・竹原,東広島市,51326634,119,155,
東広島・竹原,東広島市,51326635,119,155,
東広島・竹原,東広島市,51326636,118,154,
東広島・竹原,東広島市,51326637,119,155,
東広島・竹原,東広島市,51326640,120,157,
東広島・竹原,東広島市,51326641,121,158,
東広島・竹原,東広島市,51326642,122,159,
東広島・竹原,東広島市,51326643,120,157,
東広島・竹原,東広島市,51326644,120,156,
東広島・竹原,東広島市,51326645,119,155,
東広島・竹原,東広島市,51326646,118,154,
東広島・竹原,東広島市,51326647,119,155,
東広島・竹原,東広島市,51326650,120,157,
東広島・竹原,東広島市,51326651,121,158,
東広島・竹原,東広島市,51326652,121,158,
東広島・竹原,東広島市,51326653,120,157,
東広島・竹原,東広島市,51326654,120,156,
東広島・竹原,東広島市,51326655,118,154,
東広島・竹原,東広島市,51326656,119,155,
東広島・竹原,東広島市,51326657,119,155,
東広島・竹原,東広島市,51326660,120,157,
東広島・竹原,東広島市,51326661,120,156,
東広島・竹原,東広島市,51326662,119,155,
東広島・竹原,東広島市,51326663,120,156,
東広島・竹原,東広島市,51326664,119,155,
東広島・竹原,東広島市,51326665,118,154,
東広島・竹原,東広島市,51326666,119,155,
東広島・竹原,東広島市,51326667,119,155,
東広島・竹原,東広島市,51326668,120,156,
東広島・竹原,東広島市,51326669,119,155,
東広島・竹原,東広島市,51326670,120,156,
東広島・竹原,東広島市,51326671,120,156,
東広島・竹原,東広島市,51326672,120,156,
東広島・竹原,東広島市,51326673,119,155,
東広島・竹原,東広島市,51326674,119,155,
東広島・竹原,東広島市,51326675,120,156,
東広島・竹原,東広島市,51326676,120,157,
東広島・竹原,東広島市,51326677,120,157,
東広島・竹原,東広島市,51326678,120,156,
東広島・竹原,東広島市,51326679,118,154,
東広島・竹原,東広島市,51326680,120,157,
東広島・竹原,東広島市,51326681,120,156,
東広島・竹原,東広島市,51326682,119,155,
東広島・竹原,東広島市,51326683,119,155,
東広島・竹原,東広島市,51326684,118,154,
東広島・竹原,東広島市,51326685,120,156,
東広島・竹原,東広島市,51326686,120,156,
東広島・竹原,東広島市,51326687,120,157,
東広島・竹原,東広島市,51326688,120,156,
東広島・竹原,東広島市,51326689,118,154,
東広島・竹原,東広島市,51326692,119,155,
東広島・竹原,東広島市,51326693,119,155,
東広島・竹原,東広島市,51326694,118,154,
東広島・竹原,東広島市,51326695,120,156,
東広島・竹原,東広島市,51326696,120,157,
東広島・竹原,東広島市,51326697,120,157,
東広島・竹原,東広島市,51326698,120,156,
東広島・竹原,東広島市,51326699,118,154,
東広島・竹原,東広島市,51326700,120,157,
東広島・竹原,東広島市,51326701,120,156,
東広島・竹原,東広島市,51326710,120,156,
東広島・竹原,東広島市,51326770,118,154,
東広島・竹原,東広島市,51326790,117,153,
東広島・竹原,東広島市,51327603,118,154,
東広島・竹原,東広島市,51327604,118,154,
東広島・竹原,東広島市,51327605,118,154,
東広島・竹原,東広島市,51327606,119,155,
東広島・竹原,東広島市,51327607,119,155,
東広島・竹原,東広島市,51327608,119,155,
東広島・竹原,東広島市,51327609,119,155,
東広島・竹原,東広島市,51327613,118,154,
東広島・竹原,東広島市,51327614,118,154,
東広島・竹原,東広島市,51327615,118,154,
東広島・竹原,東広島市,51327616,118,154,
東広島・竹原,東広島市,51327617,119,155,
東広島・竹原,東広島市,51327618,120,156,
東広島・竹原,東広島市,51327619,119,155,
東広島・竹原,東広島市,51327623,118,154,
東広島・竹原,東広島市,51327624,118,154,
東広島・竹原,東広島市,51327625,118,154,
東広島・竹原,東広島市,51327626,118,154,
東広島・竹原,東広島市,51327627,120,156,
東広島・竹原,東広島市,51327628,120,156,
東広島・竹原,東広島市,51327629,120,156,
東広島・竹原,東広島市,51327633,120,156,
東広島・竹原,東広島市,51327634,119,155,
東広島・竹原,東広島市,51327635,117,153,
東広島・竹原,東広島市,51327644,119,155,
東広島・竹原,東広島市,51327700,118,154,
東広島・竹原,東広島市,51327701,118,154,
東広島・竹原,東広島市,51327710,118,154,
東広島・竹原,東広島市,51327720,118,154,
東広島・竹原,大崎上島町,51322648,120,156,
東広島・竹原,大崎上島町,51322649,120,157,
東広島・竹原,大崎上島町,51322657,120,157,
東広島・竹原,大崎上島町,51322658,120,157,
東広島・竹原,大崎上島町,51322659,120,157,
東広島・竹原,大崎上島町,51322667,121,158,
東広島・竹原,大崎上島町,51322668,120,157,
東広島・竹原,大崎上島町,51322669,120,156,
東広島・竹原,大崎上島町,51322677,121,158,
東広島・竹原,大崎上島町,51322678,120,157,
東広島・竹原,大崎上島町,51322679,120,157,
東広島・竹原,大崎上島町,51322687,121,158,
東広島・竹原,大崎上島町,51322688,121,158,
東広島・竹原,大崎上島町,51322689,120,157,
東広島・竹原,大崎上島町,51322697,121,158,
東広島・竹原,大崎上島町,51322698,120,157,
東広島・竹原,大崎上島町,51322699,120,157,
東広島・竹原,大崎上島町,51322740,120,156,
東広島・竹原,大崎上島町,51322750,120,157,
東広島・竹原,大崎上島町,51322751,120,157,
東広島・竹原,大崎上島町,51322752,118,154,
東広島・竹原,大崎上島町,51322753,118,154,
東広島・竹原,大崎上島町,51322760,120,157,
東広島・竹原,大崎上島町,51322761,120,156,
東広島・竹原,大崎上島町,51322762,120,156,
東広島・竹原,大崎上島町,51322763,118,154,
東広島・竹原,大崎上島町,51322770,121,158,
東広島・竹原,大崎上島町,51322771,120,156,
東広島・竹原,大崎上島町,51322772,120,156,
東広島・竹原,大崎上島町,51322773,118,154,
東広島・竹原,大崎上島町,51322780,121,158,
東広島・竹原,大崎上島町,51322781,121,158,
東広島・竹原,大崎上島町,51322782,121,158,
東広島・竹原,大崎上島町,51322783,120,157,
東広島・竹原,大崎上島町,51322790,121,158,
東広島・竹原,大崎上島町,51322791,122,159,
東広島・竹原,大崎上島町,51322792,122,159,
東広島・竹原,大崎上島町,51322793,122,159,
東広島・竹原,大崎上島町,51322794,120,156,
東広島・竹原,大崎上島町,51323609,120,157,
東広島・竹原,大崎上島町,51323619,120,157,
東広島・竹原,大崎上島町,51323629,121,158,
東広島・竹原,大崎上島町,51323700,121,158,
東広島・竹原,大崎上島町,51323701,121,158,
東広島・竹原,大崎上島町,51323702,122,159,
東広島・竹原,大崎上島町,51323703,121,158,
東広島・竹原,大崎上島町,51323704,121,158,
東広島・竹原,大崎上島町,51323710,121,158,
東広島・竹原,大崎上島町,51323711,122,159,
東広島・竹原,大崎上島町,51323712,122,159,
東広島・竹原,大崎上島町,51323713,121,158,
東広島・竹原,大崎上島町,51323714,121,158,
東広島・竹原,大崎上島町,51323720,120,157,
東広島・竹原,大崎上島町,51323722,121,158,
東広島・竹原,大崎上島町,51323723,120,157,
東広島・竹原,大崎上島町,51323724,120,156,
東広島・竹原,大崎上島町,51323725,120,156,
東広島・竹原,大崎上島町,51323732,121,158,
東広島・竹原,大崎上島町,51323733,120,157,
東広島・竹原,大崎上島町,51323734,120,156,
東広島・竹原,大崎上島町,51323735,120,156,
東広島・竹原,大崎上島町,51323742,121,158,
東広島・竹原,大崎上島町,51323743,120,157,
東広島・竹原,大崎上島町,51323744,120,157,
東広島・竹原,大崎上島町,51323752,122,159,
東広島・竹原,大崎上島町,51323753,121,158,
東広島・竹原,大崎上島町,51323754,120,156,
東広島・竹原,大崎上島町,51323763,121,158,
備北,三次市,51327636,119,146,
備北,三次市,51327637,121,148,
備北,三次市,51327638,122,149,
備北,三次市,51327639,121,148,
備北,三次市,51327645,120,147,
備北,三次市,51327646,120,147,
備北,三次市,51327647,119,146,
備北,三次市,51327648,120,147,
備北,三次市,51327649,120,147,
備北,三次市,51327654,123,150,
備北,三次市,51327655,121,148,
備北,三次市,51327656,120,147,
備北,三次市,51327657,119,146,
備北,三次市,51327658,119,146,
備北,三次市,51327659,119,146,
備北,三次市,51327663,123,150,
備北,三次市,51327664,123,150,
備北,三次市,51327665,120,147,
備北,三次市,51327666,120,147,
備北,三次市,51327667,120,147,
備北,三次市,51327668,120,147,
備北,三次市,51327669,120,147,
備北,三次市,51327673,122,149,
備北,三次市,51327674,122,149,
備北,三次市,51327675,121,148,
備北,三次市,51327676,122,149,
備北,三次市,51327677,121,148,
備北,三次市,51327678,121,148,
備北,三次市,51327679,121,148,
備北,三次市,51327683,121,148,
備北,三次市,51327684,122,149,
備北,三次市,51327685,121,148,
備北,三次市,51327686,122,149,
備北,三次市,51327687,122,149,
備北,三次市,51327688,122,149,
備北,三次市,51327689,122,149,
備北,三次市,51327693,123,150,
備北,三次市,51327694,123,150,
備北,三次市,51327695,123,150,
備北,三次市,51327696,122,149,
備北,三次市,51327697,122,149,
備北,三次市,51327698,122,149,
備北,三次市,51327699,122,149,
備北,三次市,51327796,118,144,
備北,三次市,51327797,117,143,
備北,三次市,51337093,116,142,
備北,三次市,51337094,116,142,
備北,三次市,51337095,115,141,
備北,三次市,51337096,116,142,
備北,三次市,52320604,123,150,
備北,三次市,52320605,123,150,
備北,三次市,52320606,123,150,
備北,三次市,52320607,122,149,
備北,三次市,52320608,121,148,
備北,三次市,52320609,120,147,
備北,三次市,52320614,124,152,
備北,三次市,52320615,123,151,
備北,三次市,52320616,123,151,
備北,三次市,52320617,123,150,
備北,三次市,52320618,121,148,
備北,三次市,52320619,121,148,
備北,三次市,52320625,125,153,
備北,三次市,52320626,125,153,
備北,三次市,52320627,124,152,
備北,三次市,52320628,123,150,
備北,三次市,52320629,121,148,
備北,三次市,52320634,125,153,
備北,三次市,52320635,126,154,
備北,三次市,52320636,126,154,
備北,三次市,52320637,125,153,
備北,三次市,52320638,123,150,
備北,三次市,52320639,121,148,
備北,三次市,52320642,127,155,
備北,三次市,52320643,126,154,
備北,三次市,52320644,125,153,
備北,三次市,52320645,125,153,
備北,三次市,52320646,125,153,
備北,三次市,52320647,123,151,
備北,三次市,52320648,123,150,
備北,三次市,52320649,120,147,
備北,三次市,52320652,126,154,
備北,三次市,52320653,125,153,
備北,三次市,52320654,123,151,
備北,三次市,52320655,124,152,
備北,三次市,52320656,123,150,
備北,三次市,52320657,122,149,
備北,三次市,52320658,121,148,
備北,三次市,52320659,120,147,
備北,三次市,52320662,125,153,
備北,三次市,52320663,124,152,
備北,三次市,52320664,123,151,
備北,三次市,52320665,123,150,
備北,三次市,52320666,123,150,
備北,三次市,52320667,121,148,
備北,三次市,52320668,121,148,
備北,三次市,52320669,121,148,
備北,三次市,52320673,123,151,
備北,三次市,52320674,123,150,
備北,三次市,52320675,122,149,
備北,三次市,52320676,122,149,
備北,三次市,52320677,121,148,
備北,三次市,52320678,122,149,
備北,三次市,52320679,121,148,
備北,三次市,52320683,123,150,
備北,三次市,52320684,123,150,
備北,三次市,52320685,123,150,
備北,三次市,52320686,122,149,
備北,三次市,52320687,122,149,
備北,三次市,52320688,122,149,
備北,三次市,52320689,122,149,
備北,三次市,52320693,122,149,
備北,三次市,52320694,123,150,
備北,三次市,52320695,123,150,
備北,三次市,52320696,123,150,
備北,三次市,52320697,122,149,
備北,三次市,52320698,121,148,
備北,三次市,52320699,122,149,
備北,三次市,52320700,120,147,
備北,三次市,52320705,118,145,
備北,三次市,52320706,118,144,
備北,三次市,52320707,118,144,
備北,三次市,52320710,120,147,
備北,三次市,52320713,120,147,
備北,三次市,52320715,118,145,
備北,三次市,52320716,118,144,
備北,三次市,52320717,118,144,
備北,三次市,52320718,117,143,
備北,三次市,52320719,117,143,
備北,三次市,52320720,120,147,
備北,三次市,52320721,120,147,
備北,三次市,52320722,119,146,
備北,三次市,52320723,119,146,
備北,三次市,52320724,119,146,
備北,三次市,52320725,118,144,
備北,三次市,52320726,118,144,
備北,三次市,52320727,118,144,
備北,三次市,52320728,118,144,
備北,三次市,52320729,118,144,
備北,三次市,52320730,120,147,
備北,三次市,52320731,120,147,
備北,三次市,52320732,119,146,
備北,三次市,52320733,118,145,
備北,三次市,52320734,119,146,
備北,三次市,52320735,119,146,
備北,三次市,52320736,118,145,
備北,三次市,52320737,118,145,
備北,三次市,52320738,118,144,
備北,三次市,52320739,118,144,
備北,三次市,52320740,121,148,
備北,三次市,52320741,120,147,
備北,三次市,52320742,120,147,
備北,三次市,52320743,119,146,
備北,三次市,52320744,119,146,
備北,三次市,52320745,119,146,
備北,三次市,52320746,119,146,
備北,三次市,52320747,119,146,
備北,三次市,52320748,118,145,
備北,三次市,52320749,118,145,
備北,三次市,52320750,120,147,
備北,三次市,52320751,120,147,
備北,三次市,52320752,120,147,
備北,三次市,52320753,120,147,
備北,三次市,52320754,120,147,
備北,三次市,52320755,119,146,
備北,三次市,52320756,119,146,
備北,三次市,52320757,119,146,
備北,三次市,52320758,119,146,
備北,三次市,52320759,119,146,
備北,三次市,52320760,121,148,
備北,三次市,52320761,122,149,
備北,三次市,52320762,122,149,
備北,三次市,52320763,121,148,
備北,三次市,52320764,119,146,
備北,三次市,52320765,119,146,
備北,三次市,52320766,119,146,
備北,三次市,52320767,119,146,
備北,三次市,52320768,120,147,
備北,三次市,52320769,120,147,
備北,三次市,52320770,122,149,
備北,三次市,52320771,123,150,
備北,三次市,52320772,123,150,
備北,三次市,52320773,121,148,
備北,三次市,52320774,120,147,
備北,三次市,52320775,119,146,
備北,三次市,52320776,120,147,
備北,三次市,52320777,120,147,
備北,三次市,52320778,120,147,
備北,三次市,52320779,120,147,
備北,三次市,52320780,122,149,
備北,三次市,52320781,122,149,
備北,三次市,52320782,122,149,
備北,三次市,52320783,121,148,
備北,三次市,52320784,120,147,
備北,三次市,52320785,120,147,
備北,三次市,52320786,120,147,
備北,三次市,52320787,121,148,
備北,三次市,52320788,120,147,
備北,三次市,52320789,119,146,
備北,三次市,52320790,122,149,
備北,三次市,52320791,121,148,
備北,三次市,52320792,120,147,
備北,三次市,52320793,120,147,
備北,三次市,52320794,120,147,
備北,三次市,52320795,120,147,
備北,三次市,52320796,121,148,
備北,三次市,52320797,122,149,
備北,三次市,52320798,120,147,
備北,三次市,52320799,119,146,
備北,三次市,52321579,118,144,
備北,三次市,52321586,116,142,
備北,三次市,52321587,116,142,
備北,三次市,52321588,117,143,
備北,三次市,52321589,118,144,
備北,三次市,52321597,116,142,
備北,三次市,52321598,116,142,
備北,三次市,52321599,117,143,
備北,三次市,52321601,120,147,
備北,三次市,52321602,121,148,
備北,三次市,52321603,123,150,
備北,三次市,52321604,123,151,
備北,三次市,52321605,123,151,
備北,三次市,52321606,122,149,
備北,三次市,52321607,121,148,
備北,三次市,52321608,121,148,
備北,三次市,52321609,121,148,
備北,三次市,52321611,120,147,
備北,三次市,52321612,120,147,
備北,三次市,52321613,122,149,
備北,三次市,52321614,123,151,
備北,三次市,52321615,125,153,
備北,三次市,52321616,123,150,
備北,三次市,52321617,122,149,
備北,三次市,52321618,122,149,
備北,三次市,52321619,121,148,
備北,三次市,52321622,120,147,
備北,三次市,52321623,123,150,
備北,三次市,52321624,123,150,
備北,三次市,52321625,123,151,
備北,三次市,52321626,123,151,
備北,三次市,52321627,122,149,
備北,三次市,52321628,122,149,
備北,三次市,52321629,121,148,
備北,三次市,52321632,120,147,
備北,三次市,52321633,120,147,
備北,三次市,52321634,122,149,
備北,三次市,52321635,123,150,
備北,三次市,52321636,123,150,
備北,三次市,52321637,122,149,
備北,三次市,52321638,121,148,
備北,三次市,52321639,120,147,
備北,三次市,52321642,120,147,
備北,三次市,52321643,120,147,
備北,三次市,52321644,121,148,
備北,三次市,52321645,123,150,
備北,三次市,52321646,123,150,
備北,三次市,52321647,123,150,
備北,三次市,52321648,122,149,
備北,三次市,52321649,121,148,
備北,三次市,52321652,120,147,
備北,三次市,52321653,120,147,
備北,三次市,52321654,122,149,
備北,三次市,52321655,123,150,
備北,三次市,52321656,123,151,
備北,三次市,52321657,123,150,
備北,三次市,52321658,123,151,
備北,三次市,52321659,123,151,
備北,三次市,52321662,119,146,
備北,三次市,52321663,121,148,
備北,三次市,52321664,121,148,
備北,三次市,52321665,122,149,
備北,三次市,52321666,123,151,
備北,三次市,52321667,124,152,
備北,三次市,52321668,125,153,
備北,三次市,52321669,125,153,
備北,三次市,52321670,118,144,
備北,三次市,52321671,118,145,
備北,三次市,52321672,119,146,
備北,三次市,52321673,120,147,
備北,三次市,52321674,120,147,
備北,三次市,52321675,122,149,
備北,三次市,52321676,123,150,
備北,三次市,52321677,124,152,
備北,三次市,52321678,124,152,
備北,三次市,52321679,125,153,
備北,三次市,52321680,118,144,
備北,三次市,52321681,118,144,
備北,三次市,52321682,118,144,
備北,三次市,52321683,119,146,
備北,三次市,52321684,121,148,
備北,三次市,52321685,122,149,
備北,三次市,52321686,123,150,
備北,三次市,52321687,123,150,
備北,三次市,52321688,123,151,
備北,三次市,52321689,123,150,
備北,三次市,52321690,118,144,
備北,三次市,52321691,118,145,
備北,三次市,52321692,118,145,
備北,三次市,52321693,119,146,
備北,三次市,52321694,120,147,
備北,三次市,52321695,122,149,
備北,三次市,52321696,123,150,
備北,三次市,52321697,122,149,
備北,三次市,52321698,123,150,
備北,三次市,52321699,121,148,
備北,三次市,52321700,121,148,
備北,三次市,52321701,120,147,
備北,三次市,52321702,120,147,
備北,三次市,52321703,120,147,
備北,三次市,52321704,120,147,
備北,三次市,52321705,120,147,
備北,三次市,52321706,120,147,
備北,三次市,52321707,120,147,
備北,三次市,52321708,120,147,
備北,三次市,52321709,118,145,
備北,三次市,52321710,120,147,
備北,三次市,52321711,120,147,
備北,三次市,52321712,120,147,
備北,三次市,52321713,119,146,
備北,三次市,52321714,120,147,
備北,三次市,52321715,120,147,
備北,三次市,52321716,120,147,
備北,三次市,52321717,120,147,
備北,三次市,52321718,119,146,
備北,三次市,52321719,118,145,
備北,三次市,52321720,120,147,
備北,三次市,52321721,120,147,
備北,三次市,52321722,120,147,
備北,三次市,52321723,120,147,
備北,三次市,52321724,119,146,
備北,三次市,52321725,120,147,
備北,三次市,52321726,120,147,
備北,三次市,52321727,120,147,
備北,三次市,52321728,119,146,
備北,三次市,52321729,119,146,
備北,三次市,52321730,120,147,
備北,三次市,52321731,120,147,
備北,三次市,52321732,120,147,
備北,三次市,52321733,120,147,
備北,三次市,52321734,119,146,
備北,三次市,52321735,120,147,
備北,三次市,52321736,120,147,
備北,三次市,52321737,120,147,
備北,三次市,52321738,120,147,
備北,三次市,52321739,120,147,
備北,三次市,52321740,121,148,
備北,三次市,52321741,120,147,
備北,三次市,52321742,120,147,
備北,三次市,52321743,120,147,
備北,三次市,52321744,120,147,
備北,三次市,52321745,119,146,
備北,三次市,52321746,120,147,
備北,三次市,52321747,120,147,
備北,三次市,52321748,121,148,
備北,三次市,52321749,119,146,
備北,三次市,52321750,123,150,
備北,三次市,52321751,120,147,
備北,三次市,52321752,120,147,
備北,三次市,52321753,120,147,
備北,三次市,52321754,120,147,
備北,三次市,52321755,120,147,
備北,三次市,52321756,120,147,
備北,三次市,52321757,120,147,
備北,三次市,52321758,120,147,
備北,三次市,52321759,120,147,
備北,三次市,52321760,123,151,
備北,三次市,52321761,122,149,
備北,三次市,52321762,121,148,
備北,三次市,52321763,120,147,
備北,三次市,52321764,121,148,
備北,三次市,52321765,120,147,
備北,三次市,52321767,120,147,
備北,三次市,52321768,120,147,
備北,三次市,52321769,119,146,
備北,三次市,52321770,123,150,
備北,三次市,52321771,123,150,
備北,三次市,52321772,121,148,
備北,三次市,52321773,120,147,
備北,三次市,52321774,120,147,
備北,三次市,52321778,119,146,
備北,三次市,52321780,122,149,
備北,三次市,52321781,121,148,
備北,三次市,52321782,121,148,
備北,三次市,52321783,121,148,
備北,三次市,52321790,121,148,
備北,三次市,52321791,121,148,
備北,三次市,52321792,121,148,
備北,三次市,52322508,116,142,
備北,三次市,52322509,117,143,
備北,三次市,52322517,116,142,
備北,三次市,52322518,116,142,
備北,三次市,52322519,117,143,
備北,三次市,52322527,115,141,
備北,三次市,52322528,116,142,
備北,三次市,52322529,116,142,
備北,三次市,52322537,115,141,
備北,三次市,52322538,115,141,
備北,三次市,52322539,115,141,
備北,三次市,52322546,116,142,
備北,三次市,52322547,115,141,
備北,三次市,52322548,115,141,
備北,三次市,52322549,115,141,
備北,三次市,52322556,117,143,
備北,三次市,52322557,116,142,
備北,三次市,52322558,116,142,
備北,三次市,52322559,116,142,
備北,三次市,52322564,118,144,
備北,三次市,52322565,118,144,
備北,三次市,52322566,117,143,
備北,三次市,52322567,116,142,
備北,三次市,52322568,118,144,
備北,三次市,52322569,118,144,
備北,三次市,52322573,115,141,
備北,三次市,52322574,117,143,
備北,三次市,52322575,116,142,
備北,三次市,52322576,117,143,
備北,三次市,52322577,118,144,
備北,三次市,52322578,118,144,
備北,三次市,52322579,118,145,
備北,三次市,52322581,114,140,
備北,三次市,52322582,114,140,
備北,三次市,52322583,114,140,
備北,三次市,52322584,115,141,
備北,三次市,52322585,115,141,
備北,三次市,52322586,116,142,
備北,三次市,52322587,118,144,
備北,三次市,52322588,118,145,
備北,三次市,52322589,120,147,
備北,三次市,52322592,114,140,
備北,三次市,52322593,115,141,
備北,三次市,52322594,115,141,
備北,三次市,52322595,115,141,
備北,三次市,52322596,115,141,
備北,三次市,52322597,118,144,
備北,三次市,52322598,118,145,
備北,三次市,52322599,120,147,
備北,三次市,52322600,118,144,
備北,三次市,52322601,118,145,
備北,三次市,52322602,119,146,
備北,三次市,52322603,120,147,
備北,三次市,52322604,120,147,
備北,三次市,52322605,120,147,
備北,三次市,52322606,122,149,
備北,三次市,52322607,122,149,
備北,三次市,52322608,121,148,
備北,三次市,52322609,121,148,
備北,三次市,52322610,118,144,
備北,三次市,52322611,118,144,
備北,三次市,52322612,119,146,
備北,三次市,52322613,119,146,
備北,三次市,52322614,120,147,
備北,三次市,52322615,121,148,
備北,三次市,52322616,120,147,
備北,三次市,52322617,120,147,
備北,三次市,52322618,121,148,
備北,三次市,52322619,120,147,
備北,三次市,52322620,118,144,
備北,三次市,52322621,118,144,
備北,三次市,52322622,119,146,
備北,三次市,52322623,120,147,
備北,三次市,52322624,119,146,
備北,三次市,52322625,120,147,
備北,三次市,52322626,120,147,
備北,三次市,52322627,120,147,
備北,三次市,52322628,120,147,
備北,三次市,52322629,120,147,
備北,三次市,52322630,116,142,
備北,三次市,52322631,118,144,
備北,三次市,52322632,118,145,
備北,三次市,52322633,119,146,
備北,三次市,52322634,119,146,
備北,三次市,52322635,118,145,
備北,三次市,52322636,119,146,
備北,三次市,52322637,119,146,
備北,三次市,52322638,120,147,
備北,三次市,52322639,119,146,
備北,三次市,52322640,115,141,
備北,三次市,52322641,118,144,
備北,三次市,52322642,118,144,
備北,三次市,52322643,118,145,
備北,三次市,52322644,118,145,
備北,三次市,52322645,118,144,
備北,三次市,52322646,118,145,
備北,三次市,52322647,120,147,
備北,三次市,52322648,120,147,
備北,三次市,52322649,120,147,
備北,三次市,52322650,116,142,
備北,三次市,52322651,118,144,
備北,三次市,52322652,118,145,
備北,三次市,52322653,119,146,
備北,三次市,52322654,118,145,
備北,三次市,52322655,118,144,
備北,三次市,52322656,118,145,
備北,三次市,52322657,120,147,
備北,三次市,52322658,121,148,
備北,三次市,52322659,120,147,
備北,三次市,52322660,118,144,
備北,三次市,52322661,118,145,
備北,三次市,52322662,119,146,
備北,三次市,52322663,119,146,
備北,三次市,52322664,118,144,
備北,三次市,52322665,118,144,
備北,三次市,52322666,118,145,
備北,三次市,52322667,120,147,
備北,三次市,52322668,121,148,
備北,三次市,52322669,120,147,
備北,三次市,52322670,118,145,
備北,三次市,52322671,118,145,
備北,三次市,52322672,118,145,
備北,三次市,52322673,119,146,
備北,三次市,52322674,118,145,
備北,三次市,52322675,118,144,
備北,三次市,52322676,118,144,
備北,三次市,52322677,119,146,
備北,三次市,52322678,120,147,
備北,三次市,52322679,120,147,
備北,三次市,52322680,120,147,
備北,三次市,52322681,119,146,
備北,三次市,52322682,119,146,
備北,三次市,52322683,120,147,
備北,三次市,52322684,119,146,
備北,三次市,52322685,118,144,
備北,三次市,52322686,118,144,
備北,三次市,52322687,118,145,
備北,三次市,52322688,119,146,
備北,三次市,52322689,120,147,
備北,三次市,52322690,120,147,
備北,三次市,52322691,120,147,
備北,三次市,52322692,119,146,
備北,三次市,52322693,120,147,
備北,三次市,52322694,119,146,
備北,三次市,52322695,118,145,
備北,三次市,52322696,118,145,
備北,三次市,52322697,118,145,
備北,三次市,52322698,120,147,
備北,三次市,52322699,122,149,
備北,三次市,52322700,120,147,
備北,三次市,52322701,120,147,
備北,三次市,52322702,121,148,
備北,三次市,52322710,120,147,
備北,三次市,52322711,120,147,
備北,三次市,52322720,119,146,
備北,三次市,52322730,120,147,
備北,三次市,52322740,120,147,
備北,三次市,52322750,119,146,
備北,三次市,52322760,120,147,
備北,三次市,52323502,113,139,
備北,三次市,52323503,115,141,
備北,三次市,52323504,115,141,
備北,三次市,52323505,115,141,
備北,三次市,52323506,115,141,
備北,三次市,52323507,118,144,
備北,三次市,52323508,118,145,
備北,三次市,52323509,120,147,
備北,三次市,52323513,114,140,
備北,三次市,52323514,114,140,
備北,三次市,52323515,115,141,
備北,三次市,52323516,115,141,
備北,三次市,52323517,117,143,
備北,三次市,52323518,118,145,
備北,三次市,52323519,120,147,
備北,三次市,52323524,115,141,
備北,三次市,52323525,115,141,
備北,三次市,52323526,116,142,
備北,三次市,52323527,118,144,
備北,三次市,52323528,118,145,
備北,三次市,52323529,119,146,
備北,三次市,52323535,115,141,
備北,三次市,52323536,116,142,
備北,三次市,52323537,118,144,
備北,三次市,52323538,118,144,
備北,三次市,52323539,118,145,
備北,三次市,52323548,119,146,
備北,三次市,52323549,120,147,
備北,三次市,52323600,122,149,
備北,三次市,52323601,121,148,
備北,三次市,52323602,120,147,
備北,三次市,52323603,119,146,
備北,三次市,52323604,119,146,
備北,三次市,52323605,120,147,
備北,三次市,52323606,121,148,
備北,三次市,52323607,120,147,
備北,三次市,52323608,121,148,
備北,三次市,52323610,121,148,
備北,三次市,52323611,121,148,
備北,三次市,52323612,120,147,
備北,三次市,52323613,120,147,
備北,三次市,52323614,120,147,
備北,三次市,52323615,121,148,
備北,三次市,52323616,122,149,
備北,三次市,52323617,120,147,
備北,三次市,52323620,120,147,
備北,三次市,52323621,119,146,
備北,三次市,52323622,120,147,
備北,三次市,52323623,120,147,
備北,三次市,52323624,121,148,
備北,三次市,52323625,122,149,
備北,三次市,52323626,123,150,
備北,三次市,52323627,121,148,
備北,三次市,52323630,118,145,
備北,三次市,52323631,120,147,
備北,三次市,52323632,121,148,
備北,三次市,52323633,120,147,
備北,三次市,52323634,121,148,
備北,三次市,52323635,121,148,
備北,三次市,52323636,122,149,
備北,三次市,52323640,120,147,
備北,三次市,52323641,121,148,
備北,三次市,52323642,121,148,
備北,三次市,52323643,120,147,
備北,三次市,52323644,121,148,
備北,三次市,52323645,121,148,
備北,三次市,52323646,121,148,
備北,三次市,52323650,123,150,
備北,三次市,52323651,123,150,
備北,三次市,52323652,123,151,
備北,三次市,52323653,123,150,
備北,三次市,52323654,122,149,
備北,三次市,52323655,121,148,
備北,三次市,52323656,122,149,
備北,三次市,52323660,123,150,
備北,三次市,52323661,123,151,
備北,三次市,52323662,123,151,
備北,三次市,52323663,123,150,
備北,三次市,52323664,122,149,
備北,三次市,52323665,120,147,
備北,三次市,52323671,124,152,
備北,三次市,52323672,125,153,
備北,三次市,52323673,123,150,
備北,三次市,52323674,121,148,
備北,三次市,52323675,120,147,
備北,三次市,52323676,120,147,
備北,三次市,52323681,124,152,
備北,三次市,52323682,125,153,
備北,三次市,52323683,123,151,
備北,三次市,52323684,122,149,
備北,三次市,52323685,120,147,
備北,三次市,52323686,118,145,
備北,三次市,52323696,120,147,
備北,三次市,52330002,117,143,
備北,三次市,52330003,116,142,
備北,三次市,52330004,116,142,
備北,三次市,52330005,115,141,
備北,三次市,52330006,115,141,
備北,三次市,52330010,118,144,
備北,三次市,52330011,117,143,
備北,三次市,52330012,117,143,
備北,三次市,52330013,116,142,
備北,三次市,52330014,115,141,
備北,三次市,52330015,115,141,
備北,三次市,52330016,115,141,
備北,三次市,52330020,117,143,
備北,三次市,52330021,117,143,
備北,三次市,52330022,117,143,
備北,三次市,52330023,117,143,
備北,三次市,52330024,116,142,
備北,三次市,52330025,115,141,
備北,三次市,52330026,116,142,
備北,三次市,52330027,118,144,
備北,三次市,52330030,117,143,
備北,三次市,52330031,117,143,
備北,三次市,52330032,118,144,
備北,三次市,52330033,117,143,
備北,三次市,52330034,117,143,
備北,三次市,52330035,118,144,
備北,三次市,52330036,118,145,
備北,三次市,52330037,119,146,
備北,三次市,52330040,118,144,
備北,三次市,52330041,117,143,
備北,三次市,52330042,116,142,
備北,三次市,52330043,117,143,
備北,三次市,52330044,118,144,
備北,三次市,52330045,118,144,
備北,三次市,52330046,119,146,
備北,三次市,52330047,120,147,
備北,三次市,52330050,118,144,
備北,三次市,52330051,117,143,
備北,三次市,52330052,117,143,
備北,三次市,52330053,116,142,
備北,三次市,52330054,118,144,
備北,三次市,52330055,118,145,
備北,三次市,52330056,118,145,
備北,三次市,52330057,119,146,
備北,三次市,52330060,119,146,
備北,三次市,52330061,117,143,
備北,三次市,52330062,116,142,
備北,三次市,52330063,117,143,
備北,三次市,52330064,118,144,
備北,三次市,52330065,118,144,
備北,三次市,52330066,118,144,
備北,三次市,52330067,118,144,
備北,三次市,52330070,119,146,
備北,三次市,52330071,118,144,
備北,三次市,52330072,117,143,
備北,三次市,52330073,118,144,
備北,三次市,52330074,117,143,
備北,三次市,52330075,118,144,
備北,三次市,52330076,118,144,
備北,三次市,52330077,118,144,
備北,三次市,52330080,118,145,
備北,三次市,52330081,118,144,
備北,三次市,52330082,118,144,
備北,三次市,52330083,118,144,
備北,三次市,52330084,117,143,
備北,三次市,52330085,117,143,
備北,三次市,52330086,117,143,
備北,三次市,52330087,118,144,
備北,三次市,52330090,118,145,
備北,三次市,52330091,118,145,
備北,三次市,52330092,119,146,
備北,三次市,52330093,118,144,
備北,三次市,52330094,117,143,
備北,三次市,52330095,117,143,
備北,三次市,52330096,118,144,
備北,三次市,52330097,118,144,
備北,三次市,52330098,118,145,
備北,三次市,52331000,118,144,
備北,三次市,52331001,118,144,
備北,三次市,52331002,118,145,
備北,三次市,52331004,116,142,
備北,三次市,52331005,117,143,
備北,三次市,52331006,116,142,
備北,三次市,52331007,118,144,
備北,三次市,52331008,118,144,
備北,三次市,52331010,118,145,
備北,三次市,52331011,118,144,
備北,三次市,52331015,118,144,
備北,三次市,52331016,118,144,
備北,三次市,52331017,118,144,
備北,三次市,52331020,119,146,
備北,三次市,52331021,118,144,
備北,三次市,52331030,119,146,
備北,三次市,52331031,118,144,
備北,三次市,52331040,118,145,
備北,三次市,52331041,118,144,
備北,三次市,52331050,118,144,
備北,庄原市,52321766,120,147,
備北,庄原市,52321775,120,147,
備北,庄原市,52321776,120,147,
備北,庄原市,52321777,120,147,
備北,庄原市,52321779,118,145,
備北,庄原市,52321784,121,148,
備北,庄原市,52321785,120,147,
備北,庄原市,52321786,120,147,
備北,庄原市,52321787,120,147,
備北,庄原市,52321788,119,146,
備北,庄原市,52321789,119,146,
備北,庄原市,52321793,122,149,
備北,庄原市,52321794,122,149,
備北,庄原市,52321795,120,147,
備北,庄原市,52321796,121,148,
備北,庄原市,52321797,120,147,
備北,庄原市,52321798,120,147,
備北,庄原市,52321799,118,145,
備北,庄原市,52322703,121,148,
備北,庄原市,52322704,122,149,
備北,庄原市,52322705,122,149,
備北,庄原市,52322706,122,149,
備北,庄原市,52322707,121,148,
備北,庄原市,52322708,120,147,
備北,庄原市,52322709,120,147,
備北,庄原市,52322712,120,147,
備北,庄原市,52322713,121,148,
備北,庄原市,52322714,122,149,
備北,庄原市,52322715,122,149,
備北,庄原市,52322716,122,149,
備北,庄原市,52322717,122,149,
備北,庄原市,52322718,120,147,
備北,庄原市,52322719,121,148,
備北,庄原市,52322721,120,147,
備北,庄原市,52322722,120,147,
備北,庄原市,52322723,120,147,
備北,庄原市,52322724,121,148,
備北,庄原市,52322725,121,148,
備北,庄原市,52322726,122,149,
備北,庄原市,52322727,121,148,
備北,庄原市,52322728,121,148,
備北,庄原市,52322729,123,150,
備北,庄原市,52322731,120,147,
備北,庄原市,52322732,120,147,
備北,庄原市,52322733,120,147,
備北,庄原市,52322734,121,148,
備北,庄原市,52322735,122,149,
備北,庄原市,52322736,122,149,
備北,庄原市,52322737,122,149,
備北,庄原市,52322738,123,150,
備北,庄原市,52322739,123,150,
備北,庄原市,52322741,119,146,
備北,庄原市,52322742,120,147,
備北,庄原市,52322743,120,147,
備北,庄原市,52322744,120,147,
備北,庄原市,52322745,122,149,
備北,庄原市,52322746,122,149,
備北,庄原市,52322747,123,150,
備北,庄原市,52322748,123,150,
備北,庄原市,52322749,123,150,
備北,庄原市,52322751,119,146,
備北,庄原市,52322752,120,147,
備北,庄原市,52322753,121,148,
備北,庄原市,52322754,121,148,
備北,庄原市,52322755,123,150,
備北,庄原市,52322756,122,149,
備北,庄原市,52322757,123,150,
備北,庄原市,52322758,122,149,
備北,庄原市,52322759,123,150,
備北,庄原市,52322761,119,146,
備北,庄原市,52322762,120,147,
備北,庄原市,52322763,121,148,
備北,庄原市,52322764,121,148,
備北,庄原市,52322765,123,150,
備北,庄原市,52322766,122,149,
備北,庄原市,52322767,122,149,
備北,庄原市,52322768,122,149,
備北,庄原市,52322769,123,150,
備北,庄原市,52322770,120,147,
備北,庄原市,52322771,119,146,
備北,庄原市,52322772,119,146,
備北,庄原市,52322773,121,148,
備北,庄原市,52322774,122,149,
備北,庄原市,52322775,123,150,
備北,庄原市,52322776,123,150,
備北,庄原市,52322777,123,150,
備北,庄原市,52322778,123,150,
備北,庄原市,52322779,123,150,
備北,庄原市,52322780,121,148,
備北,庄原市,52322781,120,147,
備北,庄原市,52322782,120,147,
備北,庄原市,52322783,121,148,
備北,庄原市,52322784,123,150,
備北,庄原市,52322785,123,150,
備北,庄原市,52322786,123,150,
備北,庄原市,52322787,123,151,
備北,庄原市,52322788,123,151,
備北,庄原市,52322789,123,151,
備北,庄原市,52322790,123,150,
備北,庄原市,52322791,122,149,
備北,庄原市,52322792,120,147,
備北,庄原市,52322793,120,147,
備北,庄原市,52322794,122,149,
備北,庄原市,52322795,123,150,
備北,庄原市,52322796,123,151,
備北,庄原市,52322797,123,150,
備北,庄原市,52322798,124,152,
備北,庄原市,52322799,123,151,
備北,庄原市,52323609,122,149,
備北,庄原市,52323618,120,147,
備北,庄原市,52323619,123,150,
備北,庄原市,52323628,121,148,
備北,庄原市,52323629,122,149,
備北,庄原市,52323637,121,148,
備北,庄原市,52323638,120,147,
備北,庄原市,52323639,122,149,
備北,庄原市,52323647,121,148,
備北,庄原市,52323648,120,147,
備北,庄原市,52323649,120,147,
備北,庄原市,52323657,120,147,
備北,庄原市,52323658,120,147,
備北,庄原市,52323659,120,147,
備北,庄原市,52323666,120,147,
備北,庄原市,52323667,120,147,
備北,庄原市,52323668,120,147,
備北,庄原市,52323669,120,147,
備北,庄原市,52323677,120,147,
備北,庄原市,52323678,120,147,
備北,庄原市,52323679,121,148,
備北,庄原市,52323687,119,146,
備北,庄原市,52323688,120,147,
備北,庄原市,52323689,120,147,
備北,庄原市,52323691,123,150,
備北,庄原市,52323692,124,152,
備北,庄原市,52323693,124,152,
備北,庄原市,52323694,123,150,
備北,庄原市,52323695,120,147,
備北,庄原市,52323697,120,147,
備北,庄原市,52323698,120,147,
備北,庄原市,52323699,120,147,
備北,庄原市,52323700,123,150,
備北,庄原市,52323701,123,150,
備北,庄原市,52323702,121,148,
備北,庄原市,52323703,120,147,
備北,庄原市,52323704,122,149,
備北,庄原市,52323705,123,150,
備北,庄原市,52323706,123,151,
備北,庄原市,52323707,124,152,
備北,庄原市,52323708,125,153,
備北,庄原市,52323709,125,153,
備北,庄原市,52323710,123,151,
備北,庄原市,52323711,123,150,
備北,庄原市,52323712,121,148,
備北,庄原市,52323713,120,147,
備北,庄原市,52323714,121,148,
備北,庄原市,52323715,123,150,
備北,庄原市,52323716,123,151,
備北,庄原市,52323717,124,152,
備北,庄原市,52323718,124,152,
備北,庄原市,52323719,125,153,
備北,庄原市,52323720,123,150,
備北,庄原市,52323721,123,150,
備北,庄原市,52323722,123,150,
備北,庄原市,52323723,121,148,
備北,庄原市,52323724,122,149,
備北,庄原市,52323725,123,150,
備北,庄原市,52323726,123,151,
備北,庄原市,52323727,124,152,
備北,庄原市,52323728,125,153,
備北,庄原市,52323729,125,153,
備北,庄原市,52323730,123,150,
備北,庄原市,52323731,123,150,
備北,庄原市,52323732,122,149,
備北,庄原市,52323733,122,149,
備北,庄原市,52323734,122,149,
備北,庄原市,52323735,123,150,
備北,庄原市,52323736,123,150,
備北,庄原市,52323737,123,151,
備北,庄原市,52323738,124,152,
備北,庄原市,52323739,125,153,
備北,庄原市,52323740,121,148,
備北,庄原市,52323741,121,148,
備北,庄原市,52323742,122,149,
備北,庄原市,52323743,122,149,
備北,庄原市,52323744,122,149,
備北,庄原市,52323745,122,149,
備北,庄原市,52323746,123,150,
備北,庄原市,52323747,123,151,
備北,庄原市,52323748,125,153,
備北,庄原市,52323749,125,153,
備北,庄原市,52323750,121,148,
備北,庄原市,52323751,121,148,
備北,庄原市,52323752,122,149,
備北,庄原市,52323753,121,148,
備北,庄原市,52323754,121,148,
備北,庄原市,52323755,121,148,
備北,庄原市,52323756,122,149,
備北,庄原市,52323757,124,152,
備北,庄原市,52323758,125,153,
備北,庄原市,52323759,126,154,
備北,庄原市,52323760,122,149,
備北,庄原市,52323761,122,149,
備北,庄原市,52323762,122,149,
備北,庄原市,52323763,122,149,
備北,庄原市,52323764,121,148,
備北,庄原市,52323765,120,147,
備北,庄原市,52323766,122,149,
備北,庄原市,52323767,124,152,
備北,庄原市,52323768,125,153,
備北,庄原市,52323769,126,154,
備北,庄原市,52323770,122,149,
備北,庄原市,52323771,122,149,
備北,庄原市,52323772,121,148,
備北,庄原市,52323773,122,149,
備北,庄原市,52323774,121,148,
備北,庄原市,52323775,120,147,
備北,庄原市,52323776,123,150,
備北,庄原市,52323777,124,152,
備北,庄原市,52323778,125,153,
備北,庄原市,52323779,126,154,
備北,庄原市,52323780,121,148,
備北,庄原市,52323781,122,149,
備北,庄原市,52323782,123,150,
備北,庄原市,52323783,123,150,
備北,庄原市,52323784,120,147,
備北,庄原市,52323785,120,147,
備北,庄原市,52323786,122,149,
備北,庄原市,52323787,124,152,
備北,庄原市,52323788,125,153,
備北,庄原市,52323789,125,153,
備北,庄原市,52323790,121,148,
備北,庄原市,52323791,123,150,
備北,庄原市,52323792,122,149,
備北,庄原市,52323793,122,149,
備北,庄原市,52323794,120,147,
備北,庄原市,52323795,120,147,
備北,庄原市,52323796,120,147,
備北,庄原市,52323797,123,150,
備北,庄原市,52323798,123,151,
備北,庄原市,52323799,123,151,
備北,庄原市,52324603,123,150,
備北,庄原市,52324604,122,149,
備北,庄原市,52324605,122,149,
備北,庄原市,52324606,122,149,
備北,庄原市,52324607,122,149,
備北,庄原市,52324608,121,148,
備北,庄原市,52324609,120,147,
備北,庄原市,52324613,121,148,
備北,庄原市,52324614,122,149,
備北,庄原市,52324615,123,150,
備北,庄原市,52324616,123,151,
備北,庄原市,52324617,123,151,
備北,庄原市,52324618,123,150,
備北,庄原市,52324619,121,148,
備北,庄原市,52324624,123,150,
備北,庄原市,52324625,123,151,
備北,庄原市,52324626,125,153,
備北,庄原市,52324627,124,152,
備北,庄原市,52324628,122,149,
備北,庄原市,52324629,120,147,
備北,庄原市,52324635,123,151,
備北,庄原市,52324636,124,152,
備北,庄原市,52324637,124,152,
備北,庄原市,52324638,123,150,
備北,庄原市,52324639,122,149,
備北,庄原市,52324645,123,150,
備北,庄原市,52324646,124,152,
備北,庄原市,52324647,123,151,
備北,庄原市,52324648,123,150,
備北,庄原市,52324649,123,150,
備北,庄原市,52324656,124,152,
備北,庄原市,52324657,124,152,
備北,庄原市,52324658,123,150,
備北,庄原市,52324659,123,150,
備北,庄原市,52324667,123,151,
備北,庄原市,52324668,123,151,
備北,庄原市,52324669,123,151,
備北,庄原市,52324676,125,153,
備北,庄原市,52324677,125,153,
備北,庄原市,52324678,125,153,
備北,庄原市,52324679,125,153,
備北,庄原市,52324687,125,153,
備北,庄原市,52324688,127,156,
備北,庄原市,52324689,127,155,
備北,庄原市,52324698,128,157,
備北,庄原市,52324699,130,159,
備北,庄原市,52324700,120,147,
備北,庄原市,52324701,122,149,
備北,庄原市,52324702,121,148,
備北,庄原市,52324703,121,148,
備北,庄原市,52324704,120,147,
備北,庄原市,52324705,120,147,
備北,庄原市,52324706,120,147,
備北,庄原市,52324707,120,147,
備北,庄原市,52324708,121,148,
備北,庄原市,52324709,123,150,
備北,庄原市,52324710,120,147,
備北,庄原市,52324711,121,148,
備北,庄原市,52324712,122,149,
備北,庄原市,52324713,122,149,
備北,庄原市,52324714,121,148,
備北,庄原市,52324715,119,146,
備北,庄原市,52324716,119,146,
備北,庄原市,52324717,118,145,
備北,庄原市,52324718,120,147,
備北,庄原市,52324719,121,148,
備北,庄原市,52324720,121,148,
備北,庄原市,52324721,123,150,
備北,庄原市,52324722,123,151,
備北,庄原市,52324723,123,151,
備北,庄原市,52324724,121,148,
備北,庄原市,52324725,120,147,
備北,庄原市,52324726,118,145,
備北,庄原市,52324727,119,146,
備北,庄原市,52324728,120,147,
備北,庄原市,52324729,120,147,
備北,庄原市,52324730,123,150,
備北,庄原市,52324731,124,152,
備北,庄原市,52324732,126,154,
備北,庄原市,52324733,125,153,
備北,庄原市,52324734,123,150,
備北,庄原市,52324735,120,147,
備北,庄原市,52324736,119,146,
備北,庄原市,52324737,119,146,
備北,庄原市,52324738,120,147,
備北,庄原市,52324739,120,147,
備北,庄原市,52324740,123,150,
備北,庄原市,52324741,125,153,
備北,庄原市,52324742,126,154,
備北,庄原市,52324743,125,153,
備北,庄原市,52324744,123,151,
備北,庄原市,52324745,121,148,
備北,庄原市,52324746,120,147,
備北,庄原市,52324747,120,147,
備北,庄原市,52324748,119,146,
備北,庄原市,52324749,120,147,
備北,庄原市,52324750,123,150,
備北,庄原市,52324751,124,152,
備北,庄原市,52324752,125,153,
備北,庄原市,52324753,124,152,
備北,庄原市,52324754,123,150,
備北,庄原市,52324755,123,150,
備北,庄原市,52324756,121,148,
備北,庄原市,52324757,120,147,
備北,庄原市,52324758,120,147,
備北,庄原市,52324759,120,147,
備北,庄原市,52324760,123,150,
備北,庄原市,52324761,122,149,
備北,庄原市,52324762,123,150,
備北,庄原市,52324763,123,150,
備北,庄原市,52324764,122,149,
備北,庄原市,52324765,122,149,
備北,庄原市,52324766,122,149,
備北,庄原市,52324767,121,148,
備北,庄原市,52324768,121,148,
備北,庄原市,52324769,121,148,
備北,庄原市,52324770,123,151,
備北,庄原市,52324771,122,149,
備北,庄原市,52324772,122,149,
備北,庄原市,52324773,123,150,
備北,庄原市,52324774,123,150,
備北,庄原市,52324775,124,152,
備北,庄原市,52324776,125,153,
備北,庄原市,52324777,124,152,
備北,庄原市,52324778,123,150,
備北,庄原市,52324779,123,150,
備北,庄原市,52324780,125,153,
備北,庄原市,52324781,123,150,
備北,庄原市,52324782,123,150,
備北,庄原市,52324783,123,150,
備北,庄原市,52324784,123,151,
備北,庄原市,52324785,125,153,
備北,庄原市,52324786,125,153,
備北,庄原市,52324787,125,153,
備北,庄原市,52324788,123,151,
備北,庄原市,52324789,123,151,
備北,庄原市,52324790,127,156,
備北,庄原市,52324791,125,153,
備北,庄原市,52324792,124,152,
備北,庄原市,52324793,125,153,
備北,庄原市,52324794,124,152,
備北,庄原市,52324797,127,156,
備北,庄原市,52324798,125,153,
備北,庄原市,52324799,124,152,
備北,庄原市,52325608,130,159,
備北,庄原市,52325609,130,159,
備北,庄原市,52325619,128,157,
備北,庄原市,52325700,127,156,
備北,庄原市,52325701,125,153,
備北,庄原市,52325702,125,153,
備北,庄原市,52325708,125,153,
備北,庄原市,52325709,124,152,
備北,庄原市,52325710,126,154,
備北,庄原市,52325711,125,153,
備北,庄原市,52325719,126,154,
備北,庄原市,52330088,118,145,
備北,庄原市,52330099,119,146,
備北,庄原市,52331003,118,144,
備北,庄原市,52331009,118,144,
備北,庄原市,52331012,118,144,
備北,庄原市,52331013,118,144,
備北,庄原市,52331014,118,144,
備北,庄原市,52331018,118,144,
備北,庄原市,52331019,118,144,
備北,庄原市,52331022,118,144,
備北,庄原市,52331023,117,143,
備北,庄原市,52331024,118,144,
備北,庄原市,52331025,118,145,
備北,庄原市,52331026,118,145,
備北,庄原市,52331027,118,144,
備北,庄原市,52331028,118,144,
備北,庄原市,52331029,118,144,
備北,庄原市,52331032,118,144,
備北,庄原市,52331033,118,144,
備北,庄原市,52331034,118,144,
備北,庄原市,52331035,119,146,
備北,庄原市,52331036,118,145,
備北,庄原市,52331037,118,145,
備北,庄原市,52331038,118,145,
備北,庄原市,52331039,118,145,
備北,庄原市,52331042,118,144,
備北,庄原市,52331043,118,144,
備北,庄原市,52331044,118,144,
備北,庄原市,52331045,118,145,
備北,庄原市,52331046,118,145,
備北,庄原市,52331047,118,145,
備北,庄原市,52331048,120,147,
備北,庄原市,52331049,119,146,
備北,庄原市,52331051,118,144,
備北,庄原市,52331052,118,144,
備北,庄原市,52331053,118,144,
備北,庄原市,52331054,118,144,
備北,庄原市,52331055,117,143,
備北,庄原市,52331056,118,144,
備北,庄原市,52331057,118,145,
備北,庄原市,52331058,120,147,
備北,庄原市,52331059,120,147,
備北,庄原市,52331060,118,144,
備北,庄原市,52331061,118,144,
備北,庄原市,52331062,117,143,
備北,庄原市,52331063,117,143,
備北,庄原市,52331064,117,143,
備北,庄原市,52331065,117,143,
備北,庄原市,52331066,118,144,
備北,庄原市,52331067,118,144,
備北,庄原市,52331068,120,147,
備北,庄原市,52331069,120,147,
備北,庄原市,52331070,118,144,
備北,庄原市,52331071,118,144,
備北,庄原市,52331072,117,143,
備北,庄原市,52331073,116,142,
備北,庄原市,52331074,117,143,
備北,庄原市,52331075,116,142,
備北,庄原市,52331076,117,143,
備北,庄原市,52331077,118,144,
備北,庄原市,52331078,118,145,
備北,庄原市,52331079,118,145,
備北,庄原市,52331080,118,145,
備北,庄原市,52331081,118,144,
備北,庄原市,52331082,118,144,
備北,庄原市,52331083,117,143,
備北,庄原市,52331084,117,143,
備北,庄原市,52331085,118,144,
備北,庄原市,52331086,118,144,
備北,庄原市,52331087,118,144,
備北,庄原市,52331088,118,144,
備北,庄原市,52331089,118,145,
備北,庄原市,52331090,118,145,
備北,庄原市,52331091,118,144,
備北,庄原市,52331092,118,144,
備北,庄原市,52331093,118,144,
備北,庄原市,52331094,118,144,
備北,庄原市,52331095,118,144,
備北,庄原市,52331096,118,144,
備北,庄原市,52331097,118,144,
備北,庄原市,52331098,118,144,
備北,庄原市,52331099,118,144,
備北,庄原市,52331100,118,145,
備北,庄原市,52331110,118,145,
備北,庄原市,52331111,118,145,
備北,庄原市,52331112,120,147,
備北,庄原市,52331120,118,145,
備北,庄原市,52331121,118,144,
備北,庄原市,52331122,119,146,
備北,庄原市,52331130,118,145,
備北,庄原市,52331131,118,144,
備北,庄原市,52331140,119,146,
備北,庄原市,52331150,119,146,
備北,庄原市,52331160,119,146,
備北,庄原市,52331170,118,145,
備北,庄原市,52331180,118,145,
備北,庄原市,52331189,118,144,
備北,庄原市,52331190,118,145,
備北,庄原市,52331199,118,144,
備北,庄原市,52331290,118,144,
備北,庄原市,52332000,120,147,
備北,庄原市,52332001,119,146,
備北,庄原市,52332002,119,146,
備北,庄原市,52332003,118,144,
備北,庄原市,52332004,118,144,
備北,庄原市,52332005,118,144,
備北,庄原市,52332006,118,144,
備北,庄原市,52332007,118,144,
備北,庄原市,52332008,118,145,
備北,庄原市,52332009,119,146,
備北,庄原市,52332010,121,148,
備北,庄原市,52332011,121,148,
備北,庄原市,52332012,120,147,
備北,庄原市,52332013,119,146,
備北,庄原市,52332014,118,145,
備北,庄原市,52332015,118,145,
備北,庄原市,52332016,118,144,
備北,庄原市,52332017,118,144,
備北,庄原市,52332018,118,145,
備北,庄原市,52332019,119,146,
備北,庄原市,52332020,123,150,
備北,庄原市,52332021,123,150,
備北,庄原市,52332022,122,149,
備北,庄原市,52332023,120,147,
備北,庄原市,52332024,118,145,
備北,庄原市,52332025,118,145,
備北,庄原市,52332026,118,145,
備北,庄原市,52332027,118,145,
備北,庄原市,52332028,119,146,
備北,庄原市,52332029,120,147,
備北,庄原市,52332030,124,152,
備北,庄原市,52332031,123,151,
備北,庄原市,52332032,122,149,
備北,庄原市,52332033,120,147,
備北,庄原市,52332034,120,147,
備北,庄原市,52332035,120,147,
備北,庄原市,52332036,120,147,
備北,庄原市,52332037,120,147,
備北,庄原市,52332038,120,147,
備北,庄原市,52332039,120,147,
備北,庄原市,52332040,123,151,
備北,庄原市,52332041,123,150,
備北,庄原市,52332042,122,149,
備北,庄原市,52332043,120,147,
備北,庄原市,52332044,120,147,
備北,庄原市,52332045,120,147,
備北,庄原市,52332046,120,147,
備北,庄原市,52332047,120,147,
備北,庄原市,52332048,122,149,
備北,庄原市,52332049,123,150,
備北,庄原市,52332050,123,150,
備北,庄原市,52332051,122,149,
備北,庄原市,52332052,121,148,
備北,庄原市,52332053,120,147,
備北,庄原市,52332054,121,148,
備北,庄原市,52332055,120,147,
備北,庄原市,52332056,121,148,
備北,庄原市,52332057,122,149,
備北,庄原市,52332058,123,150,
備北,庄原市,52332059,123,150,
備北,庄原市,52332060,123,150,
備北,庄原市,52332061,121,148,
備北,庄原市,52332062,121,148,
備北,庄原市,52332063,121,148,
備北,庄原市,52332064,121,148,
備北,庄原市,52332065,122,149,
備北,庄原市,52332066,122,149,
備北,庄原市,52332067,122,149,
備北,庄原市,52332068,123,150,
備北,庄原市,52332069,123,150,
備北,庄原市,52332070,123,150,
備北,庄原市,52332071,123,150,
備北,庄原市,52332072,123,150,
備北,庄原市,52332073,123,150,
備北,庄原市,52332074,123,150,
備北,庄原市,52332075,123,150,
備北,庄原市,52332076,123,150,
備北,庄原市,52332077,123,150,
備北,庄原市,52332078,123,150,
備北,庄原市,52332079,122,149,
備北,庄原市,52332080,123,151,
備北,庄原市,52332081,123,151,
備北,庄原市,52332082,123,151,
備北,庄原市,52332083,123,151,
備北,庄原市,52332084,123,150,
備北,庄原市,52332085,123,150,
備北,庄原市,52332086,123,151,
備北,庄原市,52332087,123,150,
備北,庄原市,52332088,123,150,
備北,庄原市,52332089,123,150,
備北,庄原市,52332090,125,153,
備北,庄原市,52332091,125,153,
備北,庄原市,52332092,125,153,
備北,庄原市,52332093,124,152,
備北,庄原市,52332094,124,152,
備北,庄原市,52332095,123,151,
備北,庄原市,52332096,124,152,
備北,庄原市,52332097,123,151,
備北,庄原市,52332098,123,151,
備北,庄原市,52332099,123,150,
備北,庄原市,52332100,119,146,
備北,庄原市,52332101,119,146,
備北,庄原市,52332108,118,144,
備北,庄原市,52332109,118,144,
備北,庄原市,52332110,120,147,
備北,庄原市,52332111,120,147,
備北,庄原市,52332112,120,147,
備北,庄原市,52332118,118,144,
備北,庄原市,52332119,118,144,
備北,庄原市,52332120,120,147,
備北,庄原市,52332121,120,147,
備北,庄原市,52332122,120,147,
備北,庄原市,52332123,119,146,
備北,庄原市,52332124,118,145,
備北,庄原市,52332125,118,145,
備北,庄原市,52332128,118,144,
備北,庄原市,52332129,118,144,
備北,庄原市,52332130,120,147,
備北,庄原市,52332131,121,148,
備北,庄原市,52332132,120,147,
備北,庄原市,52332133,119,146,
備北,庄原市,52332134,119,146,
備北,庄原市,52332135,119,146,
備北,庄原市,52332136,118,145,
備北,庄原市,52332137,118,145,
備北,庄原市,52332138,118,144,
備北,庄原市,52332139,118,144,
備北,庄原市,52332140,122,149,
備北,庄原市,52332141,121,148,
備北,庄原市,52332142,120,147,
備北,庄原市,52332143,119,146,
備北,庄原市,52332144,119,146,
備北,庄原市,52332145,119,146,
備北,庄原市,52332146,119,146,
備北,庄原市,52332147,118,145,
備北,庄原市,52332148,118,144,
備北,庄原市,52332149,118,145,
備北,庄原市,52332150,123,150,
備北,庄原市,52332151,120,147,
備北,庄原市,52332152,119,146,
備北,庄原市,52332153,119,146,
備北,庄原市,52332154,120,147,
備北,庄原市,52332155,120,147,
備北,庄原市,52332156,119,146,
備北,庄原市,52332157,118,145,
備北,庄原市,52332158,118,145,
備北,庄原市,52332159,118,145,
備北,庄原市,52332160,121,148,
備北,庄原市,52332161,120,147,
備北,庄原市,52332162,120,147,
備北,庄原市,52332163,119,146,
備北,庄原市,52332164,120,147,
備北,庄原市,52332165,120,147,
備北,庄原市,52332166,119,146,
備北,庄原市,52332167,119,146,
備北,庄原市,52332168,118,145,
備北,庄原市,52332169,118,145,
備北,庄原市,52332170,121,148,
備北,庄原市,52332171,120,147,
備北,庄原市,52332172,120,147,
備北,庄原市,52332173,120,147,
備北,庄原市,52332174,120,147,
備北,庄原市,52332175,119,146,
備北,庄原市,52332176,118,145,
備北,庄原市,52332177,118,145,
備北,庄原市,52332178,118,145,
備北,庄原市,52332179,118,145,
備北,庄原市,52332180,121,148,
備北,庄原市,52332181,120,147,
備北,庄原市,52332182,120,147,
備北,庄原市,52332183,120,147,
備北,庄原市,52332184,120,147,
備北,庄原市,52332185,118,145,
備北,庄原市,52332186,119,146,
備北,庄原市,52332187,119,146,
備北,庄原市,52332188,118,145,
備北,庄原市,52332189,119,146,
備北,庄原市,52332190,122,149,
備北,庄原市,52332191,121,148,
備北,庄原市,52332192,120,147,
備北,庄原市,52332193,120,147,
備北,庄原市,52332194,120,147,
備北,庄原市,52332195,119,146,
備北,庄原市,52332196,118,145,
備北,庄原市,52332197,118,145,
備北,庄原市,52332198,119,146,
備北,庄原市,52332199,119,146,
備北,庄原市,52332200,118,145,
備北,庄原市,52332201,119,146,
備北,庄原市,52332210,118,144,
備北,庄原市,52332211,119,146,
備北,庄原市,52332220,118,144,
備北,庄原市,52332221,118,145,
備北,庄原市,52332222,119,146,
備北,庄原市,52332223,119,146,
備北,庄原市,52332224,120,147,
備北,庄原市,52332225,120,147,
備北,庄原市,52332230,118,145,
備北,庄原市,52332231,119,146,
備北,庄原市,52332232,120,147,
備北,庄原市,52332233,120,147,
備北,庄原市,52332234,120,147,
備北,庄原市,52332235,120,147,
備北,庄原市,52332240,118,145,
備北,庄原市,52332241,119,146,
備北,庄原市,52332242,119,146,
備北,庄原市,52332243,120,147,
備北,庄原市,52332244,120,147,
備北,庄原市,52332250,118,145,
備北,庄原市,52332251,119,146,
備北,庄原市,52332252,120,147,
備北,庄原市,52332253,120,147,
備北,庄原市,52332254,120,147,
備北,庄原市,52332260,119,146,
備北,庄原市,52332261,120,147,
備北,庄原市,52332262,122,149,
備北,庄原市,52332263,121,148,
備北,庄原市,52332270,120,147,
備北,庄原市,52332271,122,149,
備北,庄原市,52332272,123,150,
備北,庄原市,52332273,122,149,
備北,庄原市,52332280,120,147,
備北,庄原市,52332281,123,150,
備北,庄原市,52332282,123,151,
備北,庄原市,52332283,123,150,
備北,庄原市,52332290,120,147,
備北,庄原市,52332291,122,149,
備北,庄原市,52332292,123,150,
備北,庄原市,52332293,121,148,
備北,庄原市,52333000,125,153,
備北,庄原市,52333001,125,153,
備北,庄原市,52333002,126,154,
備北,庄原市,52333003,125,153,
備北,庄原市,52333004,125,153,
備北,庄原市,52333005,125,153,
備北,庄原市,52333006,125,153,
備北,庄原市,52333007,125,153,
備北,庄原市,52333008,125,153,
備北,庄原市,52333009,124,152,
備北,庄原市,52333010,125,153,
備北,庄原市,52333011,125,153,
備北,庄原市,52333012,126,154,
備北,庄原市,52333013,127,155,
備北,庄原市,52333014,125,153,
備北,庄原市,52333015,125,153,
備北,庄原市,52333016,125,153,
備北,庄原市,52333017,125,153,
備北,庄原市,52333018,125,153,
備北,庄原市,52333019,125,153,
備北,庄原市,52333020,125,153,
備北,庄原市,52333021,125,153,
備北,庄原市,52333022,125,153,
備北,庄原市,52333023,126,154,
備北,庄原市,52333024,126,154,
備北,庄原市,52333025,127,155,
備北,庄原市,52333026,126,154,
備北,庄原市,52333027,127,155,
備北,庄原市,52333028,127,155,
備北,庄原市,52333029,127,155,
備北,庄原市,52333030,125,153,
備北,庄原市,52333031,125,153,
備北,庄原市,52333032,126,154,
備北,庄原市,52333033,126,154,
備北,庄原市,52333034,127,155,
備北,庄原市,52333035,127,155,
備北,庄原市,52333036,127,155,
備北,庄原市,52333037,127,156,
備北,庄原市,52333038,128,157,
備北,庄原市,52333039,127,156,
備北,庄原市,52333040,126,154,
備北,庄原市,52333041,126,154,
備北,庄原市,52333042,126,154,
備北,庄原市,52333043,127,155,
備北,庄原市,52333044,127,156,
備北,庄原市,52333045,127,156,
備北,庄原市,52333046,127,156,
備北,庄原市,52333047,128,157,
備北,庄原市,52333048,129,158,
備北,庄原市,52333049,127,156,
備北,庄原市,52333050,127,155,
備北,庄原市,52333051,125,153,
備北,庄原市,52333052,126,154,
備北,庄原市,52333053,126,154,
備北,庄原市,52333054,127,155,
備北,庄原市,52333055,127,156,
備北,庄原市,52333056,127,156,
備北,庄原市,52333057,128,157,
備北,庄原市,52333058,128,157,
備北,庄原市,52333059,127,156,
備北,庄原市,52333060,125,153,
備北,庄原市,52333061,125,153,
備北,庄原市,52333062,125,153,
備北,庄原市,52333063,126,154,
備北,庄原市,52333064,127,156,
備北,庄原市,52333065,127,156,
備北,庄原市,52333066,128,157,
備北,庄原市,52333067,129,158,
備北,庄原市,52333068,127,156,
備北,庄原市,52333069,127,156,
備北,庄原市,52333070,125,153,
備北,庄原市,52333071,124,152,
備北,庄原市,52333072,125,153,
備北,庄原市,52333073,125,153,
備北,庄原市,52333074,127,155,
備北,庄原市,52333075,127,156,
備北,庄原市,52333076,127,156,
備北,庄原市,52333077,128,157,
備北,庄原市,52333078,129,158,
備北,庄原市,52333079,129,158,
備北,庄原市,52333080,124,152,
備北,庄原市,52333081,123,151,
備北,庄原市,52333082,125,153,
備北,庄原市,52333083,125,153,
備北,庄原市,52333084,127,156,
備北,庄原市,52333085,127,156,
備北,庄原市,52333086,130,159,
備北,庄原市,52333087,130,159,
備北,庄原市,52333088,129,158,
備北,庄原市,52333089,129,158,
備北,庄原市,52333090,123,150,
備北,庄原市,52333091,123,150,
備北,庄原市,52333092,125,153,
備北,庄原市,52333093,125,153,
備北,庄原市,52333094,127,155,
備北,庄原市,52333095,130,159,
備北,庄原市,52333096,130,159,
備北,庄原市,52333097,130,159,
備北,庄原市,52333098,130,159,
備北,庄原市,52333099,129,158,
備北,庄原市,52333100,123,150,
備北,庄原市,52333101,123,150,
備北,庄原市,52333102,121,148,
備北,庄原市,52333103,121,148,
備北,庄原市,52333104,120,147,
備北,庄原市,52333105,120,147,
備北,庄原市,52333106,119,146,
備北,庄原市,52333107,119,146,
備北,庄原市,52333108,119,146,
備北,庄原市,52333109,119,146,
備北,庄原市,52333110,123,151,
備北,庄原市,52333111,123,150,
備北,庄原市,52333112,123,150,
備北,庄原市,52333113,122,149,
備北,庄原市,52333114,121,148,
備北,庄原市,52333115,121,148,
備北,庄原市,52333116,120,147,
備北,庄原市,52333117,120,147,
備北,庄原市,52333118,120,147,
備北,庄原市,52333119,120,147,
備北,庄原市,52333120,125,153,
備北,庄原市,52333121,124,152,
備北,庄原市,52333122,123,151,
備北,庄原市,52333123,123,150,
備北,庄原市,52333124,122,149,
備北,庄原市,52333125,121,148,
備北,庄原市,52333126,121,148,
備北,庄原市,52333127,120,147,
備北,庄原市,52333128,120,147,
備北,庄原市,52333129,120,147,
備北,庄原市,52333130,127,155,
備北,庄原市,52333131,125,153,
備北,庄原市,52333132,123,150,
備北,庄原市,52333133,123,150,
備北,庄原市,52333134,123,150,
備北,庄原市,52333135,122,149,
備北,庄原市,52333136,122,149,
備北,庄原市,52333137,120,147,
備北,庄原市,52333138,120,147,
備北,庄原市,52333139,120,147,
備北,庄原市,52333140,127,155,
備北,庄原市,52333141,124,152,
備北,庄原市,52333142,123,151,
備北,庄原市,52333143,123,150,
備北,庄原市,52333144,123,150,
備北,庄原市,52333145,122,149,
備北,庄原市,52333146,121,148,
備北,庄原市,52333147,121,148,
備北,庄原市,52333148,120,147,
備北,庄原市,52333149,120,147,
備北,庄原市,52333150,127,155,
備北,庄原市,52333151,125,153,
備北,庄原市,52333152,123,151,
備北,庄原市,52333153,123,150,
備北,庄原市,52333154,123,150,
備北,庄原市,52333155,122,149,
備北,庄原市,52333156,122,149,
備北,庄原市,52333157,120,147,
備北,庄原市,52333158,120,147,
備北,庄原市,52333159,120,147,
備北,庄原市,52333160,127,156,
備北,庄原市,52333161,126,154,
備北,庄原市,52333162,124,152,
備北,庄原市,52333163,123,150,
備北,庄原市,52333164,123,150,
備北,庄原市,52333165,122,149,
備北,庄原市,52333166,122,149,
備北,庄原市,52333167,121,148,
備北,庄原市,52333168,120,147,
備北,庄原市,52333169,120,147,
備北,庄原市,52333170,127,156,
備北,庄原市,52333171,126,154,
備北,庄原市,52333172,125,153,
備北,庄原市,52333173,123,151,
備北,庄原市,52333174,123,151,
備北,庄原市,52333175,123,150,
備北,庄原市,52333176,123,150,
備北,庄原市,52333177,123,150,
備北,庄原市,52333178,122,149,
備北,庄原市,52333179,122,149,
備北,庄原市,52333180,128,157,
備北,庄原市,52333181,127,155,
備北,庄原市,52333182,125,153,
備北,庄原市,52333183,124,152,
備北,庄原市,52333184,123,151,
備北,庄原市,52333185,123,150,
備北,庄原市,52333186,123,150,
備北,庄原市,52333187,123,150,
備北,庄原市,52333188,123,150,
備北,庄原市,52333189,123,150,
備北,庄原市,52333190,128,157,
備北,庄原市,52333191,127,156,
備北,庄原市,52333192,126,154,
備北,庄原市,52333193,125,153,
備北,庄原市,52333194,123,151,
備北,庄原市,52333195,123,150,
備北,庄原市,52333196,122,149,
備北,庄原市,52333197,123,150,
備北,庄原市,52333198,123,150,
備北,庄原市,52333199,123,150,
備北,庄原市,52333200,120,147,
備北,庄原市,52333201,120,147,
備北,庄原市,52333202,120,147,
備北,庄原市,52333203,120,147,
備北,庄原市,52333210,120,147,
備北,庄原市,52333211,119,146,
備北,庄原市,52333212,120,147,
備北,庄原市,52333213,119,146,
備北,庄原市,52333220,120,147,
備北,庄原市,52333221,120,147,
備北,庄原市,52333222,120,147,
備北,庄原市,52333223,120,147,
備北,庄原市,52333224,120,147,
備北,庄原市,52333230,120,147,
備北,庄原市,52333231,120,147,
備北,庄原市,52333232,120,147,
備北,庄原市,52333233,120,147,
備北,庄原市,52333240,120,147,
備北,庄原市,52333241,120,147,
備北,庄原市,52333242,120,147,
備北,庄原市,52333243,121,148,
備北,庄原市,52333250,120,147,
備北,庄原市,52333251,121,148,
備北,庄原市,52333252,122,149,
備北,庄原市,52333253,120,147,
備北,庄原市,52333260,121,148,
備北,庄原市,52333261,123,150,
備北,庄原市,52333262,123,150,
備北,庄原市,52333263,121,148,
備北,庄原市,52333270,122,149,
備北,庄原市,52333271,123,150,
備北,庄原市,52333272,123,150,
備北,庄原市,52333273,122,149,
備北,庄原市,52333274,123,150,
備北,庄原市,52333280,122,149,
備北,庄原市,52333281,123,150,
備北,庄原市,52333282,123,150,
備北,庄原市,52333283,123,150,
備北,庄原市,52333284,123,151,
備北,庄原市,52333285,124,152,
備北,庄原市,52333290,123,150,
備北,庄原市,52333291,122,149,
備北,庄原市,52333292,123,150,
備北,庄原市,52333293,123,151,
備北,庄原市,52333294,123,151,
備北,庄原市,52333295,124,152,
備北,庄原市,52334000,123,150,
備北,庄原市,52334001,123,150,
備北,庄原市,52334002,124,152,
備北,庄原市,52334003,127,155,
備北,庄原市,52334004,127,156,
備北,庄原市,52334005,130,159,
備北,庄原市,52334006,130,159,
備北,庄原市,52334007,129,158,
備北,庄原市,52334008,129,158,
備北,庄原市,52334009,128,157,
備北,庄原市,52334010,123,150,
備北,庄原市,52334011,123,151,
備北,庄原市,52334012,125,153,
備北,庄原市,52334013,127,156,
備北,庄原市,52334014,128,157,
備北,庄原市,52334015,127,156,
備北,庄原市,52334016,127,156,
備北,庄原市,52334017,127,156,
備北,庄原市,52334018,127,156,
備北,庄原市,52334019,127,156,
備北,庄原市,52334020,123,150,
備北,庄原市,52334021,124,152,
備北,庄原市,52334022,125,153,
備北,庄原市,52334023,127,155,
備北,庄原市,52334024,126,154,
備北,庄原市,52334025,126,154,
備北,庄原市,52334026,125,153,
備北,庄原市,52334027,126,154,
備北,庄原市,52334028,126,154,
備北,庄原市,52334029,126,154,
備北,庄原市,52334030,122,149,
備北,庄原市,52334031,123,150,
備北,庄原市,52334032,123,151,
備北,庄原市,52334033,124,152,
備北,庄原市,52334034,125,153,
備北,庄原市,52334035,125,153,
備北,庄原市,52334036,125,153,
備北,庄原市,52334037,126,154,
備北,庄原市,52334038,126,154,
備北,庄原市,52334039,126,154,
備北,庄原市,52334040,121,148,
備北,庄原市,52334041,122,149,
備北,庄原市,52334042,123,150,
備北,庄原市,52334043,123,150,
備北,庄原市,52334044,124,152,
備北,庄原市,52334045,126,154,
備北,庄原市,52334046,127,156,
備北,庄原市,52334047,127,156,
備北,庄原市,52334048,127,156,
備北,庄原市,52334049,126,154,
備北,庄原市,52334050,120,147,
備北,庄原市,52334051,121,148,
備北,庄原市,52334052,122,149,
備北,庄原市,52334053,123,151,
備北,庄原市,52334054,125,153,
備北,庄原市,52334055,127,156,
備北,庄原市,52334056,129,158,
備北,庄原市,52334057,129,158,
備北,庄原市,52334058,127,156,
備北,庄原市,52334059,127,156,
備北,庄原市,52334060,122,149,
備北,庄原市,52334061,123,150,
備北,庄原市,52334062,123,150,
備北,庄原市,52334063,124,152,
備北,庄原市,52334064,127,155,
備北,庄原市,52334065,129,158,
備北,庄原市,52334066,128,157,
備北,庄原市,52334067,127,156,
備北,庄原市,52334068,127,156,
備北,庄原市,52334069,126,154,
備北,庄原市,52334070,123,150,
備北,庄原市,52334071,123,150,
備北,庄原市,52334072,125,153,
備北,庄原市,52334073,127,156,
備北,庄原市,52334074,129,158,
備北,庄原市,52334075,129,158,
備北,庄原市,52334076,127,156,
備北,庄原市,52334077,125,153,
備北,庄原市,52334078,126,154,
備北,庄原市,52334079,125,153,
備北,庄原市,52334080,123,151,
備北,庄原市,52334081,125,153,
備北,庄原市,52334082,126,154,
備北,庄原市,52334084,129,158,
備北,庄原市,52334085,128,157,
備北,庄原市,52334086,126,154,
備北,庄原市,52334087,124,152,
備北,庄原市,52334088,124,152,
備北,庄原市,52334089,123,151,
備北,庄原市,52334090,124,152,
備北,庄原市,52334091,125,153,
備北,庄原市,52334095,126,154,
備北,庄原市,52334096,125,153,
備北,庄原市,52334097,124,152,
備北,庄原市,52334098,123,151,
備北,庄原市,52334099,123,150,
備北,庄原市,52334100,127,156,
備北,庄原市,52334101,127,156,
備北,庄原市,52334102,127,155,
備北,庄原市,52334103,125,153,
備北,庄原市,52334104,124,152,
備北,庄原市,52334105,123,150,
備北,庄原市,52334106,123,150,
備北,庄原市,52334107,123,150,
備北,庄原市,52334108,123,150,
備北,庄原市,52334109,122,149,
備北,庄原市,52334110,127,156,
備北,庄原市,52334111,127,156,
備北,庄原市,52334112,127,155,
備北,庄原市,52334113,125,153,
備北,庄原市,52334114,124,152,
備北,庄原市,52334115,123,150,
備北,庄原市,52334116,123,150,
備北,庄原市,52334117,123,150,
備北,庄原市,52334118,123,150,
備北,庄原市,52334119,122,149,
備北,庄原市,52334120,127,155,
備北,庄原市,52334121,127,155,
備北,庄原市,52334122,126,154,
備北,庄原市,52334123,126,154,
備北,庄原市,52334124,125,153,
備北,庄原市,52334125,123,151,
備北,庄原市,52334126,123,151,
備北,庄原市,52334127,123,150,
備北,庄原市,52334128,123,150,
備北,庄原市,52334129,122,149,
備北,庄原市,52334130,125,153,
備北,庄原市,52334131,125,153,
備北,庄原市,52334132,125,153,
備北,庄原市,52334133,125,153,
備北,庄原市,52334134,124,152,
備北,庄原市,52334135,124,152,
備北,庄原市,52334136,123,150,
備北,庄原市,52334137,123,150,
備北,庄原市,52334138,123,150,
備北,庄原市,52334139,123,150,
備北,庄原市,52334140,125,153,
備北,庄原市,52334141,124,152,
備北,庄原市,52334142,124,152,
備北,庄原市,52334143,125,153,
備北,庄原市,52334144,125,153,
備北,庄原市,52334145,125,153,
備北,庄原市,52334146,123,151,
備北,庄原市,52334147,123,150,
備北,庄原市,52334148,122,149,
備北,庄原市,52334149,123,150,
備北,庄原市,52334150,125,153,
備北,庄原市,52334151,123,151,
備北,庄原市,52334152,123,150,
備北,庄原市,52334153,123,151,
備北,庄原市,52334154,126,154,
備北,庄原市,52334155,127,155,
備北,庄原市,52334156,125,153,
備北,庄原市,52334157,123,150,
備北,庄原市,52334158,123,150,
備北,庄原市,52334159,124,152,
備北,庄原市,52334160,124,152,
備北,庄原市,52334161,123,151,
備北,庄原市,52334162,123,151,
備北,庄原市,52334163,124,152,
備北,庄原市,52334164,127,156,
備北,庄原市,52334165,128,157,
備北,庄原市,52334166,126,154,
備北,庄原市,52334167,124,152,
備北,庄原市,52334168,124,152,
備北,庄原市,52334169,125,153,
備北,庄原市,52334170,123,151,
備北,庄原市,52334171,123,151,
備北,庄原市,52334172,123,150,
備北,庄原市,52334173,125,153,
備北,庄原市,52334174,127,155,
備北,庄原市,52334175,127,156,
備北,庄原市,52334176,127,156,
備北,庄原市,52334177,127,155,
備北,庄原市,52334178,127,155,
備北,庄原市,52334179,127,156,
備北,庄原市,52334180,123,150,
備北,庄原市,52334182,123,150,
備北,庄原市,52334185,127,155,
備北,庄原市,52334186,127,156,
備北,庄原市,52334187,127,156,
備北,庄原市,52334188,127,156,
備北,庄原市,52334189,127,156,
備北,庄原市,52334200,122,149,
備北,庄原市,52334201,122,149,
備北,庄原市,52334202,123,150,
備北,庄原市,52334203,123,150,
備北,庄原市,52334204,124,152,
備北,庄原市,52334205,124,152,
備北,庄原市,52334210,122,149,
備北,庄原市,52334211,122,149,
備北,庄原市,52334212,123,150,
備北,庄原市,52334213,123,151,
備北,庄原市,52334214,124,152,
備北,庄原市,52334220,123,150,
備北,庄原市,52334221,123,150,
備北,庄原市,52334222,123,151,
備北,庄原市,52334223,124,152,
備北,庄原市,52334230,123,150,
備北,庄原市,52334231,123,151,
備北,庄原市,52334232,125,153,
備北,庄原市,52334233,125,153,
備北,庄原市,52334240,123,151,
備北,庄原市,52334241,123,151,
備北,庄原市,52334242,125,153,
備北,庄原市,52334250,124,152,
備北,庄原市,52334251,125,153,
備北,庄原市,52334260,127,155,
備北,庄原市,52334270,127,156,
備北,庄原市,52335000,124,152,
芸北,安芸高田市,51326485,129,158,
芸北,安芸高田市,51326486,128,157,
芸北,安芸高田市,51326494,129,158,
芸北,安芸高田市,51326495,130,159,
芸北,安芸高田市,51326496,128,157,
芸北,安芸高田市,51326545,123,151,
芸北,安芸高田市,51326555,123,151,
芸北,安芸高田市,51326565,123,150,
芸北,安芸高田市,51326566,123,150,
芸北,安芸高田市,51326567,123,150,
芸北,安芸高田市,51326575,123,150,
芸北,安芸高田市,51326576,123,150,
芸北,安芸高田市,51326577,123,150,
芸北,安芸高田市,51326578,123,150,
芸北,安芸高田市,51326585,122,149,
芸北,安芸高田市,51326586,123,150,
芸北,安芸高田市,51326587,123,150,
芸北,安芸高田市,51326588,123,150,
芸北,安芸高田市,51326589,123,150,
芸北,安芸高田市,51326595,122,149,
芸北,安芸高田市,51326596,122,149,
芸北,安芸高田市,51326597,123,150,
芸北,安芸高田市,51326598,123,150,
芸北,安芸高田市,51326599,123,150,
芸北,安芸高田市,51326690,123,150,
芸北,安芸高田市,51326691,122,149,
芸北,安芸高田市,51327404,127,156,
芸北,安芸高田市,51327405,127,156,
芸北,安芸高田市,51327406,127,156,
芸北,安芸高田市,51327407,127,155,
芸北,安芸高田市,51327408,125,153,
芸北,安芸高田市,51327416,127,155,
芸北,安芸高田市,51327417,126,154,
芸北,安芸高田市,51327418,125,153,
芸北,安芸高田市,51327426,126,154,
芸北,安芸高田市,51327427,125,153,
芸北,安芸高田市,51327428,125,153,
芸北,安芸高田市,51327429,124,152,
芸北,安芸高田市,51327436,126,154,
芸北,安芸高田市,51327437,127,155,
芸北,安芸高田市,51327438,127,155,
芸北,安芸高田市,51327439,127,155,
芸北,安芸高田市,51327446,125,153,
芸北,安芸高田市,51327447,127,156,
芸北,安芸高田市,51327448,128,157,
芸北,安芸高田市,51327449,127,156,
芸北,安芸高田市,51327456,125,153,
芸北,安芸高田市,51327457,127,155,
芸北,安芸高田市,51327458,127,156,
芸北,安芸高田市,51327459,127,156,
芸北,安芸高田市,51327466,123,151,
芸北,安芸高田市,51327467,125,153,
芸北,安芸高田市,51327468,127,156,
芸北,安芸高田市,51327469,127,156,
芸北,安芸高田市,51327477,125,153,
芸北,安芸高田市,51327478,127,156,
芸北,安芸高田市,51327479,127,156,
芸北,安芸高田市,51327487,124,152,
芸北,安芸高田市,51327488,125,153,
芸北,安芸高田市,51327489,126,154,
芸北,安芸高田市,51327497,123,150,
芸北,安芸高田市,51327498,124,152,
芸北,安芸高田市,51327499,124,152,
芸北,安芸高田市,51327505,122,149,
芸北,安芸高田市,51327506,123,150,
芸北,安芸高田市,51327507,123,150,
芸北,安芸高田市,51327508,123,150,
芸北,安芸高田市,51327509,123,150,
芸北,安芸高田市,51327515,123,150,
芸北,安芸高田市,51327516,123,150,
芸北,安芸高田市,51327517,123,150,
芸北,安芸高田市,51327518,123,151,
芸北,安芸高田市,51327519,124,152,
芸北,安芸高田市,51327520,125,153,
芸北,安芸高田市,51327521,124,152,
芸北,安芸高田市,51327522,124,152,
芸北,安芸高田市,51327524,123,150,
芸北,安芸高田市,51327525,123,150,
芸北,安芸高田市,51327526,123,150,
芸北,安芸高田市,51327527,123,150,
芸北,安芸高田市,51327528,124,152,
芸北,安芸高田市,51327529,125,153,
芸北,安芸高田市,51327530,125,153,
芸北,安芸高田市,51327531,124,152,
芸北,安芸高田市,51327532,124,152,
芸北,安芸高田市,51327533,124,152,
芸北,安芸高田市,51327534,124,152,
芸北,安芸高田市,51327535,123,151,
芸北,安芸高田市,51327536,123,151,
芸北,安芸高田市,51327537,123,151,
芸北,安芸高田市,51327538,124,152,
芸北,安芸高田市,51327539,124,152,
芸北,安芸高田市,51327540,125,153,
芸北,安芸高田市,51327541,125,153,
芸北,安芸高田市,51327542,125,153,
芸北,安芸高田市,51327543,125,153,
芸北,安芸高田市,51327544,125,153,
芸北,安芸高田市,51327545,124,152,
芸北,安芸高田市,51327546,123,150,
芸北,安芸高田市,51327547,123,151,
芸北,安芸高田市,51327548,123,150,
芸北,安芸高田市,51327549,123,151,
芸北,安芸高田市,51327550,126,154,
芸北,安芸高田市,51327551,125,153,
芸北,安芸高田市,51327552,125,153,
芸北,安芸高田市,51327553,125,153,
芸北,安芸高田市,51327554,125,153,
芸北,安芸高田市,51327555,124,152,
芸北,安芸高田市,51327556,124,152,
芸北,安芸高田市,51327557,123,151,
芸北,安芸高田市,51327558,123,150,
芸北,安芸高田市,51327559,123,150,
芸北,安芸高田市,51327560,127,156,
芸北,安芸高田市,51327561,125,153,
芸北,安芸高田市,51327562,125,153,
芸北,安芸高田市,51327563,125,153,
芸北,安芸高田市,51327564,125,153,
芸北,安芸高田市,51327565,125,153,
芸北,安芸高田市,51327566,124,152,
芸北,安芸高田市,51327567,123,151,
芸北,安芸高田市,51327568,123,150,
芸北,安芸高田市,51327569,123,150,
芸北,安芸高田市,51327570,126,154,
芸北,安芸高田市,51327571,126,154,
芸北,安芸高田市,51327572,125,153,
芸北,安芸高田市,51327573,125,153,
芸北,安芸高田市,51327574,125,153,
芸北,安芸高田市,51327575,125,153,
芸北,安芸高田市,51327576,125,153,
芸北,安芸高田市,51327577,124,152,
芸北,安芸高田市,51327578,124,152,
芸北,安芸高田市,51327579,123,151,
芸北,安芸高田市,51327580,126,154,
芸北,安芸高田市,51327581,126,154,
芸北,安芸高田市,51327582,125,153,
芸北,安芸高田市,51327583,126,154,
芸北,安芸高田市,51327584,126,154,
芸北,安芸高田市,51327585,126,154,
芸北,安芸高田市,51327586,126,154,
芸北,安芸高田市,51327587,125,153,
芸北,安芸高田市,51327588,125,153,
芸北,安芸高田市,51327589,125,153,
芸北,安芸高田市,51327590,125,153,
芸北,安芸高田市,51327591,126,154,
芸北,安芸高田市,51327592,125,153,
芸北,安芸高田市,51327593,126,154,
芸北,安芸高田市,51327594,126,154,
芸北,安芸高田市,51327595,127,156,
芸北,安芸高田市,51327596,127,156,
芸北,安芸高田市,51327597,127,156,
芸北,安芸高田市,51327598,126,154,
芸北,安芸高田市,51327599,125,153,
芸北,安芸高田市,51327600,123,150,
芸北,安芸高田市,51327601,123,150,
芸北,安芸高田市,51327602,122,149,
芸北,安芸高田市,51327610,124,152,
芸北,安芸高田市,51327611,123,151,
芸北,安芸高田市,51327612,122,149,
芸北,安芸高田市,51327620,125,153,
芸北,安芸高田市,51327621,124,152,
芸北,安芸高田市,51327622,123,150,
芸北,安芸高田市,51327630,125,153,
芸北,安芸高田市,51327631,124,152,
芸北,安芸高田市,51327632,123,150,
芸北,安芸高田市,51327640,123,150,
芸北,安芸高田市,51327641,123,150,
芸北,安芸高田市,51327642,123,150,
芸北,安芸高田市,51327643,123,150,
芸北,安芸高田市,51327650,123,150,
芸北,安芸高田市,51327651,123,151,
芸北,安芸高田市,51327652,123,151,
芸北,安芸高田市,51327653,123,150,
芸北,安芸高田市,51327660,123,150,
芸北,安芸高田市,51327661,123,150,
芸北,安芸高田市,51327662,123,150,
芸北,安芸高田市,51327670,123,150,
芸北,安芸高田市,51327671,123,150,
芸北,安芸高田市,51327672,122,149,
芸北,安芸高田市,51327680,123,151,
芸北,安芸高田市,51327681,123,150,
芸北,安芸高田市,51327682,123,150,
芸北,安芸高田市,51327690,124,152,
芸北,安芸高田市,51327691,123,151,
芸北,安芸高田市,51327692,123,151,
芸北,安芸高田市,52320407,123,150,
芸北,安芸高田市,52320408,123,150,
芸北,安芸高田市,52320409,125,153,
芸北,安芸高田市,52320418,123,150,
芸北,安芸高田市,52320419,124,152,
芸北,安芸高田市,52320428,122,149,
芸北,安芸高田市,52320429,123,150,
芸北,安芸高田市,52320436,121,148,
芸北,安芸高田市,52320437,121,148,
芸北,安芸高田市,52320438,120,147,
芸北,安芸高田市,52320439,120,147,
芸北,安芸高田市,52320446,121,148,
芸北,安芸高田市,52320447,120,147,
芸北,安芸高田市,52320448,120,147,
芸北,安芸高田市,52320449,119,146,
芸北,安芸高田市,52320456,120,147,
芸北,安芸高田市,52320457,120,147,
芸北,安芸高田市,52320458,120,147,
芸北,安芸高田市,52320459,119,146,
芸北,安芸高田市,52320466,120,147,
芸北,安芸高田市,52320467,120,147,
芸北,安芸高田市,52320468,120,147,
芸北,安芸高田市,52320469,120,147,
芸北,安芸高田市,52320477,120,147,
芸北,安芸高田市,52320478,120,147,
芸北,安芸高田市,52320479,120,147,
芸北,安芸高田市,52320487,120,147,
芸北,安芸高田市,52320488,120,147,
芸北,安芸高田市,52320489,120,147,
芸北,安芸高田市,52320496,118,145,
芸北,安芸高田市,52320497,119,146,
芸北,安芸高田市,52320498,120,147,
芸北,安芸高田市,52320499,120,147,
芸北,安芸高田市,52320500,126,154,
芸北,安芸高田市,52320501,127,155,
芸北,安芸高田市,52320502,127,155,
芸北,安芸高田市,52320503,127,155,
芸北,安芸高田市,52320504,126,154,
芸北,安芸高田市,52320505,127,156,
芸北,安芸高田市,52320506,127,156,
芸北,安芸高田市,52320507,127,156,
芸北,安芸高田市,52320508,127,155,
芸北,安芸高田市,52320509,125,153,
芸北,安芸高田市,52320510,126,154,
芸北,安芸高田市,52320511,127,156,
芸北,安芸高田市,52320512,127,155,
芸北,安芸高田市,52320513,125,153,
芸北,安芸高田市,52320514,126,154,
芸北,安芸高田市,52320515,127,155,
芸北,安芸高田市,52320516,127,156,
芸北,安芸高田市,52320517,127,156,
芸北,安芸高田市,52320518,127,155,
芸北,安芸高田市,52320519,126,154,
芸北,安芸高田市,52320520,125,153,
芸北,安芸高田市,52320521,125,153,
芸北,安芸高田市,52320522,126,154,
芸北,安芸高田市,52320523,125,153,
芸北,安芸高田市,52320524,124,152,
芸北,安芸高田市,52320525,125,153,
芸北,安芸高田市,52320526,125,153,
芸北,安芸高田市,52320527,125,153,
芸北,安芸高田市,52320528,126,154,
芸北,安芸高田市,52320529,127,155,
芸北,安芸高田市,52320530,122,149,
芸北,安芸高田市,52320531,123,150,
芸北,安芸高田市,52320532,123,151,
芸北,安芸高田市,52320533,123,151,
芸北,安芸高田市,52320534,125,153,
芸北,安芸高田市,52320535,125,153,
芸北,安芸高田市,52320536,125,153,
芸北,安芸高田市,52320537,125,153,
芸北,安芸高田市,52320538,126,154,
芸北,安芸高田市,52320539,127,156,
芸北,安芸高田市,52320540,120,147,
芸北,安芸高田市,52320541,121,148,
芸北,安芸高田市,52320542,122,149,
芸北,安芸高田市,52320543,123,150,
芸北,安芸高田市,52320544,123,151,
芸北,安芸高田市,52320545,123,150,
芸北,安芸高田市,52320546,123,151,
芸北,安芸高田市,52320547,124,152,
芸北,安芸高田市,52320548,125,153,
芸北,安芸高田市,52320549,127,155,
芸北,安芸高田市,52320550,120,147,
芸北,安芸高田市,52320551,123,150,
芸北,安芸高田市,52320552,123,150,
芸北,安芸高田市,52320553,123,151,
芸北,安芸高田市,52320554,123,150,
芸北,安芸高田市,52320555,123,150,
芸北,安芸高田市,52320556,123,150,
芸北,安芸高田市,52320557,123,150,
芸北,安芸高田市,52320558,125,153,
芸北,安芸高田市,52320559,125,153,
芸北,安芸高田市,52320560,120,147,
芸北,安芸高田市,52320561,123,150,
芸北,安芸高田市,52320562,123,151,
芸北,安芸高田市,52320563,123,150,
芸北,安芸高田市,52320564,122,149,
芸北,安芸高田市,52320565,121,148,
芸北,安芸高田市,52320566,123,150,
芸北,安芸高田市,52320567,123,150,
芸北,安芸高田市,52320568,123,151,
芸北,安芸高田市,52320569,125,153,
芸北,安芸高田市,52320570,121,148,
芸北,安芸高田市,52320571,122,149,
芸北,安芸高田市,52320572,122,149,
芸北,安芸高田市,52320573,122,149,
芸北,安芸高田市,52320574,120,147,
芸北,安芸高田市,52320575,120,147,
芸北,安芸高田市,52320576,120,147,
芸北,安芸高田市,52320577,123,150,
芸北,安芸高田市,52320578,123,150,
芸北,安芸高田市,52320579,123,150,
芸北,安芸高田市,52320580,120,147,
芸北,安芸高田市,52320581,120,147,
芸北,安芸高田市,52320582,119,146,
芸北,安芸高田市,52320583,119,146,
芸北,安芸高田市,52320584,120,147,
芸北,安芸高田市,52320585,120,147,
芸北,安芸高田市,52320586,120,147,
芸北,安芸高田市,52320587,121,148,
芸北,安芸高田市,52320588,121,148,
芸北,安芸高田市,52320589,123,150,
芸北,安芸高田市,52320590,120,147,
芸北,安芸高田市,52320591,118,145,
芸北,安芸高田市,52320592,118,145,
芸北,安芸高田市,52320593,118,145,
芸北,安芸高田市,52320594,119,146,
芸北,安芸高田市,52320595,119,146,
芸北,安芸高田市,52320596,120,147,
芸北,安芸高田市,52320597,120,147,
芸北,安芸高田市,52320598,120,147,
芸北,安芸高田市,52320599,121,148,
芸北,安芸高田市,52320600,124,152,
芸北,安芸高田市,52320601,125,153,
芸北,安芸高田市,52320602,124,152,
芸北,安芸高田市,52320603,123,151,
芸北,安芸高田市,52320610,127,155,
芸北,安芸高田市,52320611,127,155,
芸北,安芸高田市,52320612,125,153,
芸北,安芸高田市,52320613,124,152,
芸北,安芸高田市,52320620,127,156,
芸北,安芸高田市,52320621,127,156,
芸北,安芸高田市,52320622,125,153,
芸北,安芸高田市,52320623,124,152,
芸北,安芸高田市,52320624,125,153,
芸北,安芸高田市,52320630,128,157,
芸北,安芸高田市,52320631,127,156,
芸北,安芸高田市,52320632,126,154,
芸北,安芸高田市,52320633,125,153,
芸北,安芸高田市,52320640,128,157,
芸北,安芸高田市,52320641,128,157,
芸北,安芸高田市,52320650,127,155,
芸北,安芸高田市,52320651,127,156,
芸北,安芸高田市,52320660,125,153,
芸北,安芸高田市,52320661,125,153,
芸北,安芸高田市,52320670,123,150,
芸北,安芸高田市,52320671,123,151,
芸北,安芸高田市,52320672,124,152,
芸北,安芸高田市,52320680,121,148,
芸北,安芸高田市,52320681,122,149,
芸北,安芸高田市,52320682,123,150,
芸北,安芸高田市,52320690,122,149,
芸北,安芸高田市,52320691,121,148,
芸北,安芸高田市,52320692,122,149,
芸北,安芸高田市,52321406,118,145,
芸北,安芸高田市,52321407,119,146,
芸北,安芸高田市,52321408,121,148,
芸北,安芸高田市,52321409,121,148,
芸北,安芸高田市,52321416,117,143,
芸北,安芸高田市,52321417,119,146,
芸北,安芸高田市,52321418,120,147,
芸北,安芸高田市,52321419,121,148,
芸北,安芸高田市,52321425,118,144,
芸北,安芸高田市,52321426,117,143,
芸北,安芸高田市,52321427,118,144,
芸北,安芸高田市,52321428,118,145,
芸北,安芸高田市,52321429,120,147,
芸北,安芸高田市,52321434,115,141,
芸北,安芸高田市,52321435,116,142,
芸北,安芸高田市,52321436,116,142,
芸北,安芸高田市,52321437,117,143,
芸北,安芸高田市,52321438,118,144,
芸北,安芸高田市,52321439,118,145,
芸北,安芸高田市,52321444,116,142,
芸北,安芸高田市,52321445,116,142,
芸北,安芸高田市,52321446,116,142,
芸北,安芸高田市,52321447,117,143,
芸北,安芸高田市,52321448,117,143,
芸北,安芸高田市,52321449,117,143,
芸北,安芸高田市,52321453,116,142,
芸北,安芸高田市,52321454,116,142,
芸北,安芸高田市,52321455,116,142,
芸北,安芸高田市,52321456,116,142,
芸北,安芸高田市,52321457,116,142,
芸北,安芸高田市,52321458,115,141,
芸北,安芸高田市,52321459,116,142,
芸北,安芸高田市,52321464,115,141,
芸北,安芸高田市,52321465,115,141,
芸北,安芸高田市,52321466,115,141,
芸北,安芸高田市,52321467,115,141,
芸北,安芸高田市,52321468,116,142,
芸北,安芸高田市,52321469,115,141,
芸北,安芸高田市,52321476,115,141,
芸北,安芸高田市,52321477,115,141,
芸北,安芸高田市,52321478,115,141,
芸北,安芸高田市,52321479,115,141,
芸北,安芸高田市,52321487,115,141,
芸北,安芸高田市,52321488,114,140,
芸北,安芸高田市,52321489,115,141,
芸北,安芸高田市,52321498,114,140,
芸北,安芸高田市,52321499,115,141,
芸北,安芸高田市,52321500,120,147,
芸北,安芸高田市,52321501,119,146,
芸北,安芸高田市,52321502,118,145,
芸北,安芸高田市,52321503,118,144,
芸北,安芸高田市,52321504,118,145,
芸北,安芸高田市,52321505,120,147,
芸北,安芸高田市,52321506,120,147,
芸北,安芸高田市,52321507,120,147,
芸北,安芸高田市,52321508,120,147,
芸北,安芸高田市,52321509,120,147,
芸北,安芸高田市,52321510,120,147,
芸北,安芸高田市,52321511,120,147,
芸北,安芸高田市,52321512,118,145,
芸北,安芸高田市,52321513,118,144,
芸北,安芸高田市,52321514,118,144,
芸北,安芸高田市,52321515,118,145,
芸北,安芸高田市,52321516,120,147,
芸北,安芸高田市,52321517,120,147,
芸北,安芸高田市,52321518,120,147,
芸北,安芸高田市,52321519,120,147,
芸北,安芸高田市,52321520,121,148,
芸北,安芸高田市,52321521,119,146,
芸北,安芸高田市,52321522,118,144,
芸北,安芸高田市,52321523,118,144,
芸北,安芸高田市,52321524,118,144,
芸北,安芸高田市,52321525,118,145,
芸北,安芸高田市,52321526,118,145,
芸北,安芸高田市,52321527,119,146,
芸北,安芸高田市,52321528,120,147,
芸北,安芸高田市,52321529,120,147,
芸北,安芸高田市,52321530,119,146,
芸北,安芸高田市,52321531,118,145,
芸北,安芸高田市,52321532,118,144,
芸北,安芸高田市,52321533,117,143,
芸北,安芸高田市,52321534,118,144,
芸北,安芸高田市,52321535,118,145,
芸北,安芸高田市,52321536,118,145,
芸北,安芸高田市,52321537,120,147,
芸北,安芸高田市,52321538,121,148,
芸北,安芸高田市,52321539,122,149,
芸北,安芸高田市,52321540,117,143,
芸北,安芸高田市,52321541,117,143,
芸北,安芸高田市,52321542,117,143,
芸北,安芸高田市,52321543,117,143,
芸北,安芸高田市,52321544,117,143,
芸北,安芸高田市,52321545,118,144,
芸北,安芸高田市,52321546,118,144,
芸北,安芸高田市,52321547,119,146,
芸北,安芸高田市,52321548,121,148,
芸北,安芸高田市,52321549,122,149,
芸北,安芸高田市,52321550,115,141,
芸北,安芸高田市,52321551,116,142,
芸北,安芸高田市,52321552,115,141,
芸北,安芸高田市,52321553,115,141,
芸北,安芸高田市,52321554,116,142,
芸北,安芸高田市,52321555,117,143,
芸北,安芸高田市,52321556,118,144,
芸北,安芸高田市,52321557,119,146,
芸北,安芸高田市,52321558,120,147,
芸北,安芸高田市,52321559,119,146,
芸北,安芸高田市,52321560,116,142,
芸北,安芸高田市,52321561,116,142,
芸北,安芸高田市,52321562,116,142,
芸北,安芸高田市,52321563,115,141,
芸北,安芸高田市,52321564,115,141,
芸北,安芸高田市,52321565,116,142,
芸北,安芸高田市,52321566,118,144,
芸北,安芸高田市,52321567,118,144,
芸北,安芸高田市,52321568,118,145,
芸北,安芸高田市,52321569,118,144,
芸北,安芸高田市,52321570,116,142,
芸北,安芸高田市,52321571,116,142,
芸北,安芸高田市,52321572,117,143,
芸北,安芸高田市,52321573,116,142,
芸北,安芸高田市,52321574,115,141,
芸北,安芸高田市,52321575,115,141,
芸北,安芸高田市,52321576,117,143,
芸北,安芸高田市,52321577,117,143,
芸北,安芸高田市,52321578,118,144,
芸北,安芸高田市,52321580,115,141,
芸北,安芸高田市,52321581,117,143,
芸北,安芸高田市,52321582,118,144,
芸北,安芸高田市,52321583,116,142,
芸北,安芸高田市,52321584,115,141,
芸北,安芸高田市,52321585,115,141,
芸北,安芸高田市,52321590,115,141,
芸北,安芸高田市,52321591,117,143,
芸北,安芸高田市,52321592,117,143,
芸北,安芸高田市,52321593,116,142,
芸北,安芸高田市,52321594,115,141,
芸北,安芸高田市,52321595,115,141,
芸北,安芸高田市,52321596,115,141,
芸北,安芸高田市,52321600,120,147,
芸北,安芸高田市,52321610,120,147,
芸北,安芸高田市,52321620,120,147,
芸北,安芸高田市,52321621,120,147,
芸北,安芸高田市,52321630,120,147,
芸北,安芸高田市,52321631,120,147,
芸北,安芸高田市,52321640,120,147,
芸北,安芸高田市,52321641,118,145,
芸北,安芸高田市,52321650,119,146,
芸北,安芸高田市,52321651,119,146,
芸北,安芸高田市,52321660,118,145,
芸北,安芸高田市,52321661,119,146,
芸北,安芸高田市,52322409,115,141,
芸北,安芸高田市,52322500,115,141,
芸北,安芸高田市,52322501,115,141,
芸北,安芸高田市,52322504,115,141,
芸北,安芸高田市,52322505,115,141,
芸北,安芸高田市,52322506,115,141,
芸北,安芸高田市,52322507,115,141,
芸北,安芸高田市,52322514,116,142,
芸北,安芸高田市,52322515,116,142,
芸北,安芸高田市,52322516,115,141,
芸北,安芸太田町,51326105,129,158,
芸北,安芸太田町,51326114,127,156,
芸北,安芸太田町,51326115,128,157,
芸北,安芸太田町,51326116,130,159,
芸北,安芸太田町,51326118,129,158,
芸北,安芸太田町,51326123,127,155,
芸北,安芸太田町,51326124,127,156,
芸北,安芸太田町,51326125,129,158,
芸北,安芸太田町,51326126,130,159,
芸北,安芸太田町,51326127,130,159,
芸北,安芸太田町,51326128,129,158,
芸北,安芸太田町,51326134,128,157,
芸北,安芸太田町,51326135,129,158,
芸北,安芸太田町,51326136,128,157,
芸北,安芸太田町,51326137,129,158,
芸北,安芸太田町,51326138,128,157,
芸北,安芸太田町,51326139,129,158,
芸北,安芸太田町,51326145,127,156,
芸北,安芸太田町,51326146,127,156,
芸北,安芸太田町,51326147,127,156,
芸北,安芸太田町,51326148,127,156,
芸北,安芸太田町,51326149,127,156,
芸北,安芸太田町,51326153,124,152,
芸北,安芸太田町,51326154,125,153,
芸北,安芸太田町,51326155,126,154,
芸北,安芸太田町,51326156,126,154,
芸北,安芸太田町,51326157,126,154,
芸北,安芸太田町,51326158,127,156,
芸北,安芸太田町,51326159,129,158,
芸北,安芸太田町,51326162,123,150,
芸北,安芸太田町,51326163,123,151,
芸北,安芸太田町,51326164,124,152,
芸北,安芸太田町,51326165,123,151,
芸北,安芸太田町,51326166,125,153,
芸北,安芸太田町,51326167,125,153,
芸北,安芸太田町,51326168,127,155,
芸北,安芸太田町,51326169,127,156,
芸北,安芸太田町,51326172,123,151,
芸北,安芸太田町,51326173,123,150,
芸北,安芸太田町,51326174,123,150,
芸北,安芸太田町,51326175,123,151,
芸北,安芸太田町,51326176,123,150,
芸北,安芸太田町,51326177,124,152,
芸北,安芸太田町,51326178,125,153,
芸北,安芸太田町,51326179,126,154,
芸北,安芸太田町,51326181,123,151,
芸北,安芸太田町,51326182,123,151,
芸北,安芸太田町,51326183,123,150,
芸北,安芸太田町,51326184,123,150,
芸北,安芸太田町,51326185,123,150,
芸北,安芸太田町,51326186,123,150,
芸北,安芸太田町,51326187,123,150,
芸北,安芸太田町,51326188,123,151,
芸北,安芸太田町,51326189,124,152,
芸北,安芸太田町,51326190,123,151,
芸北,安芸太田町,51326191,123,150,
芸北,安芸太田町,51326192,123,151,
芸北,安芸太田町,51326193,124,152,
芸北,安芸太田町,51326194,123,151,
芸北,安芸太田町,51326195,123,151,
芸北,安芸太田町,51326196,123,150,
芸北,安芸太田町,51326197,123,150,
芸北,安芸太田町,51326198,123,150,
芸北,安芸太田町,51326199,123,150,
芸北,安芸太田町,51326240,128,157,
芸北,安芸太田町,51326241,127,156,
芸北,安芸太田町,51326250,128,157,
芸北,安芸太田町,51326251,127,156,
芸北,安芸太田町,51326252,127,155,
芸北,安芸太田町,51326259,127,155,
芸北,安芸太田町,51326260,127,156,
芸北,安芸太田町,51326261,127,155,
芸北,安芸太田町,51326262,127,156,
芸北,安芸太田町,51326263,129,158,
芸北,安芸太田町,51326264,130,159,
芸北,安芸太田町,51326265,130,159,
芸北,安芸太田町,51326266,127,156,
芸北,安芸太田町,51326267,126,154,
芸北,安芸太田町,51326269,127,155,
芸北,安芸太田町,51326270,127,155,
芸北,安芸太田町,51326271,125,153,
芸北,安芸太田町,51326272,127,156,
芸北,安芸太田町,51326273,131,160,
芸北,安芸太田町,51326274,132,162,
芸北,安芸太田町,51326275,130,159,
芸北,安芸太田町,51326276,127,156,
芸北,安芸太田町,51326277,125,153,
芸北,安芸太田町,51326278,127,155,
芸北,安芸太田町,51326279,127,156,
芸北,安芸太田町,51326280,124,152,
芸北,安芸太田町,51326281,125,153,
芸北,安芸太田町,51326282,127,156,
芸北,安芸太田町,51326283,130,159,
芸北,安芸太田町,51326284,132,161,
芸北,安芸太田町,51326285,130,159,
芸北,安芸太田町,51326286,126,154,
芸北,安芸太田町,51326287,126,154,
芸北,安芸太田町,51326288,127,155,
芸北,安芸太田町,51326289,127,156,
芸北,安芸太田町,51326290,124,152,
芸北,安芸太田町,51326291,125,153,
芸北,安芸太田町,51326292,127,156,
芸北,安芸太田町,51326293,129,158,
芸北,安芸太田町,51326294,130,159,
芸北,安芸太田町,51326295,127,156,
芸北,安芸太田町,51326296,126,154,
芸北,安芸太田町,51326297,125,153,
芸北,安芸太田町,51326298,126,154,
芸北,安芸太田町,51326299,127,155,
芸北,安芸太田町,51326360,127,156,
芸北,安芸太田町,51326370,127,156,
芸北,安芸太田町,51326380,127,156,
芸北,安芸太田町,51326390,127,155,
芸北,安芸太田町,51327029,123,151,
芸北,安芸太田町,51327039,123,150,
芸北,安芸太田町,51327100,125,153,
芸北,安芸太田町,51327101,125,153,
芸北,安芸太田町,51327102,124,152,
芸北,安芸太田町,51327103,125,153,
芸北,安芸太田町,51327104,126,154,
芸北,安芸太田町,51327105,125,153,
芸北,安芸太田町,51327106,123,151,
芸北,安芸太田町,51327107,123,150,
芸北,安芸太田町,51327108,122,149,
芸北,安芸太田町,51327109,123,150,
芸北,安芸太田町,51327110,125,153,
芸北,安芸太田町,51327111,124,152,
芸北,安芸太田町,51327112,124,152,
芸北,安芸太田町,51327113,127,156,
芸北,安芸太田町,51327114,127,156,
芸北,安芸太田町,51327115,125,153,
芸北,安芸太田町,51327116,123,150,
芸北,安芸太田町,51327117,123,150,
芸北,安芸太田町,51327118,123,150,
芸北,安芸太田町,51327119,123,150,
芸北,安芸太田町,51327120,123,151,
芸北,安芸太田町,51327121,124,152,
芸北,安芸太田町,51327122,124,152,
芸北,安芸太田町,51327123,125,153,
芸北,安芸太田町,51327124,126,154,
芸北,安芸太田町,51327125,124,152,
芸北,安芸太田町,51327126,123,150,
芸北,安芸太田町,51327127,122,149,
芸北,安芸太田町,51327128,121,148,
芸北,安芸太田町,51327129,123,150,
芸北,安芸太田町,51327130,123,150,
芸北,安芸太田町,51327131,123,150,
芸北,安芸太田町,51327132,123,151,
芸北,安芸太田町,51327133,123,151,
芸北,安芸太田町,51327134,123,151,
芸北,安芸太田町,51327135,123,150,
芸北,安芸太田町,51327136,122,149,
芸北,安芸太田町,51327137,121,148,
芸北,安芸太田町,51327138,122,149,
芸北,安芸太田町,51327139,123,150,
芸北,安芸太田町,51327140,123,150,
芸北,安芸太田町,51327141,123,150,
芸北,安芸太田町,51327142,123,150,
芸北,安芸太田町,51327143,123,150,
芸北,安芸太田町,51327144,123,150,
芸北,安芸太田町,51327145,121,148,
芸北,安芸太田町,51327146,120,147,
芸北,安芸太田町,51327147,120,147,
芸北,安芸太田町,51327148,120,147,
芸北,安芸太田町,51327149,122,149,
芸北,安芸太田町,51327150,123,150,
芸北,安芸太田町,51327151,123,150,
芸北,安芸太田町,51327152,123,150,
芸北,安芸太田町,51327153,123,150,
芸北,安芸太田町,51327154,122,149,
芸北,安芸太田町,51327155,122,149,
芸北,安芸太田町,51327156,120,147,
芸北,安芸太田町,51327157,120,147,
芸北,安芸太田町,51327158,120,147,
芸北,安芸太田町,51327159,120,147,
芸北,安芸太田町,51327160,123,151,
芸北,安芸太田町,51327161,123,151,
芸北,安芸太田町,51327162,123,150,
芸北,安芸太田町,51327163,123,150,
芸北,安芸太田町,51327164,123,150,
芸北,安芸太田町,51327165,121,148,
芸北,安芸太田町,51327166,120,147,
芸北,安芸太田町,51327167,120,147,
芸北,安芸太田町,51327168,120,147,
芸北,安芸太田町,51327169,120,147,
芸北,安芸太田町,51327171,123,151,
芸北,安芸太田町,51327174,122,149,
芸北,安芸太田町,51327175,121,148,
芸北,安芸太田町,51327176,120,147,
芸北,安芸太田町,51327177,120,147,
芸北,安芸太田町,51327178,120,147,
芸北,安芸太田町,51327179,121,148,
芸北,安芸太田町,51327184,122,149,
芸北,安芸太田町,51327185,120,147,
芸北,安芸太田町,51327186,120,147,
芸北,安芸太田町,51327187,121,148,
芸北,安芸太田町,51327188,122,149,
芸北,安芸太田町,51327189,120,147,
芸北,安芸太田町,51327195,120,147,
芸北,安芸太田町,51327196,120,147,
芸北,安芸太田町,51327197,121,148,
芸北,安芸太田町,51327198,122,149,
芸北,安芸太田町,51327199,122,149,
芸北,安芸太田町,51327200,124,152,
芸北,安芸太田町,51327201,125,153,
芸北,安芸太田町,51327202,127,155,
芸北,安芸太田町,51327203,127,156,
芸北,安芸太田町,51327204,127,155,
芸北,安芸太田町,51327205,126,154,
芸北,安芸太田町,51327206,126,154,
芸北,安芸太田町,51327207,125,153,
芸北,安芸太田町,51327208,125,153,
芸北,安芸太田町,51327209,125,153,
芸北,安芸太田町,51327210,123,151,
芸北,安芸太田町,51327211,125,153,
芸北,安芸太田町,51327212,126,154,
芸北,安芸太田町,51327213,127,155,
芸北,安芸太田町,51327214,127,155,
芸北,安芸太田町,51327215,126,154,
芸北,安芸太田町,51327216,125,153,
芸北,安芸太田町,51327217,126,154,
芸北,安芸太田町,51327218,125,153,
芸北,安芸太田町,51327219,125,153,
芸北,安芸太田町,51327220,124,152,
芸北,安芸太田町,51327221,124,152,
芸北,安芸太田町,51327222,125,153,
芸北,安芸太田町,51327223,125,153,
芸北,安芸太田町,51327224,125,153,
芸北,安芸太田町,51327225,127,155,
芸北,安芸太田町,51327226,127,156,
芸北,安芸太田町,51327227,127,156,
芸北,安芸太田町,51327228,127,155,
芸北,安芸太田町,51327229,126,154,
芸北,安芸太田町,51327230,123,151,
芸北,安芸太田町,51327231,125,153,
芸北,安芸太田町,51327232,125,153,
芸北,安芸太田町,51327233,125,153,
芸北,安芸太田町,51327234,126,154,
芸北,安芸太田町,51327235,127,155,
芸北,安芸太田町,51327236,127,156,
芸北,安芸太田町,51327237,127,156,
芸北,安芸太田町,51327238,127,156,
芸北,安芸太田町,51327240,123,150,
芸北,安芸太田町,51327241,124,152,
芸北,安芸太田町,51327242,124,152,
芸北,安芸太田町,51327243,124,152,
芸北,安芸太田町,51327244,125,153,
芸北,安芸太田町,51327245,125,153,
芸北,安芸太田町,51327246,126,154,
芸北,安芸太田町,51327247,127,155,
芸北,安芸太田町,51327248,127,155,
芸北,安芸太田町,51327250,123,150,
芸北,安芸太田町,51327251,123,150,
芸北,安芸太田町,51327252,123,151,
芸北,安芸太田町,51327253,124,152,
芸北,安芸太田町,51327254,125,153,
芸北,安芸太田町,51327255,125,153,
芸北,安芸太田町,51327256,124,152,
芸北,安芸太田町,51327257,124,152,
芸北,安芸太田町,51327258,125,153,
芸北,安芸太田町,51327260,121,148,
芸北,安芸太田町,51327261,122,149,
芸北,安芸太田町,51327262,123,150,
芸北,安芸太田町,51327263,123,150,
芸北,安芸太田町,51327264,125,153,
芸北,安芸太田町,51327265,123,151,
芸北,安芸太田町,51327266,123,150,
芸北,安芸太田町,51327267,123,150,
芸北,安芸太田町,51327270,121,148,
芸北,安芸太田町,51327271,121,148,
芸北,安芸太田町,51327272,122,149,
芸北,安芸太田町,51327273,123,150,
芸北,安芸太田町,51327274,123,151,
芸北,安芸太田町,51327275,123,151,
芸北,安芸太田町,51327276,123,150,
芸北,安芸太田町,51327277,122,149,
芸北,安芸太田町,51327280,120,147,
芸北,安芸太田町,51327281,121,148,
芸北,安芸太田町,51327282,123,150,
芸北,安芸太田町,51327283,123,150,
芸北,安芸太田町,51327284,123,151,
芸北,安芸太田町,51327285,123,150,
芸北,安芸太田町,51327286,122,149,
芸北,安芸太田町,51327287,122,149,
芸北,安芸太田町,51327290,119,146,
芸北,安芸太田町,51327291,120,147,
芸北,安芸太田町,51327292,122,149,
芸北,安芸太田町,51327293,123,151,
芸北,安芸太田町,51327294,123,151,
芸北,安芸太田町,51327295,123,150,
芸北,安芸太田町,51327296,123,150,
芸北,安芸太田町,51327297,123,150,
芸北,安芸太田町,51327300,125,153,
芸北,安芸太田町,51327310,125,153,
芸北,安芸太田町,51327320,126,154,
芸北,安芸太田町,51327321,126,154,
芸北,安芸太田町,52320105,121,148,
芸北,安芸太田町,52320108,121,148,
芸北,安芸太田町,52320109,120,147,
芸北,安芸太田町,52320118,120,147,
芸北,安芸太田町,52320202,120,147,
芸北,安芸太田町,52320203,123,150,
芸北,安芸太田町,52320204,123,151,
芸北,安芸太田町,52320205,123,150,
芸北,安芸太田町,52320206,123,150,
芸北,安芸太田町,52320207,123,150,
芸北,安芸太田町,52320208,122,149,
芸北,安芸太田町,52320213,123,150,
芸北,安芸太田町,52320214,123,150,
芸北,安芸太田町,52320215,123,150,
芸北,安芸太田町,52320216,122,149,
芸北,安芸太田町,52320217,123,150,
芸北,安芸太田町,52320225,123,150,
芸北,安芸太田町,52320226,123,150,
芸北,安芸太田町,52320227,123,150,
芸北,安芸太田町,52320235,123,151,
芸北,安芸太田町,52320236,123,150,
芸北,安芸太田町,52320237,123,150,
芸北,安芸太田町,52320245,123,150,
芸北,安芸太田町,52320246,123,150,
芸北,安芸太田町,52320256,121,148,
芸北,北広島町,51327172,123,150,
芸北,北広島町,51327173,123,150,
芸北,北広島町,51327181,123,150,
芸北,北広島町,51327182,123,150,
芸北,北広島町,51327183,122,149,
芸北,北広島町,51327192,123,150,
芸北,北広島町,51327193,122,149,
芸北,北広島町,51327194,121,148,
芸北,北広島町,51327239,127,155,
芸北,北広島町,51327249,125,153,
芸北,北広島町,51327259,124,152,
芸北,北広島町,51327268,123,150,
芸北,北広島町,51327269,123,150,
芸北,北広島町,51327278,123,150,
芸北,北広島町,51327279,123,150,
芸北,北広島町,51327288,121,148,
芸北,北広島町,51327289,121,148,
芸北,北広島町,51327298,122,149,
芸北,北広島町,51327299,122,149,
芸北,北広島町,51327315,127,155,
芸北,北広島町,51327322,126,154,
芸北,北広島町,51327323,126,154,
芸北,北広島町,51327324,125,153,
芸北,北広島町,51327325,125,153,
芸北,北広島町,51327329,127,156,
芸北,北広島町,51327330,126,154,
芸北,北広島町,51327331,127,155,
芸北,北広島町,51327332,126,154,
芸北,北広島町,51327333,125,153,
芸北,北広島町,51327334,125,153,
芸北,北広島町,51327335,125,153,
芸北,北広島町,51327336,125,153,
芸北,北広島町,51327338,125,153,
芸北,北広島町,51327339,126,154,
芸北,北広島町,51327340,124,152,
芸北,北広島町,51327341,125,153,
芸北,北広島町,51327342,125,153,
芸北,北広島町,51327343,125,153,
芸北,北広島町,51327344,125,153,
芸北,北広島町,51327345,124,152,
芸北,北広島町,51327346,124,152,
芸北,北広島町,51327347,124,152,
芸北,北広島町,51327348,125,153,
芸北,北広島町,51327349,125,153,
芸北,北広島町,51327350,124,152,
芸北,北広島町,51327351,123,151,
芸北,北広島町,51327352,123,150,
芸北,北広島町,51327353,124,152,
芸北,北広島町,51327354,125,153,
芸北,北広島町,51327355,125,153,
芸北,北広島町,51327356,124,152,
芸北,北広島町,51327357,124,152,
芸北,北広島町,51327358,123,151,
芸北,北広島町,51327359,125,153,
芸北,北広島町,51327360,123,150,
芸北,北広島町,51327361,123,150,
芸北,北広島町,51327362,123,150,
芸北,北広島町,51327363,123,151,
芸北,北広島町,51327364,125,153,
芸北,北広島町,51327365,126,154,
芸北,北広島町,51327366,125,153,
芸北,北広島町,51327367,124,152,
芸北,北広島町,51327368,124,152,
芸北,北広島町,51327369,125,153,
芸北,北広島町,51327370,123,150,
芸北,北広島町,51327371,123,150,
芸北,北広島町,51327372,123,150,
芸北,北広島町,51327373,123,151,
芸北,北広島町,51327374,125,153,
芸北,北広島町,51327375,126,154,
芸北,北広島町,51327376,125,153,
芸北,北広島町,51327377,124,152,
芸北,北広島町,51327378,125,153,
芸北,北広島町,51327379,126,154,
芸北,北広島町,51327380,122,149,
芸北,北広島町,51327381,123,150,
芸北,北広島町,51327382,123,150,
芸北,北広島町,51327383,123,150,
芸北,北広島町,51327384,125,153,
芸北,北広島町,51327385,125,153,
芸北,北広島町,51327386,125,153,
芸北,北広島町,51327387,124,152,
芸北,北広島町,51327388,125,153,
芸北,北広島町,51327389,126,154,
芸北,北広島町,51327390,123,150,
芸北,北広島町,51327391,123,150,
芸北,北広島町,51327392,123,151,
芸北,北広島町,51327393,123,151,
芸北,北広島町,51327394,124,152,
芸北,北広島町,51327395,124,152,
芸北,北広島町,51327396,124,152,
芸北,北広島町,51327397,124,152,
芸北,北広島町,51327398,125,153,
芸北,北広島町,51327399,125,153,
芸北,北広島町,51327403,127,156,
芸北,北広島町,51327410,127,156,
芸北,北広島町,51327412,127,156,
芸北,北広島町,51327413,127,156,
芸北,北広島町,51327414,127,155,
芸北,北広島町,51327415,127,155,
芸北,北広島町,51327420,127,156,
芸北,北広島町,51327422,127,156,
芸北,北広島町,51327423,127,156,
芸北,北広島町,51327424,127,155,
芸北,北広島町,51327425,127,155,
芸北,北広島町,51327430,127,156,
芸北,北広島町,51327431,127,156,
芸北,北広島町,51327432,127,155,
芸北,北広島町,51327433,127,155,
芸北,北広島町,51327434,126,154,
芸北,北広島町,51327435,125,153,
芸北,北広島町,51327440,126,154,
芸北,北広島町,51327441,127,155,
芸北,北広島町,51327442,126,154,
芸北,北広島町,51327443,125,153,
芸北,北広島町,51327444,125,153,
芸北,北広島町,51327445,124,152,
芸北,北広島町,51327450,125,153,
芸北,北広島町,51327451,126,154,
芸北,北広島町,51327452,125,153,
芸北,北広島町,51327453,125,153,
芸北,北広島町,51327454,124,152,
芸北,北広島町,51327455,124,152,
芸北,北広島町,51327460,125,153,
芸北,北広島町,51327461,125,153,
芸北,北広島町,51327462,125,153,
芸北,北広島町,51327463,123,151,
芸北,北広島町,51327464,123,151,
芸北,北広島町,51327465,123,151,
芸北,北広島町,51327470,126,154,
芸北,北広島町,51327471,125,153,
芸北,北広島町,51327472,124,152,
芸北,北広島町,51327473,123,150,
芸北,北広島町,51327474,123,150,
芸北,北広島町,51327475,123,150,
芸北,北広島町,51327476,123,151,
芸北,北広島町,51327480,126,154,
芸北,北広島町,51327481,125,153,
芸北,北広島町,51327482,123,151,
芸北,北広島町,51327483,123,150,
芸北,北広島町,51327484,123,150,
芸北,北広島町,51327485,123,150,
芸北,北広島町,51327486,122,149,
芸北,北広島町,51327490,125,153,
芸北,北広島町,51327491,124,152,
芸北,北広島町,51327492,123,150,
芸北,北広島町,51327493,123,150,
芸北,北広島町,51327494,122,149,
芸北,北広島町,51327495,122,149,
芸北,北広島町,51327496,123,150,
芸北,北広島町,52320102,123,150,
芸北,北広島町,52320103,121,148,
芸北,北広島町,52320104,120,147,
芸北,北広島町,52320106,120,147,
芸北,北広島町,52320107,121,148,
芸北,北広島町,52320113,122,149,
芸北,北広島町,52320114,121,148,
芸北,北広島町,52320115,120,147,
芸北,北広島町,52320116,121,148,
芸北,北広島町,52320117,121,148,
芸北,北広島町,52320119,120,147,
芸北,北広島町,52320123,123,151,
芸北,北広島町,52320124,123,150,
芸北,北広島町,52320125,123,150,
芸北,北広島町,52320126,123,150,
芸北,北広島町,52320127,122,149,
芸北,北広島町,52320128,121,148,
芸北,北広島町,52320129,120,147,
芸北,北広島町,52320131,124,152,
芸北,北広島町,52320132,125,153,
芸北,北広島町,52320133,125,153,
芸北,北広島町,52320134,125,153,
芸北,北広島町,52320135,124,152,
芸北,北広島町,52320136,123,150,
芸北,北広島町,52320137,123,150,
芸北,北広島町,52320138,122,149,
芸北,北広島町,52320139,122,149,
芸北,北広島町,52320141,125,153,
芸北,北広島町,52320142,127,156,
芸北,北広島町,52320143,127,156,
芸北,北広島町,52320144,127,155,
芸北,北広島町,52320145,125,153,
芸北,北広島町,52320146,123,151,
芸北,北広島町,52320147,123,151,
芸北,北広島町,52320148,123,150,
芸北,北広島町,52320149,123,150,
芸北,北広島町,52320151,126,154,
芸北,北広島町,52320152,127,156,
芸北,北広島町,52320153,129,158,
芸北,北広島町,52320154,127,156,
芸北,北広島町,52320155,126,154,
芸北,北広島町,52320156,124,152,
芸北,北広島町,52320157,124,152,
芸北,北広島町,52320158,124,152,
芸北,北広島町,52320159,123,151,
芸北,北広島町,52320162,127,155,
芸北,北広島町,52320163,127,156,
芸北,北広島町,52320164,127,156,
芸北,北広島町,52320165,126,154,
芸北,北広島町,52320166,124,152,
芸北,北広島町,52320167,124,152,
芸北,北広島町,52320168,124,152,
芸北,北広島町,52320169,124,152,
芸北,北広島町,52320174,125,153,
芸北,北広島町,52320175,125,153,
芸北,北広島町,52320176,124,152,
芸北,北広島町,52320177,123,150,
芸北,北広島町,52320178,123,150,
芸北,北広島町,52320179,123,151,
芸北,北広島町,52320185,123,150,
芸北,北広島町,52320186,123,150,
芸北,北広島町,52320187,123,150,
芸北,北広島町,52320188,123,150,
芸北,北広島町,52320189,123,150,
芸北,北広島町,52320196,123,150,
芸北,北広島町,52320197,123,150,
芸北,北広島町,52320198,123,150,
芸北,北広島町,52320199,122,149,
芸北,北広島町,52320200,120,147,
芸北,北広島町,52320201,120,147,
芸北,北広島町,52320209,121,148,
芸北,北広島町,52320210,120,147,
芸北,北広島町,52320211,120,147,
芸北,北広島町,52320212,121,148,
芸北,北広島町,52320218,122,149,
芸北,北広島町,52320219,121,148,
芸北,北広島町,52320220,120,147,
芸北,北広島町,52320221,121,148,
芸北,北広島町,52320222,121,148,
芸北,北広島町,52320223,121,148,
芸北,北広島町,52320224,123,150,
芸北,北広島町,52320228,123,150,
芸北,北広島町,52320229,123,150,
芸北,北広島町,52320230,123,150,
芸北,北広島町,52320231,122,149,
芸北,北広島町,52320232,121,148,
芸北,北広島町,52320233,123,150,
芸北,北広島町,52320234,123,151,
芸北,北広島町,52320238,123,150,
芸北,北広島町,52320239,125,153,
芸北,北広島町,52320240,121,148,
芸北,北広島町,52320241,120,147,
芸北,北広島町,52320242,120,147,
芸北,北広島町,52320243,122,149,
芸北,北広島町,52320244,123,150,
芸北,北広島町,52320247,122,149,
芸北,北広島町,52320248,123,150,
芸北,北広島町,52320249,125,153,
芸北,北広島町,52320250,123,150,
芸北,北広島町,52320251,121,148,
芸北,北広島町,52320252,120,147,
芸北,北広島町,52320253,120,147,
芸北,北広島町,52320254,121,148,
芸北,北広島町,52320255,121,148,
芸北,北広島町,52320257,122,149,
芸北,北広島町,52320258,122,149,
芸北,北広島町,52320259,123,150,
芸北,北広島町,52320260,123,150,
芸北,北広島町,52320261,121,148,
芸北,北広島町,52320262,120,147,
芸北,北広島町,52320263,120,147,
芸北,北広島町,52320264,120,147,
芸北,北広島町,52320265,120,147,
芸北,北広島町,52320266,120,147,
芸北,北広島町,52320267,120,147,
芸北,北広島町,52320268,120,147,
芸北,北広島町,52320269,120,147,
芸北,北広島町,52320270,123,150,
芸北,北広島町,52320271,122,149,
芸北,北広島町,52320272,120,147,
芸北,北広島町,52320273,120,147,
芸北,北広島町,52320274,119,146,
芸北,北広島町,52320275,119,146,
芸北,北広島町,52320276,119,146,
芸北,北広島町,52320277,120,147,
芸北,北広島町,52320278,120,147,
芸北,北広島町,52320279,120,147,
芸北,北広島町,52320280,123,150,
芸北,北広島町,52320281,122,149,
芸北,北広島町,52320282,122,149,
芸北,北広島町,52320283,120,147,
芸北,北広島町,52320284,120,147,
芸北,北広島町,52320285,120,147,
芸北,北広島町,52320286,119,146,
芸北,北広島町,52320287,120,147,
芸北,北広島町,52320288,120,147,
芸北,北広島町,52320289,120,147,
芸北,北広島町,52320290,122,149,
芸北,北広島町,52320291,123,150,
芸北,北広島町,52320292,123,150,
芸北,北広島町,52320293,121,148,
芸北,北広島町,52320294,120,147,
芸北,北広島町,52320295,120,147,
芸北,北広島町,52320296,120,147,
芸北,北広島町,52320297,120,147,
芸北,北広島町,52320298,120,147,
芸北,北広島町,52320299,120,147,
芸北,北広島町,52320300,123,150,
芸北,北広島町,52320301,123,150,
芸北,北広島町,52320302,125,153,
芸北,北広島町,52320303,125,153,
芸北,北広島町,52320304,125,153,
芸北,北広島町,52320305,125,153,
芸北,北広島町,52320306,123,151,
芸北,北広島町,52320307,124,152,
芸北,北広島町,52320308,124,152,
芸北,北広島町,52320309,124,152,
芸北,北広島町,52320310,122,149,
芸北,北広島町,52320311,123,151,
芸北,北広島町,52320312,125,153,
芸北,北広島町,52320313,126,154,
芸北,北広島町,52320314,125,153,
芸北,北広島町,52320315,124,152,
芸北,北広島町,52320316,123,151,
芸北,北広島町,52320317,123,151,
芸北,北広島町,52320318,123,151,
芸北,北広島町,52320319,123,150,
芸北,北広島町,52320320,123,151,
芸北,北広島町,52320321,123,151,
芸北,北広島町,52320322,125,153,
芸北,北広島町,52320323,125,153,
芸北,北広島町,52320324,125,153,
芸北,北広島町,52320325,124,152,
芸北,北広島町,52320326,123,151,
芸北,北広島町,52320327,123,150,
芸北,北広島町,52320328,123,150,
芸北,北広島町,52320329,123,150,
芸北,北広島町,52320330,125,153,
芸北,北広島町,52320331,124,152,
芸北,北広島町,52320332,124,152,
芸北,北広島町,52320333,125,153,
芸北,北広島町,52320334,125,153,
芸北,北広島町,52320335,124,152,
芸北,北広島町,52320336,123,150,
芸北,北広島町,52320337,123,150,
芸北,北広島町,52320338,122,149,
芸北,北広島町,52320339,122,149,
芸北,北広島町,52320340,125,153,
芸北,北広島町,52320341,124,152,
芸北,北広島町,52320342,123,151,
芸北,北広島町,52320343,123,150,
芸北,北広島町,52320344,125,153,
芸北,北広島町,52320345,124,152,
芸北,北広島町,52320346,123,150,
芸北,北広島町,52320347,122,149,
芸北,北広島町,52320348,121,148,
芸北,北広島町,52320349,120,147,
芸北,北広島町,52320350,123,151,
芸北,北広島町,52320351,123,151,
芸北,北広島町,52320352,123,150,
芸北,北広島町,52320353,123,151,
芸北,北広島町,52320354,123,151,
芸北,北広島町,52320355,124,152,
芸北,北広島町,52320356,123,150,
芸北,北広島町,52320357,121,148,
芸北,北広島町,52320358,120,147,
芸北,北広島町,52320359,121,148,
芸北,北広島町,52320360,121,148,
芸北,北広島町,52320361,122,149,
芸北,北広島町,52320362,122,149,
芸北,北広島町,52320363,123,150,
芸北,北広島町,52320364,123,150,
芸北,北広島町,52320365,123,150,
芸北,北広島町,52320366,123,150,
芸北,北広島町,52320367,120,147,
芸北,北広島町,52320368,120,147,
芸北,北広島町,52320369,120,147,
芸北,北広島町,52320370,120,147,
芸北,北広島町,52320371,120,147,
芸北,北広島町,52320372,120,147,
芸北,北広島町,52320373,120,147,
芸北,北広島町,52320374,121,148,
芸北,北広島町,52320375,121,148,
芸北,北広島町,52320376,120,147,
芸北,北広島町,52320377,120,147,
芸北,北広島町,52320378,120,147,
芸北,北広島町,52320379,120,147,
芸北,北広島町,52320380,119,146,
芸北,北広島町,52320381,119,146,
芸北,北広島町,52320382,120,147,
芸北,北広島町,52320383,120,147,
芸北,北広島町,52320384,120,147,
芸北,北広島町,52320385,120,147,
芸北,北広島町,52320386,120,147,
芸北,北広島町,52320387,119,146,
芸北,北広島町,52320388,120,147,
芸北,北広島町,52320389,120,147,
芸北,北広島町,52320390,120,147,
芸北,北広島町,52320391,120,147,
芸北,北広島町,52320392,119,146,
芸北,北広島町,52320393,120,147,
芸北,北広島町,52320394,120,147,
芸北,北広島町,52320395,120,147,
芸北,北広島町,52320396,119,146,
芸北,北広島町,52320397,119,146,
芸北,北広島町,52320398,118,145,
芸北,北広島町,52320399,118,145,
芸北,北広島町,52320400,123,151,
芸北,北広島町,52320401,123,151,
芸北,北広島町,52320402,123,150,
芸北,北広島町,52320403,122,149,
芸北,北広島町,52320404,121,148,
芸北,北広島町,52320405,122,149,
芸北,北広島町,52320406,123,150,
芸北,北広島町,52320410,123,150,
芸北,北広島町,52320411,123,150,
芸北,北広島町,52320412,122,149,
芸北,北広島町,52320413,121,148,
芸北,北広島町,52320414,121,148,
芸北,北広島町,52320415,122,149,
芸北,北広島町,52320416,122,149,
芸北,北広島町,52320417,123,150,
芸北,北広島町,52320420,123,150,
芸北,北広島町,52320421,122,149,
芸北,北広島町,52320422,122,149,
芸北,北広島町,52320423,122,149,
芸北,北広島町,52320424,121,148,
芸北,北広島町,52320425,121,148,
芸北,北広島町,52320426,121,148,
芸北,北広島町,52320427,122,149,
芸北,北広島町,52320430,122,149,
芸北,北広島町,52320431,122,149,
芸北,北広島町,52320432,122,149,
芸北,北広島町,52320433,122,149,
芸北,北広島町,52320434,122,149,
芸北,北広島町,52320435,122,149,
芸北,北広島町,52320440,121,148,
芸北,北広島町,52320441,121,148,
芸北,北広島町,52320442,122,149,
芸北,北広島町,52320443,122,149,
芸北,北広島町,52320444,121,148,
芸北,北広島町,52320445,121,148,
芸北,北広島町,52320450,120,147,
芸北,北広島町,52320451,120,147,
芸北,北広島町,52320452,121,148,
芸北,北広島町,52320453,120,147,
芸北,北広島町,52320454,120,147,
芸北,北広島町,52320455,121,148,
芸北,北広島町,52320460,120,147,
芸北,北広島町,52320461,122,149,
芸北,北広島町,52320462,122,149,
芸北,北広島町,52320463,120,147,
芸北,北広島町,52320464,120,147,
芸北,北広島町,52320465,120,147,
芸北,北広島町,52320470,121,148,
芸北,北広島町,52320471,122,149,
芸北,北広島町,52320472,121,148,
芸北,北広島町,52320473,121,148,
芸北,北広島町,52320474,120,147,
芸北,北広島町,52320475,119,146,
芸北,北広島町,52320476,120,147,
芸北,北広島町,52320480,120,147,
芸北,北広島町,52320481,120,147,
芸北,北広島町,52320482,121,148,
芸北,北広島町,52320483,121,148,
芸北,北広島町,52320484,120,147,
芸北,北広島町,52320485,118,144,
芸北,北広島町,52320486,119,146,
芸北,北広島町,52320490,118,144,
芸北,北広島町,52320491,119,146,
芸北,北広島町,52320492,119,146,
芸北,北広島町,52320493,120,147,
芸北,北広島町,52320494,118,145,
芸北,北広島町,52320495,118,144,
芸北,北広島町,52321108,123,150,
芸北,北広島町,52321109,123,150,
芸北,北広島町,52321118,122,149,
芸北,北広島町,52321119,123,150,
芸北,北広島町,52321128,121,148,
芸北,北広島町,52321129,122,149,
芸北,北広島町,52321139,120,147,
芸北,北広島町,52321149,119,146,
芸北,北広島町,52321159,118,145,
芸北,北広島町,52321169,118,145,
芸北,北広島町,52321200,123,150,
芸北,北広島町,52321201,123,151,
芸北,北広島町,52321202,123,150,
芸北,北広島町,52321203,123,150,
芸北,北広島町,52321204,121,148,
芸北,北広島町,52321205,120,147,
芸北,北広島町,52321206,121,148,
芸北,北広島町,52321207,121,148,
芸北,北広島町,52321208,120,147,
芸北,北広島町,52321209,120,147,
芸北,北広島町,52321210,123,150,
芸北,北広島町,52321211,123,151,
芸北,北広島町,52321212,123,150,
芸北,北広島町,52321213,123,150,
芸北,北広島町,52321214,121,148,
芸北,北広島町,52321215,121,148,
芸北,北広島町,52321216,120,147,
芸北,北広島町,52321217,120,147,
芸北,北広島町,52321218,120,147,
芸北,北広島町,52321219,121,148,
芸北,北広島町,52321220,122,149,
芸北,北広島町,52321221,122,149,
芸北,北広島町,52321222,122,149,
芸北,北広島町,52321223,121,148,
芸北,北広島町,52321224,120,147,
芸北,北広島町,52321225,120,147,
芸北,北広島町,52321226,119,146,
芸北,北広島町,52321227,119,146,
芸北,北広島町,52321228,119,146,
芸北,北広島町,52321229,120,147,
芸北,北広島町,52321230,120,147,
芸北,北広島町,52321231,120,147,
芸北,北広島町,52321232,120,147,
芸北,北広島町,52321234,118,145,
芸北,北広島町,52321235,118,145,
芸北,北広島町,52321236,118,144,
芸北,北広島町,52321237,118,144,
芸北,北広島町,52321238,118,144,
芸北,北広島町,52321239,118,145,
芸北,北広島町,52321240,120,147,
芸北,北広島町,52321241,119,146,
芸北,北広島町,52321244,118,145,
芸北,北広島町,52321245,118,144,
芸北,北広島町,52321246,118,144,
芸北,北広島町,52321247,118,144,
芸北,北広島町,52321248,118,145,
芸北,北広島町,52321249,118,145,
芸北,北広島町,52321250,118,145,
芸北,北広島町,52321251,119,146,
芸北,北広島町,52321255,118,144,
芸北,北広島町,52321258,118,144,
芸北,北広島町,52321259,118,145,
芸北,北広島町,52321260,118,145,
芸北,北広島町,52321300,120,147,
芸北,北広島町,52321301,120,147,
芸北,北広島町,52321302,119,146,
芸北,北広島町,52321303,120,147,
芸北,北広島町,52321304,119,146,
芸北,北広島町,52321305,120,147,
芸北,北広島町,52321306,119,146,
芸北,北広島町,52321307,120,147,
芸北,北広島町,52321308,118,145,
芸北,北広島町,52321309,118,145,
芸北,北広島町,52321310,121,148,
芸北,北広島町,52321311,120,147,
芸北,北広島町,52321312,119,146,
芸北,北広島町,52321313,119,146,
芸北,北広島町,52321314,120,147,
芸北,北広島町,52321315,120,147,
芸北,北広島町,52321316,120,147,
芸北,北広島町,52321317,120,147,
芸北,北広島町,52321318,120,147,
芸北,北広島町,52321319,118,144,
芸北,北広島町,52321320,120,147,
芸北,北広島町,52321321,120,147,
芸北,北広島町,52321322,118,145,
芸北,北広島町,52321323,118,145,
芸北,北広島町,52321324,119,146,
芸北,北広島町,52321325,120,147,
芸北,北広島町,52321326,120,147,
芸北,北広島町,52321327,120,147,
芸北,北広島町,52321328,119,146,
芸北,北広島町,52321329,118,144,
芸北,北広島町,52321330,118,145,
芸北,北広島町,52321331,120,147,
芸北,北広島町,52321332,118,145,
芸北,北広島町,52321333,118,144,
芸北,北広島町,52321334,118,145,
芸北,北広島町,52321335,120,147,
芸北,北広島町,52321336,120,147,
芸北,北広島町,52321337,119,146,
芸北,北広島町,52321338,118,144,
芸北,北広島町,52321339,117,143,
芸北,北広島町,52321340,118,145,
芸北,北広島町,52321342,118,145,
芸北,北広島町,52321343,118,144,
芸北,北広島町,52321344,118,144,
芸北,北広島町,52321345,118,145,
芸北,北広島町,52321346,118,145,
芸北,北広島町,52321347,118,144,
芸北,北広島町,52321348,116,142,
芸北,北広島町,52321349,116,142,
芸北,北広島町,52321353,118,144,
芸北,北広島町,52321354,118,144,
芸北,北広島町,52321355,116,142,
芸北,北広島町,52321356,117,143,
芸北,北広島町,52321357,116,142,
芸北,北広島町,52321358,115,141,
芸北,北広島町,52321359,115,141,
芸北,北広島町,52321364,116,142,
芸北,北広島町,52321365,116,142,
芸北,北広島町,52321366,115,141,
芸北,北広島町,52321374,116,142,
芸北,北広島町,52321375,115,141,
芸北,北広島町,52321400,118,144,
芸北,北広島町,52321401,118,144,
芸北,北広島町,52321402,118,144,
芸北,北広島町,52321403,118,144,
芸北,北広島町,52321404,118,144,
芸北,北広島町,52321405,118,144,
芸北,北広島町,52321410,118,144,
芸北,北広島町,52321411,118,144,
芸北,北広島町,52321412,117,143,
芸北,北広島町,52321413,117,143,
芸北,北広島町,52321414,118,144,
芸北,北広島町,52321415,117,143,
芸北,北広島町,52321420,117,143,
芸北,北広島町,52321421,116,142,
芸北,北広島町,52321422,117,143,
芸北,北広島町,52321423,116,142,
芸北,北広島町,52321424,117,143,
芸北,北広島町,52321430,115,141,
芸北,北広島町,52321431,116,142,
芸北,北広島町,52321432,116,142,
芸北,北広島町,52321433,116,142,
芸北,北広島町,52321440,115,141,
芸北,北広島町,52321441,116,142,
芸北,北広島町,52321442,116,142,
芸北,北広島町,52321443,116,142,
芸北,北広島町,52321450,115,141,
芸北,北広島町,52321451,115,141,
芸北,北広島町,52321452,117,143,
