（別添）大雨警報・注意報の土壌雨量指数基準値,,,,令和6年5月23日現在,
市町村等をまとめた地域,市町村等,地域メッシュコード（１km格子対応）,土壌雨量指数基準（注意報）,土壌雨量指数基準（警報）,
松江地区,松江市,53320743,109,139,
松江地区,松江市,53320747,112,142,
松江地区,松江市,53320751,116,147,
松江地区,松江市,53320752,120,153,
松江地区,松江市,53320753,105,134,
松江地区,松江市,53320754,95,121,
松江地区,松江市,53320755,109,139,
松江地区,松江市,53320756,105,133,
松江地区,松江市,53320757,106,135,
松江地区,松江市,53320758,107,136,
松江地区,松江市,53320759,118,150,
松江地区,松江市,53320760,115,146,
松江地区,松江市,53320761,121,154,
松江地区,松江市,53320762,101,129,
松江地区,松江市,53320763,110,140,
松江地区,松江市,53320764,100,127,
松江地区,松江市,53320765,100,127,
松江地区,松江市,53320766,109,139,
松江地区,松江市,53320767,105,133,
松江地区,松江市,53320768,107,136,
松江地区,松江市,53320769,107,136,
松江地区,松江市,53320770,116,147,
松江地区,松江市,53320771,116,148,
松江地区,松江市,53320772,112,142,
松江地区,松江市,53320773,107,136,
松江地区,松江市,53320774,105,134,
松江地区,松江市,53320775,105,133,
松江地区,松江市,53320776,124,158,
松江地区,松江市,53320777,120,152,
松江地区,松江市,53320778,110,140,
松江地区,松江市,53320779,120,153,
松江地区,松江市,53320781,124,157,
松江地区,松江市,53320782,119,151,
松江地区,松江市,53320783,117,149,
松江地区,松江市,53320784,107,136,
松江地区,松江市,53320785,116,147,
松江地区,松江市,53320786,109,139,
松江地区,松江市,53320787,114,145,
松江地区,松江市,53320788,120,152,
松江地区,松江市,53320789,124,158,
松江地区,松江市,53320792,113,144,
松江地区,松江市,53320793,112,142,
松江地区,松江市,53320794,112,142,
松江地区,松江市,53320795,111,141,
松江地区,松江市,53320796,110,140,
松江地区,松江市,53320797,109,139,
松江地区,松江市,53320798,105,133,
松江地区,松江市,53320799,109,139,
松江地区,松江市,53321704,107,136,
松江地区,松江市,53321705,116,148,
松江地区,松江市,53321706,111,141,
松江地区,松江市,53321707,105,133,
松江地区,松江市,53321708,109,139,
松江地区,松江市,53321709,105,133,
松江地区,松江市,53321718,109,139,
松江地区,松江市,53321719,109,139,
松江地区,松江市,53321753,115,－,
松江地区,松江市,53321763,114,145,
松江地区,松江市,53321764,114,145,
松江地区,松江市,53321765,114,145,
松江地区,松江市,53321766,119,－,
松江地区,松江市,53321769,107,136,
松江地区,松江市,53321773,127,161,
松江地区,松江市,53321774,115,146,
松江地区,松江市,53321775,114,145,
松江地区,松江市,53321776,114,145,
松江地区,松江市,53321777,119,151,
松江地区,松江市,53321778,124,158,
松江地区,松江市,53321779,113,144,
松江地区,松江市,53321783,97,124,
松江地区,松江市,53321784,116,147,
松江地区,松江市,53321785,114,145,
松江地区,松江市,53321786,119,151,
松江地区,松江市,53321787,130,165,
松江地区,松江市,53321788,113,144,
松江地区,松江市,53321789,109,139,
松江地区,松江市,53321792,116,147,
松江地区,松江市,53321793,121,154,
松江地区,松江市,53321794,131,167,
松江地区,松江市,53321795,114,145,
松江地区,松江市,53321796,120,152,
松江地区,松江市,53321797,131,166,
松江地区,松江市,53321798,131,166,
松江地区,松江市,53321799,115,146,
松江地区,松江市,53322702,110,140,
松江地区,松江市,53322703,116,147,
松江地区,松江市,53322704,126,160,
松江地区,松江市,53322705,120,152,
松江地区,松江市,53322706,125,159,
松江地区,松江市,53322707,115,146,
松江地区,松江市,53322708,116,147,
松江地区,松江市,53322709,116,148,
松江地区,松江市,53322712,124,158,
松江地区,松江市,53322713,115,146,
松江地区,松江市,53322714,125,159,
松江地区,松江市,53322715,126,160,
松江地区,松江市,53322716,127,161,
松江地区,松江市,53322717,127,161,
松江地区,松江市,53322718,124,158,
松江地区,松江市,53322719,124,157,
松江地区,松江市,53322723,109,139,
松江地区,松江市,53322724,115,146,
松江地区,松江市,53322725,127,－,
松江地区,松江市,53322726,127,－,
松江地区,松江市,53322727,117,149,
松江地区,松江市,53322728,130,165,
松江地区,松江市,53322729,131,166,
松江地区,松江市,53322737,122,155,
松江地区,松江市,53322738,129,164,
松江地区,松江市,53322739,130,165,
松江地区,松江市,53322747,122,155,
松江地区,松江市,53322748,123,156,
松江地区,松江市,53322749,118,150,
松江地区,松江市,53322757,127,162,
松江地区,松江市,53322758,112,143,
松江地区,松江市,53322759,116,148,
松江地区,松江市,53330004,99,126,
松江地区,松江市,53330005,103,131,
松江地区,松江市,53330014,99,126,
松江地区,松江市,53330015,104,132,
松江地区,松江市,53330016,99,126,
松江地区,松江市,53330024,108,137,
松江地区,松江市,53330025,98,125,
松江地区,松江市,53330026,104,132,
松江地区,松江市,53330027,109,138,
松江地区,松江市,53330034,109,139,
松江地区,松江市,53330035,109,139,
松江地区,松江市,53330036,109,139,
松江地区,松江市,53330037,120,152,
松江地区,松江市,53330038,113,144,
松江地区,松江市,53330039,108,137,
松江地区,松江市,53330040,112,142,
松江地区,松江市,53330044,130,165,
松江地区,松江市,53330045,131,166,
松江地区,松江市,53330046,125,159,
松江地区,松江市,53330047,120,152,
松江地区,松江市,53330048,120,152,
松江地区,松江市,53330049,119,151,
松江地区,松江市,53330050,112,142,
松江地区,松江市,53330051,116,148,
松江地区,松江市,53330052,117,149,
松江地区,松江市,53330053,124,158,
松江地区,松江市,53330054,127,161,
松江地区,松江市,53330055,116,148,
松江地区,松江市,53330056,116,147,
松江地区,松江市,53330057,115,146,
松江地区,松江市,53330058,115,146,
松江地区,松江市,53330059,115,146,
松江地区,松江市,53330060,127,161,
松江地区,松江市,53330061,116,148,
松江地区,松江市,53330062,122,155,
松江地区,松江市,53330063,129,164,
松江地区,松江市,53330064,116,148,
松江地区,松江市,53330065,127,161,
松江地区,松江市,53330066,116,147,
松江地区,松江市,53330067,120,152,
松江地区,松江市,53330068,114,145,
松江地区,松江市,53330069,114,145,
松江地区,松江市,53330070,116,147,
松江地区,松江市,53330071,110,140,
松江地区,松江市,53330072,112,142,
松江地区,松江市,53330073,119,151,
松江地区,松江市,53330074,121,154,
松江地区,松江市,53330075,127,161,
松江地区,松江市,53330076,120,152,
松江地区,松江市,53330077,114,145,
松江地区,松江市,53330078,115,146,
松江地区,松江市,53330079,116,147,
松江地区,松江市,53330080,120,152,
松江地区,松江市,53330081,125,159,
松江地区,松江市,53330082,116,147,
松江地区,松江市,53330083,118,150,
松江地区,松江市,53330084,137,174,
松江地区,松江市,53330085,126,160,
松江地区,松江市,53330086,120,152,
松江地区,松江市,53330087,114,145,
松江地区,松江市,53330088,124,158,
松江地区,松江市,53330089,120,153,
松江地区,松江市,53330090,109,139,
松江地区,松江市,53330091,109,139,
松江地区,松江市,53330092,110,140,
松江地区,松江市,53330093,113,144,
松江地区,松江市,53330094,120,152,
松江地区,松江市,53330095,120,152,
松江地区,松江市,53330096,119,151,
松江地区,松江市,53330097,119,151,
松江地区,松江市,53330098,124,158,
松江地区,松江市,53330099,125,159,
松江地区,松江市,53330140,119,151,
松江地区,松江市,53330150,114,145,
松江地区,松江市,53330160,116,147,
松江地区,松江市,53330161,116,148,
松江地区,松江市,53330162,116,147,
松江地区,松江市,53330170,122,155,
松江地区,松江市,53330171,123,156,
松江地区,松江市,53330172,127,161,
松江地区,松江市,53330173,125,159,
松江地区,松江市,53330180,116,147,
松江地区,松江市,53330181,121,154,
松江地区,松江市,53330182,121,154,
松江地区,松江市,53330183,124,158,
松江地区,松江市,53330190,124,158,
松江地区,松江市,53330191,120,152,
松江地区,松江市,53330192,125,159,
松江地区,松江市,53330193,125,159,
松江地区,松江市,53331000,105,133,
松江地区,松江市,53331001,109,139,
松江地区,松江市,53331002,115,146,
松江地区,松江市,53331003,112,142,
松江地区,松江市,53331004,128,163,
松江地区,松江市,53331005,123,156,
松江地区,松江市,53331006,119,151,
松江地区,松江市,53331007,119,151,
松江地区,松江市,53331008,119,151,
松江地区,松江市,53331009,119,151,
松江地区,松江市,53331010,114,145,
松江地区,松江市,53331011,114,145,
松江地区,松江市,53331012,115,146,
松江地区,松江市,53331013,116,147,
松江地区,松江市,53331014,122,155,
松江地区,松江市,53331015,117,149,
松江地区,松江市,53331016,119,151,
松江地区,松江市,53331017,113,144,
松江地区,松江市,53331018,109,138,
松江地区,松江市,53331019,113,144,
松江地区,松江市,53331020,125,－,
松江地区,松江市,53331021,125,159,
松江地区,松江市,53331022,120,153,
松江地区,松江市,53331023,111,141,
松江地区,松江市,53331024,112,142,
松江地区,松江市,53331025,113,144,
松江地区,松江市,53331026,120,152,
松江地区,松江市,53331027,109,139,
松江地区,松江市,53331028,104,132,
松江地区,松江市,53331029,103,131,
松江地区,松江市,53331033,120,－,
松江地区,松江市,53331034,119,151,
松江地区,松江市,53331035,115,146,
松江地区,松江市,53331036,116,147,
松江地区,松江市,53331037,105,134,
松江地区,松江市,53331038,109,139,
松江地区,松江市,53331039,109,138,
松江地区,松江市,53331043,120,－,
松江地区,松江市,53331044,114,145,
松江地区,松江市,53331045,115,146,
松江地区,松江市,53331046,116,147,
松江地区,松江市,53331047,114,145,
松江地区,松江市,53331048,114,145,
松江地区,松江市,53331049,109,138,
松江地区,松江市,53331052,100,127,
松江地区,松江市,53331053,111,141,
松江地区,松江市,53331054,120,－,
松江地区,松江市,53331055,105,133,
松江地区,松江市,53331056,109,139,
松江地区,松江市,53331057,113,144,
松江地区,松江市,53331058,113,144,
松江地区,松江市,53331059,108,137,
松江地区,松江市,53331060,108,137,
松江地区,松江市,53331061,104,132,
松江地区,松江市,53331062,109,139,
松江地区,松江市,53331063,101,129,
松江地区,松江市,53331064,120,－,
松江地区,松江市,53331065,101,129,
松江地区,松江市,53331066,101,129,
松江地区,松江市,53331067,107,136,
松江地区,松江市,53331068,107,136,
松江地区,松江市,53331069,108,137,
松江地区,松江市,53331070,104,132,
松江地区,松江市,53331071,109,－,
松江地区,松江市,53331072,105,133,
松江地区,松江市,53331073,99,126,
松江地区,松江市,53331074,109,139,
松江地区,松江市,53331075,105,133,
松江地区,松江市,53331076,105,133,
松江地区,松江市,53331077,105,134,
松江地区,松江市,53331078,106,135,
松江地区,松江市,53331079,107,136,
松江地区,松江市,53331080,104,132,
松江地区,松江市,53331081,104,132,
松江地区,松江市,53331082,99,126,
松江地区,松江市,53331083,99,126,
松江地区,松江市,53331084,104,132,
松江地区,松江市,53331085,97,124,
松江地区,松江市,53331086,99,126,
松江地区,松江市,53331087,105,133,
松江地区,松江市,53331088,105,133,
松江地区,松江市,53331089,105,134,
松江地区,松江市,53331090,105,133,
松江地区,松江市,53331091,105,133,
松江地区,松江市,53331092,99,126,
松江地区,松江市,53331093,99,126,
松江地区,松江市,53331094,98,125,
松江地区,松江市,53331095,103,131,
松江地区,松江市,53331096,102,130,
松江地区,松江市,53331097,108,137,
松江地区,松江市,53331098,109,139,
松江地区,松江市,53331099,109,139,
松江地区,松江市,53331100,114,145,
松江地区,松江市,53331101,114,145,
松江地区,松江市,53331102,114,145,
松江地区,松江市,53331103,114,145,
松江地区,松江市,53331104,114,145,
松江地区,松江市,53331110,109,139,
松江地区,松江市,53331111,114,145,
松江地区,松江市,53331112,114,145,
松江地区,松江市,53331113,114,145,
松江地区,松江市,53331114,115,146,
松江地区,松江市,53331120,114,－,
松江地区,松江市,53331121,114,－,
松江地区,松江市,53331122,114,145,
松江地区,松江市,53331123,110,140,
松江地区,松江市,53331124,115,－,
松江地区,松江市,53331130,114,－,
松江地区,松江市,53331131,114,－,
松江地区,松江市,53331132,109,139,
松江地区,松江市,53331133,109,139,
松江地区,松江市,53331140,114,－,
松江地区,松江市,53331141,114,－,
松江地区,松江市,53331150,113,144,
松江地区,松江市,53331160,112,143,
松江地区,松江市,53331161,113,144,
松江地区,松江市,53331170,112,142,
松江地区,松江市,53331171,112,143,
松江地区,松江市,53331172,122,－,
松江地区,松江市,53331180,121,154,
松江地区,松江市,53331181,122,－,
松江地区,松江市,53331182,122,－,
松江地区,松江市,53331183,122,－,
松江地区,松江市,53331184,122,－,
松江地区,松江市,53331185,122,－,
松江地区,松江市,53331190,115,146,
松江地区,松江市,53331192,122,－,
松江地区,松江市,53331193,122,－,
松江地区,松江市,53331194,122,－,
松江地区,松江市,53331195,122,－,
松江地区,松江市,53332000,107,136,
松江地区,松江市,53332001,112,142,
松江地区,松江市,53332002,105,134,
松江地区,松江市,53332003,109,139,
松江地区,松江市,53332004,113,144,
松江地区,松江市,53332005,103,131,
松江地区,松江市,53332006,104,132,
松江地区,松江市,53332007,108,137,
松江地区,松江市,53332008,104,132,
松江地区,松江市,53332009,105,133,
松江地区,松江市,53332010,120,152,
松江地区,松江市,53332011,120,152,
松江地区,松江市,53332012,117,149,
松江地区,松江市,53332013,115,146,
松江地区,松江市,53332014,120,152,
松江地区,松江市,53332015,104,132,
松江地区,松江市,53332016,108,137,
松江地区,松江市,53332017,109,138,
松江地区,松江市,53332018,110,140,
松江地区,松江市,53332019,112,142,
松江地区,松江市,53332020,120,153,
松江地区,松江市,53332021,124,158,
松江地区,松江市,53332022,122,155,
松江地区,松江市,53332023,120,153,
松江地区,松江市,53332024,119,151,
松江地区,松江市,53332025,104,132,
松江地区,松江市,53332026,104,132,
松江地区,松江市,53332027,110,140,
松江地区,松江市,53332028,109,139,
松江地区,松江市,53332029,116,148,
松江地区,松江市,53332030,124,158,
松江地区,松江市,53332031,123,156,
松江地区,松江市,53332032,122,155,
松江地区,松江市,53332033,120,152,
松江地区,松江市,53332034,108,137,
松江地区,松江市,53332035,98,125,
松江地区,松江市,53332036,99,126,
松江地区,松江市,53332037,101,128,
松江地区,松江市,53332038,110,140,
松江地区,松江市,53332039,124,157,
松江地区,松江市,53332040,122,155,
松江地区,松江市,53332041,122,155,
松江地区,松江市,53332042,122,155,
松江地区,松江市,53332043,114,145,
松江地区,松江市,53332044,109,139,
松江地区,松江市,53332045,98,125,
松江地区,松江市,53332046,99,126,
松江地区,松江市,53332047,101,128,
松江地区,松江市,53332048,114,145,
松江地区,松江市,53332049,122,155,
松江地区,松江市,53332050,122,－,
松江地区,松江市,53332051,122,－,
松江地区,松江市,53332052,121,154,
松江地区,松江市,53332053,121,154,
松江地区,松江市,53332054,110,140,
松江地区,松江市,53332055,99,126,
松江地区,松江市,53332056,100,127,
松江地区,松江市,53332057,101,128,
松江地区,松江市,53332058,107,136,
松江地区,松江市,53332059,113,144,
松江地区,松江市,53332062,116,148,
松江地区,松江市,53332063,116,148,
松江地区,松江市,53332064,113,144,
松江地区,松江市,53332065,104,132,
松江地区,松江市,53332066,109,138,
松江地区,松江市,53332067,107,136,
松江地区,松江市,53332068,129,－,
松江地区,松江市,53332069,123,156,
松江地区,松江市,53332072,120,－,
松江地区,松江市,53332073,113,144,
松江地区,松江市,53332074,114,145,
松江地区,松江市,53332075,116,147,
松江地区,松江市,53332076,115,146,
松江地区,松江市,53332077,114,145,
松江地区,松江市,53332078,129,164,
松江地区,松江市,53332079,119,151,
松江地区,松江市,53332083,120,－,
松江地区,松江市,53332084,120,152,
松江地区,松江市,53332085,116,147,
松江地区,松江市,53332086,116,148,
松江地区,松江市,53332087,120,152,
松江地区,松江市,53332088,131,166,
松江地区,松江市,53332089,125,159,
松江地区,松江市,53332093,120,－,
松江地区,松江市,53332094,114,145,
松江地区,松江市,53332095,114,145,
松江地区,松江市,53332096,116,147,
松江地区,松江市,53332097,120,153,
松江地区,松江市,53332098,120,153,
松江地区,松江市,53332099,131,166,
松江地区,松江市,53332100,115,146,
松江地区,松江市,53332102,122,－,
松江地区,松江市,53332103,122,－,
松江地区,松江市,53332104,122,－,
松江地区,松江市,53332105,122,－,
松江地区,松江市,53332110,116,148,
松江地区,松江市,53332115,122,－,
松江地区,松江市,53332120,115,146,
松江地区,松江市,53332121,112,142,
松江地区,松江市,53332124,122,－,
松江地区,松江市,53332125,122,－,
松江地区,松江市,53332130,116,147,
松江地区,松江市,53332131,112,143,
松江地区,松江市,53332132,116,148,
松江地区,松江市,53332133,122,－,
松江地区,松江市,53332134,113,144,
松江地区,松江市,53332135,120,152,
松江地区,松江市,53332140,121,154,
松江地区,松江市,53332141,118,150,
松江地区,松江市,53332142,122,155,
松江地区,松江市,53332143,113,144,
松江地区,松江市,53332144,119,151,
松江地区,松江市,53332145,124,158,
松江地区,松江市,53332150,119,151,
松江地区,松江市,53332151,117,149,
松江地区,松江市,53332152,123,156,
松江地区,松江市,53332153,124,158,
松江地区,松江市,53332154,125,159,
松江地区,松江市,53332155,131,167,
松江地区,松江市,53332156,127,161,
松江地区,松江市,53332160,118,150,
松江地区,松江市,53332161,124,157,
松江地区,松江市,53332162,119,151,
松江地区,松江市,53332163,124,158,
松江地区,松江市,53332164,127,161,
松江地区,松江市,53332165,122,155,
松江地区,松江市,53332166,123,156,
松江地区,松江市,53332167,123,156,
松江地区,松江市,53332168,128,163,
松江地区,松江市,53332169,123,156,
松江地区,松江市,53332170,124,158,
松江地区,松江市,53332171,124,157,
松江地区,松江市,53332172,117,149,
松江地区,松江市,53332173,120,152,
松江地区,松江市,53332174,121,154,
松江地区,松江市,53332175,123,156,
松江地区,松江市,53332176,117,149,
松江地区,松江市,53332177,122,155,
松江地区,松江市,53332178,116,147,
松江地区,松江市,53332179,116,148,
松江地区,松江市,53332180,120,152,
松江地区,松江市,53332181,124,－,
松江地区,松江市,53332182,124,－,
松江地区,松江市,53332183,124,－,
松江地区,松江市,53332184,124,－,
松江地区,松江市,53332185,112,142,
松江地区,松江市,53332186,116,148,
松江地区,松江市,53332187,116,148,
松江地区,松江市,53332188,114,145,
松江地区,松江市,53332189,110,140,
松江地区,松江市,53332190,120,152,
松江地区,松江市,53332191,124,－,
松江地区,松江市,53332194,124,－,
松江地区,松江市,53332195,124,－,
松江地区,松江市,53332197,116,147,
松江地区,松江市,53332198,115,146,
松江地区,松江市,53332199,115,－,
松江地区,松江市,53332260,114,145,
松江地区,松江市,53332261,124,158,
松江地区,松江市,53332262,112,143,
松江地区,松江市,53332263,106,135,
松江地区,松江市,53332264,109,139,
松江地区,松江市,53332270,112,142,
松江地区,松江市,53332271,113,144,
松江地区,松江市,53332272,112,142,
松江地区,松江市,53332273,111,141,
松江地区,松江市,53332274,105,133,
松江地区,松江市,53332275,98,125,
松江地区,松江市,53332276,104,－,
松江地区,松江市,53332280,106,135,
松江地区,松江市,53332281,111,141,
松江地区,松江市,53332282,111,141,
松江地区,松江市,53332283,109,139,
松江地区,松江市,53332284,105,133,
松江地区,松江市,53332285,104,132,
松江地区,松江市,53332286,99,126,
松江地区,松江市,53332290,115,－,
松江地区,松江市,53332291,115,－,
松江地区,松江市,53332292,115,－,
松江地区,松江市,53332293,115,－,
松江地区,松江市,53332294,115,－,
松江地区,松江市,53333005,120,－,
松江地区,松江市,53333007,120,152,
松江地区,松江市,53333008,121,154,
松江地区,松江市,53333009,116,148,
松江地区,松江市,53333016,120,－,
松江地区,松江市,53333017,116,148,
松江地区,松江市,53333018,116,148,
松江地区,松江市,53333019,112,142,
松江地区,松江市,53333026,111,141,
松江地区,松江市,53333027,112,142,
松江地区,安来市,52336059,115,146,
松江地区,安来市,52336068,109,139,
松江地区,安来市,52336069,127,161,
松江地区,安来市,52336079,117,149,
松江地区,安来市,52336088,109,138,
松江地区,安来市,52336089,116,147,
松江地区,安来市,52336098,104,132,
松江地区,安来市,52336099,105,133,
松江地区,安来市,52336150,115,146,
松江地区,安来市,52336151,120,152,
松江地区,安来市,52336160,123,156,
松江地区,安来市,52336161,122,155,
松江地区,安来市,52336162,111,141,
松江地区,安来市,52336170,124,158,
松江地区,安来市,52336171,120,152,
松江地区,安来市,52336172,107,136,
松江地区,安来市,52336173,101,128,
松江地区,安来市,52336180,117,149,
松江地区,安来市,52336181,108,137,
松江地区,安来市,52336182,107,136,
松江地区,安来市,52336183,95,121,
松江地区,安来市,52336184,99,126,
松江地区,安来市,52336190,105,134,
松江地区,安来市,52336191,101,129,
松江地区,安来市,52336192,105,134,
松江地区,安来市,52336193,100,127,
松江地区,安来市,52336194,99,126,
松江地区,安来市,52336195,99,126,
松江地区,安来市,52336196,100,127,
松江地区,安来市,52337006,98,125,
松江地区,安来市,52337007,99,126,
松江地区,安来市,52337008,99,126,
松江地区,安来市,52337009,99,126,
松江地区,安来市,52337016,99,126,
松江地区,安来市,52337017,100,127,
松江地区,安来市,52337018,94,120,
松江地区,安来市,52337019,94,120,
松江地区,安来市,52337026,97,123,
松江地区,安来市,52337027,101,128,
松江地区,安来市,52337028,100,127,
松江地区,安来市,52337029,99,126,
松江地区,安来市,52337035,107,136,
松江地区,安来市,52337036,112,142,
松江地区,安来市,52337037,106,135,
松江地区,安来市,52337038,101,128,
松江地区,安来市,52337039,94,120,
松江地区,安来市,52337045,107,136,
松江地区,安来市,52337046,112,142,
松江地区,安来市,52337047,107,136,
松江地区,安来市,52337048,96,122,
松江地区,安来市,52337049,99,126,
松江地区,安来市,52337055,101,128,
松江地区,安来市,52337056,111,141,
松江地区,安来市,52337057,106,135,
松江地区,安来市,52337058,105,134,
松江地区,安来市,52337059,94,120,
松江地区,安来市,52337065,99,126,
松江地区,安来市,52337066,106,135,
松江地区,安来市,52337067,112,142,
松江地区,安来市,52337068,112,142,
松江地区,安来市,52337069,101,128,
松江地区,安来市,52337075,98,125,
松江地区,安来市,52337076,101,129,
松江地区,安来市,52337077,112,142,
松江地区,安来市,52337078,118,150,
松江地区,安来市,52337079,107,136,
松江地区,安来市,52337085,104,132,
松江地区,安来市,52337086,101,128,
松江地区,安来市,52337087,108,137,
松江地区,安来市,52337088,118,150,
松江地区,安来市,52337089,112,142,
松江地区,安来市,52337095,99,126,
松江地区,安来市,52337096,109,139,
松江地区,安来市,52337097,116,147,
松江地区,安来市,52337098,112,142,
松江地区,安来市,52337099,107,136,
松江地区,安来市,52337100,99,126,
松江地区,安来市,52337101,94,120,
松江地区,安来市,52337102,100,127,
松江地区,安来市,52337103,105,134,
松江地区,安来市,52337104,109,139,
松江地区,安来市,52337105,96,122,
松江地区,安来市,52337106,96,122,
松江地区,安来市,52337107,96,122,
松江地区,安来市,52337108,105,133,
松江地区,安来市,52337109,95,121,
松江地区,安来市,52337110,99,126,
松江地区,安来市,52337111,99,126,
松江地区,安来市,52337112,100,127,
松江地区,安来市,52337113,100,127,
松江地区,安来市,52337114,101,128,
松江地区,安来市,52337115,97,123,
松江地区,安来市,52337116,97,123,
松江地区,安来市,52337117,97,123,
松江地区,安来市,52337118,111,141,
松江地区,安来市,52337119,110,140,
松江地区,安来市,52337120,94,120,
松江地区,安来市,52337121,96,122,
松江地区,安来市,52337122,101,129,
松江地区,安来市,52337123,97,123,
松江地区,安来市,52337124,97,123,
松江地区,安来市,52337125,112,142,
松江地区,安来市,52337126,112,142,
松江地区,安来市,52337127,106,135,
松江地区,安来市,52337128,116,148,
松江地区,安来市,52337129,112,142,
松江地区,安来市,52337130,95,121,
松江地区,安来市,52337131,97,123,
松江地区,安来市,52337132,107,－,
松江地区,安来市,52337133,107,136,
松江地区,安来市,52337134,107,136,
松江地区,安来市,52337135,122,155,
松江地区,安来市,52337136,112,142,
松江地区,安来市,52337137,112,142,
松江地区,安来市,52337138,116,148,
松江地区,安来市,52337139,116,148,
松江地区,安来市,52337140,100,127,
松江地区,安来市,52337141,101,129,
松江地区,安来市,52337142,103,131,
松江地区,安来市,52337143,103,131,
松江地区,安来市,52337144,107,136,
松江地区,安来市,52337145,107,136,
松江地区,安来市,52337146,107,136,
松江地区,安来市,52337147,122,155,
松江地区,安来市,52337148,112,143,
松江地区,安来市,52337149,128,163,
松江地区,安来市,52337150,100,127,
松江地区,安来市,52337151,101,129,
松江地区,安来市,52337152,103,131,
松江地区,安来市,52337153,102,130,
松江地区,安来市,52337154,107,136,
松江地区,安来市,52337155,107,136,
松江地区,安来市,52337156,107,136,
松江地区,安来市,52337157,108,137,
松江地区,安来市,52337158,117,149,
松江地区,安来市,52337159,109,139,
松江地区,安来市,52337160,95,121,
松江地区,安来市,52337161,100,127,
松江地区,安来市,52337162,106,135,
松江地区,安来市,52337163,101,129,
松江地区,安来市,52337164,112,142,
松江地区,安来市,52337165,117,149,
松江地区,安来市,52337166,102,130,
松江地区,安来市,52337167,101,129,
松江地区,安来市,52337168,107,136,
松江地区,安来市,52337169,124,157,
松江地区,安来市,52337170,101,128,
松江地区,安来市,52337171,99,126,
松江地区,安来市,52337172,101,128,
松江地区,安来市,52337173,106,135,
松江地区,安来市,52337174,107,136,
松江地区,安来市,52337175,107,136,
松江地区,安来市,52337176,107,136,
松江地区,安来市,52337177,101,129,
松江地区,安来市,52337178,107,136,
松江地区,安来市,52337179,112,142,
松江地区,安来市,52337180,101,129,
松江地区,安来市,52337181,100,127,
松江地区,安来市,52337182,105,134,
松江地区,安来市,52337183,106,135,
松江地区,安来市,52337184,101,128,
松江地区,安来市,52337185,101,129,
松江地区,安来市,52337186,101,129,
松江地区,安来市,52337187,101,128,
松江地区,安来市,52337188,101,129,
松江地区,安来市,52337189,101,129,
松江地区,安来市,52337190,101,128,
松江地区,安来市,52337191,100,127,
松江地区,安来市,52337192,101,128,
松江地区,安来市,52337193,101,128,
松江地区,安来市,52337194,101,129,
松江地区,安来市,52337195,101,128,
松江地区,安来市,52337196,101,128,
松江地区,安来市,52337197,101,128,
松江地区,安来市,52337198,106,135,
松江地区,安来市,52337199,101,129,
松江地区,安来市,52337210,110,140,
松江地区,安来市,52337211,115,146,
松江地区,安来市,52337212,109,139,
松江地区,安来市,52337220,116,147,
松江地区,安来市,52337221,116,148,
松江地区,安来市,52337222,116,148,
松江地区,安来市,52337223,107,136,
松江地区,安来市,52337224,115,146,
松江地区,安来市,52337230,122,155,
松江地区,安来市,52337231,108,137,
松江地区,安来市,52337232,109,138,
松江地区,安来市,52337233,116,148,
松江地区,安来市,52337234,101,128,
松江地区,安来市,52337240,109,139,
松江地区,安来市,52337241,109,139,
松江地区,安来市,52337242,109,138,
松江地区,安来市,52337243,101,129,
松江地区,安来市,52337250,110,140,
松江地区,安来市,52337251,105,133,
松江地区,安来市,52337252,101,129,
松江地区,安来市,52337253,100,127,
松江地区,安来市,52337260,109,139,
松江地区,安来市,52337261,103,131,
松江地区,安来市,52337262,101,129,
松江地区,安来市,52337263,101,128,
松江地区,安来市,52337270,108,137,
松江地区,安来市,52337271,102,130,
松江地区,安来市,52337272,101,129,
松江地区,安来市,52337273,101,128,
松江地区,安来市,52337280,101,129,
松江地区,安来市,52337281,101,129,
松江地区,安来市,52337282,101,128,
松江地区,安来市,52337283,101,128,
松江地区,安来市,52337290,101,129,
松江地区,安来市,52337291,101,129,
松江地区,安来市,52337292,101,128,
松江地区,安来市,52337293,100,127,
松江地区,安来市,53330006,109,138,
松江地区,安来市,53330007,105,133,
松江地区,安来市,53330008,120,152,
松江地区,安来市,53330009,109,139,
松江地区,安来市,53330017,109,138,
松江地区,安来市,53330018,103,131,
松江地区,安来市,53330019,118,150,
松江地区,安来市,53330028,108,137,
松江地区,安来市,53330029,102,130,
松江地区,安来市,53330100,109,139,
松江地区,安来市,53330101,100,127,
松江地区,安来市,53330102,105,134,
松江地区,安来市,53330103,101,129,
松江地区,安来市,53330104,105,134,
松江地区,安来市,53330105,105,134,
松江地区,安来市,53330106,110,140,
松江地区,安来市,53330107,101,128,
松江地区,安来市,53330108,105,134,
松江地区,安来市,53330109,112,142,
松江地区,安来市,53330110,104,132,
松江地区,安来市,53330111,109,139,
松江地区,安来市,53330112,105,134,
松江地区,安来市,53330113,112,142,
松江地区,安来市,53330114,111,141,
松江地区,安来市,53330115,110,140,
松江地区,安来市,53330116,109,139,
松江地区,安来市,53330117,105,134,
松江地区,安来市,53330118,101,128,
松江地区,安来市,53330119,107,136,
松江地区,安来市,53330120,112,143,
松江地区,安来市,53330121,104,132,
松江地区,安来市,53330122,105,134,
松江地区,安来市,53330123,116,148,
松江地区,安来市,53330124,112,142,
松江地区,安来市,53330125,115,146,
松江地区,安来市,53330126,105,133,
松江地区,安来市,53330127,109,139,
松江地区,安来市,53330128,101,128,
松江地区,安来市,53330129,101,129,
松江地区,安来市,53330130,118,150,
松江地区,安来市,53330131,109,139,
松江地区,安来市,53330132,120,152,
松江地区,安来市,53330133,120,153,
松江地区,安来市,53330134,106,135,
松江地区,安来市,53330135,109,139,
松江地区,安来市,53330136,105,133,
松江地区,安来市,53330137,105,134,
松江地区,安来市,53330138,105,133,
松江地区,安来市,53330139,106,135,
松江地区,安来市,53330141,119,151,
松江地区,安来市,53330142,120,152,
松江地区,安来市,53330143,115,146,
松江地区,安来市,53330144,116,148,
松江地区,安来市,53330145,111,141,
松江地区,安来市,53330146,105,134,
松江地区,安来市,53330147,109,139,
松江地区,安来市,53330148,120,152,
松江地区,安来市,53330149,106,135,
松江地区,安来市,53330151,114,145,
松江地区,安来市,53330152,115,146,
松江地区,安来市,53330153,116,147,
松江地区,安来市,53330154,122,155,
松江地区,安来市,53330155,121,154,
松江地区,安来市,53330156,120,153,
松江地区,安来市,53330157,120,152,
松江地区,安来市,53330158,115,146,
松江地区,安来市,53330159,116,147,
松江地区,安来市,53330163,121,154,
松江地区,安来市,53330164,121,154,
松江地区,安来市,53330165,126,160,
松江地区,安来市,53330166,120,152,
松江地区,安来市,53330167,120,153,
松江地区,安来市,53330168,115,146,
松江地区,安来市,53330169,115,146,
松江地区,安来市,53330174,124,158,
松江地区,安来市,53330175,124,158,
松江地区,安来市,53330176,120,152,
松江地区,安来市,53330177,114,145,
松江地区,安来市,53330178,115,146,
松江地区,安来市,53330179,114,145,
松江地区,安来市,53330184,124,158,
松江地区,安来市,53330185,124,158,
松江地区,安来市,53330186,120,152,
松江地区,安来市,53330187,120,－,
松江地区,安来市,53330188,110,140,
松江地区,安来市,53330189,109,139,
松江地区,安来市,53330194,119,151,
松江地区,安来市,53330195,114,145,
松江地区,安来市,53330196,114,145,
松江地区,安来市,53330197,109,139,
松江地区,安来市,53330198,114,145,
松江地区,安来市,53330199,110,140,
松江地区,安来市,53330200,107,136,
松江地区,安来市,53330201,101,129,
松江地区,安来市,53330202,107,136,
松江地区,安来市,53330203,101,129,
松江地区,安来市,53330210,113,144,
松江地区,安来市,53330211,114,145,
松江地区,安来市,53330212,113,144,
松江地区,安来市,53330213,107,136,
松江地区,安来市,53330220,113,144,
松江地区,安来市,53330221,120,152,
松江地区,安来市,53330222,114,145,
松江地区,安来市,53330223,108,137,
松江地区,安来市,53330230,112,143,
松江地区,安来市,53330231,112,143,
松江地区,安来市,53330232,113,144,
松江地区,安来市,53330233,112,143,
松江地区,安来市,53330234,112,143,
松江地区,安来市,53330240,116,148,
松江地区,安来市,53330241,112,142,
松江地区,安来市,53330242,112,142,
松江地区,安来市,53330243,112,143,
松江地区,安来市,53330244,112,143,
松江地区,安来市,53330245,112,143,
松江地区,安来市,53330250,116,147,
松江地区,安来市,53330251,107,136,
松江地区,安来市,53330252,112,142,
松江地区,安来市,53330253,112,142,
松江地区,安来市,53330254,112,143,
松江地区,安来市,53330255,112,143,
松江地区,安来市,53330260,116,－,
松江地区,安来市,53330261,116,148,
松江地区,安来市,53330262,116,148,
松江地区,安来市,53330263,112,143,
松江地区,安来市,53330264,112,143,
松江地区,安来市,53330270,110,140,
松江地区,安来市,53330271,112,142,
松江地区,安来市,53330272,108,137,
松江地区,安来市,53330273,108,137,
松江地区,安来市,53330274,112,143,
松江地区,安来市,53330275,113,144,
松江地区,安来市,53330280,110,140,
松江地区,安来市,53330281,112,142,
松江地区,安来市,53330282,112,143,
松江地区,安来市,53330283,108,137,
松江地区,安来市,53330284,108,137,
松江地区,安来市,53330285,113,144,
松江地区,安来市,53330290,110,140,
松江地区,安来市,53330291,111,141,
松江地区,安来市,53330292,112,142,
松江地区,安来市,53330293,112,143,
松江地区,安来市,53330294,112,143,
松江地区,安来市,53331105,109,139,
松江地区,安来市,53331106,109,139,
松江地区,安来市,53331107,109,139,
松江地区,安来市,53331108,116,－,
松江地区,安来市,53331109,116,148,
松江地区,安来市,53331115,109,139,
松江地区,安来市,53331116,105,133,
松江地区,安来市,53331117,105,134,
松江地区,安来市,53331118,116,－,
松江地区,安来市,53331119,112,142,
松江地区,安来市,53331125,109,139,
松江地区,安来市,53331126,115,146,
松江地区,安来市,53331127,116,－,
松江地区,安来市,53331128,116,－,
松江地区,安来市,53331129,116,－,
松江地区,安来市,53331136,116,－,
松江地区,安来市,53331137,116,－,
松江地区,安来市,53331138,116,－,
松江地区,安来市,53331139,116,－,
松江地区,安来市,53331147,116,－,
松江地区,安来市,53331148,116,－,
松江地区,安来市,53331200,111,141,
松江地区,安来市,53331201,111,141,
松江地区,安来市,53331202,112,142,
松江地区,安来市,53331203,112,142,
松江地区,安来市,53331204,112,－,
松江地区,安来市,53331210,112,142,
松江地区,安来市,53331211,105,134,
松江地区,安来市,53331212,111,141,
松江地区,安来市,53331213,111,141,
松江地区,安来市,53331214,106,135,
松江地区,安来市,53331220,105,134,
松江地区,安来市,53331221,105,134,
松江地区,安来市,53331222,105,134,
松江地区,安来市,53331230,116,－,
出雲地区,出雲市,52325595,124,－,
出雲地区,出雲市,52326459,123,156,
出雲地区,出雲市,52326468,121,154,
出雲地区,出雲市,52326469,122,155,
出雲地区,出雲市,52326477,114,145,
出雲地区,出雲市,52326478,131,167,
出雲地区,出雲市,52326479,126,160,
出雲地区,出雲市,52326486,109,139,
出雲地区,出雲市,52326487,109,139,
出雲地区,出雲市,52326488,114,145,
出雲地区,出雲市,52326489,115,146,
出雲地区,出雲市,52326497,103,131,
出雲地区,出雲市,52326498,103,131,
出雲地区,出雲市,52326499,113,144,
出雲地区,出雲市,52326505,113,144,
出雲地区,出雲市,52326506,112,142,
出雲地区,出雲市,52326508,116,148,
出雲地区,出雲市,52326513,123,156,
出雲地区,出雲市,52326514,117,149,
出雲地区,出雲市,52326515,112,142,
出雲地区,出雲市,52326516,112,142,
出雲地区,出雲市,52326517,112,142,
出雲地区,出雲市,52326518,111,141,
出雲地区,出雲市,52326523,112,142,
出雲地区,出雲市,52326524,116,147,
出雲地区,出雲市,52326525,110,140,
出雲地区,出雲市,52326526,110,140,
出雲地区,出雲市,52326527,110,140,
出雲地区,出雲市,52326528,120,152,
出雲地区,出雲市,52326529,115,146,
出雲地区,出雲市,52326533,115,146,
出雲地区,出雲市,52326534,120,152,
出雲地区,出雲市,52326535,109,139,
出雲地区,出雲市,52326536,120,152,
出雲地区,出雲市,52326537,109,139,
出雲地区,出雲市,52326538,114,145,
出雲地区,出雲市,52326539,120,152,
出雲地区,出雲市,52326540,114,145,
出雲地区,出雲市,52326542,114,145,
出雲地区,出雲市,52326543,114,145,
出雲地区,出雲市,52326544,114,145,
出雲地区,出雲市,52326545,124,158,
出雲地区,出雲市,52326546,124,158,
出雲地区,出雲市,52326547,120,152,
出雲地区,出雲市,52326548,115,146,
出雲地区,出雲市,52326549,120,152,
出雲地区,出雲市,52326550,124,157,
出雲地区,出雲市,52326551,124,157,
出雲地区,出雲市,52326552,119,151,
出雲地区,出雲市,52326553,124,157,
出雲地区,出雲市,52326554,129,164,
出雲地区,出雲市,52326555,124,158,
出雲地区,出雲市,52326556,125,159,
出雲地区,出雲市,52326557,127,161,
出雲地区,出雲市,52326558,126,160,
出雲地区,出雲市,52326559,124,158,
出雲地区,出雲市,52326560,117,149,
出雲地区,出雲市,52326561,117,149,
出雲地区,出雲市,52326562,124,157,
出雲地区,出雲市,52326563,129,164,
出雲地区,出雲市,52326564,124,158,
出雲地区,出雲市,52326565,119,151,
出雲地区,出雲市,52326566,131,167,
出雲地区,出雲市,52326567,132,168,
出雲地区,出雲市,52326568,131,167,
出雲地区,出雲市,52326569,131,166,
出雲地区,出雲市,52326570,127,161,
出雲地区,出雲市,52326571,127,162,
出雲地区,出雲市,52326572,129,164,
出雲地区,出雲市,52326573,120,152,
出雲地区,出雲市,52326574,119,151,
出雲地区,出雲市,52326575,119,151,
出雲地区,出雲市,52326576,124,158,
出雲地区,出雲市,52326577,120,153,
出雲地区,出雲市,52326578,121,154,
出雲地区,出雲市,52326579,121,154,
出雲地区,出雲市,52326580,129,－,
出雲地区,出雲市,52326581,129,－,
出雲地区,出雲市,52326582,118,150,
出雲地区,出雲市,52326583,109,139,
出雲地区,出雲市,52326584,109,139,
出雲地区,出雲市,52326585,113,144,
出雲地区,出雲市,52326586,113,144,
出雲地区,出雲市,52326587,119,151,
出雲地区,出雲市,52326588,126,160,
出雲地区,出雲市,52326589,120,153,
出雲地区,出雲市,52326590,129,－,
出雲地区,出雲市,52326591,105,133,
出雲地区,出雲市,52326592,106,135,
出雲地区,出雲市,52326593,102,130,
出雲地区,出雲市,52326594,102,130,
出雲地区,出雲市,52326595,112,142,
出雲地区,出雲市,52326596,113,144,
出雲地区,出雲市,52326597,125,159,
出雲地区,出雲市,52326598,126,160,
出雲地区,出雲市,52326599,129,164,
出雲地区,出雲市,52326630,125,159,
出雲地区,出雲市,52326640,120,152,
出雲地区,出雲市,52326650,119,151,
出雲地区,出雲市,52326660,124,158,
出雲地区,出雲市,52326670,120,152,
出雲地区,出雲市,52326671,120,152,
出雲地区,出雲市,52326680,120,152,
出雲地区,出雲市,52326681,118,150,
出雲地区,出雲市,52326690,123,156,
出雲地区,出雲市,52326691,123,156,
出雲地区,出雲市,52326692,124,157,
出雲地区,出雲市,52327406,109,138,
出雲地区,出雲市,52327407,112,142,
出雲地区,出雲市,52327408,101,129,
出雲地区,出雲市,52327409,107,136,
出雲地区,出雲市,52327416,106,135,
出雲地区,出雲市,52327417,107,136,
出雲地区,出雲市,52327418,107,136,
出雲地区,出雲市,52327419,101,129,
出雲地区,出雲市,52327426,110,140,
出雲地区,出雲市,52327427,112,142,
出雲地区,出雲市,52327428,118,150,
出雲地区,出雲市,52327429,104,132,
出雲地区,出雲市,52327436,112,－,
出雲地区,出雲市,52327437,112,142,
出雲地区,出雲市,52327438,109,138,
出雲地区,出雲市,52327439,114,145,
出雲地区,出雲市,52327449,105,133,
出雲地区,出雲市,52327500,103,131,
出雲地区,出雲市,52327501,108,137,
出雲地区,出雲市,52327502,99,126,
出雲地区,出雲市,52327503,105,133,
出雲地区,出雲市,52327504,105,133,
出雲地区,出雲市,52327505,101,129,
出雲地区,出雲市,52327506,114,145,
出雲地区,出雲市,52327507,125,159,
出雲地区,出雲市,52327508,124,158,
出雲地区,出雲市,52327509,122,155,
出雲地区,出雲市,52327510,97,124,
出雲地区,出雲市,52327511,97,124,
出雲地区,出雲市,52327512,102,130,
出雲地区,出雲市,52327513,103,131,
出雲地区,出雲市,52327514,104,132,
出雲地区,出雲市,52327515,100,127,
出雲地区,出雲市,52327516,112,143,
出雲地区,出雲市,52327517,114,145,
出雲地区,出雲市,52327518,124,157,
出雲地区,出雲市,52327519,124,－,
出雲地区,出雲市,52327520,103,131,
出雲地区,出雲市,52327521,97,123,
出雲地区,出雲市,52327522,97,123,
出雲地区,出雲市,52327523,107,136,
出雲地区,出雲市,52327524,103,131,
出雲地区,出雲市,52327525,99,126,
出雲地区,出雲市,52327526,105,134,
出雲地区,出雲市,52327527,117,149,
出雲地区,出雲市,52327528,118,150,
出雲地区,出雲市,52327529,112,142,
出雲地区,出雲市,52327530,104,132,
出雲地区,出雲市,52327531,97,124,
出雲地区,出雲市,52327532,97,123,
出雲地区,出雲市,52327533,97,123,
出雲地区,出雲市,52327534,103,131,
出雲地区,出雲市,52327535,98,125,
出雲地区,出雲市,52327536,105,133,
出雲地区,出雲市,52327537,116,148,
出雲地区,出雲市,52327538,123,156,
出雲地区,出雲市,52327539,116,148,
出雲地区,出雲市,52327540,105,133,
出雲地区,出雲市,52327541,104,132,
出雲地区,出雲市,52327542,97,124,
出雲地区,出雲市,52327543,97,124,
出雲地区,出雲市,52327544,103,131,
出雲地区,出雲市,52327545,98,125,
出雲地区,出雲市,52327546,105,133,
出雲地区,出雲市,52327547,116,147,
出雲地区,出雲市,52327548,121,154,
出雲地区,出雲市,52327549,109,139,
出雲地区,出雲市,52327550,99,126,
出雲地区,出雲市,52327551,99,126,
出雲地区,出雲市,52327552,94,120,
出雲地区,出雲市,52327553,98,125,
出雲地区,出雲市,52327554,98,125,
出雲地区,出雲市,52327555,105,133,
出雲地区,出雲市,52327556,109,139,
出雲地区,出雲市,52327557,114,145,
出雲地区,出雲市,52327558,109,139,
出雲地区,出雲市,52327559,104,132,
出雲地区,出雲市,52327561,94,120,
出雲地区,出雲市,52327562,94,119,
出雲地区,出雲市,52327563,99,126,
出雲地区,出雲市,52327564,105,133,
出雲地区,出雲市,52327565,109,139,
出雲地区,出雲市,52327566,109,139,
出雲地区,出雲市,52327567,109,138,
出雲地区,出雲市,52327568,98,125,
出雲地区,出雲市,52327569,97,124,
出雲地区,出雲市,52327571,97,123,
出雲地区,出雲市,52327572,94,119,
出雲地区,出雲市,52327573,98,125,
出雲地区,出雲市,52327574,99,126,
出雲地区,出雲市,52327575,99,126,
出雲地区,出雲市,52327576,109,139,
出雲地区,出雲市,52327577,109,139,
出雲地区,出雲市,52327578,105,133,
出雲地区,出雲市,52327579,94,120,
出雲地区,出雲市,52327582,97,123,
出雲地区,出雲市,52327583,97,124,
出雲地区,出雲市,52327584,94,119,
出雲地区,出雲市,52327585,99,126,
出雲地区,出雲市,52327586,101,129,
出雲地区,出雲市,52327587,101,129,
出雲地区,出雲市,52327588,101,129,
出雲地区,出雲市,52327589,105,133,
出雲地区,出雲市,52327592,97,－,
出雲地区,出雲市,52327593,92,117,
出雲地区,出雲市,52327594,146,－,
出雲地区,出雲市,52327595,100,127,
出雲地区,出雲市,52327596,101,129,
出雲地区,出雲市,52327597,103,131,
出雲地区,出雲市,52327598,107,136,
出雲地区,出雲市,52327599,101,128,
出雲地区,出雲市,52327600,116,148,
出雲地区,出雲市,52327601,116,147,
出雲地区,出雲市,52327602,116,148,
出雲地区,出雲市,52327610,115,146,
出雲地区,出雲市,52327611,105,133,
出雲地区,出雲市,52327612,105,134,
出雲地区,出雲市,52327620,109,139,
出雲地区,出雲市,52327621,109,139,
出雲地区,出雲市,52327622,105,133,
出雲地区,出雲市,52327630,105,133,
出雲地区,出雲市,52327631,99,126,
出雲地区,出雲市,52327632,99,126,
出雲地区,出雲市,52327633,104,132,
出雲地区,出雲市,52327640,104,132,
出雲地区,出雲市,52327641,105,133,
出雲地区,出雲市,52327642,105,134,
出雲地区,出雲市,52327643,120,153,
出雲地区,出雲市,52327650,98,125,
出雲地区,出雲市,52327651,99,126,
出雲地区,出雲市,52327652,120,153,
出雲地区,出雲市,52327653,120,153,
出雲地区,出雲市,52327654,114,145,
出雲地区,出雲市,52327660,98,125,
出雲地区,出雲市,52327661,114,145,
出雲地区,出雲市,52327662,120,152,
出雲地区,出雲市,52327663,115,146,
出雲地区,出雲市,52327664,114,145,
出雲地区,出雲市,52327665,120,152,
出雲地区,出雲市,52327666,120,153,
出雲地区,出雲市,52327670,109,138,
出雲地区,出雲市,52327671,109,138,
出雲地区,出雲市,52327672,109,138,
出雲地区,出雲市,52327673,109,139,
出雲地区,出雲市,52327674,114,145,
出雲地区,出雲市,52327675,127,161,
出雲地区,出雲市,52327676,121,154,
出雲地区,出雲市,52327680,113,144,
出雲地区,出雲市,52327681,118,150,
出雲地区,出雲市,52327682,113,144,
出雲地区,出雲市,52327683,120,152,
出雲地区,出雲市,52327684,120,152,
出雲地区,出雲市,52327685,121,154,
出雲地区,出雲市,52327686,127,161,
出雲地区,出雲市,52327687,115,146,
出雲地区,出雲市,52327688,105,133,
出雲地区,出雲市,52327690,99,126,
出雲地区,出雲市,52327691,99,126,
出雲地区,出雲市,52327692,120,152,
出雲地区,出雲市,52327693,125,159,
出雲地区,出雲市,52327694,115,146,
出雲地区,出雲市,52327695,116,147,
出雲地区,出雲市,52327696,116,147,
出雲地区,出雲市,52327697,110,140,
出雲地区,出雲市,52327698,109,139,
出雲地区,出雲市,52327699,105,133,
出雲地区,出雲市,53320503,97,124,
出雲地区,出雲市,53320504,146,－,
出雲地区,出雲市,53320505,94,120,
出雲地区,出雲市,53320506,101,128,
出雲地区,出雲市,53320507,101,129,
出雲地区,出雲市,53320508,107,136,
出雲地区,出雲市,53320509,105,134,
出雲地区,出雲市,53320513,146,－,
出雲地区,出雲市,53320514,146,－,
出雲地区,出雲市,53320515,146,－,
出雲地区,出雲市,53320516,146,－,
出雲地区,出雲市,53320517,146,－,
出雲地区,出雲市,53320518,146,－,
出雲地区,出雲市,53320519,146,－,
出雲地区,出雲市,53320523,146,－,
出雲地区,出雲市,53320524,146,－,
出雲地区,出雲市,53320525,146,－,
出雲地区,出雲市,53320526,146,－,
出雲地区,出雲市,53320527,146,－,
出雲地区,出雲市,53320528,146,－,
出雲地区,出雲市,53320529,146,－,
出雲地区,出雲市,53320533,146,－,
出雲地区,出雲市,53320534,146,－,
出雲地区,出雲市,53320535,146,－,
出雲地区,出雲市,53320536,146,－,
出雲地区,出雲市,53320537,146,－,
出雲地区,出雲市,53320538,146,－,
出雲地区,出雲市,53320539,146,－,
出雲地区,出雲市,53320543,146,－,
出雲地区,出雲市,53320544,146,－,
出雲地区,出雲市,53320545,146,－,
出雲地区,出雲市,53320546,146,－,
出雲地区,出雲市,53320547,105,133,
出雲地区,出雲市,53320548,146,－,
出雲地区,出雲市,53320549,146,－,
出雲地区,出雲市,53320553,146,－,
出雲地区,出雲市,53320554,109,139,
出雲地区,出雲市,53320555,146,－,
出雲地区,出雲市,53320556,101,129,
出雲地区,出雲市,53320557,146,－,
出雲地区,出雲市,53320558,146,－,
出雲地区,出雲市,53320559,146,－,
出雲地区,出雲市,53320563,146,－,
出雲地区,出雲市,53320564,105,133,
出雲地区,出雲市,53320565,146,－,
出雲地区,出雲市,53320566,146,－,
出雲地区,出雲市,53320567,146,－,
出雲地区,出雲市,53320568,146,－,
出雲地区,出雲市,53320569,146,－,
出雲地区,出雲市,53320573,146,－,
出雲地区,出雲市,53320574,104,132,
出雲地区,出雲市,53320575,103,131,
出雲地区,出雲市,53320576,108,137,
出雲地区,出雲市,53320577,102,130,
出雲地区,出雲市,53320578,105,133,
出雲地区,出雲市,53320579,105,134,
出雲地区,出雲市,53320582,111,141,
出雲地区,出雲市,53320583,101,129,
出雲地区,出雲市,53320584,102,130,
出雲地区,出雲市,53320585,107,136,
出雲地区,出雲市,53320586,103,131,
出雲地区,出雲市,53320587,104,132,
出雲地区,出雲市,53320588,105,133,
出雲地区,出雲市,53320589,110,140,
出雲地区,出雲市,53320591,107,136,
出雲地区,出雲市,53320592,101,129,
出雲地区,出雲市,53320593,112,142,
出雲地区,出雲市,53320594,112,142,
出雲地区,出雲市,53320595,107,136,
出雲地区,出雲市,53320596,109,138,
出雲地区,出雲市,53320597,109,139,
出雲地区,出雲市,53320598,109,139,
出雲地区,出雲市,53320599,105,134,
出雲地区,出雲市,53320600,105,133,
出雲地区,出雲市,53320601,105,133,
出雲地区,出雲市,53320602,114,145,
出雲地区,出雲市,53320603,109,139,
出雲地区,出雲市,53320604,105,134,
出雲地区,出雲市,53320605,105,134,
出雲地区,出雲市,53320606,110,140,
出雲地区,出雲市,53320607,115,146,
出雲地区,出雲市,53320608,109,139,
出雲地区,出雲市,53320610,100,127,
出雲地区,出雲市,53320611,105,133,
出雲地区,出雲市,53320612,105,133,
出雲地区,出雲市,53320613,109,139,
出雲地区,出雲市,53320614,109,139,
出雲地区,出雲市,53320615,115,146,
出雲地区,出雲市,53320616,115,146,
出雲地区,出雲市,53320617,109,139,
出雲地区,出雲市,53320618,105,133,
出雲地区,出雲市,53320620,146,－,
出雲地区,出雲市,53320621,101,129,
出雲地区,出雲市,53320622,105,134,
出雲地区,出雲市,53320623,105,134,
出雲地区,出雲市,53320624,109,139,
出雲地区,出雲市,53320625,109,139,
出雲地区,出雲市,53320626,110,140,
出雲地区,出雲市,53320627,109,139,
出雲地区,出雲市,53320628,110,140,
出雲地区,出雲市,53320630,112,143,
出雲地区,出雲市,53320631,112,142,
出雲地区,出雲市,53320632,106,135,
出雲地区,出雲市,53320633,105,134,
出雲地区,出雲市,53320634,100,127,
出雲地区,出雲市,53320635,110,140,
出雲地区,出雲市,53320636,109,139,
出雲地区,出雲市,53320637,105,133,
出雲地区,出雲市,53320638,111,141,
出雲地区,出雲市,53320639,112,142,
出雲地区,出雲市,53320640,146,－,
出雲地区,出雲市,53320641,146,－,
出雲地区,出雲市,53320642,146,－,
出雲地区,出雲市,53320643,146,－,
出雲地区,出雲市,53320644,105,133,
出雲地区,出雲市,53320645,111,141,
出雲地区,出雲市,53320646,116,148,
出雲地区,出雲市,53320647,105,133,
出雲地区,出雲市,53320648,106,135,
出雲地区,出雲市,53320649,112,142,
出雲地区,出雲市,53320650,146,－,
出雲地区,出雲市,53320651,146,－,
出雲地区,出雲市,53320652,146,－,
出雲地区,出雲市,53320653,146,－,
出雲地区,出雲市,53320654,107,136,
出雲地区,出雲市,53320655,107,136,
出雲地区,出雲市,53320656,107,136,
出雲地区,出雲市,53320657,106,135,
出雲地区,出雲市,53320658,105,134,
出雲地区,出雲市,53320659,106,135,
出雲地区,出雲市,53320660,146,－,
出雲地区,出雲市,53320661,146,－,
出雲地区,出雲市,53320662,146,－,
出雲地区,出雲市,53320663,146,－,
出雲地区,出雲市,53320664,107,136,
出雲地区,出雲市,53320665,112,142,
出雲地区,出雲市,53320666,146,－,
出雲地区,出雲市,53320667,105,134,
出雲地区,出雲市,53320668,109,139,
出雲地区,出雲市,53320669,105,133,
出雲地区,出雲市,53320670,106,135,
出雲地区,出雲市,53320671,106,135,
出雲地区,出雲市,53320672,146,－,
出雲地区,出雲市,53320673,146,－,
出雲地区,出雲市,53320674,146,－,
出雲地区,出雲市,53320675,146,－,
出雲地区,出雲市,53320676,146,－,
出雲地区,出雲市,53320677,146,－,
出雲地区,出雲市,53320678,146,－,
出雲地区,出雲市,53320679,105,133,
出雲地区,出雲市,53320680,116,147,
出雲地区,出雲市,53320681,115,146,
出雲地区,出雲市,53320682,105,133,
出雲地区,出雲市,53320683,105,133,
出雲地区,出雲市,53320684,146,－,
出雲地区,出雲市,53320685,146,－,
出雲地区,出雲市,53320686,146,－,
出雲地区,出雲市,53320687,146,－,
出雲地区,出雲市,53320688,146,－,
出雲地区,出雲市,53320689,146,－,
出雲地区,出雲市,53320690,110,140,
出雲地区,出雲市,53320691,109,139,
出雲地区,出雲市,53320692,109,139,
出雲地区,出雲市,53320693,109,139,
出雲地区,出雲市,53320694,109,139,
出雲地区,出雲市,53320695,146,－,
出雲地区,出雲市,53320696,146,－,
出雲地区,出雲市,53320697,146,－,
出雲地区,出雲市,53320698,146,－,
出雲地区,出雲市,53320699,146,－,
出雲地区,出雲市,53320740,117,149,
出雲地区,出雲市,53320750,106,135,
出雲地区,出雲市,53320780,146,－,
出雲地区,出雲市,53320790,146,－,
出雲地区,出雲市,53320791,146,－,
出雲地区,出雲市,53321409,106,－,
出雲地区,出雲市,53321500,101,129,
出雲地区,出雲市,53321501,106,135,
出雲地区,出雲市,53321502,107,136,
出雲地区,出雲市,53321503,107,136,
出雲地区,出雲市,53321504,101,129,
出雲地区,出雲市,53321505,107,136,
出雲地区,出雲市,53321506,109,138,
出雲地区,出雲市,53321507,114,145,
出雲地区,出雲市,53321508,120,153,
出雲地区,出雲市,53321509,120,153,
出雲地区,出雲市,53321510,106,135,
出雲地区,出雲市,53321511,106,135,
出雲地区,出雲市,53321512,107,136,
出雲地区,出雲市,53321513,101,129,
出雲地区,出雲市,53321514,107,136,
出雲地区,出雲市,53321515,108,137,
出雲地区,出雲市,53321516,113,144,
出雲地区,出雲市,53321517,114,145,
出雲地区,出雲市,53321518,120,152,
出雲地区,出雲市,53321519,120,153,
出雲地区,出雲市,53321520,106,135,
出雲地区,出雲市,53321521,112,142,
出雲地区,出雲市,53321522,114,－,
出雲地区,出雲市,53321523,107,136,
出雲地区,出雲市,53321524,112,143,
出雲地区,出雲市,53321525,113,144,
出雲地区,出雲市,53321526,120,152,
出雲地区,出雲市,53321527,119,151,
出雲地区,出雲市,53321528,120,152,
出雲地区,出雲市,53321529,120,152,
出雲地区,出雲市,53321532,114,－,
出雲地区,出雲市,53321533,114,－,
出雲地区,出雲市,53321534,113,144,
出雲地区,出雲市,53321535,114,145,
出雲地区,出雲市,53321536,114,145,
出雲地区,出雲市,53321537,118,150,
出雲地区,出雲市,53321538,118,150,
出雲地区,出雲市,53321539,120,152,
出雲地区,出雲市,53321544,114,－,
出雲地区,出雲市,53321545,114,－,
出雲地区,出雲市,53321549,120,－,
出雲地区,出雲市,53321558,120,－,
出雲地区,出雲市,53321559,112,143,
出雲地区,出雲市,53321568,120,－,
出雲地区,出雲市,53321569,112,143,
出雲地区,出雲市,53321600,120,153,
出雲地区,出雲市,53321601,115,146,
出雲地区,出雲市,53321602,114,145,
出雲地区,出雲市,53321603,110,140,
出雲地区,出雲市,53321604,116,148,
出雲地区,出雲市,53321605,146,－,
出雲地区,出雲市,53321606,146,－,
出雲地区,出雲市,53321607,146,－,
出雲地区,出雲市,53321608,146,－,
出雲地区,出雲市,53321609,146,－,
出雲地区,出雲市,53321610,127,161,
出雲地区,出雲市,53321611,122,155,
出雲地区,出雲市,53321612,121,154,
出雲地区,出雲市,53321613,116,148,
出雲地区,出雲市,53321614,118,150,
出雲地区,出雲市,53321615,146,－,
出雲地区,出雲市,53321616,146,－,
出雲地区,出雲市,53321617,146,－,
出雲地区,出雲市,53321618,146,－,
出雲地区,出雲市,53321619,146,－,
出雲地区,出雲市,53321620,121,154,
出雲地区,出雲市,53321621,128,163,
出雲地区,出雲市,53321622,128,163,
出雲地区,出雲市,53321623,122,155,
出雲地区,出雲市,53321624,119,151,
出雲地区,出雲市,53321625,142,180,
出雲地区,出雲市,53321626,146,－,
出雲地区,出雲市,53321627,146,－,
出雲地区,出雲市,53321628,146,－,
出雲地区,出雲市,53321629,146,－,
出雲地区,出雲市,53321630,120,153,
出雲地区,出雲市,53321631,127,162,
出雲地区,出雲市,53321632,129,164,
出雲地区,出雲市,53321633,117,149,
出雲地区,出雲市,53321634,111,141,
出雲地区,出雲市,53321635,146,185,
出雲地区,出雲市,53321636,146,－,
出雲地区,出雲市,53321637,146,－,
出雲地区,出雲市,53321638,146,－,
出雲地区,出雲市,53321639,146,－,
出雲地区,出雲市,53321640,120,152,
出雲地区,出雲市,53321641,116,147,
出雲地区,出雲市,53321642,121,154,
出雲地区,出雲市,53321643,115,146,
出雲地区,出雲市,53321644,109,139,
出雲地区,出雲市,53321645,130,165,
出雲地区,出雲市,53321646,131,167,
出雲地区,出雲市,53321647,109,139,
出雲地区,出雲市,53321648,109,139,
出雲地区,出雲市,53321649,113,144,
出雲地区,出雲市,53321650,112,143,
出雲地区,出雲市,53321651,113,144,
出雲地区,出雲市,53321652,114,145,
出雲地区,出雲市,53321653,104,132,
出雲地区,出雲市,53321654,113,144,
出雲地区,出雲市,53321655,130,165,
出雲地区,出雲市,53321656,124,158,
出雲地区,出雲市,53321657,110,140,
出雲地区,出雲市,53321658,120,152,
出雲地区,出雲市,53321659,119,151,
出雲地区,出雲市,53321660,118,150,
出雲地区,出雲市,53321661,112,143,
出雲地区,出雲市,53321662,108,137,
出雲地区,出雲市,53321663,97,124,
出雲地区,出雲市,53321664,109,138,
出雲地区,出雲市,53321665,143,182,
出雲地区,出雲市,53321666,120,152,
出雲地区,出雲市,53321667,125,159,
出雲地区,出雲市,53321668,105,133,
出雲地区,出雲市,53321669,114,145,
出雲地区,出雲市,53321670,107,136,
出雲地区,出雲市,53321671,112,142,
出雲地区,出雲市,53321672,103,131,
出雲地区,出雲市,53321673,108,137,
出雲地区,出雲市,53321674,124,157,
出雲地区,出雲市,53321675,119,151,
出雲地区,出雲市,53321676,109,139,
出雲地区,出雲市,53321677,109,139,
出雲地区,出雲市,53321678,120,152,
出雲地区,出雲市,53321679,114,145,
出雲地区,出雲市,53321683,98,125,
出雲地区,出雲市,53321684,113,144,
出雲地区,出雲市,53321685,114,145,
出雲地区,出雲市,53321686,110,140,
出雲地区,出雲市,53321687,111,141,
出雲地区,出雲市,53321688,109,139,
出雲地区,出雲市,53321689,109,139,
出雲地区,出雲市,53321694,114,－,
出雲地区,出雲市,53321695,109,139,
出雲地区,出雲市,53321696,111,141,
出雲地区,出雲市,53321697,112,142,
出雲地区,出雲市,53321698,110,140,
出雲地区,出雲市,53321699,109,139,
出雲地区,出雲市,53321700,146,－,
出雲地区,出雲市,53321701,146,－,
出雲地区,出雲市,53321702,146,－,
出雲地区,出雲市,53321710,146,－,
出雲地区,出雲市,53321720,146,－,
出雲地区,出雲市,53321730,146,－,
出雲地区,出雲市,53321750,109,138,
出雲地区,出雲市,53321751,118,150,
出雲地区,出雲市,53321752,113,144,
出雲地区,出雲市,53321760,109,138,
出雲地区,出雲市,53321761,125,159,
出雲地区,出雲市,53321762,115,146,
出雲地区,出雲市,53321770,105,133,
出雲地区,出雲市,53321771,120,153,
出雲地区,出雲市,53321772,112,142,
出雲地区,出雲市,53321780,105,133,
出雲地区,出雲市,53321781,105,134,
出雲地区,出雲市,53321782,127,161,
出雲地区,出雲市,53321790,99,126,
出雲地区,出雲市,53321791,109,139,
出雲地区,出雲市,53322606,105,133,
出雲地区,出雲市,53322607,101,129,
出雲地区,出雲市,53322608,109,139,
出雲地区,出雲市,53322609,99,126,
出雲地区,出雲市,53322618,109,－,
出雲地区,出雲市,53322619,104,132,
出雲地区,出雲市,53322700,104,132,
出雲地区,出雲市,53322701,105,133,
出雲地区,出雲市,53322710,109,139,
出雲地区,出雲市,53322711,114,145,
雲南地区,雲南市,52325549,121,154,
雲南地区,雲南市,52325557,116,148,
雲南地区,雲南市,52325558,122,155,
雲南地区,雲南市,52325559,122,155,
雲南地区,雲南市,52325567,122,155,
雲南地区,雲南市,52325568,123,156,
雲南地区,雲南市,52325569,123,156,
雲南地区,雲南市,52325577,115,146,
雲南地区,雲南市,52325578,121,154,
雲南地区,雲南市,52325579,127,161,
雲南地区,雲南市,52325586,118,150,
雲南地区,雲南市,52325587,113,144,
雲南地区,雲南市,52325588,119,151,
雲南地区,雲南市,52325589,120,152,
雲南地区,雲南市,52325596,112,143,
雲南地区,雲南市,52325597,112,142,
雲南地区,雲南市,52325598,112,143,
雲南地区,雲南市,52325599,117,149,
雲南地区,雲南市,52325628,127,162,
雲南地区,雲南市,52325629,123,156,
雲南地区,雲南市,52325635,125,159,
雲南地区,雲南市,52325636,120,153,
雲南地区,雲南市,52325637,120,153,
雲南地区,雲南市,52325638,120,153,
雲南地区,雲南市,52325639,124,158,
雲南地区,雲南市,52325640,127,161,
雲南地区,雲南市,52325641,116,148,
雲南地区,雲南市,52325645,124,158,
雲南地区,雲南市,52325646,124,158,
雲南地区,雲南市,52325647,125,159,
雲南地区,雲南市,52325648,124,158,
雲南地区,雲南市,52325649,120,152,
雲南地区,雲南市,52325650,122,155,
雲南地区,雲南市,52325651,127,162,
雲南地区,雲南市,52325652,122,155,
雲南地区,雲南市,52325655,124,158,
雲南地区,雲南市,52325656,124,158,
雲南地区,雲南市,52325657,124,158,
雲南地区,雲南市,52325658,124,158,
雲南地区,雲南市,52325659,119,151,
雲南地区,雲南市,52325660,122,155,
雲南地区,雲南市,52325661,128,163,
雲南地区,雲南市,52325662,123,156,
雲南地区,雲南市,52325663,126,160,
雲南地区,雲南市,52325664,124,158,
雲南地区,雲南市,52325665,129,164,
雲南地区,雲南市,52325666,130,165,
雲南地区,雲南市,52325667,125,159,
雲南地区,雲南市,52325668,124,158,
雲南地区,雲南市,52325669,124,158,
雲南地区,雲南市,52325670,127,162,
雲南地区,雲南市,52325671,129,164,
雲南地区,雲南市,52325672,128,163,
雲南地区,雲南市,52325673,120,153,
雲南地区,雲南市,52325674,120,152,
雲南地区,雲南市,52325675,124,158,
雲南地区,雲南市,52325676,131,166,
雲南地区,雲南市,52325677,127,161,
雲南地区,雲南市,52325678,126,160,
雲南地区,雲南市,52325679,124,158,
雲南地区,雲南市,52325680,120,153,
雲南地区,雲南市,52325681,121,154,
雲南地区,雲南市,52325682,107,136,
雲南地区,雲南市,52325683,120,153,
雲南地区,雲南市,52325684,124,158,
雲南地区,雲南市,52325685,131,166,
雲南地区,雲南市,52325686,131,167,
雲南地区,雲南市,52325687,122,155,
雲南地区,雲南市,52325688,127,161,
雲南地区,雲南市,52325689,131,167,
雲南地区,雲南市,52325690,118,150,
雲南地区,雲南市,52325691,113,144,
雲南地区,雲南市,52325692,114,145,
雲南地区,雲南市,52325693,124,158,
雲南地区,雲南市,52325694,131,166,
雲南地区,雲南市,52325695,130,165,
雲南地区,雲南市,52325696,124,158,
雲南地区,雲南市,52325697,120,153,
雲南地区,雲南市,52325698,131,167,
雲南地区,雲南市,52325699,131,166,
雲南地区,雲南市,52325720,116,148,
雲南地区,雲南市,52325730,120,153,
雲南地区,雲南市,52325731,127,－,
雲南地区,雲南市,52325740,120,152,
雲南地区,雲南市,52325741,120,152,
雲南地区,雲南市,52325750,119,151,
雲南地区,雲南市,52325751,114,145,
雲南地区,雲南市,52325752,120,152,
雲南地区,雲南市,52325760,119,151,
雲南地区,雲南市,52325761,119,151,
雲南地区,雲南市,52325770,120,152,
雲南地区,雲南市,52325771,129,164,
雲南地区,雲南市,52325780,125,159,
雲南地区,雲南市,52325781,119,151,
雲南地区,雲南市,52325782,123,156,
雲南地区,雲南市,52325783,124,157,
雲南地区,雲南市,52325784,124,158,
雲南地区,雲南市,52325790,125,159,
雲南地区,雲南市,52325791,113,144,
雲南地区,雲南市,52325792,112,142,
雲南地区,雲南市,52325793,122,155,
雲南地区,雲南市,52325794,112,142,
雲南地区,雲南市,52325795,112,142,
雲南地区,雲南市,52326507,116,148,
雲南地区,雲南市,52326509,112,142,
雲南地区,雲南市,52326519,111,141,
雲南地区,雲南市,52326600,106,135,
雲南地区,雲南市,52326601,107,136,
雲南地区,雲南市,52326602,107,136,
雲南地区,雲南市,52326603,119,151,
雲南地区,雲南市,52326604,129,164,
雲南地区,雲南市,52326605,129,164,
雲南地区,雲南市,52326606,123,156,
雲南地区,雲南市,52326607,123,156,
雲南地区,雲南市,52326608,129,164,
雲南地区,雲南市,52326609,120,152,
雲南地区,雲南市,52326610,116,147,
雲南地区,雲南市,52326611,116,147,
雲南地区,雲南市,52326612,107,136,
雲南地区,雲南市,52326613,118,150,
雲南地区,雲南市,52326614,118,150,
雲南地区,雲南市,52326615,122,155,
雲南地区,雲南市,52326616,122,155,
雲南地区,雲南市,52326617,121,154,
雲南地区,雲南市,52326618,112,142,
雲南地区,雲南市,52326619,112,142,
雲南地区,雲南市,52326620,121,154,
雲南地区,雲南市,52326621,120,153,
雲南地区,雲南市,52326622,121,154,
雲南地区,雲南市,52326623,117,149,
雲南地区,雲南市,52326624,124,158,
雲南地区,雲南市,52326625,129,164,
雲南地区,雲南市,52326626,122,155,
雲南地区,雲南市,52326627,121,154,
雲南地区,雲南市,52326628,120,152,
雲南地区,雲南市,52326629,114,145,
雲南地区,雲南市,52326631,125,159,
雲南地区,雲南市,52326632,121,154,
雲南地区,雲南市,52326633,127,162,
雲南地区,雲南市,52326634,129,164,
雲南地区,雲南市,52326635,129,164,
雲南地区,雲南市,52326636,127,162,
雲南地区,雲南市,52326637,126,160,
雲南地区,雲南市,52326638,120,152,
雲南地区,雲南市,52326639,114,145,
雲南地区,雲南市,52326641,131,166,
雲南地区,雲南市,52326642,120,153,
雲南地区,雲南市,52326643,127,161,
雲南地区,雲南市,52326644,128,163,
雲南地区,雲南市,52326645,128,163,
雲南地区,雲南市,52326646,127,161,
雲南地区,雲南市,52326647,125,159,
雲南地区,雲南市,52326648,130,－,
雲南地区,雲南市,52326649,120,152,
雲南地区,雲南市,52326651,114,145,
雲南地区,雲南市,52326652,125,159,
雲南地区,雲南市,52326653,120,153,
雲南地区,雲南市,52326654,126,160,
雲南地区,雲南市,52326655,120,153,
雲南地区,雲南市,52326656,125,159,
雲南地区,雲南市,52326657,130,165,
雲南地区,雲南市,52326658,124,158,
雲南地区,雲南市,52326659,130,165,
雲南地区,雲南市,52326661,119,151,
雲南地区,雲南市,52326662,120,152,
雲南地区,雲南市,52326663,120,152,
雲南地区,雲南市,52326664,120,152,
雲南地区,雲南市,52326665,120,152,
雲南地区,雲南市,52326666,124,158,
雲南地区,雲南市,52326667,124,158,
雲南地区,雲南市,52326668,129,164,
雲南地区,雲南市,52326669,129,164,
雲南地区,雲南市,52326672,124,158,
雲南地区,雲南市,52326673,125,159,
雲南地区,雲南市,52326674,125,159,
雲南地区,雲南市,52326675,124,158,
雲南地区,雲南市,52326676,124,158,
雲南地区,雲南市,52326677,124,158,
雲南地区,雲南市,52326678,124,158,
雲南地区,雲南市,52326679,123,156,
雲南地区,雲南市,52326682,129,164,
雲南地区,雲南市,52326683,131,167,
雲南地区,雲南市,52326684,131,167,
雲南地区,雲南市,52326685,126,160,
雲南地区,雲南市,52326686,124,158,
雲南地区,雲南市,52326687,124,158,
雲南地区,雲南市,52326688,123,156,
雲南地区,雲南市,52326689,122,155,
雲南地区,雲南市,52326693,131,166,
雲南地区,雲南市,52326694,137,174,
雲南地区,雲南市,52326695,131,167,
雲南地区,雲南市,52326696,125,159,
雲南地区,雲南市,52326697,124,157,
雲南地区,雲南市,52326698,122,155,
雲南地区,雲南市,52326699,122,155,
雲南地区,雲南市,52326700,114,145,
雲南地区,雲南市,52326701,107,136,
雲南地区,雲南市,52326702,101,129,
雲南地区,雲南市,52326703,107,136,
雲南地区,雲南市,52326704,107,136,
雲南地区,雲南市,52326705,107,136,
雲南地区,雲南市,52326710,101,129,
雲南地区,雲南市,52326711,106,135,
雲南地区,雲南市,52326712,107,136,
雲南地区,雲南市,52326713,102,130,
雲南地区,雲南市,52326714,109,138,
雲南地区,雲南市,52326715,108,137,
雲南地区,雲南市,52326720,109,139,
雲南地区,雲南市,52326721,127,－,
雲南地区,雲南市,52326722,111,141,
雲南地区,雲南市,52326723,109,138,
雲南地区,雲南市,52326724,119,151,
雲南地区,雲南市,52326725,117,149,
雲南地区,雲南市,52326730,114,145,
雲南地区,雲南市,52326731,127,－,
雲南地区,雲南市,52326732,122,155,
雲南地区,雲南市,52326733,123,156,
雲南地区,雲南市,52326734,118,150,
雲南地区,雲南市,52326735,122,155,
雲南地区,雲南市,52326740,120,152,
雲南地区,雲南市,52326741,121,154,
雲南地区,雲南市,52326742,127,162,
雲南地区,雲南市,52326743,127,162,
雲南地区,雲南市,52326744,121,154,
雲南地区,雲南市,52326745,120,153,
雲南地区,雲南市,52326750,130,165,
雲南地区,雲南市,52326751,125,159,
雲南地区,雲南市,52326752,131,167,
雲南地区,雲南市,52326753,126,160,
雲南地区,雲南市,52326754,125,159,
雲南地区,雲南市,52326755,124,158,
雲南地区,雲南市,52326760,124,157,
雲南地区,雲南市,52326761,124,158,
雲南地区,雲南市,52326762,124,157,
雲南地区,雲南市,52326763,124,158,
雲南地区,雲南市,52326764,124,157,
雲南地区,雲南市,52326765,124,157,
雲南地区,雲南市,52326766,117,149,
雲南地区,雲南市,52326770,117,149,
雲南地区,雲南市,52326771,117,149,
雲南地区,雲南市,52326772,116,148,
雲南地区,雲南市,52326773,116,148,
雲南地区,雲南市,52326774,122,155,
雲南地区,雲南市,52326775,116,148,
雲南地区,雲南市,52326776,116,148,
雲南地区,雲南市,52326780,116,148,
雲南地区,雲南市,52326781,112,142,
雲南地区,雲南市,52326782,122,155,
雲南地区,雲南市,52326783,116,148,
雲南地区,雲南市,52326784,122,155,
雲南地区,雲南市,52326785,116,148,
雲南地区,雲南市,52326786,121,154,
雲南地区,雲南市,52326790,116,148,
雲南地区,雲南市,52326791,116,148,
雲南地区,雲南市,52326792,117,149,
雲南地区,雲南市,52326793,123,156,
雲南地区,雲南市,52326794,117,149,
雲南地区,雲南市,52326795,116,148,
雲南地区,雲南市,52326796,121,154,
雲南地区,雲南市,52327603,123,156,
雲南地区,雲南市,52327604,124,158,
雲南地区,雲南市,52327605,124,158,
雲南地区,雲南市,52327606,136,173,
雲南地区,雲南市,52327607,124,157,
雲南地区,雲南市,52327608,122,155,
雲南地区,雲南市,52327609,112,142,
雲南地区,雲南市,52327613,116,147,
雲南地区,雲南市,52327614,101,129,
雲南地区,雲南市,52327615,124,157,
雲南地区,雲南市,52327616,130,165,
雲南地区,雲南市,52327617,124,157,
雲南地区,雲南市,52327618,116,148,
雲南地区,雲南市,52327619,121,154,
雲南地区,雲南市,52327623,109,139,
雲南地区,雲南市,52327624,109,139,
雲南地区,雲南市,52327625,116,148,
雲南地区,雲南市,52327626,123,156,
雲南地区,雲南市,52327627,117,149,
雲南地区,雲南市,52327628,116,148,
雲南地区,雲南市,52327629,116,148,
雲南地区,雲南市,52327634,105,133,
雲南地区,雲南市,52327635,115,146,
雲南地区,雲南市,52327636,111,141,
雲南地区,雲南市,52327637,111,141,
雲南地区,雲南市,52327638,122,155,
雲南地区,雲南市,52327639,123,156,
雲南地区,雲南市,52327644,114,145,
雲南地区,雲南市,52327645,120,152,
雲南地区,雲南市,52327646,120,152,
雲南地区,雲南市,52327647,115,146,
雲南地区,雲南市,52327648,122,155,
雲南地区,雲南市,52327649,127,162,
雲南地区,雲南市,52327655,120,152,
雲南地区,雲南市,52327656,120,152,
雲南地区,雲南市,52327657,114,145,
雲南地区,雲南市,52327658,120,153,
雲南地区,雲南市,52327659,116,148,
雲南地区,雲南市,52327667,120,152,
雲南地区,雲南市,52327668,109,138,
雲南地区,雲南市,52327669,109,139,
雲南地区,雲南市,52327677,120,153,
雲南地区,雲南市,52327678,109,138,
雲南地区,雲南市,52327679,103,131,
雲南地区,雲南市,52327689,104,132,
雲南地区,雲南市,52327700,116,148,
雲南地区,雲南市,52327701,116,148,
雲南地区,雲南市,52327702,118,150,
雲南地区,雲南市,52327703,124,157,
雲南地区,雲南市,52327704,123,156,
雲南地区,雲南市,52327705,122,155,
雲南地区,雲南市,52327706,120,153,
雲南地区,雲南市,52327707,120,153,
雲南地区,雲南市,52327708,111,141,
雲南地区,雲南市,52327709,106,135,
雲南地区,雲南市,52327710,112,142,
雲南地区,雲南市,52327711,116,148,
雲南地区,雲南市,52327712,116,148,
雲南地区,雲南市,52327713,123,156,
雲南地区,雲南市,52327714,123,156,
雲南地区,雲南市,52327715,116,148,
雲南地区,雲南市,52327716,116,147,
雲南地区,雲南市,52327717,116,147,
雲南地区,雲南市,52327718,112,142,
雲南地区,雲南市,52327719,102,130,
雲南地区,雲南市,52327720,116,148,
雲南地区,雲南市,52327721,112,142,
雲南地区,雲南市,52327722,121,154,
雲南地区,雲南市,52327723,116,148,
雲南地区,雲南市,52327724,116,148,
雲南地区,雲南市,52327725,116,148,
雲南地区,雲南市,52327726,116,148,
雲南地区,雲南市,52327727,111,141,
雲南地区,雲南市,52327728,107,136,
雲南地区,雲南市,52327729,104,132,
雲南地区,雲南市,52327730,117,149,
雲南地区,雲南市,52327731,117,149,
雲南地区,雲南市,52327732,116,148,
雲南地区,雲南市,52327733,116,148,
雲南地区,雲南市,52327734,110,140,
雲南地区,雲南市,52327735,109,139,
雲南地区,雲南市,52327736,105,134,
雲南地区,雲南市,52327737,101,129,
雲南地区,雲南市,52327738,102,130,
雲南地区,雲南市,52327739,109,139,
雲南地区,雲南市,52327740,118,150,
雲南地区,雲南市,52327741,118,150,
雲南地区,雲南市,52327742,112,143,
雲南地区,雲南市,52327743,112,142,
雲南地区,雲南市,52327744,109,139,
雲南地区,雲南市,52327745,105,133,
雲南地区,雲南市,52327746,99,126,
雲南地区,雲南市,52327747,95,121,
雲南地区,雲南市,52327748,101,129,
雲南地区,雲南市,52327749,104,132,
雲南地区,雲南市,52327750,112,142,
雲南地区,雲南市,52327751,112,142,
雲南地区,雲南市,52327752,112,142,
雲南地区,雲南市,52327753,106,135,
雲南地区,雲南市,52327754,110,140,
雲南地区,雲南市,52327755,105,133,
雲南地区,雲南市,52327756,94,120,
雲南地区,雲南市,52327757,94,120,
雲南地区,雲南市,52327758,101,128,
雲南地区,雲南市,52327759,101,129,
雲南地区,雲南市,52327760,109,139,
雲南地区,雲南市,52327761,106,135,
雲南地区,雲南市,52327762,101,129,
雲南地区,雲南市,52327763,101,129,
雲南地区,雲南市,52327764,101,128,
雲南地区,雲南市,52327765,99,126,
雲南地区,雲南市,52327766,94,120,
雲南地区,雲南市,52327767,100,127,
雲南地区,雲南市,52327768,105,134,
雲南地区,雲南市,52327769,106,135,
雲南地区,雲南市,52327770,109,138,
雲南地区,雲南市,52327771,105,133,
雲南地区,雲南市,52327772,101,129,
雲南地区,雲南市,52327773,97,124,
雲南地区,雲南市,52327774,101,129,
雲南地区,雲南市,52327775,105,133,
雲南地区,雲南市,52327776,101,129,
雲南地区,雲南市,52327777,97,124,
雲南地区,雲南市,52327778,101,129,
雲南地区,雲南市,52327779,107,136,
雲南地区,雲南市,52327780,105,133,
雲南地区,雲南市,52327781,105,134,
雲南地区,雲南市,52327782,101,129,
雲南地区,雲南市,52327783,106,135,
雲南地区,雲南市,52327784,96,122,
雲南地区,雲南市,52327785,101,128,
雲南地区,雲南市,52327786,112,142,
雲南地区,雲南市,52327787,99,126,
雲南地区,雲南市,52327788,99,126,
雲南地区,雲南市,52327789,98,125,
雲南地区,雲南市,52327790,105,134,
雲南地区,雲南市,52327791,107,136,
雲南地区,雲南市,52327792,107,136,
雲南地区,雲南市,52327793,111,141,
雲南地区,雲南市,52327794,100,127,
雲南地区,雲南市,52327795,105,133,
雲南地区,雲南市,52327796,97,123,
雲南地区,雲南市,52327797,93,118,
雲南地区,雲南市,52327798,104,132,
雲南地区,雲南市,52327799,104,132,
雲南地区,雲南市,52336091,97,123,
雲南地区,雲南市,52336093,98,125,
雲南地区,雲南市,52336094,103,131,
雲南地区,雲南市,52337000,92,117,
雲南地区,雲南市,52337001,92,117,
雲南地区,雲南市,52337002,99,126,
雲南地区,雲南市,52337003,105,133,
雲南地区,雲南市,52337004,99,126,
雲南地区,雲南市,52337005,98,125,
雲南地区,雲南市,52337010,94,119,
雲南地区,雲南市,52337011,94,120,
雲南地区,雲南市,52337012,101,128,
雲南地区,雲南市,52337013,101,129,
雲南地区,雲南市,52337014,100,127,
雲南地区,雲南市,52337015,94,120,
雲南地区,雲南市,52337020,94,120,
雲南地区,雲南市,52337021,95,121,
雲南地区,雲南市,52337022,100,127,
雲南地区,雲南市,52337023,101,129,
雲南地区,雲南市,52337024,101,129,
雲南地区,雲南市,52337025,101,129,
雲南地区,雲南市,52337030,100,127,
雲南地区,雲南市,52337031,100,127,
雲南地区,雲南市,52337032,100,127,
雲南地区,雲南市,52337033,101,128,
雲南地区,雲南市,52337034,101,129,
雲南地区,雲南市,52337040,99,126,
雲南地区,雲南市,52337041,99,126,
雲南地区,雲南市,52337042,100,127,
雲南地区,雲南市,52337043,101,128,
雲南地区,雲南市,52337044,101,129,
雲南地区,雲南市,52337050,108,137,
雲南地区,雲南市,52337051,109,138,
雲南地区,雲南市,52337052,114,145,
雲南地区,雲南市,52337053,105,133,
雲南地区,雲南市,52337054,106,135,
雲南地区,雲南市,52337060,101,129,
雲南地区,雲南市,52337061,108,137,
雲南地区,雲南市,52337062,104,132,
雲南地区,雲南市,52337063,109,139,
雲南地区,雲南市,52337064,105,133,
雲南地区,雲南市,52337070,97,124,
雲南地区,雲南市,52337071,102,130,
雲南地区,雲南市,52337072,108,137,
雲南地区,雲南市,52337073,109,138,
雲南地区,雲南市,52337074,104,132,
雲南地区,雲南市,52337080,102,130,
雲南地区,雲南市,52337081,112,143,
雲南地区,雲南市,52337082,109,138,
雲南地区,雲南市,52337083,109,139,
雲南地区,雲南市,52337084,105,133,
雲南地区,雲南市,52337090,109,138,
雲南地区,雲南市,52337091,109,138,
雲南地区,雲南市,52337092,114,145,
雲南地区,雲南市,52337093,109,139,
雲南地区,雲南市,52337094,104,132,
雲南地区,雲南市,53320609,109,139,
雲南地区,雲南市,53320619,105,134,
雲南地区,雲南市,53320629,101,129,
雲南地区,雲南市,53320700,106,135,
雲南地区,雲南市,53320701,101,129,
雲南地区,雲南市,53320702,97,123,
雲南地区,雲南市,53320703,92,117,
雲南地区,雲南市,53320704,94,120,
雲南地区,雲南市,53320705,94,120,
雲南地区,雲南市,53320706,95,121,
雲南地区,雲南市,53320707,96,122,
雲南地区,雲南市,53320708,101,129,
雲南地区,雲南市,53320709,107,136,
雲南地区,雲南市,53320710,105,134,
雲南地区,雲南市,53320711,97,124,
雲南地区,雲南市,53320712,112,142,
雲南地区,雲南市,53320713,101,129,
雲南地区,雲南市,53320714,100,127,
雲南地区,雲南市,53320715,99,126,
雲南地区,雲南市,53320716,105,133,
雲南地区,雲南市,53320717,115,146,
雲南地区,雲南市,53320718,109,139,
雲南地区,雲南市,53320719,105,134,
雲南地区,雲南市,53320720,107,136,
雲南地区,雲南市,53320721,108,137,
雲南地区,雲南市,53320722,101,129,
雲南地区,雲南市,53320723,105,133,
雲南地区,雲南市,53320724,105,133,
雲南地区,雲南市,53320725,105,133,
雲南地区,雲南市,53320726,105,133,
雲南地区,雲南市,53320727,110,140,
雲南地区,雲南市,53320728,110,140,
雲南地区,雲南市,53320729,109,139,
雲南地区,雲南市,53320730,122,155,
雲南地区,雲南市,53320731,127,162,
雲南地区,雲南市,53320732,116,148,
雲南地区,雲南市,53320733,109,139,
雲南地区,雲南市,53320734,100,127,
雲南地区,雲南市,53320735,109,139,
雲南地区,雲南市,53320736,105,134,
雲南地区,雲南市,53320737,101,129,
雲南地区,雲南市,53320738,106,135,
雲南地区,雲南市,53320739,110,140,
雲南地区,雲南市,53320741,116,147,
雲南地区,雲南市,53320742,121,154,
雲南地区,雲南市,53320744,100,127,
雲南地区,雲南市,53320745,105,133,
雲南地区,雲南市,53320746,110,140,
雲南地区,雲南市,53320748,107,136,
雲南地区,雲南市,53320749,112,142,
雲南地区,雲南市,53330000,102,130,
雲南地区,雲南市,53330001,103,131,
雲南地区,雲南市,53330002,114,145,
雲南地区,雲南市,53330003,99,126,
雲南地区,雲南市,53330010,111,141,
雲南地区,雲南市,53330011,112,142,
雲南地区,雲南市,53330012,109,138,
雲南地区,雲南市,53330013,105,133,
雲南地区,雲南市,53330020,100,127,
雲南地区,雲南市,53330021,101,129,
雲南地区,雲南市,53330022,102,130,
雲南地区,雲南市,53330023,97,124,
雲南地区,雲南市,53330030,105,133,
雲南地区,雲南市,53330031,110,140,
雲南地区,雲南市,53330032,101,129,
雲南地区,雲南市,53330033,107,136,
雲南地区,雲南市,53330041,111,141,
雲南地区,雲南市,53330042,116,148,
雲南地区,雲南市,53330043,119,151,
雲南地区,奥出雲町,52324795,127,162,
雲南地区,奥出雲町,52324796,124,158,
雲南地区,奥出雲町,52325703,116,148,
雲南地区,奥出雲町,52325704,121,154,
雲南地区,奥出雲町,52325705,121,154,
雲南地区,奥出雲町,52325706,116,148,
雲南地区,奥出雲町,52325707,112,143,
雲南地区,奥出雲町,52325712,122,155,
雲南地区,奥出雲町,52325713,116,148,
雲南地区,奥出雲町,52325714,111,141,
雲南地区,奥出雲町,52325715,114,145,
雲南地区,奥出雲町,52325716,120,152,
雲南地区,奥出雲町,52325717,112,142,
雲南地区,奥出雲町,52325718,112,142,
雲南地区,奥出雲町,52325721,116,148,
雲南地区,奥出雲町,52325722,116,148,
雲南地区,奥出雲町,52325723,116,147,
雲南地区,奥出雲町,52325724,114,145,
雲南地区,奥出雲町,52325725,120,152,
雲南地区,奥出雲町,52325726,114,145,
雲南地区,奥出雲町,52325727,120,－,
雲南地区,奥出雲町,52325728,112,143,
雲南地区,奥出雲町,52325729,114,145,
雲南地区,奥出雲町,52325732,127,－,
雲南地区,奥出雲町,52325733,116,148,
雲南地区,奥出雲町,52325734,116,147,
雲南地区,奥出雲町,52325735,115,146,
雲南地区,奥出雲町,52325736,120,－,
雲南地区,奥出雲町,52325737,120,－,
雲南地区,奥出雲町,52325738,118,150,
雲南地区,奥出雲町,52325739,115,146,
雲南地区,奥出雲町,52325742,127,－,
雲南地区,奥出雲町,52325743,121,154,
雲南地区,奥出雲町,52325744,121,154,
雲南地区,奥出雲町,52325745,116,147,
雲南地区,奥出雲町,52325746,120,152,
雲南地区,奥出雲町,52325747,116,147,
雲南地区,奥出雲町,52325748,116,148,
雲南地区,奥出雲町,52325749,117,149,
雲南地区,奥出雲町,52325753,127,161,
雲南地区,奥出雲町,52325754,122,155,
雲南地区,奥出雲町,52325755,122,155,
雲南地区,奥出雲町,52325756,120,153,
雲南地区,奥出雲町,52325757,120,153,
雲南地区,奥出雲町,52325758,120,153,
雲南地区,奥出雲町,52325759,120,153,
雲南地区,奥出雲町,52325762,124,158,
雲南地区,奥出雲町,52325763,126,160,
雲南地区,奥出雲町,52325764,127,162,
雲南地区,奥出雲町,52325765,122,155,
雲南地区,奥出雲町,52325766,127,161,
雲南地区,奥出雲町,52325767,120,152,
雲南地区,奥出雲町,52325768,120,152,
雲南地区,奥出雲町,52325769,114,145,
雲南地区,奥出雲町,52325772,124,158,
雲南地区,奥出雲町,52325773,131,166,
雲南地区,奥出雲町,52325774,126,160,
雲南地区,奥出雲町,52325775,127,161,
雲南地区,奥出雲町,52325776,126,160,
雲南地区,奥出雲町,52325777,120,153,
雲南地区,奥出雲町,52325778,120,152,
雲南地区,奥出雲町,52325779,114,145,
雲南地区,奥出雲町,52325785,115,146,
雲南地区,奥出雲町,52325786,120,152,
雲南地区,奥出雲町,52325787,120,152,
雲南地区,奥出雲町,52325788,113,144,
雲南地区,奥出雲町,52325789,117,149,
雲南地区,奥出雲町,52325796,118,150,
雲南地区,奥出雲町,52325797,114,145,
雲南地区,奥出雲町,52325798,109,138,
雲南地区,奥出雲町,52325799,118,150,
雲南地区,奥出雲町,52326706,107,136,
雲南地区,奥出雲町,52326707,107,136,
雲南地区,奥出雲町,52326708,108,137,
雲南地区,奥出雲町,52326709,108,137,
雲南地区,奥出雲町,52326716,107,136,
雲南地区,奥出雲町,52326717,112,142,
雲南地区,奥出雲町,52326718,112,143,
雲南地区,奥出雲町,52326719,113,144,
雲南地区,奥出雲町,52326726,116,148,
雲南地区,奥出雲町,52326727,116,148,
雲南地区,奥出雲町,52326728,117,149,
雲南地区,奥出雲町,52326729,119,151,
雲南地区,奥出雲町,52326736,116,147,
雲南地区,奥出雲町,52326737,111,141,
雲南地区,奥出雲町,52326738,117,149,
雲南地区,奥出雲町,52326739,124,158,
雲南地区,奥出雲町,52326746,120,152,
雲南地区,奥出雲町,52326747,115,146,
雲南地区,奥出雲町,52326748,106,135,
雲南地区,奥出雲町,52326749,116,148,
雲南地区,奥出雲町,52326756,124,158,
雲南地区,奥出雲町,52326757,124,158,
雲南地区,奥出雲町,52326758,125,159,
雲南地区,奥出雲町,52326759,120,152,
雲南地区,奥出雲町,52326767,124,157,
雲南地区,奥出雲町,52326768,118,150,
雲南地区,奥出雲町,52326769,118,150,
雲南地区,奥出雲町,52326777,116,148,
雲南地区,奥出雲町,52326778,117,149,
雲南地区,奥出雲町,52326779,116,148,
雲南地区,奥出雲町,52326787,116,148,
雲南地区,奥出雲町,52326788,116,148,
雲南地区,奥出雲町,52326789,116,148,
雲南地区,奥出雲町,52326797,121,154,
雲南地区,奥出雲町,52326798,116,148,
雲南地区,奥出雲町,52326799,111,141,
雲南地区,奥出雲町,52334083,116,147,
雲南地区,奥出雲町,52334092,113,144,
雲南地区,奥出雲町,52334093,114,145,
雲南地区,奥出雲町,52334094,109,139,
雲南地区,奥出雲町,52334190,111,141,
雲南地区,奥出雲町,52335001,112,142,
雲南地区,奥出雲町,52335002,111,141,
雲南地区,奥出雲町,52335003,112,142,
雲南地区,奥出雲町,52335004,117,149,
雲南地区,奥出雲町,52335005,117,149,
雲南地区,奥出雲町,52335006,117,－,
雲南地区,奥出雲町,52335007,117,－,
雲南地区,奥出雲町,52335008,116,148,
雲南地区,奥出雲町,52335009,112,142,
雲南地区,奥出雲町,52335010,113,144,
雲南地区,奥出雲町,52335011,112,142,
雲南地区,奥出雲町,52335012,116,147,
雲南地区,奥出雲町,52335013,112,142,
雲南地区,奥出雲町,52335014,112,142,
雲南地区,奥出雲町,52335015,116,148,
雲南地区,奥出雲町,52335016,115,146,
雲南地区,奥出雲町,52335017,117,－,
雲南地区,奥出雲町,52335018,111,141,
雲南地区,奥出雲町,52335019,112,142,
雲南地区,奥出雲町,52335020,113,144,
雲南地区,奥出雲町,52335021,112,142,
雲南地区,奥出雲町,52335022,110,140,
雲南地区,奥出雲町,52335023,110,140,
雲南地区,奥出雲町,52335024,110,140,
雲南地区,奥出雲町,52335025,109,139,
雲南地区,奥出雲町,52335026,109,139,
雲南地区,奥出雲町,52335027,117,－,
雲南地区,奥出雲町,52335028,110,140,
雲南地区,奥出雲町,52335029,112,142,
雲南地区,奥出雲町,52335030,109,138,
雲南地区,奥出雲町,52335031,112,142,
雲南地区,奥出雲町,52335032,116,147,
雲南地区,奥出雲町,52335033,116,147,
雲南地区,奥出雲町,52335034,110,140,
雲南地区,奥出雲町,52335035,109,138,
雲南地区,奥出雲町,52335036,109,139,
雲南地区,奥出雲町,52335037,109,139,
雲南地区,奥出雲町,52335038,110,140,
雲南地区,奥出雲町,52335039,112,142,
雲南地区,奥出雲町,52335040,112,142,
雲南地区,奥出雲町,52335041,111,141,
雲南地区,奥出雲町,52335042,112,142,
雲南地区,奥出雲町,52335043,123,156,
雲南地区,奥出雲町,52335044,116,148,
雲南地区,奥出雲町,52335045,109,139,
雲南地区,奥出雲町,52335046,108,137,
雲南地区,奥出雲町,52335047,105,133,
雲南地区,奥出雲町,52335048,106,135,
雲南地区,奥出雲町,52335049,106,135,
雲南地区,奥出雲町,52335050,116,147,
雲南地区,奥出雲町,52335051,116,147,
雲南地区,奥出雲町,52335052,122,155,
雲南地区,奥出雲町,52335053,123,156,
雲南地区,奥出雲町,52335054,116,148,
雲南地区,奥出雲町,52335055,109,138,
雲南地区,奥出雲町,52335056,104,132,
雲南地区,奥出雲町,52335057,105,133,
雲南地区,奥出雲町,52335058,105,134,
雲南地区,奥出雲町,52335059,106,135,
雲南地区,奥出雲町,52335060,114,145,
雲南地区,奥出雲町,52335061,120,152,
雲南地区,奥出雲町,52335062,121,154,
雲南地区,奥出雲町,52335063,122,155,
雲南地区,奥出雲町,52335064,110,140,
雲南地区,奥出雲町,52335065,109,139,
雲南地区,奥出雲町,52335066,106,135,
雲南地区,奥出雲町,52335067,112,142,
雲南地区,奥出雲町,52335068,111,141,
雲南地区,奥出雲町,52335069,109,139,
雲南地区,奥出雲町,52335070,109,139,
雲南地区,奥出雲町,52335071,109,139,
雲南地区,奥出雲町,52335072,120,152,
雲南地区,奥出雲町,52335073,115,146,
雲南地区,奥出雲町,52335074,119,151,
雲南地区,奥出雲町,52335075,109,139,
雲南地区,奥出雲町,52335076,112,142,
雲南地区,奥出雲町,52335077,112,142,
雲南地区,奥出雲町,52335078,112,142,
雲南地区,奥出雲町,52335079,114,145,
雲南地区,奥出雲町,52335080,109,138,
雲南地区,奥出雲町,52335081,105,133,
雲南地区,奥出雲町,52335082,109,139,
雲南地区,奥出雲町,52335083,114,145,
雲南地区,奥出雲町,52335084,118,150,
雲南地区,奥出雲町,52335085,109,139,
雲南地区,奥出雲町,52335086,109,139,
雲南地区,奥出雲町,52335087,116,148,
雲南地区,奥出雲町,52335088,112,142,
雲南地区,奥出雲町,52335089,114,145,
雲南地区,奥出雲町,52335090,109,138,
雲南地区,奥出雲町,52335091,109,138,
雲南地区,奥出雲町,52335092,118,150,
雲南地区,奥出雲町,52335093,113,144,
雲南地区,奥出雲町,52335094,113,144,
雲南地区,奥出雲町,52335095,109,138,
雲南地区,奥出雲町,52335096,105,133,
雲南地区,奥出雲町,52335097,110,140,
雲南地区,奥出雲町,52335098,110,140,
雲南地区,奥出雲町,52335099,114,145,
雲南地区,奥出雲町,52335100,112,142,
雲南地区,奥出雲町,52335110,117,149,
雲南地区,奥出雲町,52335120,112,142,
雲南地区,奥出雲町,52335121,112,142,
雲南地区,奥出雲町,52335130,112,142,
雲南地区,奥出雲町,52335140,112,－,
雲南地区,奥出雲町,52335150,105,134,
雲南地区,奥出雲町,52335151,105,133,
雲南地区,奥出雲町,52335160,114,145,
雲南地区,奥出雲町,52335161,119,－,
雲南地区,奥出雲町,52335170,114,145,
雲南地区,奥出雲町,52335171,119,151,
雲南地区,奥出雲町,52335180,113,144,
雲南地区,奥出雲町,52335181,118,150,
雲南地区,奥出雲町,52335182,119,151,
雲南地区,奥出雲町,52335183,114,145,
雲南地区,奥出雲町,52335190,113,144,
雲南地区,奥出雲町,52335191,114,145,
雲南地区,奥出雲町,52335192,114,145,
雲南地区,奥出雲町,52335193,114,145,
雲南地区,奥出雲町,52335194,114,145,
雲南地区,奥出雲町,52336000,109,138,
雲南地区,奥出雲町,52336001,108,137,
雲南地区,奥出雲町,52336002,108,137,
雲南地区,奥出雲町,52336003,112,143,
雲南地区,奥出雲町,52336004,107,136,
雲南地区,奥出雲町,52336005,107,136,
雲南地区,奥出雲町,52336006,104,132,
雲南地区,奥出雲町,52336007,110,140,
雲南地区,奥出雲町,52336008,111,141,
雲南地区,奥出雲町,52336009,110,140,
雲南地区,奥出雲町,52336010,118,150,
雲南地区,奥出雲町,52336011,113,144,
雲南地区,奥出雲町,52336012,112,142,
雲南地区,奥出雲町,52336013,112,142,
雲南地区,奥出雲町,52336014,112,－,
雲南地区,奥出雲町,52336015,107,136,
雲南地区,奥出雲町,52336016,113,144,
雲南地区,奥出雲町,52336017,109,139,
雲南地区,奥出雲町,52336018,114,145,
雲南地区,奥出雲町,52336019,116,147,
雲南地区,奥出雲町,52336020,120,152,
雲南地区,奥出雲町,52336021,112,143,
雲南地区,奥出雲町,52336022,116,148,
雲南地区,奥出雲町,52336023,111,141,
雲南地区,奥出雲町,52336024,110,140,
雲南地区,奥出雲町,52336025,110,140,
雲南地区,奥出雲町,52336026,111,141,
雲南地区,奥出雲町,52336027,107,136,
雲南地区,奥出雲町,52336028,112,143,
雲南地区,奥出雲町,52336029,109,138,
雲南地区,奥出雲町,52336030,124,158,
雲南地区,奥出雲町,52336031,118,150,
雲南地区,奥出雲町,52336032,116,148,
雲南地区,奥出雲町,52336033,110,140,
雲南地区,奥出雲町,52336034,109,139,
雲南地区,奥出雲町,52336035,109,139,
雲南地区,奥出雲町,52336036,109,139,
雲南地区,奥出雲町,52336037,110,140,
雲南地区,奥出雲町,52336038,111,141,
雲南地区,奥出雲町,52336039,116,148,
雲南地区,奥出雲町,52336040,117,149,
雲南地区,奥出雲町,52336041,116,148,
雲南地区,奥出雲町,52336042,110,140,
雲南地区,奥出雲町,52336043,109,139,
雲南地区,奥出雲町,52336044,109,138,
雲南地区,奥出雲町,52336045,104,132,
雲南地区,奥出雲町,52336046,104,132,
雲南地区,奥出雲町,52336047,109,138,
雲南地区,奥出雲町,52336048,109,139,
雲南地区,奥出雲町,52336049,114,145,
雲南地区,奥出雲町,52336050,110,140,
雲南地区,奥出雲町,52336051,109,139,
雲南地区,奥出雲町,52336052,109,139,
雲南地区,奥出雲町,52336053,105,133,
雲南地区,奥出雲町,52336054,104,132,
雲南地区,奥出雲町,52336055,107,136,
雲南地区,奥出雲町,52336056,108,137,
雲南地区,奥出雲町,52336057,109,139,
雲南地区,奥出雲町,52336058,109,139,
雲南地区,奥出雲町,52336060,109,138,
雲南地区,奥出雲町,52336061,109,138,
雲南地区,奥出雲町,52336062,109,139,
雲南地区,奥出雲町,52336063,109,139,
雲南地区,奥出雲町,52336064,105,133,
雲南地区,奥出雲町,52336065,104,132,
雲南地区,奥出雲町,52336066,108,137,
雲南地区,奥出雲町,52336067,113,144,
雲南地区,奥出雲町,52336070,102,130,
雲南地区,奥出雲町,52336071,103,131,
雲南地区,奥出雲町,52336072,105,133,
雲南地区,奥出雲町,52336073,105,134,
雲南地区,奥出雲町,52336074,105,133,
雲南地区,奥出雲町,52336075,104,132,
雲南地区,奥出雲町,52336076,102,130,
雲南地区,奥出雲町,52336077,107,136,
雲南地区,奥出雲町,52336078,105,133,
雲南地区,奥出雲町,52336080,101,129,
雲南地区,奥出雲町,52336081,101,129,
雲南地区,奥出雲町,52336082,103,131,
雲南地区,奥出雲町,52336083,105,133,
雲南地区,奥出雲町,52336084,105,133,
雲南地区,奥出雲町,52336085,103,131,
雲南地区,奥出雲町,52336086,103,131,
雲南地区,奥出雲町,52336087,108,137,
雲南地区,奥出雲町,52336090,101,128,
雲南地区,奥出雲町,52336092,97,124,
雲南地区,奥出雲町,52336095,103,131,
雲南地区,奥出雲町,52336096,102,130,
雲南地区,奥出雲町,52336097,107,136,
雲南地区,奥出雲町,52336100,110,140,
雲南地区,奥出雲町,52336101,115,146,
雲南地区,奥出雲町,52336102,114,145,
雲南地区,奥出雲町,52336103,114,145,
雲南地区,奥出雲町,52336104,113,144,
雲南地区,奥出雲町,52336105,114,－,
雲南地区,奥出雲町,52336110,120,152,
雲南地区,奥出雲町,52336111,115,146,
雲南地区,奥出雲町,52336112,114,145,
雲南地区,奥出雲町,52336113,112,143,
雲南地区,奥出雲町,52336114,112,142,
雲南地区,奥出雲町,52336120,114,145,
雲南地区,奥出雲町,52336121,112,143,
雲南地区,奥出雲町,52336122,112,142,
雲南地区,奥出雲町,52336123,110,140,
雲南地区,奥出雲町,52336124,111,141,
雲南地区,奥出雲町,52336130,116,148,
雲南地区,奥出雲町,52336131,116,148,
雲南地区,奥出雲町,52336132,110,140,
雲南地区,奥出雲町,52336133,109,139,
雲南地区,奥出雲町,52336134,109,139,
雲南地区,奥出雲町,52336140,115,146,
雲南地区,奥出雲町,52336141,114,145,
雲南地区,奥出雲町,52336142,114,145,
雲南地区,奥出雲町,52336143,109,139,
雲南地区,飯南町,52323545,117,149,
雲南地区,飯南町,52323546,124,158,
雲南地区,飯南町,52323547,125,159,
雲南地区,飯南町,52323555,135,171,
雲南地区,飯南町,52323556,142,180,
雲南地区,飯南町,52323557,137,174,
雲南地区,飯南町,52323558,138,175,
雲南地区,飯南町,52323559,139,176,
雲南地区,飯南町,52323563,135,172,
雲南地区,飯南町,52323564,142,180,
雲南地区,飯南町,52323565,142,180,
雲南地区,飯南町,52323566,142,180,
雲南地区,飯南町,52323567,138,175,
雲南地区,飯南町,52323568,145,184,
雲南地区,飯南町,52323569,145,184,
雲南地区,飯南町,52323572,142,181,
雲南地区,飯南町,52323573,142,181,
雲南地区,飯南町,52323574,142,180,
雲南地区,飯南町,52323575,142,180,
雲南地区,飯南町,52323576,137,174,
雲南地区,飯南町,52323577,122,155,
雲南地区,飯南町,52323578,127,161,
雲南地区,飯南町,52323579,139,176,
雲南地区,飯南町,52323582,149,189,
雲南地区,飯南町,52323583,157,199,
雲南地区,飯南町,52323584,150,190,
雲南地区,飯南町,52323585,137,174,
雲南地区,飯南町,52323586,138,175,
雲南地区,飯南町,52323587,139,177,
雲南地区,飯南町,52323588,139,176,
雲南地区,飯南町,52323589,132,168,
雲南地区,飯南町,52323593,143,182,
雲南地区,飯南町,52323594,150,190,
雲南地区,飯南町,52323595,144,183,
雲南地区,飯南町,52323596,139,177,
雲南地区,飯南町,52323597,129,164,
雲南地区,飯南町,52323598,139,176,
雲南地区,飯南町,52323599,127,161,
雲南地区,飯南町,52323670,139,177,
雲南地区,飯南町,52323680,132,168,
雲南地区,飯南町,52323690,131,167,
雲南地区,飯南町,52324503,142,181,
雲南地区,飯南町,52324504,143,182,
雲南地区,飯南町,52324505,139,177,
雲南地区,飯南町,52324506,140,178,
雲南地区,飯南町,52324507,139,177,
雲南地区,飯南町,52324508,132,168,
雲南地区,飯南町,52324509,120,153,
雲南地区,飯南町,52324514,131,167,
雲南地区,飯南町,52324515,139,176,
雲南地区,飯南町,52324516,133,169,
雲南地区,飯南町,52324517,132,168,
雲南地区,飯南町,52324518,126,160,
雲南地区,飯南町,52324519,120,152,
雲南地区,飯南町,52324525,133,169,
雲南地区,飯南町,52324526,131,167,
雲南地区,飯南町,52324527,126,160,
雲南地区,飯南町,52324528,120,153,
雲南地区,飯南町,52324529,120,152,
雲南地区,飯南町,52324537,126,160,
雲南地区,飯南町,52324538,116,147,
雲南地区,飯南町,52324539,125,159,
雲南地区,飯南町,52324547,122,155,
雲南地区,飯南町,52324548,116,148,
雲南地区,飯南町,52324549,116,147,
雲南地区,飯南町,52324557,122,155,
雲南地区,飯南町,52324558,116,148,
雲南地区,飯南町,52324559,127,161,
雲南地区,飯南町,52324568,126,160,
雲南地区,飯南町,52324569,116,148,
雲南地区,飯南町,52324576,121,154,
雲南地区,飯南町,52324577,121,154,
雲南地区,飯南町,52324578,126,160,
雲南地区,飯南町,52324579,127,161,
雲南地区,飯南町,52324585,120,153,
雲南地区,飯南町,52324586,120,153,
雲南地区,飯南町,52324587,131,－,
雲南地区,飯南町,52324588,131,－,
雲南地区,飯南町,52324589,120,153,
雲南地区,飯南町,52324594,114,145,
雲南地区,飯南町,52324595,115,146,
雲南地区,飯南町,52324596,120,152,
雲南地区,飯南町,52324597,120,152,
雲南地区,飯南町,52324598,131,－,
雲南地区,飯南町,52324599,131,－,
雲南地区,飯南町,52324600,120,152,
雲南地区,飯南町,52324601,126,160,
雲南地区,飯南町,52324602,122,155,
雲南地区,飯南町,52324610,120,152,
雲南地区,飯南町,52324611,120,152,
雲南地区,飯南町,52324612,120,152,
雲南地区,飯南町,52324620,120,152,
雲南地区,飯南町,52324621,120,152,
雲南地区,飯南町,52324622,124,158,
雲南地区,飯南町,52324623,126,160,
雲南地区,飯南町,52324630,119,151,
雲南地区,飯南町,52324631,114,145,
雲南地区,飯南町,52324632,124,158,
雲南地区,飯南町,52324633,131,167,
雲南地区,飯南町,52324634,127,161,
雲南地区,飯南町,52324640,116,147,
雲南地区,飯南町,52324641,121,154,
雲南地区,飯南町,52324642,127,161,
雲南地区,飯南町,52324643,127,162,
雲南地区,飯南町,52324644,134,170,
雲南地区,飯南町,52324650,123,156,
雲南地区,飯南町,52324651,129,164,
雲南地区,飯南町,52324652,135,172,
雲南地区,飯南町,52324653,131,166,
雲南地区,飯南町,52324654,135,171,
雲南地区,飯南町,52324655,134,170,
雲南地区,飯南町,52324660,129,164,
雲南地区,飯南町,52324661,142,180,
雲南地区,飯南町,52324662,136,173,
雲南地区,飯南町,52324663,131,166,
雲南地区,飯南町,52324664,136,173,
雲南地区,飯南町,52324665,135,171,
雲南地区,飯南町,52324666,135,171,
雲南地区,飯南町,52324670,134,170,
雲南地区,飯南町,52324671,129,164,
雲南地区,飯南町,52324672,129,164,
雲南地区,飯南町,52324673,127,162,
雲南地区,飯南町,52324674,134,170,
雲南地区,飯南町,52324675,134,170,
雲南地区,飯南町,52324680,131,167,
雲南地区,飯南町,52324681,133,169,
雲南地区,飯南町,52324682,127,162,
雲南地区,飯南町,52324683,127,162,
雲南地区,飯南町,52324684,127,162,
雲南地区,飯南町,52324685,133,169,
雲南地区,飯南町,52324686,135,171,
雲南地区,飯南町,52324690,125,159,
雲南地区,飯南町,52324691,131,167,
雲南地区,飯南町,52324692,139,177,
雲南地区,飯南町,52324693,127,161,
雲南地区,飯南町,52324694,127,161,
雲南地区,飯南町,52324695,126,160,
雲南地区,飯南町,52324696,122,155,
雲南地区,飯南町,52324697,129,164,
雲南地区,飯南町,52325503,119,151,
雲南地区,飯南町,52325504,119,151,
雲南地区,飯南町,52325505,119,151,
雲南地区,飯南町,52325506,120,152,
雲南地区,飯南町,52325507,120,152,
雲南地区,飯南町,52325508,124,158,
雲南地区,飯南町,52325509,120,153,
雲南地区,飯南町,52325513,119,151,
雲南地区,飯南町,52325514,124,158,
雲南地区,飯南町,52325515,124,158,
雲南地区,飯南町,52325516,125,159,
雲南地区,飯南町,52325517,124,158,
雲南地区,飯南町,52325518,125,159,
雲南地区,飯南町,52325519,121,154,
雲南地区,飯南町,52325523,124,158,
雲南地区,飯南町,52325524,120,153,
雲南地区,飯南町,52325525,131,167,
雲南地区,飯南町,52325526,131,167,
雲南地区,飯南町,52325527,131,166,
雲南地区,飯南町,52325528,131,167,
雲南地区,飯南町,52325529,131,167,
雲南地区,飯南町,52325534,126,160,
雲南地区,飯南町,52325535,127,161,
雲南地区,飯南町,52325536,127,161,
雲南地区,飯南町,52325537,126,160,
雲南地区,飯南町,52325538,126,160,
雲南地区,飯南町,52325539,126,160,
雲南地区,飯南町,52325542,120,152,
雲南地区,飯南町,52325543,120,152,
雲南地区,飯南町,52325544,121,154,
雲南地区,飯南町,52325545,122,155,
雲南地区,飯南町,52325546,121,154,
雲南地区,飯南町,52325547,121,154,
雲南地区,飯南町,52325548,126,160,
雲南地区,飯南町,52325551,120,152,
雲南地区,飯南町,52325552,114,145,
雲南地区,飯南町,52325553,120,152,
雲南地区,飯南町,52325554,120,153,
雲南地区,飯南町,52325555,115,146,
雲南地区,飯南町,52325556,116,147,
雲南地区,飯南町,52325561,124,158,
雲南地区,飯南町,52325562,120,152,
雲南地区,飯南町,52325563,119,151,
雲南地区,飯南町,52325564,114,145,
雲南地区,飯南町,52325565,114,145,
雲南地区,飯南町,52325566,115,146,
雲南地区,飯南町,52325571,135,171,
雲南地区,飯南町,52325572,129,164,
雲南地区,飯南町,52325573,129,164,
雲南地区,飯南町,52325574,119,151,
雲南地区,飯南町,52325575,119,151,
雲南地区,飯南町,52325576,114,145,
雲南地区,飯南町,52325582,124,157,
雲南地区,飯南町,52325583,124,157,
雲南地区,飯南町,52325584,113,144,
雲南地区,飯南町,52325585,124,－,
雲南地区,飯南町,52325593,118,150,
雲南地区,飯南町,52325594,124,－,
雲南地区,飯南町,52325600,127,161,
雲南地区,飯南町,52325601,116,148,
雲南地区,飯南町,52325602,133,169,
雲南地区,飯南町,52325603,132,168,
雲南地区,飯南町,52325604,126,160,
雲南地区,飯南町,52325605,125,159,
雲南地区,飯南町,52325606,127,161,
雲南地区,飯南町,52325607,130,165,
雲南地区,飯南町,52325610,126,160,
雲南地区,飯南町,52325611,126,160,
雲南地区,飯南町,52325612,101,129,
雲南地区,飯南町,52325613,120,153,
雲南地区,飯南町,52325614,120,152,
雲南地区,飯南町,52325615,125,159,
雲南地区,飯南町,52325616,126,160,
雲南地区,飯南町,52325617,129,164,
雲南地区,飯南町,52325618,136,173,
雲南地区,飯南町,52325620,126,160,
雲南地区,飯南町,52325621,120,153,
雲南地区,飯南町,52325622,120,152,
雲南地区,飯南町,52325623,120,152,
雲南地区,飯南町,52325624,120,152,
雲南地区,飯南町,52325625,125,159,
雲南地区,飯南町,52325626,122,155,
雲南地区,飯南町,52325627,128,163,
雲南地区,飯南町,52325630,126,160,
雲南地区,飯南町,52325631,127,161,
雲南地区,飯南町,52325632,120,153,
雲南地区,飯南町,52325633,120,152,
雲南地区,飯南町,52325634,120,152,
雲南地区,飯南町,52325642,121,154,
雲南地区,飯南町,52325643,120,153,
雲南地区,飯南町,52325644,115,146,
雲南地区,飯南町,52325653,126,160,
雲南地区,飯南町,52325654,114,145,
雲南地区,飯南町,52326503,120,152,
雲南地区,飯南町,52326504,119,151,
大田邑智地区,大田市,52324219,107,141,
大田邑智地区,大田市,52324229,109,144,
大田邑智地区,大田市,52324239,109,144,
大田邑智地区,大田市,52324249,104,138,
大田邑智地区,大田市,52324258,104,137,
大田邑智地区,大田市,52324259,109,144,
大田邑智地区,大田市,52324267,97,128,
大田邑智地区,大田市,52324268,98,130,
大田邑智地区,大田市,52324269,99,131,
大田邑智地区,大田市,52324275,93,123,
大田邑智地区,大田市,52324276,97,128,
大田邑智地区,大田市,52324277,98,129,
大田邑智地区,大田市,52324278,98,129,
大田邑智地区,大田市,52324279,102,135,
大田邑智地区,大田市,52324285,97,128,
大田邑智地区,大田市,52324286,103,136,
大田邑智地区,大田市,52324287,103,136,
大田邑智地区,大田市,52324288,103,136,
大田邑智地区,大田市,52324289,107,141,
大田邑智地区,大田市,52324295,103,－,
大田邑智地区,大田市,52324296,102,135,
大田邑智地区,大田市,52324297,107,142,
大田邑智地区,大田市,52324298,107,142,
大田邑智地区,大田市,52324299,107,141,
大田邑智地区,大田市,52324300,105,139,
大田邑智地区,大田市,52324310,110,146,
大田邑智地区,大田市,52324311,110,146,
大田邑智地区,大田市,52324320,110,146,
大田邑智地区,大田市,52324321,126,167,
大田邑智地区,大田市,52324322,126,167,
大田邑智地区,大田市,52324323,115,152,
大田邑智地区,大田市,52324324,109,144,
大田邑智地区,大田市,52324326,104,138,
大田邑智地区,大田市,52324330,110,145,
大田邑智地区,大田市,52324331,111,147,
大田邑智地区,大田市,52324332,112,148,
大田邑智地区,大田市,52324333,116,153,
大田邑智地区,大田市,52324334,110,145,
大田邑智地区,大田市,52324335,113,149,
大田邑智地区,大田市,52324336,113,149,
大田邑智地区,大田市,52324340,105,139,
大田邑智地区,大田市,52324341,105,139,
大田邑智地区,大田市,52324342,101,134,
大田邑智地区,大田市,52324343,104,138,
大田邑智地区,大田市,52324344,99,131,
大田邑智地区,大田市,52324345,103,136,
大田邑智地区,大田市,52324346,103,136,
大田邑智地区,大田市,52324347,98,130,
大田邑智地区,大田市,52324350,101,133,
大田邑智地区,大田市,52324351,104,138,
大田邑智地区,大田市,52324352,99,131,
大田邑智地区,大田市,52324353,99,131,
大田邑智地区,大田市,52324354,99,131,
大田邑智地区,大田市,52324355,95,125,
大田邑智地区,大田市,52324356,103,136,
大田邑智地区,大田市,52324357,102,135,
大田邑智地区,大田市,52324360,104,137,
大田邑智地区,大田市,52324361,103,136,
大田邑智地区,大田市,52324362,103,136,
大田邑智地区,大田市,52324363,103,136,
大田邑智地区,大田市,52324364,99,131,
大田邑智地区,大田市,52324365,103,136,
大田邑智地区,大田市,52324366,107,141,
大田邑智地区,大田市,52324367,107,141,
大田邑智地区,大田市,52324370,103,136,
大田邑智地区,大田市,52324371,107,141,
大田邑智地区,大田市,52324372,102,135,
大田邑智地区,大田市,52324373,103,136,
大田邑智地区,大田市,52324374,98,130,
大田邑智地区,大田市,52324375,103,136,
大田邑智地区,大田市,52324376,107,141,
大田邑智地区,大田市,52324377,107,141,
大田邑智地区,大田市,52324378,101,134,
大田邑智地区,大田市,52324380,110,146,
大田邑智地区,大田市,52324381,111,147,
大田邑智地区,大田市,52324382,107,141,
大田邑智地区,大田市,52324383,102,135,
大田邑智地区,大田市,52324384,102,135,
大田邑智地区,大田市,52324385,103,136,
大田邑智地区,大田市,52324386,111,147,
大田邑智地区,大田市,52324387,107,141,
大田邑智地区,大田市,52324390,102,135,
大田邑智地区,大田市,52324391,102,135,
大田邑智地区,大田市,52324392,103,136,
大田邑智地区,大田市,52324393,97,128,
大田邑智地区,大田市,52324394,102,135,
大田邑智地区,大田市,52324395,112,148,
大田邑智地区,大田市,52324396,107,141,
大田邑智地区,大田市,52324397,107,141,
大田邑智地区,大田市,52325205,103,－,
大田邑智地区,大田市,52325206,101,133,
大田邑智地区,大田市,52325207,107,141,
大田邑智地区,大田市,52325208,113,149,
大田邑智地区,大田市,52325209,113,149,
大田邑智地区,大田市,52325216,103,136,
大田邑智地区,大田市,52325217,110,145,
大田邑智地区,大田市,52325218,112,148,
大田邑智地区,大田市,52325219,122,161,
大田邑智地区,大田市,52325226,113,－,
大田邑智地区,大田市,52325227,113,149,
大田邑智地区,大田市,52325228,110,146,
大田邑智地区,大田市,52325229,110,146,
大田邑智地区,大田市,52325238,104,138,
大田邑智地区,大田市,52325239,105,139,
大田邑智地区,大田市,52325249,109,144,
大田邑智地区,大田市,52325259,109,－,
大田邑智地区,大田市,52325300,107,141,
大田邑智地区,大田市,52325301,102,135,
大田邑智地区,大田市,52325302,93,123,
大田邑智地区,大田市,52325303,103,136,
大田邑智地区,大田市,52325304,103,136,
大田邑智地区,大田市,52325305,104,138,
大田邑智地区,大田市,52325306,104,138,
大田邑智地区,大田市,52325307,104,138,
大田邑智地区,大田市,52325308,103,136,
大田邑智地区,大田市,52325310,112,148,
大田邑智地区,大田市,52325311,107,141,
大田邑智地区,大田市,52325312,106,140,
大田邑智地区,大田市,52325313,107,141,
大田邑智地区,大田市,52325314,113,149,
大田邑智地区,大田市,52325315,104,138,
大田邑智地区,大田市,52325316,104,138,
大田邑智地区,大田市,52325317,113,149,
大田邑智地区,大田市,52325318,103,136,
大田邑智地区,大田市,52325320,110,146,
大田邑智地区,大田市,52325321,106,140,
大田邑智地区,大田市,52325322,107,141,
大田邑智地区,大田市,52325323,107,141,
大田邑智地区,大田市,52325324,107,142,
大田邑智地区,大田市,52325325,109,144,
大田邑智地区,大田市,52325326,113,149,
大田邑智地区,大田市,52325327,103,136,
大田邑智地区,大田市,52325328,103,136,
大田邑智地区,大田市,52325329,107,142,
大田邑智地区,大田市,52325330,110,145,
大田邑智地区,大田市,52325331,106,140,
大田邑智地区,大田市,52325332,107,141,
大田邑智地区,大田市,52325333,107,141,
大田邑智地区,大田市,52325334,107,142,
大田邑智地区,大田市,52325335,103,136,
大田邑智地区,大田市,52325336,103,136,
大田邑智地区,大田市,52325337,103,136,
大田邑智地区,大田市,52325338,103,136,
大田邑智地区,大田市,52325339,103,136,
大田邑智地区,大田市,52325340,104,138,
大田邑智地区,大田市,52325341,101,133,
大田邑智地区,大田市,52325342,105,139,
大田邑智地区,大田市,52325343,107,141,
大田邑智地区,大田市,52325344,102,135,
大田邑智地区,大田市,52325345,107,141,
大田邑智地区,大田市,52325346,107,141,
大田邑智地区,大田市,52325347,107,141,
大田邑智地区,大田市,52325348,102,135,
大田邑智地区,大田市,52325349,102,135,
大田邑智地区,大田市,52325350,104,137,
大田邑智地区,大田市,52325351,104,138,
大田邑智地区,大田市,52325352,104,138,
大田邑智地区,大田市,52325353,105,139,
大田邑智地区,大田市,52325354,106,140,
大田邑智地区,大田市,52325355,110,146,
大田邑智地区,大田市,52325356,117,154,
大田邑智地区,大田市,52325357,116,153,
大田邑智地区,大田市,52325358,110,146,
大田邑智地区,大田市,52325359,110,146,
大田邑智地区,大田市,52325361,103,136,
大田邑智地区,大田市,52325362,104,138,
大田邑智地区,大田市,52325363,95,126,
大田邑智地区,大田市,52325364,101,133,
大田邑智地区,大田市,52325365,104,138,
大田邑智地区,大田市,52325366,106,140,
大田邑智地区,大田市,52325367,106,140,
大田邑智地区,大田市,52325368,105,139,
大田邑智地区,大田市,52325369,110,146,
大田邑智地区,大田市,52325370,113,－,
大田邑智地区,大田市,52325371,104,137,
大田邑智地区,大田市,52325372,109,144,
大田邑智地区,大田市,52325373,100,132,
大田邑智地区,大田市,52325374,99,131,
大田邑智地区,大田市,52325375,104,138,
大田邑智地区,大田市,52325376,104,138,
大田邑智地区,大田市,52325377,110,145,
大田邑智地区,大田市,52325378,115,152,
大田邑智地区,大田市,52325379,111,147,
大田邑智地区,大田市,52325381,113,149,
大田邑智地区,大田市,52325382,119,157,
大田邑智地区,大田市,52325383,109,144,
大田邑智地区,大田市,52325384,108,143,
大田邑智地区,大田市,52325385,113,149,
大田邑智地区,大田市,52325386,117,155,
大田邑智地区,大田市,52325387,114,151,
大田邑智地区,大田市,52325388,115,152,
大田邑智地区,大田市,52325389,117,154,
大田邑智地区,大田市,52325392,112,148,
大田邑智地区,大田市,52325393,107,142,
大田邑智地区,大田市,52325394,112,148,
大田邑智地区,大田市,52325395,112,148,
大田邑智地区,大田市,52325396,117,155,
大田邑智地区,大田市,52325397,118,156,
大田邑智地区,大田市,52325398,114,151,
大田邑智地区,大田市,52325399,126,167,
大田邑智地区,大田市,52325419,114,150,
大田邑智地区,大田市,52325420,107,141,
大田邑智地区,大田市,52325421,107,141,
大田邑智地区,大田市,52325429,105,139,
大田邑智地区,大田市,52325430,103,136,
大田邑智地区,大田市,52325431,102,135,
大田邑智地区,大田市,52325432,102,135,
大田邑智地区,大田市,52325439,115,152,
大田邑智地区,大田市,52325440,107,141,
大田邑智地区,大田市,52325441,115,152,
大田邑智地区,大田市,52325442,106,140,
大田邑智地区,大田市,52325443,101,134,
大田邑智地区,大田市,52325444,107,141,
大田邑智地区,大田市,52325445,113,149,
大田邑智地区,大田市,52325446,113,149,
大田邑智地区,大田市,52325447,113,149,
大田邑智地区,大田市,52325448,114,150,
大田邑智地区,大田市,52325449,110,146,
大田邑智地区,大田市,52325450,115,152,
大田邑智地区,大田市,52325451,101,133,
大田邑智地区,大田市,52325452,101,133,
大田邑智地区,大田市,52325453,101,133,
大田邑智地区,大田市,52325454,116,153,
大田邑智地区,大田市,52325455,111,147,
大田邑智地区,大田市,52325456,111,147,
大田邑智地区,大田市,52325457,117,154,
大田邑智地区,大田市,52325458,113,149,
大田邑智地区,大田市,52325459,110,145,
大田邑智地区,大田市,52325460,110,146,
大田邑智地区,大田市,52325461,110,145,
大田邑智地区,大田市,52325462,114,151,
大田邑智地区,大田市,52325463,118,156,
大田邑智地区,大田市,52325464,120,158,
大田邑智地区,大田市,52325465,126,167,
大田邑智地区,大田市,52325466,120,159,
大田邑智地区,大田市,52325467,116,153,
大田邑智地区,大田市,52325468,122,161,
大田邑智地区,大田市,52325469,118,156,
大田邑智地区,大田市,52325470,117,154,
大田邑智地区,大田市,52325471,120,159,
大田邑智地区,大田市,52325472,114,150,
大田邑智地区,大田市,52325473,118,156,
大田邑智地区,大田市,52325474,118,156,
大田邑智地区,大田市,52325475,125,165,
大田邑智地区,大田市,52325476,120,159,
大田邑智地区,大田市,52325477,120,159,
大田邑智地区,大田市,52325478,121,160,
大田邑智地区,大田市,52325479,123,162,
大田邑智地区,大田市,52325480,122,161,
大田邑智地区,大田市,52325481,120,159,
大田邑智地区,大田市,52325482,113,149,
大田邑智地区,大田市,52325483,113,149,
大田邑智地区,大田市,52325484,114,150,
大田邑智地区,大田市,52325485,120,158,
大田邑智地区,大田市,52325486,110,146,
大田邑智地区,大田市,52325487,121,160,
大田邑智地区,大田市,52325488,122,161,
大田邑智地区,大田市,52325489,117,155,
大田邑智地区,大田市,52325490,120,159,
大田邑智地区,大田市,52325491,119,157,
大田邑智地区,大田市,52325492,113,149,
大田邑智地区,大田市,52325493,114,150,
大田邑智地区,大田市,52325494,126,166,
大田邑智地区,大田市,52325495,120,159,
大田邑智地区,大田市,52325496,114,151,
大田邑智地区,大田市,52325497,117,154,
大田邑智地区,大田市,52325498,123,162,
大田邑智地区,大田市,52325499,117,155,
大田邑智地区,大田市,52325511,109,144,
大田邑智地区,大田市,52325512,109,144,
大田邑智地区,大田市,52325520,110,146,
大田邑智地区,大田市,52325521,110,146,
大田邑智地区,大田市,52325522,109,144,
大田邑智地区,大田市,52325530,117,154,
大田邑智地区,大田市,52325531,110,146,
大田邑智地区,大田市,52325532,109,144,
大田邑智地区,大田市,52325533,108,143,
大田邑智地区,大田市,52325540,111,147,
大田邑智地区,大田市,52325541,110,146,
大田邑智地区,大田市,52325550,110,145,
大田邑智地区,大田市,52325560,124,164,
大田邑智地区,大田市,52325570,123,162,
大田邑智地区,大田市,52325580,117,155,
大田邑智地区,大田市,52325581,123,162,
大田邑智地区,大田市,52325590,112,148,
大田邑智地区,大田市,52325591,107,142,
大田邑智地区,大田市,52325592,113,149,
大田邑智地区,大田市,52326302,104,138,
大田邑智地区,大田市,52326303,110,145,
大田邑智地区,大田市,52326304,106,140,
大田邑智地区,大田市,52326305,106,140,
大田邑智地区,大田市,52326306,122,161,
大田邑智地区,大田市,52326307,123,162,
大田邑智地区,大田市,52326308,124,164,
大田邑智地区,大田市,52326309,124,164,
大田邑智地区,大田市,52326312,110,－,
大田邑智地区,大田市,52326313,109,144,
大田邑智地区,大田市,52326314,100,132,
大田邑智地区,大田市,52326315,101,133,
大田邑智地区,大田市,52326316,106,140,
大田邑智地区,大田市,52326317,111,147,
大田邑智地区,大田市,52326318,118,156,
大田邑智地区,大田市,52326319,136,179,
大田邑智地区,大田市,52326323,99,131,
大田邑智地区,大田市,52326324,100,132,
大田邑智地区,大田市,52326325,99,131,
大田邑智地区,大田市,52326326,100,132,
大田邑智地区,大田市,52326327,105,139,
大田邑智地区,大田市,52326328,117,154,
大田邑智地区,大田市,52326329,118,156,
大田邑智地区,大田市,52326334,99,131,
大田邑智地区,大田市,52326335,103,136,
大田邑智地区,大田市,52326336,95,125,
大田邑智地区,大田市,52326337,95,126,
大田邑智地区,大田市,52326338,101,134,
大田邑智地区,大田市,52326339,98,130,
大田邑智地区,大田市,52326346,85,112,
大田邑智地区,大田市,52326347,95,125,
大田邑智地区,大田市,52326348,95,126,
大田邑智地区,大田市,52326349,93,123,
大田邑智地区,大田市,52326357,84,111,
大田邑智地区,大田市,52326358,85,113,
大田邑智地区,大田市,52326359,95,126,
大田邑智地区,大田市,52326367,83,110,
大田邑智地区,大田市,52326368,88,116,
大田邑智地区,大田市,52326369,98,129,
大田邑智地区,大田市,52326378,98,－,
大田邑智地区,大田市,52326379,92,122,
大田邑智地区,大田市,52326400,130,172,
大田邑智地区,大田市,52326401,123,162,
大田邑智地区,大田市,52326402,123,162,
大田邑智地区,大田市,52326403,119,157,
大田邑智地区,大田市,52326404,126,166,
大田邑智地区,大田市,52326405,126,166,
大田邑智地区,大田市,52326406,120,159,
大田邑智地区,大田市,52326407,117,154,
大田邑智地区,大田市,52326408,123,163,
大田邑智地区,大田市,52326409,118,156,
大田邑智地区,大田市,52326410,118,156,
大田邑智地区,大田市,52326411,117,154,
大田邑智地区,大田市,52326412,121,160,
大田邑智地区,大田市,52326413,123,162,
大田邑智地区,大田市,52326414,123,163,
大田邑智地区,大田市,52326415,124,164,
大田邑智地区,大田市,52326416,114,150,
大田邑智地区,大田市,52326417,110,146,
大田邑智地区,大田市,52326418,117,154,
大田邑智地区,大田市,52326419,107,142,
大田邑智地区,大田市,52326420,113,149,
大田邑智地区,大田市,52326421,116,153,
大田邑智地区,大田市,52326422,114,151,
大田邑智地区,大田市,52326423,110,145,
大田邑智地区,大田市,52326424,110,146,
大田邑智地区,大田市,52326425,111,147,
大田邑智地区,大田市,52326426,103,136,
大田邑智地区,大田市,52326427,99,131,
大田邑智地区,大田市,52326428,110,145,
大田邑智地区,大田市,52326429,110,146,
大田邑智地区,大田市,52326430,103,136,
大田邑智地区,大田市,52326431,105,139,
大田邑智地区,大田市,52326432,104,137,
大田邑智地区,大田市,52326433,99,131,
大田邑智地区,大田市,52326434,100,132,
大田邑智地区,大田市,52326435,104,138,
大田邑智地区,大田市,52326436,111,－,
大田邑智地区,大田市,52326437,111,－,
大田邑智地区,大田市,52326438,109,144,
大田邑智地区,大田市,52326439,109,144,
大田邑智地区,大田市,52326440,93,123,
大田邑智地区,大田市,52326441,91,121,
大田邑智地区,大田市,52326442,91,120,
大田邑智地区,大田市,52326443,90,119,
大田邑智地区,大田市,52326444,95,125,
大田邑智地区,大田市,52326445,95,125,
大田邑智地区,大田市,52326446,100,132,
大田邑智地区,大田市,52326447,101,134,
大田邑智地区,大田市,52326448,107,142,
大田邑智地区,大田市,52326449,109,144,
大田邑智地区,大田市,52326450,96,127,
大田邑智地区,大田市,52326451,101,134,
大田邑智地区,大田市,52326452,95,126,
大田邑智地区,大田市,52326453,95,125,
大田邑智地区,大田市,52326454,98,130,
大田邑智地区,大田市,52326455,95,125,
大田邑智地区,大田市,52326456,99,131,
大田邑智地区,大田市,52326457,105,139,
大田邑智地区,大田市,52326458,111,147,
大田邑智地区,大田市,52326460,109,144,
大田邑智地区,大田市,52326461,104,137,
大田邑智地区,大田市,52326462,99,131,
大田邑智地区,大田市,52326463,103,－,
大田邑智地区,大田市,52326464,103,136,
大田邑智地区,大田市,52326465,103,136,
大田邑智地区,大田市,52326466,109,144,
大田邑智地区,大田市,52326467,96,127,
大田邑智地区,大田市,52326470,97,128,
大田邑智地区,大田市,52326471,97,128,
大田邑智地区,大田市,52326472,97,128,
大田邑智地区,大田市,52326473,98,129,
大田邑智地区,大田市,52326474,103,136,
大田邑智地区,大田市,52326475,99,131,
大田邑智地区,大田市,52326476,99,131,
大田邑智地区,大田市,52326480,87,115,
大田邑智地区,大田市,52326481,87,115,
大田邑智地区,大田市,52326482,87,115,
大田邑智地区,大田市,52326483,88,117,
大田邑智地区,大田市,52326484,104,137,
大田邑智地区,大田市,52326485,100,132,
大田邑智地区,大田市,52326492,83,110,
大田邑智地区,大田市,52326493,93,123,
大田邑智地区,大田市,52326494,104,137,
大田邑智地区,大田市,52326495,109,144,
大田邑智地区,大田市,52326496,99,131,
大田邑智地区,大田市,52326500,107,142,
大田邑智地区,大田市,52326501,117,154,
大田邑智地区,大田市,52326502,113,149,
大田邑智地区,大田市,52326510,103,136,
大田邑智地区,大田市,52326511,107,141,
大田邑智地区,大田市,52326512,113,149,
大田邑智地区,大田市,52326520,107,141,
大田邑智地区,大田市,52326521,107,141,
大田邑智地区,大田市,52326522,107,141,
大田邑智地区,大田市,52326530,105,139,
大田邑智地区,大田市,52326531,105,139,
大田邑智地区,大田市,52326532,101,133,
大田邑智地区,大田市,52326541,104,138,
大田邑智地区,大田市,52327402,82,109,
大田邑智地区,大田市,52327403,97,128,
大田邑智地区,大田市,52327404,98,130,
大田邑智地区,大田市,52327405,99,131,
大田邑智地区,大田市,52327413,98,－,
大田邑智地区,大田市,52327414,92,122,
大田邑智地区,大田市,52327415,92,122,
大田邑智地区,大田市,52327425,91,120,
大田邑智地区,川本町,52323347,99,131,
大田邑智地区,川本町,52323348,103,136,
大田邑智地区,川本町,52323349,103,136,
大田邑智地区,川本町,52323356,98,130,
大田邑智地区,川本町,52323357,98,130,
大田邑智地区,川本町,52323358,99,131,
大田邑智地区,川本町,52323359,103,136,
大田邑智地区,川本町,52323364,104,137,
大田邑智地区,川本町,52323365,99,131,
大田邑智地区,川本町,52323366,98,129,
大田邑智地区,川本町,52323367,99,131,
大田邑智地区,川本町,52323368,100,132,
大田邑智地区,川本町,52323369,101,133,
大田邑智地区,川本町,52323371,101,133,
大田邑智地区,川本町,52323372,101,133,
大田邑智地区,川本町,52323373,105,139,
大田邑智地区,川本町,52323374,104,138,
大田邑智地区,川本町,52323375,103,136,
大田邑智地区,川本町,52323376,103,136,
大田邑智地区,川本町,52323377,103,136,
大田邑智地区,川本町,52323378,105,139,
大田邑智地区,川本町,52323379,107,141,
大田邑智地区,川本町,52323381,105,139,
大田邑智地区,川本町,52323382,107,141,
大田邑智地区,川本町,52323383,110,146,
大田邑智地区,川本町,52323384,110,146,
大田邑智地区,川本町,52323385,104,137,
大田邑智地区,川本町,52323386,103,136,
大田邑智地区,川本町,52323387,104,137,
大田邑智地区,川本町,52323388,110,146,
大田邑智地区,川本町,52323389,112,148,
大田邑智地区,川本町,52323391,106,140,
大田邑智地区,川本町,52323392,112,148,
大田邑智地区,川本町,52323393,113,149,
大田邑智地区,川本町,52323394,111,147,
大田邑智地区,川本町,52323395,109,144,
大田邑智地区,川本町,52323396,107,142,
大田邑智地区,川本町,52323397,108,143,
大田邑智地区,川本町,52323398,110,145,
大田邑智地区,川本町,52323399,121,160,
大田邑智地区,川本町,52323430,107,－,
大田邑智地区,川本町,52323440,102,135,
大田邑智地区,川本町,52323441,107,－,
大田邑智地区,川本町,52323444,107,141,
大田邑智地区,川本町,52323450,103,136,
大田邑智地区,川本町,52323451,98,130,
大田邑智地区,川本町,52323452,98,130,
大田邑智地区,川本町,52323453,102,135,
大田邑智地区,川本町,52323454,103,136,
大田邑智地区,川本町,52323460,95,126,
大田邑智地区,川本町,52323461,103,136,
大田邑智地区,川本町,52323462,103,136,
大田邑智地区,川本町,52323463,107,142,
大田邑智地区,川本町,52323464,90,119,
大田邑智地区,川本町,52323465,103,136,
大田邑智地区,川本町,52323470,105,139,
大田邑智地区,川本町,52323471,104,137,
大田邑智地区,川本町,52323472,103,136,
大田邑智地区,川本町,52323473,107,142,
大田邑智地区,川本町,52323474,103,136,
大田邑智地区,川本町,52323475,112,148,
大田邑智地区,川本町,52323480,117,154,
大田邑智地区,川本町,52323481,110,145,
大田邑智地区,川本町,52323482,104,137,
大田邑智地区,川本町,52323483,103,136,
大田邑智地区,川本町,52323484,108,143,
大田邑智地区,川本町,52323490,121,160,
大田邑智地区,川本町,52323491,115,152,
大田邑智地区,川本町,52324301,106,140,
大田邑智地区,川本町,52324302,111,147,
大田邑智地区,川本町,52324303,112,148,
大田邑智地区,川本町,52324304,110,146,
大田邑智地区,川本町,52324305,109,144,
大田邑智地区,川本町,52324306,108,143,
大田邑智地区,川本町,52324307,95,126,
大田邑智地区,川本町,52324308,109,144,
大田邑智地区,川本町,52324309,116,153,
大田邑智地区,川本町,52324312,111,147,
大田邑智地区,川本町,52324313,111,147,
大田邑智地区,川本町,52324314,110,145,
大田邑智地区,川本町,52324315,109,144,
大田邑智地区,川本町,52324316,109,144,
大田邑智地区,川本町,52324317,104,137,
大田邑智地区,川本町,52324318,113,149,
大田邑智地区,川本町,52324319,118,156,
大田邑智地区,川本町,52324325,109,144,
大田邑智地区,川本町,52324327,104,137,
大田邑智地区,川本町,52324328,108,143,
大田邑智地区,川本町,52324329,85,113,
大田邑智地区,川本町,52324337,107,142,
大田邑智地区,川本町,52324338,103,136,
大田邑智地区,川本町,52324339,103,136,
大田邑智地区,川本町,52324348,98,130,
大田邑智地区,川本町,52324349,98,130,
大田邑智地区,川本町,52324358,102,135,
大田邑智地区,川本町,52324359,103,136,
大田邑智地区,川本町,52324368,101,134,
大田邑智地区,川本町,52324369,107,141,
大田邑智地区,川本町,52324400,116,153,
大田邑智地区,川本町,52324401,119,157,
大田邑智地区,川本町,52324410,109,144,
大田邑智地区,美郷町,52322591,90,119,
大田邑智地区,美郷町,52323419,97,128,
大田邑智地区,美郷町,52323427,102,135,
大田邑智地区,美郷町,52323428,97,128,
大田邑智地区,美郷町,52323429,93,123,
大田邑智地区,美郷町,52323436,108,143,
大田邑智地区,美郷町,52323437,103,136,
大田邑智地区,美郷町,52323438,93,123,
大田邑智地区,美郷町,52323439,97,128,
大田邑智地区,美郷町,52323446,103,136,
大田邑智地区,美郷町,52323447,103,136,
大田邑智地区,美郷町,52323448,98,130,
大田邑智地区,美郷町,52323449,98,129,
大田邑智地区,美郷町,52323456,98,130,
大田邑智地区,美郷町,52323457,107,142,
大田邑智地区,美郷町,52323458,103,136,
大田邑智地区,美郷町,52323459,108,143,
大田邑智地区,美郷町,52323466,108,143,
大田邑智地区,美郷町,52323467,108,143,
大田邑智地区,美郷町,52323468,113,149,
大田邑智地区,美郷町,52323469,118,156,
大田邑智地区,美郷町,52323476,127,－,
大田邑智地区,美郷町,52323477,113,149,
大田邑智地区,美郷町,52323478,118,156,
大田邑智地区,美郷町,52323479,124,164,
大田邑智地区,美郷町,52323485,109,144,
大田邑智地区,美郷町,52323486,127,－,
大田邑智地区,美郷町,52323487,119,157,
大田邑智地区,美郷町,52323488,120,158,
大田邑智地区,美郷町,52323489,130,172,
大田邑智地区,美郷町,52323492,109,144,
大田邑智地区,美郷町,52323493,117,155,
大田邑智地区,美郷町,52323494,113,149,
大田邑智地区,美郷町,52323495,119,157,
大田邑智地区,美郷町,52323496,121,160,
大田邑智地区,美郷町,52323497,127,168,
大田邑智地区,美郷町,52323498,126,167,
大田邑智地区,美郷町,52323499,131,173,
大田邑智地区,美郷町,52323500,87,115,
大田邑智地区,美郷町,52323501,86,114,
大田邑智地区,美郷町,52323510,91,121,
大田邑智地区,美郷町,52323511,91,121,
大田邑智地区,美郷町,52323512,91,121,
大田邑智地区,美郷町,52323520,93,123,
大田邑智地区,美郷町,52323521,93,123,
大田邑智地区,美郷町,52323522,92,122,
大田邑智地区,美郷町,52323523,101,133,
大田邑智地区,美郷町,52323530,93,123,
大田邑智地区,美郷町,52323531,94,124,
大田邑智地区,美郷町,52323532,102,135,
大田邑智地区,美郷町,52323533,106,140,
大田邑智地区,美郷町,52323534,101,133,
大田邑智地区,美郷町,52323540,103,136,
大田邑智地区,美郷町,52323541,108,143,
大田邑智地区,美郷町,52323542,107,142,
大田邑智地区,美郷町,52323543,107,141,
大田邑智地区,美郷町,52323544,107,141,
大田邑智地区,美郷町,52323550,114,150,
大田邑智地区,美郷町,52323551,114,151,
大田邑智地区,美郷町,52323552,118,156,
大田邑智地区,美郷町,52323553,123,162,
大田邑智地区,美郷町,52323554,117,155,
大田邑智地区,美郷町,52323560,129,171,
大田邑智地区,美郷町,52323561,124,164,
大田邑智地区,美郷町,52323562,124,164,
大田邑智地区,美郷町,52323570,130,172,
大田邑智地区,美郷町,52323571,136,179,
大田邑智地区,美郷町,52323580,130,172,
大田邑智地区,美郷町,52323581,136,180,
大田邑智地区,美郷町,52323590,130,172,
大田邑智地区,美郷町,52323591,136,180,
大田邑智地区,美郷町,52323592,136,180,
大田邑智地区,美郷町,52324379,103,136,
大田邑智地区,美郷町,52324388,107,141,
大田邑智地区,美郷町,52324389,112,148,
大田邑智地区,美郷町,52324398,107,141,
大田邑智地区,美郷町,52324399,107,141,
大田邑智地区,美郷町,52324402,118,156,
大田邑智地区,美郷町,52324403,114,150,
大田邑智地区,美郷町,52324404,119,157,
大田邑智地区,美郷町,52324405,126,166,
大田邑智地区,美郷町,52324406,128,169,
大田邑智地区,美郷町,52324407,135,178,
大田邑智地区,美郷町,52324408,134,177,
大田邑智地区,美郷町,52324409,131,173,
大田邑智地区,美郷町,52324411,113,149,
大田邑智地区,美郷町,52324412,118,156,
大田邑智地区,美郷町,52324413,118,156,
大田邑智地区,美郷町,52324414,126,－,
大田邑智地区,美郷町,52324415,126,166,
大田邑智地区,美郷町,52324416,133,176,
大田邑智地区,美郷町,52324417,134,177,
大田邑智地区,美郷町,52324418,133,175,
大田邑智地区,美郷町,52324419,130,172,
大田邑智地区,美郷町,52324420,108,143,
大田邑智地区,美郷町,52324421,108,143,
大田邑智地区,美郷町,52324422,113,149,
大田邑智地区,美郷町,52324423,118,156,
大田邑智地区,美郷町,52324424,126,－,
大田邑智地区,美郷町,52324425,126,166,
大田邑智地区,美郷町,52324426,126,167,
大田邑智地区,美郷町,52324427,126,167,
大田邑智地区,美郷町,52324428,126,166,
大田邑智地区,美郷町,52324429,124,164,
大田邑智地区,美郷町,52324430,103,136,
大田邑智地区,美郷町,52324431,107,142,
大田邑智地区,美郷町,52324432,113,149,
大田邑智地区,美郷町,52324433,114,150,
大田邑智地区,美郷町,52324434,119,157,
大田邑智地区,美郷町,52324435,126,－,
大田邑智地区,美郷町,52324436,120,159,
大田邑智地区,美郷町,52324437,120,159,
大田邑智地区,美郷町,52324438,120,158,
大田邑智地区,美郷町,52324439,123,163,
大田邑智地区,美郷町,52324440,107,141,
大田邑智地区,美郷町,52324441,107,142,
大田邑智地区,美郷町,52324442,107,142,
大田邑智地区,美郷町,52324443,113,149,
大田邑智地区,美郷町,52324444,118,156,
大田邑智地区,美郷町,52324445,119,157,
大田邑智地区,美郷町,52324446,126,－,
大田邑智地区,美郷町,52324447,115,152,
大田邑智地区,美郷町,52324448,114,151,
大田邑智地区,美郷町,52324449,119,157,
大田邑智地区,美郷町,52324450,107,142,
大田邑智地区,美郷町,52324451,107,142,
大田邑智地区,美郷町,52324452,108,143,
大田邑智地区,美郷町,52324453,118,－,
大田邑智地区,美郷町,52324454,117,155,
大田邑智地区,美郷町,52324455,118,156,
大田邑智地区,美郷町,52324456,114,151,
大田邑智地区,美郷町,52324457,114,151,
大田邑智地区,美郷町,52324458,114,151,
大田邑智地区,美郷町,52324459,114,151,
大田邑智地区,美郷町,52324460,109,144,
大田邑智地区,美郷町,52324461,104,138,
大田邑智地区,美郷町,52324462,104,138,
大田邑智地区,美郷町,52324463,108,143,
大田邑智地区,美郷町,52324464,107,142,
大田邑智地区,美郷町,52324465,109,144,
大田邑智地区,美郷町,52324466,110,145,
大田邑智地区,美郷町,52324467,110,146,
大田邑智地区,美郷町,52324468,110,146,
大田邑智地区,美郷町,52324469,110,146,
大田邑智地区,美郷町,52324470,109,144,
大田邑智地区,美郷町,52324471,110,146,
大田邑智地区,美郷町,52324472,104,138,
大田邑智地区,美郷町,52324473,103,136,
大田邑智地区,美郷町,52324474,107,141,
大田邑智地区,美郷町,52324475,109,144,
大田邑智地区,美郷町,52324476,110,145,
大田邑智地区,美郷町,52324477,110,146,
大田邑智地区,美郷町,52324478,110,146,
大田邑智地区,美郷町,52324479,109,144,
大田邑智地区,美郷町,52324480,109,144,
大田邑智地区,美郷町,52324481,114,151,
大田邑智地区,美郷町,52324482,113,149,
大田邑智地区,美郷町,52324483,107,142,
大田邑智地区,美郷町,52324484,107,141,
大田邑智地区,美郷町,52324485,104,137,
大田邑智地区,美郷町,52324486,109,144,
大田邑智地区,美郷町,52324487,105,139,
大田邑智地区,美郷町,52324488,110,146,
大田邑智地区,美郷町,52324489,110,145,
大田邑智地区,美郷町,52324490,99,131,
大田邑智地区,美郷町,52324491,108,143,
大田邑智地区,美郷町,52324492,112,148,
大田邑智地区,美郷町,52324493,107,141,
大田邑智地区,美郷町,52324494,107,141,
大田邑智地区,美郷町,52324495,108,143,
大田邑智地区,美郷町,52324496,104,137,
大田邑智地区,美郷町,52324497,109,144,
大田邑智地区,美郷町,52324498,109,144,
大田邑智地区,美郷町,52324499,114,150,
大田邑智地区,美郷町,52324500,130,172,
大田邑智地区,美郷町,52324501,124,164,
大田邑智地区,美郷町,52324502,130,172,
大田邑智地区,美郷町,52324510,129,171,
大田邑智地区,美郷町,52324511,129,170,
大田邑智地区,美郷町,52324512,129,171,
大田邑智地区,美郷町,52324513,124,164,
大田邑智地区,美郷町,52324520,123,163,
大田邑智地区,美郷町,52324521,123,163,
大田邑智地区,美郷町,52324522,124,164,
大田邑智地区,美郷町,52324523,131,－,
大田邑智地区,美郷町,52324524,121,160,
大田邑智地区,美郷町,52324530,123,163,
大田邑智地区,美郷町,52324531,129,170,
大田邑智地区,美郷町,52324532,131,－,
大田邑智地区,美郷町,52324533,122,161,
大田邑智地区,美郷町,52324534,128,169,
大田邑智地区,美郷町,52324535,122,161,
大田邑智地区,美郷町,52324536,120,159,
大田邑智地区,美郷町,52324540,124,164,
大田邑智地区,美郷町,52324541,124,164,
大田邑智地区,美郷町,52324542,125,165,
大田邑智地区,美郷町,52324543,123,162,
大田邑智地区,美郷町,52324544,123,163,
大田邑智地区,美郷町,52324545,118,156,
大田邑智地区,美郷町,52324546,111,147,
大田邑智地区,美郷町,52324550,119,157,
大田邑智地区,美郷町,52324551,114,151,
大田邑智地区,美郷町,52324552,116,153,
大田邑智地区,美郷町,52324553,117,154,
大田邑智地区,美郷町,52324554,123,162,
大田邑智地区,美郷町,52324555,113,149,
大田邑智地区,美郷町,52324556,110,146,
大田邑智地区,美郷町,52324560,114,151,
大田邑智地区,美郷町,52324561,114,151,
大田邑智地区,美郷町,52324562,115,152,
大田邑智地区,美郷町,52324563,116,153,
大田邑智地区,美郷町,52324564,116,153,
大田邑智地区,美郷町,52324565,116,153,
大田邑智地区,美郷町,52324566,110,146,
大田邑智地区,美郷町,52324567,115,152,
大田邑智地区,美郷町,52324570,114,151,
大田邑智地区,美郷町,52324571,114,151,
大田邑智地区,美郷町,52324572,114,151,
大田邑智地区,美郷町,52324573,114,151,
大田邑智地区,美郷町,52324574,120,158,
大田邑智地区,美郷町,52324575,114,151,
大田邑智地区,美郷町,52324580,114,151,
大田邑智地区,美郷町,52324581,114,151,
大田邑智地区,美郷町,52324582,114,151,
大田邑智地区,美郷町,52324583,114,151,
大田邑智地区,美郷町,52324584,114,151,
大田邑智地区,美郷町,52324590,109,144,
大田邑智地区,美郷町,52324591,109,144,
大田邑智地区,美郷町,52324592,110,145,
大田邑智地区,美郷町,52324593,109,144,
大田邑智地区,美郷町,52325309,103,136,
大田邑智地区,美郷町,52325319,107,141,
大田邑智地区,美郷町,52325400,103,136,
大田邑智地区,美郷町,52325401,103,136,
大田邑智地区,美郷町,52325402,98,129,
大田邑智地区,美郷町,52325403,102,135,
大田邑智地区,美郷町,52325404,107,141,
大田邑智地区,美郷町,52325405,107,142,
大田邑智地区,美郷町,52325406,104,137,
大田邑智地区,美郷町,52325407,109,144,
大田邑智地区,美郷町,52325408,104,137,
大田邑智地区,美郷町,52325409,104,138,
大田邑智地区,美郷町,52325410,103,136,
大田邑智地区,美郷町,52325411,103,136,
大田邑智地区,美郷町,52325412,101,134,
大田邑智地区,美郷町,52325413,102,135,
大田邑智地区,美郷町,52325414,103,136,
大田邑智地区,美郷町,52325415,103,136,
大田邑智地区,美郷町,52325416,104,137,
大田邑智地区,美郷町,52325417,104,137,
大田邑智地区,美郷町,52325418,109,144,
大田邑智地区,美郷町,52325422,102,135,
大田邑智地区,美郷町,52325423,103,136,
大田邑智地区,美郷町,52325424,103,136,
大田邑智地区,美郷町,52325425,103,136,
大田邑智地区,美郷町,52325426,108,143,
大田邑智地区,美郷町,52325427,108,143,
大田邑智地区,美郷町,52325428,108,143,
大田邑智地区,美郷町,52325433,102,135,
大田邑智地区,美郷町,52325434,107,142,
大田邑智地区,美郷町,52325435,108,143,
大田邑智地区,美郷町,52325436,109,144,
大田邑智地区,美郷町,52325437,108,143,
大田邑智地区,美郷町,52325438,114,150,
大田邑智地区,美郷町,52325500,109,144,
大田邑智地区,美郷町,52325501,104,138,
大田邑智地区,美郷町,52325502,109,144,
大田邑智地区,美郷町,52325510,109,144,
大田邑智地区,邑南町,52321341,106,140,
大田邑智地区,邑南町,52321350,101,134,
大田邑智地区,邑南町,52321351,114,151,
大田邑智地区,邑南町,52321352,104,138,
大田邑智地区,邑南町,52321361,100,132,
大田邑智地区,邑南町,52321362,104,137,
大田邑智地区,邑南町,52321363,104,137,
大田邑智地区,邑南町,52321367,99,131,
大田邑智地区,邑南町,52321368,99,131,
大田邑智地区,邑南町,52321369,99,131,
大田邑智地区,邑南町,52321371,104,138,
大田邑智地区,邑南町,52321372,104,137,
大田邑智地区,邑南町,52321373,99,131,
大田邑智地区,邑南町,52321376,99,－,
大田邑智地区,邑南町,52321377,98,130,
大田邑智地区,邑南町,52321378,98,129,
大田邑智地区,邑南町,52321379,99,131,
大田邑智地区,邑南町,52321381,101,133,
大田邑智地区,邑南町,52321382,104,138,
大田邑智地区,邑南町,52321383,99,131,
大田邑智地区,邑南町,52321384,98,129,
大田邑智地区,邑南町,52321385,99,－,
大田邑智地区,邑南町,52321386,99,－,
大田邑智地区,邑南町,52321387,98,130,
大田邑智地区,邑南町,52321388,97,128,
大田邑智地区,邑南町,52321389,98,129,
大田邑智地区,邑南町,52321391,107,141,
大田邑智地区,邑南町,52321392,105,139,
大田邑智地区,邑南町,52321393,99,131,
大田邑智地区,邑南町,52321394,98,130,
大田邑智地区,邑南町,52321395,99,－,
大田邑智地区,邑南町,52321396,99,131,
大田邑智地区,邑南町,52321397,99,131,
大田邑智地区,邑南町,52321398,98,129,
大田邑智地区,邑南町,52321399,98,130,
大田邑智地区,邑南町,52321460,99,131,
大田邑智地区,邑南町,52321461,98,130,
大田邑智地区,邑南町,52321462,98,130,
大田邑智地区,邑南町,52321463,98,130,
大田邑智地区,邑南町,52321470,98,130,
大田邑智地区,邑南町,52321471,98,129,
大田邑智地区,邑南町,52321472,98,129,
大田邑智地区,邑南町,52321473,98,129,
大田邑智地区,邑南町,52321474,98,－,
大田邑智地区,邑南町,52321475,98,－,
大田邑智地区,邑南町,52321480,98,129,
大田邑智地区,邑南町,52321481,97,128,
大田邑智地区,邑南町,52321482,97,128,
大田邑智地区,邑南町,52321483,97,128,
大田邑智地区,邑南町,52321484,97,128,
大田邑智地区,邑南町,52321485,97,128,
大田邑智地区,邑南町,52321486,97,128,
大田邑智地区,邑南町,52321490,98,129,
大田邑智地区,邑南町,52321491,98,129,
大田邑智地区,邑南町,52321492,97,128,
大田邑智地区,邑南町,52321493,97,128,
大田邑智地区,邑南町,52321494,97,128,
大田邑智地区,邑南町,52321495,97,128,
大田邑智地区,邑南町,52321496,97,128,
大田邑智地区,邑南町,52321497,97,128,
大田邑智地区,邑南町,52322237,110,146,
大田邑智地区,邑南町,52322238,117,154,
大田邑智地区,邑南町,52322239,117,154,
大田邑智地区,邑南町,52322247,116,153,
大田邑智地区,邑南町,52322248,121,160,
大田邑智地区,邑南町,52322249,123,162,
大田邑智地区,邑南町,52322256,123,163,
大田邑智地区,邑南町,52322257,125,165,
大田邑智地区,邑南町,52322258,123,162,
大田邑智地区,邑南町,52322259,128,169,
大田邑智地区,邑南町,52322265,143,－,
大田邑智地区,邑南町,52322266,118,156,
大田邑智地区,邑南町,52322267,125,165,
大田邑智地区,邑南町,52322268,128,169,
大田邑智地区,邑南町,52322269,129,170,
大田邑智地区,邑南町,52322274,125,165,
大田邑智地区,邑南町,52322275,143,－,
大田邑智地区,邑南町,52322276,118,156,
大田邑智地区,邑南町,52322277,124,164,
大田邑智地区,邑南町,52322278,126,166,
大田邑智地区,邑南町,52322279,127,168,
大田邑智地区,邑南町,52322285,119,157,
大田邑智地区,邑南町,52322286,118,156,
大田邑智地区,邑南町,52322287,118,156,
大田邑智地区,邑南町,52322288,119,157,
大田邑智地区,邑南町,52322289,120,158,
大田邑智地区,邑南町,52322296,118,156,
大田邑智地区,邑南町,52322297,118,156,
大田邑智地区,邑南町,52322298,114,150,
大田邑智地区,邑南町,52322299,118,156,
大田邑智地区,邑南町,52322301,107,141,
大田邑智地区,邑南町,52322302,101,134,
大田邑智地区,邑南町,52322303,100,132,
大田邑智地区,邑南町,52322304,98,130,
大田邑智地区,邑南町,52322305,99,131,
大田邑智地区,邑南町,52322306,99,131,
大田邑智地区,邑南町,52322307,99,131,
大田邑智地区,邑南町,52322308,99,131,
大田邑智地区,邑南町,52322309,99,131,
大田邑智地区,邑南町,52322311,107,142,
大田邑智地区,邑南町,52322312,110,146,
大田邑智地区,邑南町,52322313,106,140,
大田邑智地区,邑南町,52322314,101,133,
大田邑智地区,邑南町,52322315,104,138,
大田邑智地区,邑南町,52322316,110,－,
大田邑智地区,邑南町,52322317,110,－,
大田邑智地区,邑南町,52322318,104,137,
大田邑智地区,邑南町,52322319,100,132,
大田邑智地区,邑南町,52322320,111,147,
大田邑智地区,邑南町,52322321,111,147,
大田邑智地区,邑南町,52322322,110,146,
大田邑智地区,邑南町,52322323,110,146,
大田邑智地区,邑南町,52322324,110,146,
大田邑智地区,邑南町,52322325,110,145,
大田邑智地区,邑南町,52322326,109,144,
大田邑智地区,邑南町,52322327,108,143,
大田邑智地区,邑南町,52322328,108,143,
大田邑智地区,邑南町,52322329,108,143,
大田邑智地区,邑南町,52322330,117,154,
大田邑智地区,邑南町,52322331,120,159,
大田邑智地区,邑南町,52322332,111,147,
大田邑智地区,邑南町,52322333,120,159,
大田邑智地区,邑南町,52322334,111,147,
大田邑智地区,邑南町,52322335,114,151,
大田邑智地区,邑南町,52322336,114,151,
大田邑智地区,邑南町,52322337,109,144,
大田邑智地区,邑南町,52322338,113,149,
大田邑智地区,邑南町,52322339,113,149,
大田邑智地区,邑南町,52322340,121,160,
大田邑智地区,邑南町,52322341,117,154,
大田邑智地区,邑南町,52322342,122,161,
大田邑智地区,邑南町,52322343,121,160,
大田邑智地区,邑南町,52322344,121,160,
大田邑智地区,邑南町,52322345,115,152,
大田邑智地区,邑南町,52322346,115,152,
大田邑智地区,邑南町,52322347,114,151,
大田邑智地区,邑南町,52322348,118,156,
大田邑智地区,邑南町,52322349,113,149,
大田邑智地区,邑南町,52322350,123,162,
大田邑智地区,邑南町,52322351,121,160,
大田邑智地区,邑南町,52322352,121,160,
大田邑智地区,邑南町,52322353,126,167,
大田邑智地区,邑南町,52322354,121,160,
大田邑智地区,邑南町,52322355,120,159,
大田邑智地区,邑南町,52322356,116,153,
大田邑智地区,邑南町,52322357,114,151,
大田邑智地区,邑南町,52322358,114,150,
大田邑智地区,邑南町,52322359,117,155,
大田邑智地区,邑南町,52322360,123,162,
大田邑智地区,邑南町,52322361,121,160,
大田邑智地区,邑南町,52322362,120,159,
大田邑智地区,邑南町,52322363,121,160,
大田邑智地区,邑南町,52322364,121,160,
大田邑智地区,邑南町,52322365,122,161,
大田邑智地区,邑南町,52322366,117,155,
大田邑智地区,邑南町,52322367,120,159,
大田邑智地区,邑南町,52322368,119,157,
大田邑智地区,邑南町,52322369,114,150,
大田邑智地区,邑南町,52322370,122,161,
大田邑智地区,邑南町,52322371,120,159,
大田邑智地区,邑南町,52322372,115,152,
大田邑智地区,邑南町,52322373,116,153,
大田邑智地区,邑南町,52322374,121,160,
大田邑智地区,邑南町,52322375,123,162,
大田邑智地区,邑南町,52322376,118,156,
大田邑智地区,邑南町,52322377,117,154,
大田邑智地区,邑南町,52322378,114,151,
大田邑智地区,邑南町,52322379,114,151,
大田邑智地区,邑南町,52322380,120,159,
大田邑智地区,邑南町,52322381,120,158,
大田邑智地区,邑南町,52322382,115,152,
大田邑智地区,邑南町,52322383,116,153,
大田邑智地区,邑南町,52322384,117,154,
大田邑智地区,邑南町,52322385,118,156,
大田邑智地区,邑南町,52322386,117,155,
大田邑智地区,邑南町,52322387,117,154,
大田邑智地区,邑南町,52322388,110,146,
大田邑智地区,邑南町,52322389,109,144,
大田邑智地区,邑南町,52322390,114,151,
大田邑智地区,邑南町,52322391,114,151,
大田邑智地区,邑南町,52322392,114,151,
大田邑智地区,邑南町,52322393,116,153,
大田邑智地区,邑南町,52322394,117,154,
大田邑智地区,邑南町,52322395,112,148,
大田邑智地区,邑南町,52322396,117,154,
大田邑智地区,邑南町,52322397,110,146,
大田邑智地区,邑南町,52322398,110,145,
大田邑智地区,邑南町,52322399,104,138,
大田邑智地区,邑南町,52322400,99,131,
大田邑智地区,邑南町,52322401,99,131,
大田邑智地区,邑南町,52322402,98,130,
大田邑智地区,邑南町,52322403,97,128,
大田邑智地区,邑南町,52322404,97,128,
大田邑智地区,邑南町,52322405,97,128,
大田邑智地区,邑南町,52322406,96,127,
大田邑智地区,邑南町,52322407,96,127,
大田邑智地区,邑南町,52322408,96,127,
大田邑智地区,邑南町,52322410,100,132,
大田邑智地区,邑南町,52322411,101,133,
大田邑智地区,邑南町,52322412,100,132,
大田邑智地区,邑南町,52322413,98,129,
大田邑智地区,邑南町,52322414,97,128,
大田邑智地区,邑南町,52322415,97,128,
大田邑智地区,邑南町,52322416,97,128,
大田邑智地区,邑南町,52322417,95,126,
大田邑智地区,邑南町,52322418,104,138,
大田邑智地区,邑南町,52322419,104,138,
大田邑智地区,邑南町,52322420,104,138,
大田邑智地区,邑南町,52322421,104,138,
大田邑智地区,邑南町,52322422,104,137,
大田邑智地区,邑南町,52322423,99,131,
大田邑智地区,邑南町,52322424,97,128,
大田邑智地区,邑南町,52322425,97,128,
大田邑智地区,邑南町,52322426,95,126,
大田邑智地区,邑南町,52322427,95,126,
大田邑智地区,邑南町,52322428,96,127,
大田邑智地区,邑南町,52322429,101,133,
大田邑智地区,邑南町,52322430,107,142,
大田邑智地区,邑南町,52322431,107,142,
大田邑智地区,邑南町,52322432,104,137,
大田邑智地区,邑南町,52322433,98,130,
大田邑智地区,邑南町,52322434,97,128,
大田邑智地区,邑南町,52322435,101,133,
大田邑智地区,邑南町,52322436,97,128,
大田邑智地区,邑南町,52322437,97,128,
大田邑智地区,邑南町,52322438,96,127,
大田邑智地区,邑南町,52322439,96,127,
大田邑智地区,邑南町,52322440,107,142,
大田邑智地区,邑南町,52322441,107,141,
大田邑智地区,邑南町,52322442,103,136,
大田邑智地区,邑南町,52322443,98,129,
大田邑智地区,邑南町,52322444,97,128,
大田邑智地区,邑南町,52322445,101,134,
大田邑智地区,邑南町,52322446,98,130,
大田邑智地区,邑南町,52322447,99,131,
大田邑智地区,邑南町,52322448,99,131,
大田邑智地区,邑南町,52322449,98,129,
大田邑智地区,邑南町,52322450,107,142,
大田邑智地区,邑南町,52322451,107,141,
大田邑智地区,邑南町,52322452,102,135,
大田邑智地区,邑南町,52322453,101,134,
大田邑智地区,邑南町,52322454,101,133,
大田邑智地区,邑南町,52322455,101,134,
大田邑智地区,邑南町,52322456,104,137,
大田邑智地区,邑南町,52322457,100,132,
大田邑智地区,邑南町,52322458,99,131,
大田邑智地区,邑南町,52322459,98,130,
大田邑智地区,邑南町,52322460,113,149,
大田邑智地区,邑南町,52322461,107,142,
大田邑智地区,邑南町,52322462,103,136,
大田邑智地区,邑南町,52322463,101,134,
大田邑智地区,邑南町,52322464,101,133,
大田邑智地区,邑南町,52322465,101,134,
大田邑智地区,邑南町,52322466,102,135,
大田邑智地区,邑南町,52322467,98,130,
大田邑智地区,邑南町,52322468,98,130,
大田邑智地区,邑南町,52322469,97,128,
大田邑智地区,邑南町,52322470,109,144,
大田邑智地区,邑南町,52322471,109,144,
大田邑智地区,邑南町,52322472,107,141,
大田邑智地区,邑南町,52322473,102,135,
大田邑智地区,邑南町,52322474,102,135,
大田邑智地区,邑南町,52322475,101,133,
大田邑智地区,邑南町,52322476,97,128,
大田邑智地区,邑南町,52322477,97,128,
大田邑智地区,邑南町,52322478,97,128,
大田邑智地区,邑南町,52322479,95,126,
大田邑智地区,邑南町,52322480,108,143,
大田邑智地区,邑南町,52322481,109,144,
大田邑智地区,邑南町,52322482,107,141,
大田邑智地区,邑南町,52322483,98,129,
大田邑智地区,邑南町,52322484,101,134,
大田邑智地区,邑南町,52322485,101,133,
大田邑智地区,邑南町,52322486,101,133,
大田邑智地区,邑南町,52322487,97,128,
大田邑智地区,邑南町,52322488,96,127,
大田邑智地区,邑南町,52322489,96,127,
大田邑智地区,邑南町,52322490,104,138,
大田邑智地区,邑南町,52322491,109,－,
大田邑智地区,邑南町,52322492,102,135,
大田邑智地区,邑南町,52322493,97,128,
大田邑智地区,邑南町,52322494,97,128,
大田邑智地区,邑南町,52322495,101,134,
大田邑智地区,邑南町,52322496,101,133,
大田邑智地区,邑南町,52322497,96,127,
大田邑智地区,邑南町,52322498,97,128,
大田邑智地区,邑南町,52322499,95,126,
大田邑智地区,邑南町,52322502,98,129,
大田邑智地区,邑南町,52322503,98,129,
大田邑智地区,邑南町,52322510,105,139,
大田邑智地区,邑南町,52322511,96,127,
大田邑智地区,邑南町,52322512,97,128,
大田邑智地区,邑南町,52322513,98,129,
大田邑智地区,邑南町,52322520,96,127,
大田邑智地区,邑南町,52322521,96,127,
大田邑智地区,邑南町,52322522,97,128,
大田邑智地区,邑南町,52322523,97,128,
大田邑智地区,邑南町,52322524,99,131,
大田邑智地区,邑南町,52322525,98,130,
大田邑智地区,邑南町,52322526,97,128,
大田邑智地区,邑南町,52322530,96,127,
大田邑智地区,邑南町,52322531,96,127,
大田邑智地区,邑南町,52322532,97,128,
大田邑智地区,邑南町,52322533,98,130,
大田邑智地区,邑南町,52322534,99,131,
大田邑智地区,邑南町,52322535,98,129,
大田邑智地区,邑南町,52322536,97,128,
大田邑智地区,邑南町,52322540,97,128,
大田邑智地区,邑南町,52322541,96,127,
大田邑智地区,邑南町,52322542,96,127,
大田邑智地区,邑南町,52322543,98,129,
大田邑智地区,邑南町,52322544,98,130,
大田邑智地区,邑南町,52322545,98,129,
大田邑智地区,邑南町,52322550,98,129,
大田邑智地区,邑南町,52322551,95,126,
大田邑智地区,邑南町,52322552,96,127,
大田邑智地区,邑南町,52322553,98,129,
大田邑智地区,邑南町,52322554,98,130,
大田邑智地区,邑南町,52322555,98,129,
大田邑智地区,邑南町,52322560,96,127,
大田邑智地区,邑南町,52322561,95,126,
大田邑智地区,邑南町,52322562,96,127,
大田邑智地区,邑南町,52322563,97,128,
大田邑智地区,邑南町,52322570,95,126,
大田邑智地区,邑南町,52322571,95,126,
大田邑智地区,邑南町,52322572,96,127,
大田邑智地区,邑南町,52322580,95,126,
大田邑智地区,邑南町,52322590,95,126,
大田邑智地区,邑南町,52323208,118,156,
大田邑智地区,邑南町,52323209,114,150,
大田邑智地区,邑南町,52323219,118,156,
大田邑智地区,邑南町,52323229,109,144,
大田邑智地区,邑南町,52323300,118,156,
大田邑智地区,邑南町,52323301,114,151,
大田邑智地区,邑南町,52323302,110,146,
大田邑智地区,邑南町,52323303,117,－,
大田邑智地区,邑南町,52323304,106,140,
大田邑智地区,邑南町,52323305,106,140,
大田邑智地区,邑南町,52323306,105,139,
大田邑智地区,邑南町,52323307,104,138,
大田邑智地区,邑南町,52323308,104,138,
大田邑智地区,邑南町,52323309,100,132,
大田邑智地区,邑南町,52323310,114,150,
大田邑智地区,邑南町,52323311,114,151,
大田邑智地区,邑南町,52323312,110,145,
大田邑智地区,邑南町,52323314,104,138,
大田邑智地区,邑南町,52323315,101,133,
大田邑智地区,邑南町,52323316,101,133,
大田邑智地区,邑南町,52323317,104,138,
大田邑智地区,邑南町,52323318,99,131,
大田邑智地区,邑南町,52323319,99,131,
大田邑智地区,邑南町,52323320,104,138,
大田邑智地区,邑南町,52323325,99,131,
大田邑智地区,邑南町,52323326,99,131,
大田邑智地区,邑南町,52323327,103,136,
大田邑智地区,邑南町,52323328,99,131,
大田邑智地区,邑南町,52323329,99,131,
大田邑智地区,邑南町,52323336,99,131,
大田邑智地区,邑南町,52323337,99,131,
大田邑智地区,邑南町,52323338,99,131,
大田邑智地区,邑南町,52323339,107,－,
大田邑智地区,邑南町,52323400,99,131,
大田邑智地区,邑南町,52323401,104,137,
大田邑智地区,邑南町,52323402,98,130,
大田邑智地区,邑南町,52323403,98,129,
大田邑智地区,邑南町,52323404,98,129,
大田邑智地区,邑南町,52323405,102,135,
大田邑智地区,邑南町,52323406,97,128,
大田邑智地区,邑南町,52323407,97,128,
大田邑智地区,邑南町,52323408,96,127,
大田邑智地区,邑南町,52323409,96,127,
大田邑智地区,邑南町,52323410,99,131,
大田邑智地区,邑南町,52323411,99,131,
大田邑智地区,邑南町,52323412,98,130,
大田邑智地区,邑南町,52323413,98,129,
大田邑智地区,邑南町,52323414,103,136,
大田邑智地区,邑南町,52323415,103,136,
大田邑智地区,邑南町,52323416,98,130,
大田邑智地区,邑南町,52323417,97,128,
大田邑智地区,邑南町,52323418,97,128,
大田邑智地区,邑南町,52323420,99,131,
大田邑智地区,邑南町,52323421,98,129,
大田邑智地区,邑南町,52323422,102,135,
大田邑智地区,邑南町,52323423,98,130,
大田邑智地区,邑南町,52323424,103,136,
大田邑智地区,邑南町,52323425,100,132,
大田邑智地区,邑南町,52323426,104,137,
大田邑智地区,邑南町,52323431,107,－,
大田邑智地区,邑南町,52323432,107,－,
大田邑智地区,邑南町,52323433,107,141,
大田邑智地区,邑南町,52323434,98,130,
大田邑智地区,邑南町,52323435,108,143,
大田邑智地区,邑南町,52323442,107,－,
大田邑智地区,邑南町,52323443,103,136,
大田邑智地区,邑南町,52323445,107,142,
大田邑智地区,邑南町,52323455,102,135,
浜田地区,浜田市,52310767,119,157,
浜田地区,浜田市,52310768,115,152,
浜田地区,浜田市,52310769,120,159,
浜田地区,浜田市,52310776,119,157,
浜田地区,浜田市,52310777,120,159,
浜田地区,浜田市,52310778,126,167,
浜田地区,浜田市,52310779,127,168,
浜田地区,浜田市,52310785,124,164,
浜田地区,浜田市,52310786,124,164,
浜田地区,浜田市,52310787,126,167,
浜田地区,浜田市,52310788,133,175,
浜田地区,浜田市,52310789,133,176,
浜田地区,浜田市,52310795,130,172,
浜田地区,浜田市,52310796,130,172,
浜田地区,浜田市,52310797,132,174,
浜田地区,浜田市,52310798,132,174,
浜田地区,浜田市,52310799,133,175,
浜田地区,浜田市,52311703,131,173,
浜田地区,浜田市,52311704,131,173,
浜田地区,浜田市,52311705,131,173,
浜田地区,浜田市,52311706,130,172,
浜田地区,浜田市,52311707,131,173,
浜田地区,浜田市,52311708,138,182,
浜田地区,浜田市,52311709,138,182,
浜田地区,浜田市,52311711,123,163,
浜田地区,浜田市,52311712,125,165,
浜田地区,浜田市,52311713,132,174,
浜田地区,浜田市,52311714,132,174,
浜田地区,浜田市,52311715,131,173,
浜田地区,浜田市,52311716,136,180,
浜田地区,浜田市,52311717,137,181,
浜田地区,浜田市,52311718,137,181,
浜田地区,浜田市,52311719,130,172,
浜田地区,浜田市,52311721,118,156,
浜田地区,浜田市,52311722,125,165,
浜田地区,浜田市,52311723,131,173,
浜田地区,浜田市,52311724,131,173,
浜田地区,浜田市,52311725,136,180,
浜田地区,浜田市,52311726,136,180,
浜田地区,浜田市,52311727,137,181,
浜田地区,浜田市,52311728,130,172,
浜田地区,浜田市,52311729,130,172,
浜田地区,浜田市,52311731,131,－,
浜田地区,浜田市,52311732,131,－,
浜田地区,浜田市,52311733,118,156,
浜田地区,浜田市,52311734,124,164,
浜田地区,浜田市,52311735,130,172,
浜田地区,浜田市,52311736,130,172,
浜田地区,浜田市,52311737,130,172,
浜田地区,浜田市,52311738,130,172,
浜田地区,浜田市,52311739,129,171,
浜田地区,浜田市,52311743,131,－,
浜田地区,浜田市,52311744,118,156,
浜田地区,浜田市,52311745,119,157,
浜田地区,浜田市,52311746,124,164,
浜田地区,浜田市,52311747,124,164,
浜田地区,浜田市,52311748,123,163,
浜田地区,浜田市,52311749,129,170,
浜田地区,浜田市,52311755,118,156,
浜田地区,浜田市,52311756,113,149,
浜田地区,浜田市,52311757,113,149,
浜田地区,浜田市,52311758,128,169,
浜田地区,浜田市,52311759,129,170,
浜田地区,浜田市,52311765,118,－,
浜田地区,浜田市,52311766,107,142,
浜田地区,浜田市,52311767,113,149,
浜田地区,浜田市,52311768,117,155,
浜田地区,浜田市,52311769,123,163,
浜田地区,浜田市,52311776,107,141,
浜田地区,浜田市,52311777,107,142,
浜田地区,浜田市,52311778,114,150,
浜田地区,浜田市,52311779,118,156,
浜田地区,浜田市,52311786,107,－,
浜田地区,浜田市,52311787,107,142,
浜田地区,浜田市,52311788,109,144,
浜田地区,浜田市,52311789,118,156,
浜田地区,浜田市,52311798,114,150,
浜田地区,浜田市,52311799,119,157,
浜田地区,浜田市,52312709,118,156,
浜田地区,浜田市,52312719,118,－,
浜田地区,浜田市,52320041,110,145,
浜田地区,浜田市,52320051,115,152,
浜田地区,浜田市,52320052,117,154,
浜田地区,浜田市,52320055,117,154,
浜田地区,浜田市,52320056,113,149,
浜田地区,浜田市,52320057,118,156,
浜田地区,浜田市,52320060,120,159,
浜田地区,浜田市,52320061,117,154,
浜田地区,浜田市,52320062,117,155,
浜田地区,浜田市,52320063,113,149,
浜田地区,浜田市,52320064,112,148,
浜田地区,浜田市,52320065,113,149,
浜田地区,浜田市,52320066,113,149,
浜田地区,浜田市,52320067,125,－,
浜田地区,浜田市,52320068,124,164,
浜田地区,浜田市,52320069,125,－,
浜田地区,浜田市,52320070,122,161,
浜田地区,浜田市,52320071,122,161,
浜田地区,浜田市,52320072,117,155,
浜田地区,浜田市,52320073,117,154,
浜田地区,浜田市,52320074,117,154,
浜田地区,浜田市,52320075,117,154,
浜田地区,浜田市,52320076,118,156,
浜田地区,浜田市,52320077,125,－,
浜田地区,浜田市,52320078,125,－,
浜田地区,浜田市,52320079,125,165,
浜田地区,浜田市,52320080,127,168,
浜田地区,浜田市,52320081,121,160,
浜田地区,浜田市,52320082,121,160,
浜田地区,浜田市,52320083,121,160,
浜田地区,浜田市,52320084,117,154,
浜田地区,浜田市,52320085,123,162,
浜田地区,浜田市,52320086,123,162,
浜田地区,浜田市,52320087,118,156,
浜田地区,浜田市,52320088,123,163,
浜田地区,浜田市,52320089,124,164,
浜田地区,浜田市,52320090,126,167,
浜田地区,浜田市,52320091,126,166,
浜田地区,浜田市,52320092,120,159,
浜田地区,浜田市,52320093,120,159,
浜田地区,浜田市,52320094,127,168,
浜田地区,浜田市,52320095,128,169,
浜田地区,浜田市,52320096,135,－,
浜田地区,浜田市,52320097,118,156,
浜田地区,浜田市,52320098,123,163,
浜田地区,浜田市,52320099,124,164,
浜田地区,浜田市,52320150,125,－,
浜田地区,浜田市,52320160,125,－,
浜田地区,浜田市,52320161,125,－,
浜田地区,浜田市,52320170,124,164,
浜田地区,浜田市,52320171,124,164,
浜田地区,浜田市,52320172,119,157,
浜田地区,浜田市,52320173,120,158,
浜田地区,浜田市,52320180,124,164,
浜田地区,浜田市,52320181,124,164,
浜田地区,浜田市,52320182,124,164,
浜田地区,浜田市,52320183,124,164,
浜田地区,浜田市,52320184,118,156,
浜田地区,浜田市,52320190,123,163,
浜田地区,浜田市,52320191,123,163,
浜田地区,浜田市,52320192,124,164,
浜田地区,浜田市,52320193,124,164,
浜田地区,浜田市,52320194,123,163,
浜田地区,浜田市,52320195,117,155,
浜田地区,浜田市,52321000,126,166,
浜田地区,浜田市,52321001,125,165,
浜田地区,浜田市,52321002,125,165,
浜田地区,浜田市,52321003,126,167,
浜田地区,浜田市,52321004,134,177,
浜田地区,浜田市,52321005,135,178,
浜田地区,浜田市,52321006,128,169,
浜田地区,浜田市,52321007,123,162,
浜田地区,浜田市,52321008,123,162,
浜田地区,浜田市,52321009,123,162,
浜田地区,浜田市,52321010,130,172,
浜田地区,浜田市,52321011,125,165,
浜田地区,浜田市,52321012,125,165,
浜田地区,浜田市,52321013,126,167,
浜田地区,浜田市,52321014,133,175,
浜田地区,浜田市,52321015,128,169,
浜田地区,浜田市,52321016,127,168,
浜田地区,浜田市,52321017,122,161,
浜田地区,浜田市,52321018,123,162,
浜田地区,浜田市,52321019,123,162,
浜田地区,浜田市,52321020,130,172,
浜田地区,浜田市,52321021,130,172,
浜田地区,浜田市,52321022,131,173,
浜田地区,浜田市,52321023,131,173,
浜田地区,浜田市,52321024,132,174,
浜田地区,浜田市,52321025,132,174,
浜田地区,浜田市,52321026,126,167,
浜田地区,浜田市,52321027,123,162,
浜田地区,浜田市,52321028,128,169,
浜田地区,浜田市,52321029,128,169,
浜田地区,浜田市,52321030,136,179,
浜田地区,浜田市,52321031,136,180,
浜田地区,浜田市,52321032,132,174,
浜田地区,浜田市,52321033,132,174,
浜田地区,浜田市,52321034,126,167,
浜田地区,浜田市,52321035,126,167,
浜田地区,浜田市,52321036,126,167,
浜田地区,浜田市,52321037,128,169,
浜田地区,浜田市,52321038,134,177,
浜田地区,浜田市,52321039,128,169,
浜田地区,浜田市,52321040,136,179,
浜田地区,浜田市,52321041,137,181,
浜田地区,浜田市,52321042,138,182,
浜田地区,浜田市,52321043,138,182,
浜田地区,浜田市,52321044,132,174,
浜田地区,浜田市,52321045,126,167,
浜田地区,浜田市,52321046,126,167,
浜田地区,浜田市,52321047,126,167,
浜田地区,浜田市,52321048,127,168,
浜田地区,浜田市,52321049,126,167,
浜田地区,浜田市,52321050,136,179,
浜田地区,浜田市,52321051,130,172,
浜田地区,浜田市,52321052,132,174,
浜田地区,浜田市,52321053,138,182,
浜田地区,浜田市,52321054,132,174,
浜田地区,浜田市,52321055,126,167,
浜田地区,浜田市,52321056,126,167,
浜田地区,浜田市,52321057,125,165,
浜田地区,浜田市,52321058,125,165,
浜田地区,浜田市,52321059,120,158,
浜田地区,浜田市,52321060,129,170,
浜田地区,浜田市,52321061,130,172,
浜田地区,浜田市,52321062,130,172,
浜田地区,浜田市,52321063,130,172,
浜田地区,浜田市,52321064,131,173,
浜田地区,浜田市,52321065,125,165,
浜田地区,浜田市,52321066,125,165,
浜田地区,浜田市,52321067,123,163,
浜田地区,浜田市,52321068,118,156,
浜田地区,浜田市,52321069,114,150,
浜田地区,浜田市,52321070,124,164,
浜田地区,浜田市,52321071,125,165,
浜田地区,浜田市,52321072,125,165,
浜田地区,浜田市,52321073,126,166,
浜田地区,浜田市,52321074,125,165,
浜田地区,浜田市,52321075,125,165,
浜田地区,浜田市,52321076,118,156,
浜田地区,浜田市,52321077,114,151,
浜田地区,浜田市,52321078,114,151,
浜田地区,浜田市,52321079,114,151,
浜田地区,浜田市,52321080,119,157,
浜田地区,浜田市,52321081,119,157,
浜田地区,浜田市,52321082,126,166,
浜田地区,浜田市,52321083,126,167,
浜田地区,浜田市,52321084,122,161,
浜田地区,浜田市,52321085,126,166,
浜田地区,浜田市,52321086,119,157,
浜田地区,浜田市,52321087,114,151,
浜田地区,浜田市,52321088,120,159,
浜田地区,浜田市,52321089,133,－,
浜田地区,浜田市,52321090,118,156,
浜田地区,浜田市,52321091,124,164,
浜田地区,浜田市,52321092,125,165,
浜田地区,浜田市,52321093,127,168,
浜田地区,浜田市,52321094,128,169,
浜田地区,浜田市,52321095,126,167,
浜田地区,浜田市,52321096,120,159,
浜田地区,浜田市,52321097,120,159,
浜田地区,浜田市,52321098,122,161,
浜田地区,浜田市,52321099,126,167,
浜田地区,浜田市,52321100,123,162,
浜田地区,浜田市,52321101,123,162,
浜田地区,浜田市,52321102,123,162,
浜田地区,浜田市,52321103,128,169,
浜田地区,浜田市,52321104,123,162,
浜田地区,浜田市,52321105,123,162,
浜田地区,浜田市,52321106,127,168,
浜田地区,浜田市,52321107,128,169,
浜田地区,浜田市,52321110,123,162,
浜田地区,浜田市,52321111,122,161,
浜田地区,浜田市,52321112,121,160,
浜田地区,浜田市,52321113,122,161,
浜田地区,浜田市,52321114,127,168,
浜田地区,浜田市,52321115,128,169,
浜田地区,浜田市,52321116,133,176,
浜田地区,浜田市,52321117,134,177,
浜田地区,浜田市,52321120,122,161,
浜田地区,浜田市,52321121,116,153,
浜田地区,浜田市,52321122,126,－,
浜田地区,浜田市,52321123,121,160,
浜田地区,浜田市,52321124,129,170,
浜田地区,浜田市,52321125,136,179,
浜田地区,浜田市,52321126,134,177,
浜田地区,浜田市,52321127,134,177,
浜田地区,浜田市,52321130,121,160,
浜田地区,浜田市,52321131,120,159,
浜田地区,浜田市,52321132,126,－,
浜田地区,浜田市,52321133,126,167,
浜田地区,浜田市,52321134,134,177,
浜田地区,浜田市,52321135,136,180,
浜田地区,浜田市,52321136,129,171,
浜田地区,浜田市,52321137,128,169,
浜田地区,浜田市,52321138,134,－,
浜田地区,浜田市,52321140,120,159,
浜田地区,浜田市,52321141,120,158,
浜田地区,浜田市,52321142,126,－,
浜田地区,浜田市,52321143,126,167,
浜田地区,浜田市,52321144,128,169,
浜田地区,浜田市,52321145,135,178,
浜田地区,浜田市,52321146,134,177,
浜田地区,浜田市,52321147,127,168,
浜田地区,浜田市,52321148,132,174,
浜田地区,浜田市,52321150,119,157,
浜田地区,浜田市,52321151,126,－,
浜田地区,浜田市,52321152,126,－,
浜田地区,浜田市,52321153,126,166,
浜田地区,浜田市,52321154,132,174,
浜田地区,浜田市,52321155,128,169,
浜田地区,浜田市,52321156,127,168,
浜田地区,浜田市,52321157,126,167,
浜田地区,浜田市,52321158,121,160,
浜田地区,浜田市,52321160,114,151,
浜田地区,浜田市,52321161,119,157,
浜田地区,浜田市,52321162,126,－,
浜田地区,浜田市,52321163,120,159,
浜田地区,浜田市,52321164,126,167,
浜田地区,浜田市,52321165,126,167,
浜田地区,浜田市,52321166,123,162,
浜田地区,浜田市,52321167,122,161,
浜田地区,浜田市,52321168,116,153,
浜田地区,浜田市,52321170,118,156,
浜田地区,浜田市,52321171,120,158,
浜田地区,浜田市,52321172,120,159,
浜田地区,浜田市,52321173,120,159,
浜田地区,浜田市,52321174,121,160,
浜田地区,浜田市,52321175,126,167,
浜田地区,浜田市,52321176,123,162,
浜田地区,浜田市,52321177,121,160,
浜田地区,浜田市,52321178,120,159,
浜田地区,浜田市,52321179,120,158,
浜田地区,浜田市,52321180,120,158,
浜田地区,浜田市,52321181,120,158,
浜田地区,浜田市,52321182,120,159,
浜田地区,浜田市,52321183,126,167,
浜田地区,浜田市,52321184,127,168,
浜田地区,浜田市,52321185,122,161,
浜田地区,浜田市,52321186,122,161,
浜田地区,浜田市,52321187,121,160,
浜田地区,浜田市,52321188,116,153,
浜田地区,浜田市,52321189,114,151,
浜田地区,浜田市,52321190,133,－,
浜田地区,浜田市,52321191,126,167,
浜田地区,浜田市,52321192,127,168,
浜田地区,浜田市,52321193,133,176,
浜田地区,浜田市,52321194,133,176,
浜田地区,浜田市,52321195,126,167,
浜田地区,浜田市,52321196,126,167,
浜田地区,浜田市,52321197,121,160,
浜田地区,浜田市,52321198,116,153,
浜田地区,浜田市,52321199,115,152,
浜田地区,浜田市,52321233,121,160,
浜田地区,浜田市,52321242,116,153,
浜田地区,浜田市,52321243,115,152,
浜田地区,浜田市,52321252,115,152,
浜田地区,浜田市,52321253,115,152,
浜田地区,浜田市,52321254,110,146,
浜田地区,浜田市,52321256,105,139,
浜田地区,浜田市,52321257,110,146,
浜田地区,浜田市,52321261,115,152,
浜田地区,浜田市,52321262,115,152,
浜田地区,浜田市,52321263,110,146,
浜田地区,浜田市,52321264,105,139,
浜田地区,浜田市,52321265,106,140,
浜田地区,浜田市,52321266,105,139,
浜田地区,浜田市,52321267,104,138,
浜田地区,浜田市,52321268,105,139,
浜田地区,浜田市,52321269,105,139,
浜田地区,浜田市,52321270,110,145,
浜田地区,浜田市,52321271,114,151,
浜田地区,浜田市,52321272,110,146,
浜田地区,浜田市,52321273,107,141,
浜田地区,浜田市,52321274,106,140,
浜田地区,浜田市,52321275,110,145,
浜田地区,浜田市,52321276,104,138,
浜田地区,浜田市,52321277,101,133,
浜田地区,浜田市,52321278,106,140,
浜田地区,浜田市,52321279,105,139,
浜田地区,浜田市,52321280,114,151,
浜田地区,浜田市,52321281,114,151,
浜田地区,浜田市,52321282,110,146,
浜田地区,浜田市,52321283,110,146,
浜田地区,浜田市,52321284,110,146,
浜田地区,浜田市,52321285,110,146,
浜田地区,浜田市,52321286,106,140,
浜田地区,浜田市,52321287,107,141,
浜田地区,浜田市,52321288,108,143,
浜田地区,浜田市,52321289,107,141,
浜田地区,浜田市,52321290,114,150,
浜田地区,浜田市,52321291,109,144,
浜田地区,浜田市,52321292,109,144,
浜田地区,浜田市,52321293,110,146,
浜田地区,浜田市,52321294,111,147,
浜田地区,浜田市,52321295,110,146,
浜田地区,浜田市,52321296,107,141,
浜田地区,浜田市,52321297,108,143,
浜田地区,浜田市,52321298,109,144,
浜田地区,浜田市,52321299,108,143,
浜田地区,浜田市,52321360,105,139,
浜田地区,浜田市,52321370,105,139,
浜田地区,浜田市,52321380,101,133,
浜田地区,浜田市,52321390,103,136,
浜田地区,浜田市,52322000,118,156,
浜田地区,浜田市,52322001,123,163,
浜田地区,浜田市,52322002,130,172,
浜田地区,浜田市,52322003,132,174,
浜田地区,浜田市,52322004,127,168,
浜田地区,浜田市,52322005,126,167,
浜田地区,浜田市,52322006,126,167,
浜田地区,浜田市,52322007,127,168,
浜田地区,浜田市,52322008,128,169,
浜田地区,浜田市,52322009,128,169,
浜田地区,浜田市,52322010,118,156,
浜田地区,浜田市,52322011,118,156,
浜田地区,浜田市,52322012,124,164,
浜田地区,浜田市,52322013,125,165,
浜田地区,浜田市,52322014,132,174,
浜田地区,浜田市,52322015,132,174,
浜田地区,浜田市,52322016,133,175,
浜田地区,浜田市,52322017,133,176,
浜田地区,浜田市,52322018,134,177,
浜田地区,浜田市,52322019,134,177,
浜田地区,浜田市,52322020,117,154,
浜田地区,浜田市,52322021,118,156,
浜田地区,浜田市,52322022,118,156,
浜田地区,浜田市,52322023,124,164,
浜田地区,浜田市,52322024,130,172,
浜田地区,浜田市,52322025,130,172,
浜田地区,浜田市,52322026,132,174,
浜田地区,浜田市,52322027,133,175,
浜田地区,浜田市,52322028,134,177,
浜田地区,浜田市,52322029,134,177,
浜田地区,浜田市,52322030,117,154,
浜田地区,浜田市,52322031,117,154,
浜田地区,浜田市,52322032,117,154,
浜田地区,浜田市,52322033,118,156,
浜田地区,浜田市,52322034,123,163,
浜田地区,浜田市,52322035,130,172,
浜田地区,浜田市,52322036,130,172,
浜田地区,浜田市,52322037,132,174,
浜田地区,浜田市,52322038,133,175,
浜田地区,浜田市,52322039,134,177,
浜田地区,浜田市,52322040,109,144,
浜田地区,浜田市,52322041,110,146,
浜田地区,浜田市,52322042,111,147,
浜田地区,浜田市,52322043,117,154,
浜田地区,浜田市,52322044,123,162,
浜田地区,浜田市,52322045,123,162,
浜田地区,浜田市,52322046,123,163,
浜田地区,浜田市,52322047,124,164,
浜田地区,浜田市,52322048,132,174,
浜田地区,浜田市,52322049,139,183,
浜田地区,浜田市,52322052,110,145,
浜田地区,浜田市,52322053,111,147,
浜田地区,浜田市,52322054,117,154,
浜田地区,浜田市,52322055,118,156,
浜田地区,浜田市,52322056,123,162,
浜田地区,浜田市,52322057,123,163,
浜田地区,浜田市,52322058,130,172,
浜田地区,浜田市,52322059,137,181,
浜田地区,浜田市,52322064,123,162,
浜田地区,浜田市,52322065,123,163,
浜田地区,浜田市,52322066,124,164,
浜田地区,浜田市,52322067,124,164,
浜田地区,浜田市,52322068,129,171,
浜田地区,浜田市,52322069,136,180,
浜田地区,浜田市,52322074,117,155,
浜田地区,浜田市,52322075,124,164,
浜田地区,浜田市,52322076,125,165,
浜田地区,浜田市,52322077,130,172,
浜田地区,浜田市,52322078,129,171,
浜田地区,浜田市,52322079,136,179,
浜田地区,浜田市,52322083,114,151,
浜田地区,浜田市,52322084,117,154,
浜田地区,浜田市,52322085,118,156,
浜田地区,浜田市,52322086,124,164,
浜田地区,浜田市,52322087,123,163,
浜田地区,浜田市,52322088,124,164,
浜田地区,浜田市,52322089,129,171,
浜田地区,浜田市,52322095,116,153,
浜田地区,浜田市,52322096,117,155,
浜田地区,浜田市,52322097,123,162,
浜田地区,浜田市,52322098,123,163,
浜田地区,浜田市,52322099,129,171,
浜田地区,浜田市,52322100,133,175,
浜田地区,浜田市,52322101,128,169,
浜田地区,浜田市,52322102,134,177,
浜田地区,浜田市,52322103,129,170,
浜田地区,浜田市,52322104,133,176,
浜田地区,浜田市,52322105,127,168,
浜田地区,浜田市,52322106,126,167,
浜田地区,浜田市,52322107,126,167,
浜田地区,浜田市,52322108,121,160,
浜田地区,浜田市,52322109,120,159,
浜田地区,浜田市,52322110,134,177,
浜田地区,浜田市,52322111,134,177,
浜田地区,浜田市,52322112,140,185,
浜田地区,浜田市,52322113,134,177,
浜田地区,浜田市,52322114,134,177,
浜田地区,浜田市,52322115,133,175,
浜田地区,浜田市,52322116,126,166,
浜田地区,浜田市,52322117,126,167,
浜田地区,浜田市,52322118,121,160,
浜田地区,浜田市,52322119,120,159,
浜田地区,浜田市,52322120,134,177,
浜田地区,浜田市,52322121,134,177,
浜田地区,浜田市,52322122,140,185,
浜田地区,浜田市,52322123,140,185,
浜田地区,浜田市,52322124,134,177,
浜田地区,浜田市,52322125,132,174,
浜田地区,浜田市,52322126,126,167,
浜田地区,浜田市,52322127,126,167,
浜田地区,浜田市,52322128,122,161,
浜田地区,浜田市,52322129,123,162,
浜田地区,浜田市,52322130,134,177,
浜田地区,浜田市,52322131,134,177,
浜田地区,浜田市,52322132,139,184,
浜田地区,浜田市,52322133,134,177,
浜田地区,浜田市,52322134,128,169,
浜田地区,浜田市,52322135,126,167,
浜田地区,浜田市,52322136,126,167,
浜田地区,浜田市,52322137,127,168,
浜田地区,浜田市,52322138,128,169,
浜田地区,浜田市,52322139,123,163,
浜田地区,浜田市,52322140,139,183,
浜田地区,浜田市,52322141,133,176,
浜田地区,浜田市,52322142,133,176,
浜田地区,浜田市,52322143,133,176,
浜田地区,浜田市,52322144,132,174,
浜田地区,浜田市,52322145,126,167,
浜田地区,浜田市,52322146,126,166,
浜田地区,浜田市,52322147,127,168,
浜田地区,浜田市,52322148,128,169,
浜田地区,浜田市,52322149,129,170,
浜田地区,浜田市,52322150,138,182,
浜田地区,浜田市,52322151,138,182,
浜田地区,浜田市,52322152,132,174,
浜田地区,浜田市,52322153,126,167,
浜田地区,浜田市,52322154,126,166,
浜田地区,浜田市,52322155,126,166,
浜田地区,浜田市,52322156,126,167,
浜田地区,浜田市,52322157,127,168,
浜田地区,浜田市,52322158,128,169,
浜田地区,浜田市,52322159,128,169,
浜田地区,浜田市,52322160,136,180,
浜田地区,浜田市,52322161,136,180,
浜田地区,浜田市,52322162,136,180,
浜田地区,浜田市,52322163,124,164,
浜田地区,浜田市,52322164,124,164,
浜田地区,浜田市,52322165,126,166,
浜田地区,浜田市,52322166,126,167,
浜田地区,浜田市,52322167,126,167,
浜田地区,浜田市,52322168,127,168,
浜田地区,浜田市,52322169,126,167,
浜田地区,浜田市,52322170,136,180,
浜田地区,浜田市,52322171,136,179,
浜田地区,浜田市,52322172,129,171,
浜田地区,浜田市,52322173,129,171,
浜田地区,浜田市,52322174,130,172,
浜田地区,浜田市,52322175,125,165,
浜田地区,浜田市,52322176,132,174,
浜田地区,浜田市,52322177,132,174,
浜田地区,浜田市,52322178,132,174,
浜田地区,浜田市,52322179,126,166,
浜田地区,浜田市,52322180,130,172,
浜田地区,浜田市,52322181,136,179,
浜田地区,浜田市,52322182,136,180,
浜田地区,浜田市,52322183,136,180,
浜田地区,浜田市,52322184,136,180,
浜田地区,浜田市,52322185,130,172,
浜田地区,浜田市,52322186,131,173,
浜田地区,浜田市,52322187,132,174,
浜田地区,浜田市,52322188,132,174,
浜田地区,浜田市,52322189,130,172,
浜田地区,浜田市,52322190,129,171,
浜田地区,浜田市,52322191,136,180,
浜田地区,浜田市,52322192,136,180,
浜田地区,浜田市,52322193,136,180,
浜田地区,浜田市,52322194,130,172,
浜田地区,浜田市,52322195,130,172,
浜田地区,浜田市,52322196,130,172,
浜田地区,浜田市,52322197,130,172,
浜田地区,浜田市,52322198,131,173,
浜田地区,浜田市,52322199,124,164,
浜田地区,浜田市,52322200,114,151,
浜田地区,浜田市,52322201,114,151,
浜田地区,浜田市,52322202,110,146,
浜田地区,浜田市,52322203,110,146,
浜田地区,浜田市,52322204,112,148,
浜田地区,浜田市,52322205,107,141,
浜田地区,浜田市,52322206,107,141,
浜田地区,浜田市,52322207,107,142,
浜田地区,浜田市,52322208,107,142,
浜田地区,浜田市,52322209,103,136,
浜田地区,浜田市,52322210,115,152,
浜田地区,浜田市,52322211,110,145,
浜田地区,浜田市,52322212,110,146,
浜田地区,浜田市,52322213,111,147,
浜田地区,浜田市,52322214,111,147,
浜田地区,浜田市,52322215,110,146,
浜田地区,浜田市,52322216,110,146,
浜田地区,浜田市,52322217,110,146,
浜田地区,浜田市,52322218,110,146,
浜田地区,浜田市,52322219,107,141,
浜田地区,浜田市,52322220,117,154,
浜田地区,浜田市,52322221,117,154,
浜田地区,浜田市,52322222,116,153,
浜田地区,浜田市,52322223,116,153,
浜田地区,浜田市,52322224,116,153,
浜田地区,浜田市,52322225,115,152,
浜田地区,浜田市,52322226,114,151,
浜田地区,浜田市,52322227,115,152,
浜田地区,浜田市,52322228,110,146,
浜田地区,浜田市,52322229,111,147,
浜田地区,浜田市,52322230,123,162,
浜田地区,浜田市,52322231,122,161,
浜田地区,浜田市,52322232,117,154,
浜田地区,浜田市,52322233,115,152,
浜田地区,浜田市,52322234,114,151,
浜田地区,浜田市,52322235,114,151,
浜田地区,浜田市,52322236,110,145,
浜田地区,浜田市,52322240,123,162,
浜田地区,浜田市,52322241,121,160,
浜田地区,浜田市,52322242,120,159,
浜田地区,浜田市,52322243,120,159,
浜田地区,浜田市,52322244,120,158,
浜田地区,浜田市,52322245,119,157,
浜田地区,浜田市,52322246,120,158,
浜田地区,浜田市,52322250,122,161,
浜田地区,浜田市,52322251,120,159,
浜田地区,浜田市,52322252,120,158,
浜田地区,浜田市,52322253,120,158,
浜田地区,浜田市,52322254,129,170,
浜田地区,浜田市,52322255,119,157,
浜田地区,浜田市,52322260,126,167,
浜田地区,浜田市,52322261,120,159,
浜田地区,浜田市,52322262,120,158,
浜田地区,浜田市,52322263,124,164,
浜田地区,浜田市,52322264,143,－,
浜田地区,浜田市,52322270,120,159,
浜田地区,浜田市,52322271,120,158,
浜田地区,浜田市,52322272,120,159,
浜田地区,浜田市,52322273,143,189,
浜田地区,浜田市,52322280,120,158,
浜田地区,浜田市,52322282,114,151,
浜田地区,浜田市,52322290,118,156,
浜田地区,浜田市,52322300,102,135,
浜田地区,浜田市,52322310,107,141,
浜田地区,浜田市,52323005,122,－,
浜田地区,浜田市,52323006,122,161,
浜田地区,浜田市,52323007,123,162,
浜田地区,浜田市,52323008,123,162,
浜田地区,浜田市,52323009,124,164,
浜田地区,浜田市,52323016,122,161,
浜田地区,浜田市,52323017,118,156,
浜田地区,浜田市,52323018,123,163,
浜田地区,浜田市,52323019,136,179,
浜田地区,浜田市,52323027,129,－,
浜田地区,浜田市,52323028,129,170,
浜田地区,浜田市,52323029,136,179,
浜田地区,浜田市,52323038,123,163,
浜田地区,浜田市,52323039,129,171,
浜田地区,浜田市,52323048,129,－,
浜田地区,浜田市,52323049,129,170,
浜田地区,浜田市,52323100,130,172,
浜田地区,浜田市,52323101,137,181,
浜田地区,浜田市,52323102,138,182,
浜田地区,浜田市,52323103,138,182,
浜田地区,浜田市,52323104,126,166,
浜田地区,浜田市,52323105,130,172,
浜田地区,浜田市,52323106,129,171,
浜田地区,浜田市,52323108,125,165,
浜田地区,浜田市,52323109,124,164,
浜田地区,浜田市,52323110,130,172,
浜田地区,浜田市,52323111,139,183,
浜田地区,浜田市,52323112,140,185,
浜田地区,浜田市,52323113,133,176,
浜田地区,浜田市,52323114,132,174,
浜田地区,浜田市,52323119,124,164,
浜田地区,浜田市,52323120,137,181,
浜田地区,浜田市,52323121,138,182,
浜田地区,浜田市,52323122,134,177,
浜田地区,浜田市,52323123,133,176,
浜田地区,浜田市,52323124,132,174,
浜田地区,浜田市,52323130,136,180,
浜田地区,浜田市,52323131,132,174,
浜田地区,浜田市,52323132,126,167,
浜田地区,浜田市,52323133,126,167,
浜田地区,浜田市,52323134,126,166,
浜田地区,浜田市,52323140,130,172,
浜田地区,浜田市,52323141,125,165,
浜田地区,浜田市,52323150,130,－,
浜田地区,江津市,52322281,114,151,
浜田地区,江津市,52322283,120,159,
浜田地区,江津市,52322284,115,152,
浜田地区,江津市,52322291,118,156,
浜田地区,江津市,52322292,114,151,
浜田地区,江津市,52322293,120,158,
浜田地区,江津市,52322294,115,152,
浜田地区,江津市,52322295,119,157,
浜田地区,江津市,52323107,130,172,
浜田地区,江津市,52323115,125,165,
浜田地区,江津市,52323116,129,171,
浜田地区,江津市,52323117,124,164,
浜田地区,江津市,52323118,124,164,
浜田地区,江津市,52323125,125,165,
浜田地区,江津市,52323126,124,164,
浜田地区,江津市,52323127,120,158,
浜田地区,江津市,52323128,124,164,
浜田地区,江津市,52323129,119,157,
浜田地区,江津市,52323135,125,165,
浜田地区,江津市,52323136,120,158,
浜田地区,江津市,52323137,116,153,
浜田地区,江津市,52323138,116,153,
浜田地区,江津市,52323139,120,159,
浜田地区,江津市,52323142,125,165,
浜田地区,江津市,52323143,124,164,
浜田地区,江津市,52323144,120,158,
浜田地区,江津市,52323145,124,164,
浜田地区,江津市,52323146,116,153,
浜田地区,江津市,52323147,117,154,
浜田地区,江津市,52323148,117,154,
浜田地区,江津市,52323149,115,152,
浜田地区,江津市,52323151,120,158,
浜田地区,江津市,52323152,120,159,
浜田地区,江津市,52323153,130,172,
浜田地区,江津市,52323154,125,165,
浜田地区,江津市,52323155,125,165,
浜田地区,江津市,52323156,126,166,
浜田地区,江津市,52323157,120,159,
浜田地区,江津市,52323158,121,160,
浜田地区,江津市,52323159,120,159,
浜田地区,江津市,52323161,130,172,
浜田地区,江津市,52323162,125,165,
浜田地区,江津市,52323163,125,165,
浜田地区,江津市,52323164,130,172,
浜田地区,江津市,52323165,130,172,
浜田地区,江津市,52323166,130,172,
浜田地区,江津市,52323167,125,165,
浜田地区,江津市,52323168,120,159,
浜田地区,江津市,52323169,120,159,
浜田地区,江津市,52323172,120,159,
浜田地区,江津市,52323173,137,181,
浜田地区,江津市,52323174,137,181,
浜田地区,江津市,52323175,130,172,
浜田地区,江津市,52323176,124,164,
浜田地区,江津市,52323177,125,165,
浜田地区,江津市,52323178,120,159,
浜田地区,江津市,52323179,120,159,
浜田地区,江津市,52323183,137,－,
浜田地区,江津市,52323184,137,－,
浜田地区,江津市,52323185,131,173,
浜田地区,江津市,52323186,126,166,
浜田地区,江津市,52323187,125,165,
浜田地区,江津市,52323188,120,159,
浜田地区,江津市,52323189,121,160,
浜田地区,江津市,52323194,137,－,
浜田地区,江津市,52323195,126,166,
浜田地区,江津市,52323196,132,174,
浜田地区,江津市,52323197,126,167,
浜田地区,江津市,52323198,126,167,
浜田地区,江津市,52323199,126,167,
浜田地区,江津市,52323200,118,156,
浜田地区,江津市,52323201,114,150,
浜田地区,江津市,52323202,115,152,
浜田地区,江津市,52323203,116,153,
浜田地区,江津市,52323204,114,151,
浜田地区,江津市,52323205,118,156,
浜田地区,江津市,52323206,118,156,
浜田地区,江津市,52323207,114,150,
浜田地区,江津市,52323210,119,157,
浜田地区,江津市,52323211,114,150,
浜田地区,江津市,52323212,114,151,
浜田地区,江津市,52323213,114,151,
浜田地区,江津市,52323214,114,151,
浜田地区,江津市,52323215,114,150,
浜田地区,江津市,52323216,113,149,
浜田地区,江津市,52323217,114,150,
浜田地区,江津市,52323218,118,156,
浜田地区,江津市,52323220,118,156,
浜田地区,江津市,52323221,114,150,
浜田地区,江津市,52323222,114,150,
浜田地区,江津市,52323223,119,157,
浜田地区,江津市,52323224,114,151,
浜田地区,江津市,52323225,114,150,
浜田地区,江津市,52323226,119,157,
浜田地区,江津市,52323227,124,164,
浜田地区,江津市,52323228,118,156,
浜田地区,江津市,52323230,114,151,
浜田地区,江津市,52323231,114,150,
浜田地区,江津市,52323232,114,150,
浜田地区,江津市,52323233,114,150,
浜田地区,江津市,52323234,114,151,
浜田地区,江津市,52323235,120,159,
浜田地区,江津市,52323236,126,167,
浜田地区,江津市,52323237,120,159,
浜田地区,江津市,52323238,114,151,
浜田地区,江津市,52323239,104,138,
浜田地区,江津市,52323240,114,151,
浜田地区,江津市,52323241,109,144,
浜田地区,江津市,52323242,114,151,
浜田地区,江津市,52323243,114,151,
浜田地区,江津市,52323244,115,152,
浜田地区,江津市,52323245,126,167,
浜田地区,江津市,52323246,128,169,
浜田地区,江津市,52323247,123,162,
浜田地区,江津市,52323248,116,153,
浜田地区,江津市,52323249,109,144,
浜田地区,江津市,52323250,115,152,
浜田地区,江津市,52323251,114,151,
浜田地区,江津市,52323252,114,151,
浜田地区,江津市,52323253,119,157,
浜田地区,江津市,52323254,120,159,
浜田地区,江津市,52323255,123,162,
浜田地区,江津市,52323256,129,170,
浜田地区,江津市,52323257,123,162,
浜田地区,江津市,52323258,111,147,
浜田地区,江津市,52323259,109,144,
浜田地区,江津市,52323260,120,159,
浜田地区,江津市,52323261,115,152,
浜田地区,江津市,52323262,115,152,
浜田地区,江津市,52323263,114,151,
浜田地区,江津市,52323264,116,153,
浜田地区,江津市,52323265,122,161,
浜田地区,江津市,52323266,123,162,
浜田地区,江津市,52323267,117,155,
浜田地区,江津市,52323268,117,154,
浜田地区,江津市,52323269,106,140,
浜田地区,江津市,52323270,121,160,
浜田地区,江津市,52323271,117,154,
浜田地区,江津市,52323272,116,153,
浜田地区,江津市,52323273,115,152,
浜田地区,江津市,52323274,120,159,
浜田地区,江津市,52323275,121,160,
浜田地区,江津市,52323276,123,162,
浜田地区,江津市,52323277,122,161,
浜田地区,江津市,52323278,111,147,
浜田地区,江津市,52323279,116,153,
浜田地区,江津市,52323280,126,167,
浜田地区,江津市,52323281,117,154,
浜田地区,江津市,52323282,116,153,
浜田地区,江津市,52323283,116,153,
浜田地区,江津市,52323284,116,153,
浜田地区,江津市,52323285,121,160,
浜田地区,江津市,52323286,120,159,
浜田地区,江津市,52323287,123,－,
浜田地区,江津市,52323288,120,159,
浜田地区,江津市,52323289,115,152,
浜田地区,江津市,52323290,127,168,
浜田地区,江津市,52323291,126,167,
浜田地区,江津市,52323292,121,160,
浜田地区,江津市,52323293,123,162,
浜田地区,江津市,52323294,117,154,
浜田地区,江津市,52323295,122,161,
浜田地区,江津市,52323296,122,161,
浜田地区,江津市,52323297,123,162,
浜田地区,江津市,52323298,117,154,
浜田地区,江津市,52323299,116,153,
浜田地区,江津市,52323313,105,139,
浜田地区,江津市,52323321,109,144,
浜田地区,江津市,52323322,109,144,
浜田地区,江津市,52323323,104,138,
浜田地区,江津市,52323324,100,132,
浜田地区,江津市,52323330,104,138,
浜田地区,江津市,52323331,109,144,
浜田地区,江津市,52323332,100,132,
浜田地区,江津市,52323333,99,131,
浜田地区,江津市,52323334,98,130,
浜田地区,江津市,52323335,98,130,
浜田地区,江津市,52323340,100,132,
浜田地区,江津市,52323341,100,132,
浜田地区,江津市,52323342,100,132,
浜田地区,江津市,52323343,99,131,
浜田地区,江津市,52323344,99,131,
浜田地区,江津市,52323345,95,126,
浜田地区,江津市,52323346,99,131,
浜田地区,江津市,52323350,101,133,
浜田地区,江津市,52323351,101,133,
浜田地区,江津市,52323352,99,131,
浜田地区,江津市,52323353,100,132,
浜田地区,江津市,52323354,99,131,
浜田地区,江津市,52323355,103,136,
浜田地区,江津市,52323360,105,139,
浜田地区,江津市,52323361,101,133,
浜田地区,江津市,52323362,104,138,
浜田地区,江津市,52323363,100,132,
浜田地区,江津市,52323370,114,151,
浜田地区,江津市,52323380,110,145,
浜田地区,江津市,52323390,110,146,
浜田地区,江津市,52324105,132,174,
浜田地区,江津市,52324106,127,168,
浜田地区,江津市,52324107,128,169,
浜田地区,江津市,52324108,128,169,
浜田地区,江津市,52324109,132,174,
浜田地区,江津市,52324116,134,－,
浜田地区,江津市,52324117,134,177,
浜田地区,江津市,52324118,133,176,
浜田地区,江津市,52324119,127,168,
浜田地区,江津市,52324127,134,－,
浜田地区,江津市,52324128,127,168,
浜田地区,江津市,52324129,126,167,
浜田地区,江津市,52324138,124,164,
浜田地区,江津市,52324139,119,157,
浜田地区,江津市,52324148,112,148,
浜田地区,江津市,52324149,112,148,
浜田地区,江津市,52324200,126,167,
浜田地区,江津市,52324201,121,160,
浜田地区,江津市,52324202,122,161,
浜田地区,江津市,52324203,117,155,
浜田地区,江津市,52324204,123,162,
浜田地区,江津市,52324205,117,155,
浜田地区,江津市,52324206,123,162,
浜田地区,江津市,52324207,123,162,
浜田地区,江津市,52324208,117,155,
浜田地区,江津市,52324209,110,146,
浜田地区,江津市,52324210,117,154,
浜田地区,江津市,52324211,120,159,
浜田地区,江津市,52324212,120,159,
浜田地区,江津市,52324213,117,154,
浜田地区,江津市,52324214,117,154,
浜田地区,江津市,52324215,123,－,
浜田地区,江津市,52324216,117,154,
浜田地区,江津市,52324217,117,154,
浜田地区,江津市,52324218,115,152,
浜田地区,江津市,52324220,120,159,
浜田地区,江津市,52324221,119,157,
浜田地区,江津市,52324222,114,151,
浜田地区,江津市,52324223,110,146,
浜田地区,江津市,52324224,110,146,
浜田地区,江津市,52324225,123,－,
浜田地区,江津市,52324226,109,144,
浜田地区,江津市,52324227,104,138,
浜田地区,江津市,52324228,109,144,
浜田地区,江津市,52324230,118,156,
浜田地区,江津市,52324231,118,156,
浜田地区,江津市,52324232,113,149,
浜田地区,江津市,52324233,113,149,
浜田地区,江津市,52324234,104,137,
浜田地区,江津市,52324235,99,131,
浜田地区,江津市,52324236,99,131,
浜田地区,江津市,52324237,103,136,
浜田地区,江津市,52324238,108,143,
浜田地区,江津市,52324240,112,148,
浜田地区,江津市,52324241,111,147,
浜田地区,江津市,52324242,110,146,
浜田地区,江津市,52324243,101,134,
浜田地区,江津市,52324244,97,128,
浜田地区,江津市,52324245,97,128,
浜田地区,江津市,52324246,93,123,
浜田地区,江津市,52324247,94,124,
浜田地区,江津市,52324248,99,131,
浜田地区,江津市,52324252,105,139,
浜田地区,江津市,52324253,101,133,
浜田地区,江津市,52324254,95,126,
浜田地区,江津市,52324255,97,128,
浜田地区,江津市,52324256,97,128,
浜田地区,江津市,52324257,98,129,
浜田地区,江津市,52324263,105,－,
浜田地区,江津市,52324264,96,127,
浜田地区,江津市,52324265,97,128,
浜田地区,江津市,52324266,92,122,
浜田地区,江津市,52324274,96,127,
益田地区,益田市,51315749,103,136,
益田地区,益田市,51315759,117,－,
益田地区,益田市,51315769,117,155,
益田地区,益田市,51315777,111,147,
益田地区,益田市,51315778,103,136,
益田地区,益田市,51315779,114,151,
益田地区,益田市,51315787,112,148,
益田地区,益田市,51315788,113,149,
益田地区,益田市,51315789,114,151,
益田地区,益田市,51315797,107,142,
益田地区,益田市,51315798,107,142,
益田地区,益田市,51315799,109,144,
益田地区,益田市,51316588,118,156,
益田地区,益田市,51316589,109,144,
益田地区,益田市,51316598,107,142,
益田地区,益田市,51316599,108,143,
益田地区,益田市,51316680,104,138,
益田地区,益田市,51316690,109,144,
益田地区,益田市,51316697,109,144,
益田地区,益田市,51316698,109,144,
益田地区,益田市,51316707,113,149,
益田地区,益田市,51316708,114,150,
益田地区,益田市,51316709,109,144,
益田地区,益田市,51316714,114,150,
益田地区,益田市,51316715,109,144,
益田地区,益田市,51316717,118,156,
益田地区,益田市,51316718,109,144,
益田地区,益田市,51316719,109,144,
益田地区,益田市,51316723,110,145,
益田地区,益田市,51316724,114,151,
益田地区,益田市,51316725,110,145,
益田地区,益田市,51316726,110,145,
益田地区,益田市,51316727,129,170,
益田地区,益田市,51316728,110,146,
益田地区,益田市,51316729,110,146,
益田地区,益田市,51316733,114,151,
益田地区,益田市,51316734,117,154,
益田地区,益田市,51316735,107,141,
益田地区,益田市,51316736,110,146,
益田地区,益田市,51316737,120,158,
益田地区,益田市,51316738,110,146,
益田地区,益田市,51316739,115,－,
益田地区,益田市,51316743,117,154,
益田地区,益田市,51316744,117,155,
益田地区,益田市,51316745,112,148,
益田地区,益田市,51316746,105,139,
益田地区,益田市,51316747,104,138,
益田地区,益田市,51316748,110,145,
益田地区,益田市,51316749,109,144,
益田地区,益田市,51316752,110,146,
益田地区,益田市,51316753,116,153,
益田地区,益田市,51316754,117,154,
益田地区,益田市,51316755,111,147,
益田地区,益田市,51316756,105,139,
益田地区,益田市,51316757,109,144,
益田地区,益田市,51316758,104,138,
益田地区,益田市,51316759,110,145,
益田地区,益田市,51316763,110,145,
益田地区,益田市,51316764,110,145,
益田地区,益田市,51316765,110,146,
益田地区,益田市,51316766,106,140,
益田地区,益田市,51316767,104,138,
益田地区,益田市,51316768,104,138,
益田地区,益田市,51316769,110,145,
益田地区,益田市,51316774,110,－,
益田地区,益田市,51316775,110,146,
益田地区,益田市,51316776,106,140,
益田地区,益田市,51316777,105,139,
益田地区,益田市,51316778,109,144,
益田地区,益田市,51316779,110,146,
益田地区,益田市,51316783,110,－,
益田地区,益田市,51316784,110,－,
益田地区,益田市,51316785,110,－,
益田地区,益田市,51316786,110,146,
益田地区,益田市,51316787,110,146,
益田地区,益田市,51316788,104,138,
益田地区,益田市,51316789,105,139,
益田地区,益田市,51316793,110,－,
益田地区,益田市,51316794,104,138,
益田地区,益田市,51316795,109,144,
益田地区,益田市,51316796,109,144,
益田地区,益田市,51316797,104,138,
益田地区,益田市,51316798,104,138,
益田地区,益田市,51316799,105,139,
益田地区,益田市,51317508,103,136,
益田地区,益田市,51317509,107,142,
益田地区,益田市,51317518,102,135,
益田地区,益田市,51317519,107,141,
益田地区,益田市,51317527,105,139,
益田地区,益田市,51317528,106,140,
益田地区,益田市,51317529,101,133,
益田地区,益田市,51317537,104,138,
益田地区,益田市,51317538,104,138,
益田地区,益田市,51317539,110,145,
益田地区,益田市,51317546,103,136,
益田地区,益田市,51317547,114,150,
益田地区,益田市,51317548,114,151,
益田地区,益田市,51317549,115,152,
益田地区,益田市,51317556,112,148,
益田地区,益田市,51317557,114,150,
益田地区,益田市,51317558,114,151,
益田地区,益田市,51317559,115,152,
益田地区,益田市,51317566,110,146,
益田地区,益田市,51317567,113,149,
益田地区,益田市,51317568,113,149,
益田地区,益田市,51317569,118,156,
益田地区,益田市,51317576,114,151,
益田地区,益田市,51317577,115,152,
益田地区,益田市,51317578,111,147,
益田地区,益田市,51317579,116,153,
益田地区,益田市,51317586,110,145,
益田地区,益田市,51317587,110,146,
益田地区,益田市,51317588,114,151,
益田地区,益田市,51317589,116,153,
益田地区,益田市,51317595,110,145,
益田地区,益田市,51317596,104,138,
益田地区,益田市,51317597,110,145,
益田地区,益田市,51317598,110,145,
益田地区,益田市,51317599,110,146,
益田地区,益田市,51317600,108,143,
益田地区,益田市,51317601,108,143,
益田地区,益田市,51317602,108,143,
益田地区,益田市,51317603,108,143,
益田地区,益田市,51317604,108,143,
益田地区,益田市,51317605,103,136,
益田地区,益田市,51317606,104,137,
益田地区,益田市,51317607,103,136,
益田地区,益田市,51317608,109,144,
益田地区,益田市,51317610,107,142,
益田地区,益田市,51317611,107,141,
益田地区,益田市,51317612,107,141,
益田地区,益田市,51317613,107,141,
益田地区,益田市,51317614,107,141,
益田地区,益田市,51317615,109,－,
益田地区,益田市,51317616,104,138,
益田地区,益田市,51317617,108,143,
益田地区,益田市,51317618,103,136,
益田地区,益田市,51317619,103,136,
益田地区,益田市,51317620,106,140,
益田地区,益田市,51317621,106,140,
益田地区,益田市,51317622,106,140,
益田地区,益田市,51317623,106,140,
益田地区,益田市,51317624,107,141,
益田地区,益田市,51317625,107,142,
益田地区,益田市,51317626,109,144,
益田地区,益田市,51317627,108,143,
益田地区,益田市,51317628,107,142,
益田地区,益田市,51317629,103,136,
益田地区,益田市,51317630,104,138,
益田地区,益田市,51317631,105,139,
益田地区,益田市,51317632,104,138,
益田地区,益田市,51317633,109,144,
益田地区,益田市,51317634,110,146,
益田地区,益田市,51317635,110,146,
益田地区,益田市,51317636,112,148,
益田地区,益田市,51317637,107,142,
益田地区,益田市,51317638,107,141,
益田地区,益田市,51317639,109,－,
益田地区,益田市,51317640,114,151,
益田地区,益田市,51317641,114,151,
益田地区,益田市,51317642,114,150,
益田地区,益田市,51317643,113,149,
益田地区,益田市,51317644,114,150,
益田地区,益田市,51317645,114,151,
益田地区,益田市,51317646,110,146,
益田地区,益田市,51317647,110,146,
益田地区,益田市,51317648,106,140,
益田地区,益田市,51317649,109,－,
益田地区,益田市,51317650,120,158,
益田地区,益田市,51317651,118,156,
益田地区,益田市,51317652,118,156,
益田地区,益田市,51317653,123,162,
益田地区,益田市,51317654,118,156,
益田地区,益田市,51317655,114,150,
益田地区,益田市,51317656,114,150,
益田地区,益田市,51317657,109,144,
益田地区,益田市,51317658,109,144,
益田地区,益田市,51317659,106,140,
益田地区,益田市,51317660,118,156,
益田地区,益田市,51317661,117,155,
益田地区,益田市,51317662,123,162,
益田地区,益田市,51317663,122,161,
益田地区,益田市,51317664,122,161,
益田地区,益田市,51317665,113,149,
益田地区,益田市,51317666,113,149,
益田地区,益田市,51317667,114,150,
益田地区,益田市,51317668,104,138,
益田地区,益田市,51317669,101,133,
益田地区,益田市,51317670,117,154,
益田地区,益田市,51317671,122,161,
益田地区,益田市,51317672,122,161,
益田地区,益田市,51317673,126,167,
益田地区,益田市,51317674,117,154,
益田地区,益田市,51317675,112,148,
益田地区,益田市,51317676,107,142,
益田地区,益田市,51317677,108,143,
益田地区,益田市,51317678,108,143,
益田地区,益田市,51317679,104,137,
益田地区,益田市,51317680,116,153,
益田地区,益田市,51317681,120,159,
益田地区,益田市,51317682,116,153,
益田地区,益田市,51317683,116,153,
益田地区,益田市,51317684,116,153,
益田地区,益田市,51317685,107,141,
益田地区,益田市,51317686,107,141,
益田地区,益田市,51317687,94,124,
益田地区,益田市,51317688,108,143,
益田地区,益田市,51317689,108,143,
益田地区,益田市,51317690,114,151,
益田地区,益田市,51317691,115,152,
益田地区,益田市,51317692,115,152,
益田地区,益田市,51317693,110,146,
益田地区,益田市,51317694,110,146,
益田地区,益田市,51317695,107,141,
益田地区,益田市,51317696,107,142,
益田地区,益田市,51317697,108,143,
益田地区,益田市,51317698,108,143,
益田地区,益田市,51317699,108,143,
益田地区,益田市,51317702,109,144,
益田地区,益田市,51317703,108,143,
益田地区,益田市,51317704,107,142,
益田地区,益田市,51317705,109,144,
益田地区,益田市,51317706,108,143,
益田地区,益田市,51317707,104,137,
益田地区,益田市,51317708,103,136,
益田地区,益田市,51317709,104,138,
益田地区,益田市,51317712,108,143,
益田地区,益田市,51317713,117,－,
益田地区,益田市,51317714,108,143,
益田地区,益田市,51317715,108,143,
益田地区,益田市,51317716,108,143,
益田地区,益田市,51317717,107,142,
益田地区,益田市,51317718,103,136,
益田地区,益田市,51317719,104,137,
益田地区,益田市,51317720,103,136,
益田地区,益田市,51317721,104,137,
益田地区,益田市,51317722,104,138,
益田地区,益田市,51317723,109,144,
益田地区,益田市,51317724,117,155,
益田地区,益田市,51317725,113,149,
益田地区,益田市,51317726,113,149,
益田地区,益田市,51317727,107,142,
益田地区,益田市,51317728,107,142,
益田地区,益田市,51317729,107,141,
益田地区,益田市,51317730,103,136,
益田地区,益田市,51317731,103,136,
益田地区,益田市,51317732,107,142,
益田地区,益田市,51317733,108,143,
益田地区,益田市,51317734,108,143,
益田地区,益田市,51317735,117,154,
益田地区,益田市,51317736,112,148,
益田地区,益田市,51317737,107,142,
益田地区,益田市,51317738,107,142,
益田地区,益田市,51317739,103,136,
益田地区,益田市,51317740,109,－,
益田地区,益田市,51317741,106,140,
益田地区,益田市,51317742,102,135,
益田地区,益田市,51317743,103,136,
益田地区,益田市,51317744,103,136,
益田地区,益田市,51317745,103,136,
益田地区,益田市,51317746,112,148,
益田地区,益田市,51317747,107,141,
益田地区,益田市,51317748,107,141,
益田地区,益田市,51317749,114,－,
益田地区,益田市,51317750,101,133,
益田地区,益田市,51317751,101,134,
益田地区,益田市,51317752,101,133,
益田地区,益田市,51317753,101,134,
益田地区,益田市,51317754,103,136,
益田地区,益田市,51317755,107,142,
益田地区,益田市,51317756,107,141,
益田地区,益田市,51317757,107,141,
益田地区,益田市,51317758,107,141,
益田地区,益田市,51317759,107,141,
益田地区,益田市,51317760,101,133,
益田地区,益田市,51317761,101,133,
益田地区,益田市,51317762,101,133,
益田地区,益田市,51317763,101,133,
益田地区,益田市,51317764,101,134,
益田地区,益田市,51317765,107,141,
益田地区,益田市,51317766,107,141,
益田地区,益田市,51317767,107,141,
益田地区,益田市,51317768,108,143,
益田地区,益田市,51317769,108,143,
益田地区,益田市,51317770,100,132,
益田地区,益田市,51317771,100,132,
益田地区,益田市,51317772,101,133,
益田地区,益田市,51317773,101,134,
益田地区,益田市,51317774,102,135,
益田地区,益田市,51317775,106,140,
益田地区,益田市,51317776,106,140,
益田地区,益田市,51317777,107,141,
益田地区,益田市,51317778,108,143,
益田地区,益田市,51317779,114,151,
益田地区,益田市,51317780,108,143,
益田地区,益田市,51317781,109,144,
益田地区,益田市,51317782,106,140,
益田地区,益田市,51317783,107,141,
益田地区,益田市,51317784,106,140,
益田地区,益田市,51317785,105,139,
益田地区,益田市,51317786,101,133,
益田地区,益田市,51317787,101,133,
益田地区,益田市,51317788,107,141,
益田地区,益田市,51317789,109,144,
益田地区,益田市,51317790,109,144,
益田地区,益田市,51317791,109,144,
益田地区,益田市,51317792,105,139,
益田地区,益田市,51317793,101,134,
益田地区,益田市,51317794,101,133,
益田地区,益田市,51317795,101,133,
益田地区,益田市,51317796,101,133,
益田地区,益田市,51317797,105,139,
益田地区,益田市,51317798,107,141,
益田地区,益田市,51317799,103,136,
益田地区,益田市,51325050,104,137,
益田地区,益田市,51325060,104,138,
益田地区,益田市,51325061,100,132,
益田地区,益田市,51325064,115,－,
益田地区,益田市,51325070,115,152,
益田地区,益田市,51325071,105,139,
益田地区,益田市,51325072,104,138,
益田地区,益田市,51325073,101,133,
益田地区,益田市,51325074,115,－,
益田地区,益田市,51325080,115,152,
益田地区,益田市,51325081,110,146,
益田地区,益田市,51325082,105,139,
益田地区,益田市,51325083,101,133,
益田地区,益田市,51325084,115,－,
益田地区,益田市,51325090,110,146,
益田地区,益田市,51325091,115,－,
益田地区,益田市,51325092,115,－,
益田地区,益田市,51325093,115,－,
益田地区,益田市,51326000,110,145,
益田地区,益田市,51326001,115,－,
益田地区,益田市,51326002,115,－,
益田地区,益田市,51326010,115,－,
益田地区,益田市,51326011,115,－,
益田地区,益田市,51326012,115,－,
益田地区,益田市,51326013,105,139,
益田地区,益田市,51326020,114,151,
益田地区,益田市,51326021,115,－,
益田地区,益田市,51326022,115,－,
益田地区,益田市,51326023,115,－,
益田地区,益田市,51326030,115,－,
益田地区,益田市,51326031,115,－,
益田地区,益田市,51326032,115,－,
益田地区,益田市,51326033,115,－,
益田地区,益田市,51326040,110,145,
益田地区,益田市,51326041,109,144,
益田地区,益田市,51326042,104,138,
益田地区,益田市,51326043,115,－,
益田地区,益田市,51326044,115,－,
益田地区,益田市,51326045,115,－,
益田地区,益田市,51326050,105,139,
益田地区,益田市,51326051,104,138,
益田地区,益田市,51326052,104,138,
益田地区,益田市,51326053,115,－,
益田地区,益田市,51326054,115,－,
益田地区,益田市,51326055,115,－,
益田地区,益田市,51326056,115,－,
益田地区,益田市,51326060,110,146,
益田地区,益田市,51326061,105,139,
益田地区,益田市,51326062,104,138,
益田地区,益田市,51326063,115,－,
益田地区,益田市,51326064,115,－,
益田地区,益田市,51326065,115,－,
益田地区,益田市,51326066,115,－,
益田地区,益田市,51326067,115,－,
益田地区,益田市,51326070,107,141,
益田地区,益田市,51326071,110,146,
益田地区,益田市,51326072,105,139,
益田地区,益田市,51326073,104,137,
益田地区,益田市,51326074,115,－,
益田地区,益田市,51326075,115,－,
益田地区,益田市,51326076,115,－,
益田地区,益田市,51326077,115,－,
益田地区,益田市,51326078,115,－,
益田地区,益田市,51326080,107,142,
益田地区,益田市,51326081,117,155,
益田地区,益田市,51326082,110,146,
益田地区,益田市,51326083,115,－,
益田地区,益田市,51326084,115,－,
益田地区,益田市,51326085,115,－,
益田地区,益田市,51326086,115,－,
益田地区,益田市,51326087,115,－,
益田地区,益田市,51326088,115,－,
益田地区,益田市,51326090,107,141,
益田地区,益田市,51326091,107,141,
益田地区,益田市,51326092,105,139,
益田地区,益田市,51326093,103,136,
益田地区,益田市,51326094,115,－,
益田地区,益田市,51326095,115,－,
益田地区,益田市,51326096,115,－,
益田地区,益田市,51326097,115,－,
益田地区,益田市,51326098,115,－,
益田地区,益田市,51326099,115,－,
益田地区,益田市,51327000,105,139,
益田地区,益田市,51327001,104,138,
益田地区,益田市,51327002,104,137,
益田地区,益田市,51327003,103,136,
益田地区,益田市,51327004,115,－,
益田地区,益田市,51327005,115,－,
益田地区,益田市,51327006,104,137,
益田地区,益田市,51327007,104,138,
益田地区,益田市,51327008,110,145,
益田地区,益田市,51327009,115,－,
益田地区,益田市,51327010,103,136,
益田地区,益田市,51327011,103,136,
益田地区,益田市,51327012,104,－,
益田地区,益田市,51327013,102,135,
益田地区,益田市,51327014,115,－,
益田地区,益田市,51327015,115,－,
益田地区,益田市,51327016,104,137,
益田地区,益田市,51327017,104,138,
益田地区,益田市,51327018,115,－,
益田地区,益田市,51327019,115,－,
益田地区,益田市,51327020,102,135,
益田地区,益田市,51327021,102,135,
益田地区,益田市,51327022,101,134,
益田地区,益田市,51327023,103,136,
益田地区,益田市,51327024,103,136,
益田地区,益田市,51327025,103,136,
益田地区,益田市,51327026,104,137,
益田地区,益田市,51327027,104,137,
益田地区,益田市,51327028,115,－,
益田地区,益田市,51327030,102,135,
益田地区,益田市,51327031,101,134,
益田地区,益田市,51327032,101,134,
益田地区,益田市,51327033,102,135,
益田地区,益田市,51327034,103,136,
益田地区,益田市,51327035,103,136,
益田地区,益田市,51327036,104,137,
益田地区,益田市,51327037,115,－,
益田地区,益田市,51327038,115,－,
益田地区,益田市,51327040,114,－,
益田地区,益田市,51327041,101,134,
益田地区,益田市,51327042,101,134,
益田地区,益田市,51327043,101,134,
益田地区,益田市,51327044,102,135,
益田地区,益田市,51327045,103,136,
益田地区,益田市,51327046,103,136,
益田地区,益田市,51327047,115,－,
益田地区,益田市,51327048,115,－,
益田地区,益田市,51327049,104,137,
益田地区,益田市,51327050,114,－,
益田地区,益田市,51327051,106,140,
益田地区,益田市,51327052,101,133,
益田地区,益田市,51327053,101,133,
益田地区,益田市,51327054,102,135,
益田地区,益田市,51327055,102,135,
益田地区,益田市,51327056,104,137,
益田地区,益田市,51327057,104,137,
益田地区,益田市,51327058,104,138,
益田地区,益田市,51327059,108,143,
益田地区,益田市,51327060,114,－,
益田地区,益田市,51327061,102,135,
益田地区,益田市,51327062,101,133,
益田地区,益田市,51327063,105,－,
益田地区,益田市,51327064,105,－,
益田地区,益田市,51327065,102,135,
益田地区,益田市,51327066,104,137,
益田地区,益田市,51327067,105,139,
益田地区,益田市,51327068,105,139,
益田地区,益田市,51327069,104,138,
益田地区,益田市,51327070,109,144,
益田地区,益田市,51327071,103,136,
益田地区,益田市,51327072,101,133,
益田地区,益田市,51327073,105,－,
益田地区,益田市,51327074,105,－,
益田地区,益田市,51327075,105,－,
益田地区,益田市,51327076,104,138,
益田地区,益田市,51327077,106,140,
益田地区,益田市,51327078,105,139,
益田地区,益田市,51327079,109,144,
益田地区,益田市,51327080,103,136,
益田地区,益田市,51327081,101,134,
益田地区,益田市,51327082,101,133,
益田地区,益田市,51327083,105,－,
益田地区,益田市,51327084,105,－,
益田地区,益田市,51327085,105,139,
益田地区,益田市,51327086,103,136,
益田地区,益田市,51327087,104,137,
益田地区,益田市,51327088,104,137,
益田地区,益田市,51327089,108,143,
益田地区,益田市,51327090,102,135,
益田地区,益田市,51327091,101,133,
益田地区,益田市,51327092,101,133,
益田地区,益田市,51327093,101,133,
益田地区,益田市,51327094,101,133,
益田地区,益田市,51327095,101,133,
益田地区,益田市,51327096,105,139,
益田地区,益田市,51327097,106,140,
益田地区,益田市,51327098,107,141,
益田地区,益田市,51327099,107,141,
益田地区,益田市,51327170,109,－,
益田地区,益田市,51327180,108,143,
益田地区,益田市,51327190,107,141,
益田地区,益田市,51327191,103,136,
益田地区,益田市,52310505,110,145,
益田地区,益田市,52310506,110,145,
益田地区,益田市,52310507,104,138,
益田地区,益田市,52310508,110,145,
益田地区,益田市,52310509,104,138,
益田地区,益田市,52310515,110,146,
益田地区,益田市,52310516,110,－,
益田地区,益田市,52310517,110,145,
益田地区,益田市,52310519,114,－,
益田地区,益田市,52310600,114,151,
益田地区,益田市,52310601,110,146,
益田地区,益田市,52310602,110,146,
益田地区,益田市,52310603,110,146,
益田地区,益田市,52310604,107,141,
益田地区,益田市,52310605,111,147,
益田地区,益田市,52310606,113,149,
益田地区,益田市,52310607,114,150,
益田地区,益田市,52310608,109,144,
益田地区,益田市,52310609,108,143,
益田地区,益田市,52310610,114,－,
益田地区,益田市,52310611,104,138,
益田地区,益田市,52310612,110,146,
益田地区,益田市,52310613,111,147,
益田地区,益田市,52310614,110,146,
益田地区,益田市,52310615,107,141,
益田地区,益田市,52310616,113,149,
益田地区,益田市,52310617,109,144,
益田地区,益田市,52310618,109,144,
益田地区,益田市,52310619,108,143,
益田地区,益田市,52310622,104,138,
益田地区,益田市,52310623,105,139,
益田地区,益田市,52310624,101,133,
益田地区,益田市,52310625,106,140,
益田地区,益田市,52310626,113,－,
益田地区,益田市,52310627,113,149,
益田地区,益田市,52310628,113,149,
益田地区,益田市,52310629,107,141,
益田地区,益田市,52310634,113,－,
益田地区,益田市,52310635,113,－,
益田地区,益田市,52310636,113,－,
益田地区,益田市,52310637,107,141,
益田地区,益田市,52310638,116,153,
益田地区,益田市,52310639,107,141,
益田地区,益田市,52310646,113,－,
益田地区,益田市,52310647,110,146,
益田地区,益田市,52310648,110,145,
益田地区,益田市,52310649,110,146,
益田地区,益田市,52310657,109,144,
益田地区,益田市,52310658,109,144,
益田地区,益田市,52310659,115,152,
益田地区,益田市,52310668,114,151,
益田地区,益田市,52310669,110,146,
益田地区,益田市,52310679,117,154,
益田地区,益田市,52310689,123,162,
益田地区,益田市,52310699,117,155,
益田地区,益田市,52310700,104,137,
益田地区,益田市,52310701,104,138,
益田地区,益田市,52310702,104,138,
益田地区,益田市,52310703,101,133,
益田地区,益田市,52310704,101,133,
益田地区,益田市,52310705,99,131,
益田地区,益田市,52310706,101,133,
益田地区,益田市,52310707,105,139,
益田地区,益田市,52310708,101,134,
益田地区,益田市,52310709,101,134,
益田地区,益田市,52310710,108,143,
益田地区,益田市,52310711,104,137,
益田地区,益田市,52310712,104,138,
益田地区,益田市,52310713,104,137,
益田地区,益田市,52310714,104,138,
益田地区,益田市,52310715,104,137,
益田地区,益田市,52310716,100,132,
益田地区,益田市,52310717,101,133,
益田地区,益田市,52310718,105,139,
益田地区,益田市,52310719,101,133,
益田地区,益田市,52310720,107,142,
益田地区,益田市,52310721,108,143,
益田地区,益田市,52310722,108,143,
益田地区,益田市,52310723,104,137,
益田地区,益田市,52310724,108,143,
益田地区,益田市,52310725,104,138,
益田地区,益田市,52310726,110,145,
益田地区,益田市,52310727,109,144,
益田地区,益田市,52310728,109,144,
益田地区,益田市,52310729,101,133,
益田地区,益田市,52310730,111,147,
益田地区,益田市,52310731,113,149,
益田地区,益田市,52310732,108,143,
益田地区,益田市,52310733,113,149,
益田地区,益田市,52310734,108,143,
益田地区,益田市,52310735,109,144,
益田地区,益田市,52310736,114,151,
益田地区,益田市,52310737,109,144,
益田地区,益田市,52310738,109,144,
益田地区,益田市,52310739,108,143,
益田地区,益田市,52310740,111,147,
益田地区,益田市,52310741,113,149,
益田地区,益田市,52310742,117,155,
益田地区,益田市,52310743,113,149,
益田地区,益田市,52310744,118,156,
益田地区,益田市,52310745,118,156,
益田地区,益田市,52310746,118,156,
益田地区,益田市,52310747,118,156,
益田地区,益田市,52310748,114,150,
益田地区,益田市,52310749,113,149,
益田地区,益田市,52310750,111,147,
益田地区,益田市,52310751,107,142,
益田地区,益田市,52310752,118,156,
益田地区,益田市,52310753,118,156,
益田地区,益田市,52310754,123,163,
益田地区,益田市,52310755,118,156,
益田地区,益田市,52310756,118,156,
益田地区,益田市,52310757,118,156,
益田地区,益田市,52310758,118,156,
益田地区,益田市,52310759,114,150,
益田地区,益田市,52310760,116,153,
益田地区,益田市,52310761,113,149,
益田地区,益田市,52310762,114,151,
益田地区,益田市,52310763,120,159,
益田地区,益田市,52310764,124,164,
益田地区,益田市,52310765,118,156,
益田地区,益田市,52310766,118,156,
益田地区,益田市,52310770,117,154,
益田地区,益田市,52310771,117,155,
益田地区,益田市,52310772,114,151,
益田地区,益田市,52310773,120,159,
益田地区,益田市,52310774,124,164,
益田地区,益田市,52310775,124,164,
益田地区,益田市,52310780,123,162,
益田地区,益田市,52310781,118,156,
益田地区,益田市,52310782,119,157,
益田地区,益田市,52310783,125,165,
益田地区,益田市,52310784,125,165,
益田地区,益田市,52310790,118,156,
益田地区,益田市,52310791,123,163,
益田地区,益田市,52310792,124,164,
益田地区,益田市,52310793,130,172,
益田地区,益田市,52310794,131,173,
益田地区,益田市,52311609,117,154,
益田地区,益田市,52311619,124,－,
益田地区,益田市,52311700,123,162,
益田地区,益田市,52311701,124,164,
益田地区,益田市,52311702,130,172,
益田地区,益田市,52311710,124,－,
益田地区,益田市,52320000,97,128,
益田地区,益田市,52320001,101,133,
益田地区,益田市,52320002,101,133,
益田地区,益田市,52320003,101,133,
益田地区,益田市,52320004,96,127,
益田地区,益田市,52320005,101,133,
益田地区,益田市,52320006,101,133,
益田地区,益田市,52320007,101,133,
益田地区,益田市,52320008,105,139,
益田地区,益田市,52320009,107,141,
益田地区,益田市,52320010,101,133,
益田地区,益田市,52320011,101,134,
益田地区,益田市,52320012,101,134,
益田地区,益田市,52320013,101,134,
益田地区,益田市,52320014,101,133,
益田地区,益田市,52320015,101,133,
益田地区,益田市,52320016,101,133,
益田地区,益田市,52320017,101,133,
益田地区,益田市,52320018,101,133,
益田地区,益田市,52320019,125,－,
益田地区,益田市,52320020,101,133,
益田地区,益田市,52320021,106,140,
益田地区,益田市,52320022,103,136,
益田地区,益田市,52320023,103,136,
益田地区,益田市,52320024,101,133,
益田地区,益田市,52320025,101,133,
益田地区,益田市,52320026,97,128,
益田地区,益田市,52320027,97,128,
益田地区,益田市,52320028,102,135,
益田地区,益田市,52320029,125,－,
益田地区,益田市,52320030,104,138,
益田地区,益田市,52320031,105,139,
益田地区,益田市,52320032,107,141,
益田地区,益田市,52320033,103,136,
益田地区,益田市,52320034,106,140,
益田地区,益田市,52320035,106,140,
益田地区,益田市,52320036,102,135,
益田地区,益田市,52320037,102,135,
益田地区,益田市,52320038,107,142,
益田地区,益田市,52320039,104,137,
益田地区,益田市,52320040,113,149,
益田地区,益田市,52320042,111,147,
益田地区,益田市,52320043,111,147,
益田地区,益田市,52320044,111,147,
益田地区,益田市,52320045,111,147,
益田地区,益田市,52320046,112,148,
益田地区,益田市,52320047,113,149,
益田地区,益田市,52320048,109,144,
益田地区,益田市,52320049,114,151,
益田地区,益田市,52320050,114,150,
益田地区,益田市,52320053,117,154,
益田地区,益田市,52320054,117,154,
益田地区,益田市,52320058,125,－,
益田地区,益田市,52320059,125,－,
益田地区,益田市,52320100,107,141,
益田地区,益田市,52320101,103,136,
益田地区,益田市,52320110,125,－,
益田地区,益田市,52320111,102,135,
益田地区,益田市,52320112,103,136,
益田地区,益田市,52320120,125,－,
益田地区,益田市,52320121,103,136,
益田地区,益田市,52320122,99,131,
益田地区,益田市,52320130,125,－,
益田地区,益田市,52320140,125,－,
益田地区,津和野町,51315526,137,181,
益田地区,津和野町,51315527,131,173,
益田地区,津和野町,51315528,123,163,
益田地区,津和野町,51315529,123,162,
益田地区,津和野町,51315536,137,181,
益田地区,津和野町,51315537,125,165,
益田地区,津和野町,51315538,123,162,
益田地区,津和野町,51315539,122,161,
益田地区,津和野町,51315546,129,171,
益田地区,津和野町,51315547,123,162,
益田地区,津和野町,51315548,116,153,
益田地区,津和野町,51315549,116,153,
益田地区,津和野町,51315556,117,154,
益田地区,津和野町,51315557,116,153,
益田地区,津和野町,51315558,115,152,
益田地区,津和野町,51315559,115,152,
益田地区,津和野町,51315566,120,159,
益田地区,津和野町,51315567,120,－,
益田地区,津和野町,51315568,115,152,
益田地区,津和野町,51315569,115,152,
益田地区,津和野町,51315576,115,152,
益田地区,津和野町,51315577,115,152,
益田地区,津和野町,51315578,115,152,
益田地区,津和野町,51315579,114,151,
益田地区,津和野町,51315585,117,154,
益田地区,津和野町,51315586,116,153,
益田地区,津和野町,51315587,115,152,
益田地区,津和野町,51315588,116,153,
益田地区,津和野町,51315589,110,146,
益田地区,津和野町,51315594,127,168,
益田地区,津和野町,51315595,126,167,
益田地区,津和野町,51315596,121,160,
益田地区,津和野町,51315597,120,159,
益田地区,津和野町,51315598,111,147,
益田地区,津和野町,51315599,110,146,
益田地区,津和野町,51315620,126,167,
益田地区,津和野町,51315621,121,160,
益田地区,津和野町,51315622,120,159,
益田地区,津和野町,51315623,119,157,
益田地区,津和野町,51315630,122,161,
益田地区,津和野町,51315631,123,162,
益田地区,津和野町,51315632,122,161,
益田地区,津和野町,51315633,115,152,
益田地区,津和野町,51315640,117,155,
益田地区,津和野町,51315641,123,163,
益田地区,津和野町,51315642,123,162,
益田地区,津和野町,51315643,114,151,
益田地区,津和野町,51315644,113,149,
益田地区,津和野町,51315650,117,154,
益田地区,津和野町,51315651,118,156,
益田地区,津和野町,51315652,117,155,
益田地区,津和野町,51315653,110,146,
益田地区,津和野町,51315654,113,149,
益田地区,津和野町,51315655,117,155,
益田地区,津和野町,51315656,109,144,
益田地区,津和野町,51315660,116,153,
益田地区,津和野町,51315661,117,154,
益田地区,津和野町,51315662,111,147,
益田地区,津和野町,51315663,110,145,
益田地区,津和野町,51315664,113,149,
益田地区,津和野町,51315665,117,154,
益田地区,津和野町,51315666,113,149,
益田地区,津和野町,51315670,115,152,
益田地区,津和野町,51315671,110,146,
益田地区,津和野町,51315672,110,145,
益田地区,津和野町,51315673,114,151,
益田地区,津和野町,51315674,118,156,
益田地区,津和野町,51315675,118,－,
益田地区,津和野町,51315676,108,143,
益田地区,津和野町,51315677,109,144,
益田地区,津和野町,51315680,110,145,
益田地区,津和野町,51315681,109,144,
益田地区,津和野町,51315682,109,144,
益田地区,津和野町,51315683,114,151,
益田地区,津和野町,51315684,118,156,
益田地区,津和野町,51315685,118,156,
益田地区,津和野町,51315686,108,143,
益田地区,津和野町,51315687,109,144,
益田地区,津和野町,51315688,109,144,
益田地区,津和野町,51315689,110,146,
益田地区,津和野町,51315690,110,146,
益田地区,津和野町,51315691,110,146,
益田地区,津和野町,51315692,110,145,
益田地区,津和野町,51315693,120,158,
益田地区,津和野町,51315694,119,157,
益田地区,津和野町,51315695,114,151,
益田地区,津和野町,51315696,104,137,
益田地区,津和野町,51315697,108,143,
益田地区,津和野町,51315698,108,143,
益田地区,津和野町,51315699,104,138,
益田地区,津和野町,51315764,108,143,
益田地区,津和野町,51315765,111,147,
益田地区,津和野町,51315770,109,144,
益田地区,津和野町,51315771,107,142,
益田地区,津和野町,51315772,117,－,
益田地区,津和野町,51315773,113,149,
益田地区,津和野町,51315774,112,148,
益田地区,津和野町,51315775,118,－,
益田地区,津和野町,51315776,110,146,
益田地区,津和野町,51315780,109,144,
益田地区,津和野町,51315781,117,－,
益田地区,津和野町,51315782,111,147,
益田地区,津和野町,51315783,117,155,
益田地区,津和野町,51315784,109,144,
益田地区,津和野町,51315785,118,－,
益田地区,津和野町,51315786,118,－,
益田地区,津和野町,51315790,114,150,
益田地区,津和野町,51315791,113,149,
益田地区,津和野町,51315792,117,155,
益田地区,津和野町,51315793,114,150,
益田地区,津和野町,51315794,118,156,
益田地区,津和野町,51315795,118,－,
益田地区,津和野町,51315796,118,－,
益田地区,津和野町,51316504,133,176,
益田地区,津和野町,51316505,132,174,
益田地区,津和野町,51316506,126,167,
益田地区,津和野町,51316507,121,160,
益田地区,津和野町,51316508,117,154,
益田地区,津和野町,51316509,110,146,
益田地区,津和野町,51316514,138,182,
益田地区,津和野町,51316515,132,174,
益田地区,津和野町,51316516,133,175,
益田地区,津和野町,51316517,127,168,
益田地区,津和野町,51316518,121,160,
益田地区,津和野町,51316519,117,154,
益田地区,津和野町,51316525,137,181,
益田地区,津和野町,51316526,128,169,
益田地区,津和野町,51316527,129,170,
益田地区,津和野町,51316528,123,162,
益田地区,津和野町,51316529,117,154,
益田地区,津和野町,51316536,128,169,
益田地区,津和野町,51316537,129,171,
益田地区,津和野町,51316538,123,162,
益田地区,津和野町,51316539,117,154,
益田地区,津和野町,51316546,133,175,
益田地区,津和野町,51316547,128,169,
益田地区,津和野町,51316548,123,162,
益田地区,津和野町,51316549,117,154,
益田地区,津和野町,51316556,126,166,
益田地区,津和野町,51316557,126,167,
益田地区,津和野町,51316558,117,154,
益田地区,津和野町,51316559,115,152,
益田地区,津和野町,51316566,124,164,
益田地区,津和野町,51316567,120,159,
益田地区,津和野町,51316568,114,151,
益田地区,津和野町,51316569,114,151,
益田地区,津和野町,51316577,119,157,
益田地区,津和野町,51316578,114,151,
益田地区,津和野町,51316579,110,145,
益田地区,津和野町,51316600,117,－,
益田地区,津和野町,51316601,111,147,
益田地区,津和野町,51316602,110,146,
益田地区,津和野町,51316603,110,146,
益田地区,津和野町,51316604,110,146,
益田地区,津和野町,51316605,114,151,
益田地区,津和野町,51316606,118,156,
益田地区,津和野町,51316607,108,143,
益田地区,津和野町,51316608,108,143,
益田地区,津和野町,51316609,108,143,
益田地区,津和野町,51316610,110,146,
益田地区,津和野町,51316611,110,146,
益田地区,津和野町,51316612,111,147,
益田地区,津和野町,51316613,110,146,
益田地区,津和野町,51316614,114,151,
益田地区,津和野町,51316615,120,158,
益田地区,津和野町,51316616,118,156,
益田地区,津和野町,51316617,118,－,
益田地区,津和野町,51316618,118,－,
益田地区,津和野町,51316619,109,144,
益田地区,津和野町,51316620,116,153,
益田地区,津和野町,51316621,116,153,
益田地区,津和野町,51316622,117,154,
益田地区,津和野町,51316623,116,153,
益田地区,津和野町,51316624,116,153,
益田地区,津和野町,51316625,115,152,
益田地区,津和野町,51316626,114,151,
益田地区,津和野町,51316627,114,151,
益田地区,津和野町,51316628,114,150,
益田地区,津和野町,51316629,114,150,
益田地区,津和野町,51316630,116,153,
益田地区,津和野町,51316631,112,148,
益田地区,津和野町,51316632,117,154,
益田地区,津和野町,51316633,117,155,
益田地区,津和野町,51316634,117,155,
益田地区,津和野町,51316635,117,154,
益田地区,津和野町,51316636,117,154,
益田地区,津和野町,51316637,115,152,
益田地区,津和野町,51316638,114,151,
益田地区,津和野町,51316639,114,150,
益田地区,津和野町,51316640,116,153,
益田地区,津和野町,51316641,112,148,
益田地区,津和野町,51316642,118,156,
益田地区,津和野町,51316643,118,156,
益田地区,津和野町,51316644,118,156,
益田地区,津和野町,51316645,117,155,
益田地区,津和野町,51316646,117,155,
益田地区,津和野町,51316647,117,154,
益田地区,津和野町,51316648,110,146,
益田地区,津和野町,51316649,110,145,
益田地区,津和野町,51316650,114,151,
益田地区,津和野町,51316651,116,153,
益田地区,津和野町,51316652,112,148,
益田地区,津和野町,51316653,118,156,
益田地区,津和野町,51316654,117,155,
益田地区,津和野町,51316655,117,154,
益田地区,津和野町,51316656,117,155,
益田地区,津和野町,51316657,112,148,
益田地区,津和野町,51316658,117,－,
益田地区,津和野町,51316659,110,146,
益田地区,津和野町,51316660,114,151,
益田地区,津和野町,51316661,110,146,
益田地区,津和野町,51316662,115,152,
益田地区,津和野町,51316663,116,153,
益田地区,津和野町,51316664,116,153,
益田地区,津和野町,51316665,111,147,
益田地区,津和野町,51316666,116,153,
益田地区,津和野町,51316667,110,146,
益田地区,津和野町,51316668,110,146,
益田地区,津和野町,51316669,112,148,
益田地区,津和野町,51316670,109,144,
益田地区,津和野町,51316671,109,144,
益田地区,津和野町,51316672,110,145,
益田地区,津和野町,51316673,114,151,
益田地区,津和野町,51316674,109,144,
益田地区,津和野町,51316675,110,145,
益田地区,津和野町,51316676,110,146,
益田地区,津和野町,51316677,110,146,
益田地区,津和野町,51316678,110,145,
益田地区,津和野町,51316679,110,146,
益田地区,津和野町,51316681,104,138,
益田地区,津和野町,51316682,104,138,
益田地区,津和野町,51316683,109,144,
益田地区,津和野町,51316684,109,144,
益田地区,津和野町,51316685,109,144,
益田地区,津和野町,51316686,114,151,
益田地区,津和野町,51316687,110,145,
益田地区,津和野町,51316688,109,144,
益田地区,津和野町,51316689,110,145,
益田地区,津和野町,51316691,108,143,
益田地区,津和野町,51316692,108,143,
益田地区,津和野町,51316693,109,144,
益田地区,津和野町,51316694,109,144,
益田地区,津和野町,51316695,104,137,
益田地区,津和野町,51316696,104,138,
益田地区,津和野町,51316699,109,144,
益田地区,津和野町,51316700,113,149,
益田地区,津和野町,51316701,113,149,
益田地区,津和野町,51316702,118,156,
益田地区,津和野町,51316703,114,150,
益田地区,津和野町,51316704,114,150,
益田地区,津和野町,51316705,109,144,
益田地区,津和野町,51316706,109,144,
益田地区,津和野町,51316710,117,155,
益田地区,津和野町,51316711,117,155,
益田地区,津和野町,51316712,114,150,
益田地区,津和野町,51316713,118,156,
益田地区,津和野町,51316716,109,144,
益田地区,津和野町,51316720,118,156,
益田地区,津和野町,51316721,113,149,
益田地区,津和野町,51316722,114,150,
益田地区,津和野町,51316730,113,149,
益田地区,津和野町,51316731,108,143,
益田地区,津和野町,51316732,109,144,
益田地区,津和野町,51316740,114,151,
益田地区,津和野町,51316741,109,144,
益田地区,津和野町,51316742,109,144,
益田地区,津和野町,51316750,112,148,
益田地区,津和野町,51316751,110,146,
益田地区,津和野町,51316760,113,149,
益田地区,津和野町,51316761,111,147,
益田地区,津和野町,51316762,110,146,
益田地区,津和野町,51316770,111,147,
益田地区,津和野町,51316771,111,147,
益田地区,津和野町,51316772,109,144,
益田地区,津和野町,51316773,109,144,
益田地区,津和野町,51316780,110,145,
益田地区,津和野町,51316781,110,145,
益田地区,津和野町,51316782,109,144,
益田地区,津和野町,51316790,109,144,
益田地区,津和野町,51316791,109,144,
益田地区,津和野町,51316792,110,－,
益田地区,津和野町,51317609,104,137,
益田地区,津和野町,51317700,104,138,
益田地区,津和野町,51317701,109,144,
益田地区,津和野町,51317710,108,143,
益田地区,津和野町,51317711,103,136,
益田地区,吉賀町,51313675,104,138,
益田地区,吉賀町,51313676,109,144,
益田地区,吉賀町,51313677,109,144,
益田地区,吉賀町,51313678,114,151,
益田地区,吉賀町,51313679,115,152,
益田地区,吉賀町,51313684,107,141,
益田地区,吉賀町,51313685,108,143,
益田地区,吉賀町,51313686,107,142,
益田地区,吉賀町,51313687,109,144,
益田地区,吉賀町,51313688,109,144,
益田地区,吉賀町,51313689,114,151,
益田地区,吉賀町,51313693,123,－,
益田地区,吉賀町,51313694,106,140,
益田地区,吉賀町,51313695,102,135,
益田地区,吉賀町,51313696,107,142,
益田地区,吉賀町,51313697,108,143,
益田地区,吉賀町,51313698,108,143,
益田地区,吉賀町,51313699,109,144,
益田地区,吉賀町,51313770,117,154,
益田地区,吉賀町,51313776,115,152,
益田地区,吉賀町,51313780,115,152,
益田地区,吉賀町,51313786,114,150,
益田地区,吉賀町,51313790,114,151,
益田地区,吉賀町,51313791,120,158,
益田地区,吉賀町,51313792,114,151,
益田地区,吉賀町,51313795,113,149,
益田地区,吉賀町,51313796,113,149,
益田地区,吉賀町,51313797,113,149,
益田地区,吉賀町,51314602,123,－,
益田地区,吉賀町,51314603,101,133,
益田地区,吉賀町,51314604,101,133,
益田地区,吉賀町,51314605,105,139,
益田地区,吉賀町,51314606,107,141,
益田地区,吉賀町,51314607,107,141,
益田地区,吉賀町,51314608,118,－,
益田地区,吉賀町,51314609,108,143,
益田地区,吉賀町,51314612,123,－,
益田地区,吉賀町,51314613,100,132,
益田地区,吉賀町,51314614,101,133,
益田地区,吉賀町,51314615,105,139,
益田地区,吉賀町,51314616,110,146,
益田地区,吉賀町,51314617,110,146,
益田地区,吉賀町,51314618,117,154,
益田地区,吉賀町,51314619,118,156,
益田地区,吉賀町,51314622,123,－,
益田地区,吉賀町,51314623,104,138,
益田地区,吉賀町,51314624,104,138,
益田地区,吉賀町,51314625,104,138,
益田地区,吉賀町,51314626,106,140,
益田地区,吉賀町,51314627,107,141,
益田地区,吉賀町,51314628,108,143,
益田地区,吉賀町,51314629,114,150,
益田地区,吉賀町,51314631,98,130,
益田地区,吉賀町,51314632,123,－,
益田地区,吉賀町,51314633,104,137,
益田地区,吉賀町,51314634,123,－,
益田地区,吉賀町,51314635,104,138,
益田地区,吉賀町,51314636,101,133,
益田地区,吉賀町,51314637,102,135,
益田地区,吉賀町,51314638,103,136,
益田地区,吉賀町,51314639,108,143,
益田地区,吉賀町,51314641,123,－,
益田地区,吉賀町,51314642,123,－,
益田地区,吉賀町,51314643,123,－,
益田地区,吉賀町,51314644,109,144,
益田地区,吉賀町,51314645,109,144,
益田地区,吉賀町,51314646,131,－,
益田地区,吉賀町,51314647,101,134,
益田地区,吉賀町,51314648,102,135,
益田地区,吉賀町,51314649,103,136,
益田地区,吉賀町,51314651,123,162,
益田地区,吉賀町,51314652,113,149,
益田地区,吉賀町,51314653,112,148,
益田地区,吉賀町,51314654,104,137,
益田地区,吉賀町,51314655,109,144,
益田地区,吉賀町,51314656,131,－,
益田地区,吉賀町,51314657,131,－,
益田地区,吉賀町,51314658,107,141,
益田地区,吉賀町,51314659,107,141,
益田地区,吉賀町,51314662,123,163,
益田地区,吉賀町,51314663,118,156,
益田地区,吉賀町,51314664,113,149,
益田地区,吉賀町,51314665,131,－,
益田地区,吉賀町,51314666,131,－,
益田地区,吉賀町,51314667,131,－,
益田地区,吉賀町,51314668,120,159,
益田地区,吉賀町,51314669,112,148,
益田地区,吉賀町,51314672,129,171,
益田地区,吉賀町,51314673,118,156,
益田地区,吉賀町,51314674,114,150,
益田地区,吉賀町,51314675,131,－,
益田地区,吉賀町,51314676,131,－,
益田地区,吉賀町,51314677,131,－,
益田地区,吉賀町,51314678,124,164,
益田地区,吉賀町,51314679,110,146,
益田地区,吉賀町,51314683,123,163,
益田地区,吉賀町,51314684,118,156,
益田地区,吉賀町,51314685,123,163,
益田地区,吉賀町,51314686,131,－,
益田地区,吉賀町,51314687,119,157,
益田地区,吉賀町,51314688,114,151,
益田地区,吉賀町,51314689,119,157,
益田地区,吉賀町,51314693,123,－,
益田地区,吉賀町,51314694,119,157,
益田地区,吉賀町,51314695,130,172,
益田地区,吉賀町,51314696,131,173,
益田地区,吉賀町,51314697,130,172,
益田地区,吉賀町,51314698,104,138,
益田地区,吉賀町,51314699,118,156,
益田地区,吉賀町,51314700,114,150,
益田地区,吉賀町,51314701,114,150,
益田地区,吉賀町,51314702,113,149,
益田地区,吉賀町,51314703,113,149,
益田地区,吉賀町,51314704,113,149,
益田地区,吉賀町,51314705,113,149,
益田地区,吉賀町,51314706,113,149,
益田地区,吉賀町,51314707,114,150,
益田地区,吉賀町,51314710,118,156,
益田地区,吉賀町,51314711,117,154,
益田地区,吉賀町,51314712,117,154,
益田地区,吉賀町,51314713,117,154,
益田地区,吉賀町,51314714,117,155,
益田地区,吉賀町,51314715,117,154,
益田地区,吉賀町,51314716,113,149,
益田地区,吉賀町,51314717,114,150,
益田地区,吉賀町,51314720,118,156,
益田地区,吉賀町,51314721,117,154,
益田地区,吉賀町,51314722,116,153,
益田地区,吉賀町,51314723,116,153,
益田地区,吉賀町,51314724,123,162,
益田地区,吉賀町,51314725,118,156,
益田地区,吉賀町,51314726,119,157,
益田地区,吉賀町,51314727,123,162,
益田地区,吉賀町,51314728,117,155,
益田地区,吉賀町,51314730,108,143,
益田地区,吉賀町,51314731,112,148,
益田地区,吉賀町,51314732,107,141,
益田地区,吉賀町,51314733,111,147,
益田地区,吉賀町,51314734,113,149,
益田地区,吉賀町,51314735,114,151,
益田地区,吉賀町,51314736,128,169,
益田地区,吉賀町,51314737,118,156,
益田地区,吉賀町,51314738,111,147,
益田地区,吉賀町,51314739,107,141,
益田地区,吉賀町,51314740,107,141,
益田地区,吉賀町,51314741,111,147,
益田地区,吉賀町,51314742,110,146,
益田地区,吉賀町,51314743,106,140,
益田地区,吉賀町,51314744,107,141,
益田地区,吉賀町,51314745,109,144,
益田地区,吉賀町,51314746,113,149,
益田地区,吉賀町,51314747,113,149,
益田地区,吉賀町,51314748,103,136,
益田地区,吉賀町,51314749,102,135,
益田地区,吉賀町,51314750,107,142,
益田地区,吉賀町,51314751,111,147,
益田地区,吉賀町,51314752,111,147,
益田地区,吉賀町,51314753,106,140,
益田地区,吉賀町,51314754,107,141,
益田地区,吉賀町,51314755,107,141,
益田地区,吉賀町,51314756,106,140,
益田地区,吉賀町,51314757,106,140,
益田地区,吉賀町,51314758,103,136,
益田地区,吉賀町,51314759,107,141,
益田地区,吉賀町,51314760,117,154,
益田地区,吉賀町,51314761,122,161,
益田地区,吉賀町,51314762,117,154,
益田地区,吉賀町,51314763,107,141,
益田地区,吉賀町,51314764,105,139,
益田地区,吉賀町,51314765,101,133,
益田地区,吉賀町,51314766,108,－,
益田地区,吉賀町,51314767,106,140,
益田地区,吉賀町,51314768,107,141,
益田地区,吉賀町,51314769,107,142,
益田地区,吉賀町,51314770,116,153,
益田地区,吉賀町,51314771,122,161,
益田地区,吉賀町,51314772,107,141,
益田地区,吉賀町,51314773,110,146,
益田地区,吉賀町,51314774,109,144,
益田地区,吉賀町,51314775,104,138,
益田地区,吉賀町,51314776,108,－,
益田地区,吉賀町,51314777,105,139,
益田地区,吉賀町,51314778,110,146,
益田地区,吉賀町,51314779,107,141,
益田地区,吉賀町,51314780,110,146,
益田地区,吉賀町,51314781,110,146,
益田地区,吉賀町,51314782,110,146,
益田地区,吉賀町,51314783,110,145,
益田地区,吉賀町,51314784,114,150,
益田地区,吉賀町,51314785,108,143,
益田地区,吉賀町,51314786,108,－,
益田地区,吉賀町,51314787,104,138,
益田地区,吉賀町,51314788,110,146,
益田地区,吉賀町,51314789,110,－,
益田地区,吉賀町,51314790,113,149,
益田地区,吉賀町,51314791,109,144,
益田地区,吉賀町,51314792,104,138,
益田地区,吉賀町,51314793,110,145,
益田地区,吉賀町,51314794,110,145,
益田地区,吉賀町,51314795,104,137,
益田地区,吉賀町,51314796,99,131,
益田地区,吉賀町,51314797,104,138,
益田地区,吉賀町,51314798,101,133,
益田地区,吉賀町,51315603,123,－,
益田地区,吉賀町,51315604,119,157,
益田地区,吉賀町,51315605,130,172,
益田地区,吉賀町,51315606,138,182,
益田地区,吉賀町,51315607,125,165,
益田地区,吉賀町,51315608,105,139,
益田地区,吉賀町,51315609,118,156,
益田地区,吉賀町,51315614,118,156,
益田地区,吉賀町,51315615,125,165,
益田地区,吉賀町,51315616,120,159,
益田地区,吉賀町,51315617,120,158,
益田地区,吉賀町,51315618,129,170,
益田地区,吉賀町,51315619,118,156,
益田地区,吉賀町,51315624,114,150,
益田地区,吉賀町,51315625,118,156,
益田地区,吉賀町,51315626,118,156,
益田地区,吉賀町,51315627,118,156,
益田地区,吉賀町,51315628,119,157,
益田地区,吉賀町,51315629,120,158,
益田地区,吉賀町,51315634,114,150,
益田地区,吉賀町,51315635,113,149,
益田地区,吉賀町,51315636,113,149,
益田地区,吉賀町,51315637,107,142,
益田地区,吉賀町,51315638,114,150,
益田地区,吉賀町,51315639,114,150,
益田地区,吉賀町,51315645,113,149,
益田地区,吉賀町,51315646,108,143,
益田地区,吉賀町,51315647,113,149,
益田地区,吉賀町,51315648,104,137,
益田地区,吉賀町,51315649,113,149,
益田地区,吉賀町,51315657,109,144,
益田地区,吉賀町,51315658,104,137,
益田地区,吉賀町,51315659,117,154,
益田地区,吉賀町,51315667,109,144,
益田地区,吉賀町,51315668,104,138,
益田地区,吉賀町,51315669,104,137,
益田地区,吉賀町,51315678,109,144,
益田地区,吉賀町,51315679,109,144,
益田地区,吉賀町,51315700,104,137,
益田地区,吉賀町,51315701,104,137,
益田地区,吉賀町,51315702,104,138,
益田地区,吉賀町,51315703,114,151,
益田地区,吉賀町,51315704,115,152,
益田地区,吉賀町,51315705,114,150,
益田地区,吉賀町,51315706,99,131,
益田地区,吉賀町,51315707,99,131,
益田地区,吉賀町,51315708,105,139,
益田地区,吉賀町,51315709,107,142,
益田地区,吉賀町,51315710,114,150,
益田地区,吉賀町,51315711,104,137,
益田地区,吉賀町,51315712,123,162,
益田地区,吉賀町,51315713,119,157,
益田地区,吉賀町,51315714,135,178,
益田地区,吉賀町,51315715,118,156,
益田地区,吉賀町,51315716,104,137,
益田地区,吉賀町,51315717,99,131,
益田地区,吉賀町,51315718,101,133,
益田地区,吉賀町,51315719,107,141,
益田地区,吉賀町,51315720,123,163,
益田地区,吉賀町,51315721,122,161,
益田地区,吉賀町,51315722,122,161,
益田地区,吉賀町,51315723,128,169,
益田地区,吉賀町,51315724,123,163,
益田地区,吉賀町,51315725,117,155,
益田地区,吉賀町,51315726,107,141,
益田地区,吉賀町,51315727,117,－,
益田地区,吉賀町,51315728,117,－,
益田地区,吉賀町,51315729,117,－,
益田地区,吉賀町,51315730,127,168,
益田地区,吉賀町,51315731,121,160,
益田地区,吉賀町,51315732,117,154,
益田地区,吉賀町,51315733,113,149,
益田地区,吉賀町,51315734,122,161,
益田地区,吉賀町,51315735,117,154,
益田地区,吉賀町,51315736,103,136,
益田地区,吉賀町,51315737,107,142,
益田地区,吉賀町,51315738,117,－,
益田地区,吉賀町,51315739,104,138,
益田地区,吉賀町,51315740,122,161,
益田地区,吉賀町,51315741,107,142,
益田地区,吉賀町,51315742,112,148,
益田地区,吉賀町,51315743,109,144,
益田地区,吉賀町,51315744,108,143,
益田地区,吉賀町,51315745,111,147,
益田地区,吉賀町,51315746,102,135,
益田地区,吉賀町,51315747,103,136,
益田地区,吉賀町,51315748,117,－,
益田地区,吉賀町,51315750,117,154,
益田地区,吉賀町,51315751,112,148,
益田地区,吉賀町,51315752,117,154,
益田地区,吉賀町,51315753,113,149,
益田地区,吉賀町,51315754,112,148,
益田地区,吉賀町,51315755,107,141,
益田地区,吉賀町,51315756,102,135,
益田地区,吉賀町,51315757,103,136,
益田地区,吉賀町,51315758,117,－,
益田地区,吉賀町,51315760,103,136,
益田地区,吉賀町,51315761,103,136,
益田地区,吉賀町,51315762,112,148,
益田地区,吉賀町,51315763,107,142,
益田地区,吉賀町,51315766,107,141,
益田地区,吉賀町,51315767,107,141,
益田地区,吉賀町,51315768,108,143,
益田地区,吉賀町,51324040,102,135,
益田地区,吉賀町,51324050,107,141,
益田地区,吉賀町,51324060,107,141,
益田地区,吉賀町,51325020,107,142,
益田地区,吉賀町,51325030,105,139,
益田地区,吉賀町,51325040,99,131,
益田地区,吉賀町,51325051,99,131,
益田地区,吉賀町,51325062,101,133,
益田地区,吉賀町,51325063,101,133,
（隠岐）,海士町,54330045,150,－,
（隠岐）,海士町,54330046,150,－,
（隠岐）,海士町,54330055,150,191,
（隠岐）,海士町,54330056,150,191,
（隠岐）,海士町,54330057,137,174,
（隠岐）,海士町,54330058,169,－,
（隠岐）,海士町,54330065,151,192,
（隠岐）,海士町,54330066,159,202,
（隠岐）,海士町,54330067,151,192,
（隠岐）,海士町,54330068,169,－,
（隠岐）,海士町,54330075,169,－,
（隠岐）,海士町,54330076,169,214,
（隠岐）,海士町,54330077,169,215,
（隠岐）,海士町,54330078,152,193,
（隠岐）,海士町,54330079,169,－,
（隠岐）,海士町,54330085,169,－,
（隠岐）,海士町,54330086,159,202,
（隠岐）,海士町,54330087,169,214,
（隠岐）,海士町,54330088,169,215,
（隠岐）,海士町,54330089,152,193,
（隠岐）,海士町,54330095,151,192,
（隠岐）,海士町,54330096,159,202,
（隠岐）,海士町,54330097,159,202,
（隠岐）,海士町,54330098,159,202,
（隠岐）,海士町,54330099,159,202,
（隠岐）,海士町,54330180,169,－,
（隠岐）,海士町,54330181,169,－,
（隠岐）,海士町,54330182,169,－,
（隠岐）,海士町,54330190,159,202,
（隠岐）,海士町,54330191,169,－,
（隠岐）,海士町,54330192,169,－,
（隠岐）,海士町,54331005,142,181,
（隠岐）,海士町,54331006,152,193,
（隠岐）,海士町,54331007,154,195,
（隠岐）,海士町,54331008,161,205,
（隠岐）,海士町,54331009,159,202,
（隠岐）,海士町,54331015,143,182,
（隠岐）,海士町,54331016,153,194,
（隠岐）,海士町,54331017,173,220,
（隠岐）,海士町,54331018,172,218,
（隠岐）,海士町,54331019,169,215,
（隠岐）,海士町,54331025,142,181,
（隠岐）,海士町,54331026,145,184,
（隠岐）,海士町,54331027,172,218,
（隠岐）,海士町,54331028,171,217,
（隠岐）,海士町,54331029,170,216,
（隠岐）,海士町,54331036,172,－,
（隠岐）,海士町,54331037,158,201,
（隠岐）,海士町,54331038,168,213,
（隠岐）,海士町,54331039,168,213,
（隠岐）,海士町,54331047,172,－,
（隠岐）,海士町,54331048,166,211,
（隠岐）,海士町,54331049,168,－,
（隠岐）,海士町,54331100,169,－,
（隠岐）,海士町,54331101,169,－,
（隠岐）,海士町,54331110,159,202,
（隠岐）,海士町,54331113,169,－,
（隠岐）,海士町,54331120,159,202,
（隠岐）,海士町,54331122,169,－,
（隠岐）,海士町,54331123,169,－,
（隠岐）,海士町,54331130,168,213,
（隠岐）,海士町,54331132,169,－,
（隠岐）,海士町,54331133,169,－,
（隠岐）,西ノ島町,54320749,169,－,
（隠岐）,西ノ島町,54320758,169,－,
（隠岐）,西ノ島町,54320759,169,－,
（隠岐）,西ノ島町,54320767,169,－,
（隠岐）,西ノ島町,54320768,142,180,
（隠岐）,西ノ島町,54320769,169,－,
（隠岐）,西ノ島町,54320775,138,－,
（隠岐）,西ノ島町,54320776,138,175,
（隠岐）,西ノ島町,54320777,139,177,
（隠岐）,西ノ島町,54320778,142,180,
（隠岐）,西ノ島町,54320779,169,－,
（隠岐）,西ノ島町,54320785,138,－,
（隠岐）,西ノ島町,54320786,120,152,
（隠岐）,西ノ島町,54320787,127,161,
（隠岐）,西ノ島町,54320788,127,162,
（隠岐）,西ノ島町,54320795,138,－,
（隠岐）,西ノ島町,54320796,138,－,
（隠岐）,西ノ島町,54320797,120,152,
（隠岐）,西ノ島町,54320798,127,161,
（隠岐）,西ノ島町,54321706,138,－,
（隠岐）,西ノ島町,54321707,124,158,
（隠岐）,西ノ島町,54321708,126,160,
（隠岐）,西ノ島町,54321709,141,179,
（隠岐）,西ノ島町,54321716,138,－,
（隠岐）,西ノ島町,54321717,124,158,
（隠岐）,西ノ島町,54321718,126,160,
（隠岐）,西ノ島町,54321719,148,188,
（隠岐）,西ノ島町,54321727,120,152,
（隠岐）,西ノ島町,54321728,131,167,
（隠岐）,西ノ島町,54321729,141,179,
（隠岐）,西ノ島町,54321737,151,－,
（隠岐）,西ノ島町,54321738,151,－,
（隠岐）,西ノ島町,54321739,151,－,
（隠岐）,西ノ島町,54321748,151,－,
（隠岐）,西ノ島町,54330050,169,－,
（隠岐）,西ノ島町,54330071,169,－,
（隠岐）,西ノ島町,54330072,169,－,
（隠岐）,西ノ島町,54330073,169,－,
（隠岐）,西ノ島町,54330080,169,－,
（隠岐）,西ノ島町,54330081,157,199,
（隠岐）,西ノ島町,54330082,157,199,
（隠岐）,西ノ島町,54330083,169,－,
（隠岐）,西ノ島町,54330084,169,－,
（隠岐）,西ノ島町,54330090,148,188,
（隠岐）,西ノ島町,54330091,157,199,
（隠岐）,西ノ島町,54330092,150,190,
（隠岐）,西ノ島町,54330093,169,－,
（隠岐）,西ノ島町,54330094,169,－,
（隠岐）,西ノ島町,54331000,159,202,
（隠岐）,西ノ島町,54331001,161,205,
（隠岐）,西ノ島町,54331002,160,203,
（隠岐）,西ノ島町,54331003,150,191,
（隠岐）,西ノ島町,54331004,169,－,
（隠岐）,西ノ島町,54331010,161,205,
（隠岐）,西ノ島町,54331011,163,207,
（隠岐）,西ノ島町,54331012,162,206,
（隠岐）,西ノ島町,54331013,151,192,
（隠岐）,西ノ島町,54331014,169,－,
（隠岐）,西ノ島町,54331020,151,192,
（隠岐）,西ノ島町,54331021,153,194,
（隠岐）,西ノ島町,54331022,159,202,
（隠岐）,西ノ島町,54331023,150,191,
（隠岐）,西ノ島町,54331030,135,172,
（隠岐）,西ノ島町,54331031,150,190,
（隠岐）,西ノ島町,54331032,150,190,
（隠岐）,西ノ島町,54331033,150,190,
（隠岐）,西ノ島町,54331034,149,189,
（隠岐）,西ノ島町,54331035,135,172,
（隠岐）,西ノ島町,54331041,172,－,
（隠岐）,西ノ島町,54331042,150,190,
（隠岐）,西ノ島町,54331043,150,190,
（隠岐）,西ノ島町,54331044,142,180,
（隠岐）,西ノ島町,54331045,135,171,
（隠岐）,西ノ島町,54331046,135,171,
（隠岐）,西ノ島町,54331051,172,－,
（隠岐）,西ノ島町,54331052,150,190,
（隠岐）,西ノ島町,54331053,150,190,
（隠岐）,西ノ島町,54331054,172,－,
（隠岐）,西ノ島町,54331055,135,171,
（隠岐）,西ノ島町,54331056,129,164,
（隠岐）,西ノ島町,54331057,172,－,
（隠岐）,西ノ島町,54331061,172,－,
（隠岐）,西ノ島町,54331062,172,－,
（隠岐）,西ノ島町,54331063,172,－,
（隠岐）,西ノ島町,54331064,172,－,
（隠岐）,西ノ島町,54331065,172,－,
（隠岐）,西ノ島町,54331066,172,－,
（隠岐）,西ノ島町,54331067,172,－,
（隠岐）,西ノ島町,54331075,172,－,
（隠岐）,西ノ島町,54331076,172,－,
（隠岐）,知夫村,53337093,128,－,
（隠岐）,知夫村,53337094,127,162,
（隠岐）,知夫村,53337095,129,－,
（隠岐）,知夫村,54320739,169,－,
（隠岐）,知夫村,54330000,169,－,
（隠岐）,知夫村,54330001,122,155,
（隠岐）,知夫村,54330002,116,148,
（隠岐）,知夫村,54330003,116,148,
（隠岐）,知夫村,54330004,128,163,
（隠岐）,知夫村,54330005,129,164,
（隠岐）,知夫村,54330010,169,－,
（隠岐）,知夫村,54330011,122,155,
（隠岐）,知夫村,54330012,129,164,
（隠岐）,知夫村,54330013,129,164,
（隠岐）,知夫村,54330014,119,151,
（隠岐）,知夫村,54330015,124,158,
（隠岐）,知夫村,54330020,169,－,
（隠岐）,知夫村,54330021,128,163,
（隠岐）,知夫村,54330022,130,165,
（隠岐）,知夫村,54330023,131,166,
（隠岐）,知夫村,54330030,169,－,
（隠岐）,知夫村,54330031,123,156,
（隠岐）,知夫村,54330032,129,164,
（隠岐）,知夫村,54330033,131,167,
（隠岐）,隠岐の島町,54331198,143,－,
（隠岐）,隠岐の島町,54331199,143,－,
（隠岐）,隠岐の島町,54331290,137,174,
（隠岐）,隠岐の島町,54331291,154,－,
（隠岐）,隠岐の島町,54332108,143,182,
（隠岐）,隠岐の島町,54332109,143,182,
（隠岐）,隠岐の島町,54332118,150,－,
（隠岐）,隠岐の島町,54332119,143,182,
（隠岐）,隠岐の島町,54332127,150,190,
（隠岐）,隠岐の島町,54332128,150,190,
（隠岐）,隠岐の島町,54332129,150,191,
（隠岐）,隠岐の島町,54332136,158,－,
（隠岐）,隠岐の島町,54332137,158,200,
（隠岐）,隠岐の島町,54332138,150,190,
（隠岐）,隠岐の島町,54332139,150,190,
（隠岐）,隠岐の島町,54332146,158,－,
（隠岐）,隠岐の島町,54332147,150,190,
（隠岐）,隠岐の島町,54332148,158,200,
（隠岐）,隠岐の島町,54332149,150,190,
（隠岐）,隠岐の島町,54332154,143,－,
（隠岐）,隠岐の島町,54332155,143,182,
（隠岐）,隠岐の島町,54332156,139,176,
（隠岐）,隠岐の島町,54332157,144,183,
（隠岐）,隠岐の島町,54332158,142,180,
（隠岐）,隠岐の島町,54332159,150,190,
（隠岐）,隠岐の島町,54332164,135,171,
（隠岐）,隠岐の島町,54332165,143,182,
（隠岐）,隠岐の島町,54332166,144,183,
（隠岐）,隠岐の島町,54332167,142,181,
（隠岐）,隠岐の島町,54332168,150,190,
（隠岐）,隠岐の島町,54332169,150,－,
（隠岐）,隠岐の島町,54332174,150,－,
（隠岐）,隠岐の島町,54332175,150,－,
（隠岐）,隠岐の島町,54332176,143,182,
（隠岐）,隠岐の島町,54332177,143,182,
（隠岐）,隠岐の島町,54332178,136,173,
（隠岐）,隠岐の島町,54332179,142,181,
（隠岐）,隠岐の島町,54332185,142,181,
（隠岐）,隠岐の島町,54332186,150,190,
（隠岐）,隠岐の島町,54332187,150,191,
（隠岐）,隠岐の島町,54332188,150,191,
（隠岐）,隠岐の島町,54332189,151,192,
（隠岐）,隠岐の島町,54332194,142,181,
（隠岐）,隠岐の島町,54332195,137,174,
（隠岐）,隠岐の島町,54332196,144,183,
（隠岐）,隠岐の島町,54332197,151,192,
（隠岐）,隠岐の島町,54332198,151,192,
（隠岐）,隠岐の島町,54332199,145,184,
（隠岐）,隠岐の島町,54332200,143,182,
（隠岐）,隠岐の島町,54332201,138,175,
（隠岐）,隠岐の島町,54332202,154,－,
（隠岐）,隠岐の島町,54332203,154,－,
（隠岐）,隠岐の島町,54332204,154,195,
（隠岐）,隠岐の島町,54332205,154,－,
（隠岐）,隠岐の島町,54332206,154,－,
（隠岐）,隠岐の島町,54332207,144,183,
（隠岐）,隠岐の島町,54332210,144,183,
（隠岐）,隠岐の島町,54332211,144,183,
（隠岐）,隠岐の島町,54332212,145,184,
（隠岐）,隠岐の島町,54332213,153,194,
（隠岐）,隠岐の島町,54332214,154,196,
（隠岐）,隠岐の島町,54332215,154,196,
（隠岐）,隠岐の島町,54332216,153,194,
（隠岐）,隠岐の島町,54332217,154,－,
（隠岐）,隠岐の島町,54332220,144,183,
（隠岐）,隠岐の島町,54332221,138,175,
（隠岐）,隠岐の島町,54332222,152,193,
（隠岐）,隠岐の島町,54332223,161,205,
（隠岐）,隠岐の島町,54332224,162,206,
（隠岐）,隠岐の島町,54332225,154,196,
（隠岐）,隠岐の島町,54332226,153,194,
（隠岐）,隠岐の島町,54332227,154,－,
（隠岐）,隠岐の島町,54332230,151,192,
（隠岐）,隠岐の島町,54332231,152,193,
（隠岐）,隠岐の島町,54332232,152,193,
（隠岐）,隠岐の島町,54332233,161,204,
（隠岐）,隠岐の島町,54332234,161,205,
（隠岐）,隠岐の島町,54332235,154,196,
（隠岐）,隠岐の島町,54332236,154,196,
（隠岐）,隠岐の島町,54332237,154,195,
（隠岐）,隠岐の島町,54332238,152,193,
（隠岐）,隠岐の島町,54332240,137,174,
（隠岐）,隠岐の島町,54332241,159,202,
（隠岐）,隠岐の島町,54332242,161,－,
（隠岐）,隠岐の島町,54332243,161,－,
（隠岐）,隠岐の島町,54332244,152,193,
（隠岐）,隠岐の島町,54332245,154,196,
（隠岐）,隠岐の島町,54332246,155,197,
（隠岐）,隠岐の島町,54332247,154,196,
（隠岐）,隠岐の島町,54332248,160,203,
（隠岐）,隠岐の島町,54332249,160,－,
（隠岐）,隠岐の島町,54332250,150,190,
（隠岐）,隠岐の島町,54332251,151,192,
（隠岐）,隠岐の島町,54332252,152,193,
（隠岐）,隠岐の島町,54332253,161,－,
（隠岐）,隠岐の島町,54332254,133,169,
（隠岐）,隠岐の島町,54332255,161,205,
（隠岐）,隠岐の島町,54332256,135,171,
（隠岐）,隠岐の島町,54332257,152,193,
（隠岐）,隠岐の島町,54332258,145,184,
（隠岐）,隠岐の島町,54332259,152,193,
（隠岐）,隠岐の島町,54332260,136,173,
（隠岐）,隠岐の島町,54332261,143,182,
（隠岐）,隠岐の島町,54332262,151,192,
（隠岐）,隠岐の島町,54332263,143,182,
（隠岐）,隠岐の島町,54332264,151,192,
（隠岐）,隠岐の島町,54332265,152,193,
（隠岐）,隠岐の島町,54332266,145,184,
（隠岐）,隠岐の島町,54332267,144,183,
（隠岐）,隠岐の島町,54332268,144,183,
（隠岐）,隠岐の島町,54332269,152,193,
（隠岐）,隠岐の島町,54332270,137,174,
（隠岐）,隠岐の島町,54332271,144,183,
（隠岐）,隠岐の島町,54332272,144,183,
（隠岐）,隠岐の島町,54332273,144,183,
（隠岐）,隠岐の島町,54332274,139,177,
（隠岐）,隠岐の島町,54332275,146,185,
（隠岐）,隠岐の島町,54332276,138,175,
（隠岐）,隠岐の島町,54332277,137,174,
（隠岐）,隠岐の島町,54332278,144,183,
（隠岐）,隠岐の島町,54332279,152,193,
（隠岐）,隠岐の島町,54332280,151,192,
（隠岐）,隠岐の島町,54332281,152,193,
（隠岐）,隠岐の島町,54332282,153,194,
（隠岐）,隠岐の島町,54332283,149,189,
（隠岐）,隠岐の島町,54332284,150,190,
（隠岐）,隠岐の島町,54332285,142,180,
（隠岐）,隠岐の島町,54332286,139,177,
（隠岐）,隠岐の島町,54332287,144,183,
（隠岐）,隠岐の島町,54332288,144,183,
（隠岐）,隠岐の島町,54332289,144,183,
（隠岐）,隠岐の島町,54332290,152,193,
（隠岐）,隠岐の島町,54332291,146,185,
（隠岐）,隠岐の島町,54332292,146,186,
（隠岐）,隠岐の島町,54332293,151,192,
（隠岐）,隠岐の島町,54332294,161,204,
（隠岐）,隠岐の島町,54332295,151,192,
（隠岐）,隠岐の島町,54332296,162,－,
（隠岐）,隠岐の島町,54332297,153,194,
（隠岐）,隠岐の島町,54332298,145,184,
（隠岐）,隠岐の島町,54332299,138,175,
（隠岐）,隠岐の島町,54332370,152,193,
（隠岐）,隠岐の島町,54332380,159,202,
（隠岐）,隠岐の島町,54332390,165,－,
（隠岐）,隠岐の島町,54333104,143,182,
（隠岐）,隠岐の島町,54333105,144,183,
（隠岐）,隠岐の島町,54333106,144,183,
（隠岐）,隠岐の島町,54333107,145,184,
（隠岐）,隠岐の島町,54333108,146,185,
（隠岐）,隠岐の島町,54333109,146,186,
（隠岐）,隠岐の島町,54333114,131,166,
（隠岐）,隠岐の島町,54333115,138,175,
（隠岐）,隠岐の島町,54333116,145,184,
（隠岐）,隠岐の島町,54333117,139,177,
（隠岐）,隠岐の島町,54333118,139,177,
（隠岐）,隠岐の島町,54333119,140,178,
（隠岐）,隠岐の島町,54333124,124,158,
（隠岐）,隠岐の島町,54333125,125,159,
（隠岐）,隠岐の島町,54333126,144,183,
（隠岐）,隠岐の島町,54333127,139,177,
（隠岐）,隠岐の島町,54333128,135,172,
（隠岐）,隠岐の島町,54333129,136,173,
（隠岐）,隠岐の島町,54333134,137,－,
（隠岐）,隠岐の島町,54333135,136,173,
（隠岐）,隠岐の島町,54333136,144,183,
（隠岐）,隠岐の島町,54333137,145,184,
（隠岐）,隠岐の島町,54333138,114,145,
（隠岐）,隠岐の島町,54333139,136,173,
（隠岐）,隠岐の島町,54333144,137,－,
（隠岐）,隠岐の島町,54333145,124,158,
（隠岐）,隠岐の島町,54333146,137,174,
（隠岐）,隠岐の島町,54333147,138,175,
（隠岐）,隠岐の島町,54333148,139,177,
（隠岐）,隠岐の島町,54333149,146,186,
（隠岐）,隠岐の島町,54333155,137,－,
（隠岐）,隠岐の島町,54333156,120,152,
（隠岐）,隠岐の島町,54333157,131,167,
（隠岐）,隠岐の島町,54333158,132,168,
（隠岐）,隠岐の島町,54333159,139,177,
（隠岐）,隠岐の島町,54333165,137,－,
（隠岐）,隠岐の島町,54333166,120,152,
（隠岐）,隠岐の島町,54333167,120,152,
（隠岐）,隠岐の島町,54333168,131,167,
（隠岐）,隠岐の島町,54333169,127,161,
（隠岐）,隠岐の島町,54333176,137,－,
（隠岐）,隠岐の島町,54333177,120,152,
（隠岐）,隠岐の島町,54333178,126,160,
（隠岐）,隠岐の島町,54333179,127,161,
（隠岐）,隠岐の島町,54333188,125,159,
（隠岐）,隠岐の島町,54333189,131,167,
（隠岐）,隠岐の島町,54333197,125,－,
（隠岐）,隠岐の島町,54333198,124,158,
（隠岐）,隠岐の島町,54333199,134,－,
（隠岐）,隠岐の島町,54333200,146,186,
（隠岐）,隠岐の島町,54333201,135,171,
（隠岐）,隠岐の島町,54333202,142,180,
（隠岐）,隠岐の島町,54333203,150,191,
（隠岐）,隠岐の島町,54333204,159,202,
（隠岐）,隠岐の島町,54333205,162,－,
（隠岐）,隠岐の島町,54333206,155,197,
（隠岐）,隠岐の島町,54333207,162,－,
（隠岐）,隠岐の島町,54333208,160,203,
（隠岐）,隠岐の島町,54333209,144,183,
（隠岐）,隠岐の島町,54333210,141,179,
（隠岐）,隠岐の島町,54333211,154,196,
（隠岐）,隠岐の島町,54333212,163,207,
（隠岐）,隠岐の島町,54333213,142,180,
（隠岐）,隠岐の島町,54333214,162,－,
（隠岐）,隠岐の島町,54333215,162,－,
（隠岐）,隠岐の島町,54333216,162,－,
（隠岐）,隠岐の島町,54333217,162,－,
（隠岐）,隠岐の島町,54333218,154,195,
（隠岐）,隠岐の島町,54333219,146,185,
（隠岐）,隠岐の島町,54333220,135,172,
（隠岐）,隠岐の島町,54333221,154,196,
（隠岐）,隠岐の島町,54333222,162,206,
（隠岐）,隠岐の島町,54333223,148,188,
（隠岐）,隠岐の島町,54333224,162,－,
（隠岐）,隠岐の島町,54333225,162,－,
（隠岐）,隠岐の島町,54333226,162,－,
（隠岐）,隠岐の島町,54333227,154,196,
（隠岐）,隠岐の島町,54333228,154,196,
（隠岐）,隠岐の島町,54333229,155,197,
（隠岐）,隠岐の島町,54333230,142,180,
（隠岐）,隠岐の島町,54333231,162,－,
（隠岐）,隠岐の島町,54333232,162,－,
（隠岐）,隠岐の島町,54333233,162,－,
（隠岐）,隠岐の島町,54333234,162,－,
（隠岐）,隠岐の島町,54333235,162,－,
（隠岐）,隠岐の島町,54333236,162,－,
（隠岐）,隠岐の島町,54333237,147,187,
（隠岐）,隠岐の島町,54333238,156,198,
（隠岐）,隠岐の島町,54333239,165,209,
（隠岐）,隠岐の島町,54333240,141,179,
（隠岐）,隠岐の島町,54333241,140,178,
（隠岐）,隠岐の島町,54333242,162,－,
（隠岐）,隠岐の島町,54333243,162,－,
（隠岐）,隠岐の島町,54333244,162,－,
（隠岐）,隠岐の島町,54333245,162,－,
（隠岐）,隠岐の島町,54333246,162,－,
（隠岐）,隠岐の島町,54333247,134,170,
（隠岐）,隠岐の島町,54333248,146,186,
（隠岐）,隠岐の島町,54333249,165,－,
（隠岐）,隠岐の島町,54333250,128,163,
（隠岐）,隠岐の島町,54333251,128,163,
（隠岐）,隠岐の島町,54333252,162,－,
（隠岐）,隠岐の島町,54333253,162,－,
（隠岐）,隠岐の島町,54333254,162,－,
（隠岐）,隠岐の島町,54333255,122,155,
（隠岐）,隠岐の島町,54333256,116,148,
（隠岐）,隠岐の島町,54333257,131,167,
（隠岐）,隠岐の島町,54333258,131,167,
（隠岐）,隠岐の島町,54333259,127,161,
（隠岐）,隠岐の島町,54333260,133,169,
（隠岐）,隠岐の島町,54333261,135,171,
（隠岐）,隠岐の島町,54333262,162,－,
（隠岐）,隠岐の島町,54333263,124,158,
（隠岐）,隠岐の島町,54333264,129,164,
（隠岐）,隠岐の島町,54333265,116,148,
（隠岐）,隠岐の島町,54333266,116,147,
（隠岐）,隠岐の島町,54333267,115,146,
（隠岐）,隠岐の島町,54333270,127,161,
（隠岐）,隠岐の島町,54333271,128,163,
（隠岐）,隠岐の島町,54333272,129,164,
（隠岐）,隠岐の島町,54333273,129,164,
（隠岐）,隠岐の島町,54333274,135,171,
（隠岐）,隠岐の島町,54333275,127,161,
（隠岐）,隠岐の島町,54333276,110,140,
（隠岐）,隠岐の島町,54333277,116,－,
（隠岐）,隠岐の島町,54333280,122,155,
（隠岐）,隠岐の島町,54333281,134,170,
（隠岐）,隠岐の島町,54333282,128,163,
（隠岐）,隠岐の島町,54333283,127,162,
（隠岐）,隠岐の島町,54333284,133,169,
（隠岐）,隠岐の島町,54333285,126,160,
（隠岐）,隠岐の島町,54333290,134,－,
（隠岐）,隠岐の島町,54333291,127,161,
（隠岐）,隠岐の島町,54333292,127,161,
（隠岐）,隠岐の島町,54333293,131,167,
（隠岐）,隠岐の島町,54333294,131,167,
（隠岐）,隠岐の島町,54333295,133,－,
（隠岐）,隠岐の島町,54333300,165,－,
（隠岐）,隠岐の島町,54333310,165,－,
（隠岐）,隠岐の島町,54333320,165,－,
（隠岐）,隠岐の島町,54333330,165,－,
（隠岐）,隠岐の島町,54334109,134,－,
（隠岐）,隠岐の島町,54334200,134,－,
（隠岐）,隠岐の島町,54334201,134,－,
（隠岐）,隠岐の島町,54334202,131,167,
（隠岐）,隠岐の島町,54334203,134,－,
（隠岐）,隠岐の島町,54334212,134,－,
