i•Ê“Yj‘å‰JŒx•ñE’ˆÓ•ñ‚Ì“yë‰J—ÊŽw”Šî€’l,,,,—ß˜a7”N3ŒŽ13“úŒ»Ý,
Žs’¬‘º“™‚ð‚Ü‚Æ‚ß‚½’nˆæ,Žs’¬‘º“™,’nˆæƒƒbƒVƒ…ƒR[ƒhi‚PkmŠiŽq‘Î‰žj,“yë‰J—ÊŽw”Šî€i’ˆÓ•ñj,“yë‰J—ÊŽw”Šî€iŒx•ñj,
–k¼•”,“Þ—ÇŽs¼•”,51357599,98,131,
–k¼•”,“Þ—ÇŽs¼•”,51357648,102,137,
–k¼•”,“Þ—ÇŽs¼•”,51357649,108,144,
–k¼•”,“Þ—ÇŽs¼•”,51357658,102,136,
–k¼•”,“Þ—ÇŽs¼•”,51357659,102,137,
–k¼•”,“Þ—ÇŽs¼•”,51357666,94,126,
–k¼•”,“Þ—ÇŽs¼•”,51357667,95,127,
–k¼•”,“Þ—ÇŽs¼•”,51357668,101,135,
–k¼•”,“Þ—ÇŽs¼•”,51357669,102,136,
–k¼•”,“Þ—ÇŽs¼•”,51357675,160,|,
–k¼•”,“Þ—ÇŽs¼•”,51357676,160,|,
–k¼•”,“Þ—ÇŽs¼•”,51357677,95,127,
–k¼•”,“Þ—ÇŽs¼•”,51357678,100,134,
–k¼•”,“Þ—ÇŽs¼•”,51357679,92,123,
–k¼•”,“Þ—ÇŽs¼•”,51357684,160,|,
–k¼•”,“Þ—ÇŽs¼•”,51357685,160,|,
–k¼•”,“Þ—ÇŽs¼•”,51357686,160,|,
–k¼•”,“Þ—ÇŽs¼•”,51357687,95,127,
–k¼•”,“Þ—ÇŽs¼•”,51357688,86,115,
–k¼•”,“Þ—ÇŽs¼•”,51357689,97,130,
–k¼•”,“Þ—ÇŽs¼•”,51357690,101,135,
–k¼•”,“Þ—ÇŽs¼•”,51357691,101,|,
–k¼•”,“Þ—ÇŽs¼•”,51357692,101,135,
–k¼•”,“Þ—ÇŽs¼•”,51357693,160,|,
–k¼•”,“Þ—ÇŽs¼•”,51357694,160,|,
–k¼•”,“Þ—ÇŽs¼•”,51357695,160,|,
–k¼•”,“Þ—ÇŽs¼•”,51357696,160,|,
–k¼•”,“Þ—ÇŽs¼•”,51357697,91,122,
–k¼•”,“Þ—ÇŽs¼•”,51357698,91,122,
–k¼•”,“Þ—ÇŽs¼•”,51357699,97,130,
–k¼•”,“Þ—ÇŽs¼•”,51357730,93,125,
–k¼•”,“Þ—ÇŽs¼•”,51357740,98,131,
–k¼•”,“Þ—ÇŽs¼•”,51357750,98,131,
–k¼•”,“Þ—ÇŽs¼•”,51357751,96,129,
–k¼•”,“Þ—ÇŽs¼•”,51357760,97,130,
–k¼•”,“Þ—ÇŽs¼•”,51357761,96,128,
–k¼•”,“Þ—ÇŽs¼•”,51357770,88,118,
–k¼•”,“Þ—ÇŽs¼•”,51357780,88,118,
–k¼•”,“Þ—ÇŽs¼•”,51357790,87,117,
–k¼•”,“Þ—ÇŽs¼•”,52350508,108,144,
–k¼•”,“Þ—ÇŽs¼•”,52350509,99,132,
–k¼•”,“Þ—ÇŽs¼•”,52350518,103,138,
–k¼•”,“Þ—ÇŽs¼•”,52350519,99,132,
–k¼•”,“Þ—ÇŽs¼•”,52350528,99,132,
–k¼•”,“Þ—ÇŽs¼•”,52350529,99,132,
–k¼•”,“Þ—ÇŽs¼•”,52350537,99,132,
–k¼•”,“Þ—ÇŽs¼•”,52350538,99,132,
–k¼•”,“Þ—ÇŽs¼•”,52350539,99,132,
–k¼•”,“Þ—ÇŽs¼•”,52350547,99,132,
–k¼•”,“Þ—ÇŽs¼•”,52350548,102,137,
–k¼•”,“Þ—ÇŽs¼•”,52350549,102,137,
–k¼•”,“Þ—ÇŽs¼•”,52350558,93,124,
–k¼•”,“Þ—ÇŽs¼•”,52350559,102,137,
–k¼•”,“Þ—ÇŽs¼•”,52350569,99,132,
–k¼•”,“Þ—ÇŽs¼•”,52350600,97,130,
–k¼•”,“Þ—ÇŽs¼•”,52350601,96,129,
–k¼•”,“Þ—ÇŽs¼•”,52350602,96,128,
–k¼•”,“Þ—ÇŽs¼•”,52350603,160,|,
–k¼•”,“Þ—ÇŽs¼•”,52350604,160,|,
–k¼•”,“Þ—ÇŽs¼•”,52350605,160,|,
–k¼•”,“Þ—ÇŽs¼•”,52350606,160,|,
–k¼•”,“Þ—ÇŽs¼•”,52350607,97,130,
–k¼•”,“Þ—ÇŽs¼•”,52350608,92,123,
–k¼•”,“Þ—ÇŽs¼•”,52350609,96,129,
–k¼•”,“Þ—ÇŽs¼•”,52350610,102,136,
–k¼•”,“Þ—ÇŽs¼•”,52350611,160,|,
–k¼•”,“Þ—ÇŽs¼•”,52350612,96,129,
–k¼•”,“Þ—ÇŽs¼•”,52350613,160,|,
–k¼•”,“Þ—ÇŽs¼•”,52350614,160,|,
–k¼•”,“Þ—ÇŽs¼•”,52350615,160,|,
–k¼•”,“Þ—ÇŽs¼•”,52350616,99,132,
–k¼•”,“Þ—ÇŽs¼•”,52350617,93,124,
–k¼•”,“Þ—ÇŽs¼•”,52350618,97,130,
–k¼•”,“Þ—ÇŽs¼•”,52350619,102,136,
–k¼•”,“Þ—ÇŽs¼•”,52350620,103,138,
–k¼•”,“Þ—ÇŽs¼•”,52350621,102,137,
–k¼•”,“Þ—ÇŽs¼•”,52350622,160,|,
–k¼•”,“Þ—ÇŽs¼•”,52350623,160,|,
–k¼•”,“Þ—ÇŽs¼•”,52350624,160,|,
–k¼•”,“Þ—ÇŽs¼•”,52350625,160,|,
–k¼•”,“Þ—ÇŽs¼•”,52350626,160,|,
–k¼•”,“Þ—ÇŽs¼•”,52350627,98,131,
–k¼•”,“Þ—ÇŽs¼•”,52350628,98,131,
–k¼•”,“Þ—ÇŽs¼•”,52350629,102,136,
–k¼•”,“Þ—ÇŽs¼•”,52350630,99,132,
–k¼•”,“Þ—ÇŽs¼•”,52350631,103,138,
–k¼•”,“Þ—ÇŽs¼•”,52350632,160,|,
–k¼•”,“Þ—ÇŽs¼•”,52350633,160,|,
–k¼•”,“Þ—ÇŽs¼•”,52350634,97,130,
–k¼•”,“Þ—ÇŽs¼•”,52350635,97,130,
–k¼•”,“Þ—ÇŽs¼•”,52350636,98,131,
–k¼•”,“Þ—ÇŽs¼•”,52350637,99,132,
–k¼•”,“Þ—ÇŽs¼•”,52350638,103,138,
–k¼•”,“Þ—ÇŽs¼•”,52350639,97,130,
–k¼•”,“Þ—ÇŽs¼•”,52350640,99,132,
–k¼•”,“Þ—ÇŽs¼•”,52350641,99,132,
–k¼•”,“Þ—ÇŽs¼•”,52350642,98,131,
–k¼•”,“Þ—ÇŽs¼•”,52350643,102,136,
–k¼•”,“Þ—ÇŽs¼•”,52350644,97,130,
–k¼•”,“Þ—ÇŽs¼•”,52350645,102,137,
–k¼•”,“Þ—ÇŽs¼•”,52350646,98,131,
–k¼•”,“Þ—ÇŽs¼•”,52350647,98,131,
–k¼•”,“Þ—ÇŽs¼•”,52350648,102,136,
–k¼•”,“Þ—ÇŽs¼•”,52350650,99,132,
–k¼•”,“Þ—ÇŽs¼•”,52350651,98,131,
–k¼•”,“Þ—ÇŽs¼•”,52350652,99,132,
–k¼•”,“Þ—ÇŽs¼•”,52350653,99,132,
–k¼•”,“Þ—ÇŽs¼•”,52350654,99,132,
–k¼•”,“Þ—ÇŽs¼•”,52350655,102,137,
–k¼•”,“Þ—ÇŽs¼•”,52350656,97,130,
–k¼•”,“Þ—ÇŽs¼•”,52350660,99,132,
–k¼•”,“Þ—ÇŽs¼•”,52350661,99,132,
–k¼•”,“Þ—ÇŽs¼•”,52350662,99,132,
–k¼•”,“Þ—ÇŽs¼•”,52350663,99,132,
–k¼•”,“Þ—ÇŽs¼•”,52350700,102,136,
–k¼•”,“Þ—ÇŽs¼•”,52350710,102,136,
–k¼•”,“Þ—ÇŽs¼•”,52350720,97,130,
–k¼•”,“Þ—ÇŽs“Œ•”,51356776,120,161,
–k¼•”,“Þ—ÇŽs“Œ•”,51356777,120,160,
–k¼•”,“Þ—ÇŽs“Œ•”,51356785,120,160,
–k¼•”,“Þ—ÇŽs“Œ•”,51356786,120,161,
–k¼•”,“Þ—ÇŽs“Œ•”,51356787,120,160,
–k¼•”,“Þ—ÇŽs“Œ•”,51356795,114,153,
–k¼•”,“Þ—ÇŽs“Œ•”,51356796,120,160,
–k¼•”,“Þ—ÇŽs“Œ•”,51356797,119,159,
–k¼•”,“Þ—ÇŽs“Œ•”,51357704,128,171,
–k¼•”,“Þ—ÇŽs“Œ•”,51357705,114,152,
–k¼•”,“Þ—ÇŽs“Œ•”,51357706,118,158,
–k¼•”,“Þ—ÇŽs“Œ•”,51357707,117,157,
–k¼•”,“Þ—ÇŽs“Œ•”,51357715,93,125,
–k¼•”,“Þ—ÇŽs“Œ•”,51357716,114,152,
–k¼•”,“Þ—ÇŽs“Œ•”,51357717,114,152,
–k¼•”,“Þ—ÇŽs“Œ•”,51357725,93,124,
–k¼•”,“Þ—ÇŽs“Œ•”,51357726,114,152,
–k¼•”,“Þ—ÇŽs“Œ•”,51357727,113,151,
–k¼•”,“Þ—ÇŽs“Œ•”,51357728,111,149,
–k¼•”,“Þ—ÇŽs“Œ•”,51357735,93,124,
–k¼•”,“Þ—ÇŽs“Œ•”,51357736,113,151,
–k¼•”,“Þ—ÇŽs“Œ•”,51357737,113,151,
–k¼•”,“Þ—ÇŽs“Œ•”,51357738,102,136,
–k¼•”,“Þ—ÇŽs“Œ•”,51357746,102,136,
–k¼•”,“Þ—ÇŽs“Œ•”,51357747,111,149,
–k¼•”,“Þ—ÇŽs“Œ•”,51357748,101,135,
–k¼•”,“Þ—ÇŽs“Œ•”,51357749,101,135,
–k¼•”,“Þ—ÇŽs“Œ•”,51357756,105,141,
–k¼•”,“Þ—ÇŽs“Œ•”,51357757,100,134,
–k¼•”,“Þ—ÇŽs“Œ•”,51357758,100,134,
–k¼•”,“Þ—ÇŽs“Œ•”,51357759,100,134,
–k¼•”,“Þ—ÇŽs“Œ•”,51357762,81,109,
–k¼•”,“Þ—ÇŽs“Œ•”,51357763,82,110,
–k¼•”,“Þ—ÇŽs“Œ•”,51357765,98,131,
–k¼•”,“Þ—ÇŽs“Œ•”,51357766,104,139,
–k¼•”,“Þ—ÇŽs“Œ•”,51357767,94,126,
–k¼•”,“Þ—ÇŽs“Œ•”,51357768,99,133,
–k¼•”,“Þ—ÇŽs“Œ•”,51357769,101,135,
–k¼•”,“Þ—ÇŽs“Œ•”,51357771,87,116,
–k¼•”,“Þ—ÇŽs“Œ•”,51357772,81,109,
–k¼•”,“Þ—ÇŽs“Œ•”,51357773,81,109,
–k¼•”,“Þ—ÇŽs“Œ•”,51357774,82,110,
–k¼•”,“Þ—ÇŽs“Œ•”,51357775,98,131,
–k¼•”,“Þ—ÇŽs“Œ•”,51357776,102,137,
–k¼•”,“Þ—ÇŽs“Œ•”,51357777,99,132,
–k¼•”,“Þ—ÇŽs“Œ•”,51357778,99,133,
–k¼•”,“Þ—ÇŽs“Œ•”,51357779,100,134,
–k¼•”,“Þ—ÇŽs“Œ•”,51357781,87,117,
–k¼•”,“Þ—ÇŽs“Œ•”,51357782,87,116,
–k¼•”,“Þ—ÇŽs“Œ•”,51357783,87,116,
–k¼•”,“Þ—ÇŽs“Œ•”,51357784,87,116,
–k¼•”,“Þ—ÇŽs“Œ•”,51357785,98,131,
–k¼•”,“Þ—ÇŽs“Œ•”,51357786,102,137,
–k¼•”,“Þ—ÇŽs“Œ•”,51357787,104,139,
–k¼•”,“Þ—ÇŽs“Œ•”,51357788,99,133,
–k¼•”,“Þ—ÇŽs“Œ•”,51357791,87,116,
–k¼•”,“Þ—ÇŽs“Œ•”,51357792,87,116,
–k¼•”,“Þ—ÇŽs“Œ•”,51357793,87,116,
–k¼•”,“Þ—ÇŽs“Œ•”,51357794,87,116,
–k¼•”,“Þ—ÇŽs“Œ•”,51357795,93,124,
–k¼•”,“Þ—ÇŽs“Œ•”,51357796,90,120,
–k¼•”,“Þ—ÇŽs“Œ•”,52350649,92,123,
–k¼•”,“Þ—ÇŽs“Œ•”,52350701,102,136,
–k¼•”,“Þ—ÇŽs“Œ•”,52350702,102,136,
–k¼•”,“Þ—ÇŽs“Œ•”,52350703,102,136,
–k¼•”,“Þ—ÇŽs“Œ•”,52350704,93,124,
–k¼•”,“Þ—ÇŽs“Œ•”,52350705,94,126,
–k¼•”,“Þ—ÇŽs“Œ•”,52350706,90,121,
–k¼•”,“Þ—ÇŽs“Œ•”,52350711,102,136,
–k¼•”,“Þ—ÇŽs“Œ•”,52350712,102,136,
–k¼•”,“Þ—ÇŽs“Œ•”,52350713,102,137,
–k¼•”,“Þ—ÇŽs“Œ•”,52350714,93,124,
–k¼•”,“Þ—ÇŽs“Œ•”,52350715,94,126,
–k¼•”,“Þ—ÇŽs“Œ•”,52350721,102,136,
–k¼•”,“Þ—ÇŽs“Œ•”,52350722,102,137,
–k¼•”,“Þ—ÇŽs“Œ•”,52350723,102,137,
–k¼•”,“Þ—ÇŽs“Œ•”,52350724,103,138,
–k¼•”,“Þ—ÇŽs“Œ•”,52350725,99,132,
–k¼•”,“Þ—ÇŽs“Œ•”,52350726,110,147,
–k¼•”,“Þ—ÇŽs“Œ•”,52350727,111,148,
–k¼•”,“Þ—ÇŽs“Œ•”,52350729,90,121,
–k¼•”,“Þ—ÇŽs“Œ•”,52350730,97,130,
–k¼•”,“Þ—ÇŽs“Œ•”,52350731,98,131,
–k¼•”,“Þ—ÇŽs“Œ•”,52350732,102,137,
–k¼•”,“Þ—ÇŽs“Œ•”,52350733,103,138,
–k¼•”,“Þ—ÇŽs“Œ•”,52350734,102,137,
–k¼•”,“Þ—ÇŽs“Œ•”,52350735,104,139,
–k¼•”,“Þ—ÇŽs“Œ•”,52350736,104,139,
–k¼•”,“Þ—ÇŽs“Œ•”,52350737,109,146,
–k¼•”,“Þ—ÇŽs“Œ•”,52350738,105,140,
–k¼•”,“Þ—ÇŽs“Œ•”,52350739,105,140,
–k¼•”,“Þ—ÇŽs“Œ•”,52350740,92,123,
–k¼•”,“Þ—ÇŽs“Œ•”,52350741,93,124,
–k¼•”,“Þ—ÇŽs“Œ•”,52350742,102,137,
–k¼•”,“Þ—ÇŽs“Œ•”,52350743,104,139,
–k¼•”,“Þ—ÇŽs“Œ•”,52350744,103,138,
–k¼•”,“Þ—ÇŽs“Œ•”,52350745,104,139,
–k¼•”,“Þ—ÇŽs“Œ•”,52350746,108,145,
–k¼•”,“Þ—ÇŽs“Œ•”,52350747,109,146,
–k¼•”,“Þ—ÇŽs“Œ•”,52350748,110,147,
–k¼•”,“Þ—ÇŽs“Œ•”,52350749,104,139,
–k¼•”,“Þ—ÇŽs“Œ•”,52350750,92,123,
–k¼•”,“Þ—ÇŽs“Œ•”,52350751,93,124,
–k¼•”,“Þ—ÇŽs“Œ•”,52350752,102,137,
–k¼•”,“Þ—ÇŽs“Œ•”,52350753,103,138,
–k¼•”,“Þ—ÇŽs“Œ•”,52350754,104,139,
–k¼•”,“Þ—ÇŽs“Œ•”,52350755,104,139,
–k¼•”,“Þ—ÇŽs“Œ•”,52350756,109,146,
–k¼•”,“Þ—ÇŽs“Œ•”,52350757,105,140,
–k¼•”,“Þ—ÇŽs“Œ•”,52350758,109,146,
–k¼•”,“Þ—ÇŽs“Œ•”,52350759,105,140,
–k¼•”,“Þ—ÇŽs“Œ•”,52350762,102,136,
–k¼•”,“Þ—ÇŽs“Œ•”,52350763,123,164,
–k¼•”,“Þ—ÇŽs“Œ•”,52350764,105,140,
–k¼•”,“Þ—ÇŽs“Œ•”,52350765,105,140,
–k¼•”,“Þ—ÇŽs“Œ•”,52350766,105,140,
–k¼•”,“Þ—ÇŽs“Œ•”,52350767,105,140,
–k¼•”,“Þ—ÇŽs“Œ•”,52350768,99,133,
–k¼•”,“Þ—ÇŽs“Œ•”,52350772,102,136,
–k¼•”,“Þ—ÇŽs“Œ•”,52350773,104,139,
–k¼•”,“Þ—ÇŽs“Œ•”,52350774,104,139,
–k¼•”,“Þ—ÇŽs“Œ•”,52350775,104,139,
–k¼•”,“Þ—ÇŽs“Œ•”,52350776,104,139,
–k¼•”,“Þ—ÇŽs“Œ•”,52350777,105,140,
–k¼•”,“Þ—ÇŽs“Œ•”,52350778,105,140,
–k¼•”,“Þ—ÇŽs“Œ•”,52350782,108,144,
–k¼•”,“Þ—ÇŽs“Œ•”,52350783,99,132,
–k¼•”,“Þ—ÇŽs“Œ•”,52350784,123,165,
–k¼•”,“Þ—ÇŽs“Œ•”,52350785,103,138,
–k¼•”,“Þ—ÇŽs“Œ•”,52350786,103,138,
–k¼•”,“Þ—ÇŽs“Œ•”,52350787,104,139,
–k¼•”,“Þ—ÇŽs“Œ•”,52350793,103,138,
–k¼•”,“Þ—ÇŽs“Œ•”,52360020,90,120,
–k¼•”,“Þ—ÇŽs“Œ•”,52360030,105,140,
–k¼•”,“Þ—ÇŽs“Œ•”,52360031,105,141,
–k¼•”,“Þ—ÇŽs“Œ•”,52360040,105,140,
–k¼•”,“Þ—ÇŽs“Œ•”,52360041,105,140,
–k¼•”,“Þ—ÇŽs“Œ•”,52360042,102,136,
–k¼•”,“Þ—ÇŽs“Œ•”,52360043,103,138,
–k¼•”,“Þ—ÇŽs“Œ•”,52360044,102,137,
–k¼•”,“Þ—ÇŽs“Œ•”,52360050,105,140,
–k¼•”,“Þ—ÇŽs“Œ•”,52360052,102,136,
–k¼•”,“Þ—ÇŽs“Œ•”,52360053,103,138,
–k¼•”,“Þ—ÇŽs“Œ•”,52360054,103,138,
–k¼•”,“Þ—ÇŽs“Œ•”,52360063,126,169,
–k¼•”,“Þ—ÇŽs“Œ•”,52360064,121,162,
–k¼•”,“Þ—ÇŽs“Œ•”,52360073,100,134,
–k¼•”,“Þ—ÇŽs“Œ•”,52360074,121,162,
–k¼•”,‘å˜a‚“cŽs,51355599,160,|,
–k¼•”,‘å˜a‚“cŽs,51355670,160,|,
–k¼•”,‘å˜a‚“cŽs,51355680,160,|,
–k¼•”,‘å˜a‚“cŽs,51355690,160,|,
–k¼•”,‘å˜a‚“cŽs,51356508,160,|,
–k¼•”,‘å˜a‚“cŽs,51356509,160,|,
–k¼•”,‘å˜a‚“cŽs,51356518,160,|,
–k¼•”,‘å˜a‚“cŽs,51356519,160,|,
–k¼•”,‘å˜a‚“cŽs,51356527,160,|,
–k¼•”,‘å˜a‚“cŽs,51356528,160,|,
–k¼•”,‘å˜a‚“cŽs,51356529,160,|,
–k¼•”,‘å˜a‚“cŽs,51356538,160,|,
–k¼•”,‘å˜a‚“cŽs,51356539,160,|,
–k¼•”,‘å˜a‚“cŽs,51356600,160,|,
–k¼•”,‘å˜a‚“cŽs,51356610,160,|,
–k¼•”,‘å˜a‚“cŽs,51356620,160,|,
–k¼•”,‘å˜a‚“cŽs,51356630,160,|,
–k¼•”,‘å˜aŒSŽRŽs,51357559,84,112,
–k¼•”,‘å˜aŒSŽRŽs,51357568,93,125,
–k¼•”,‘å˜aŒSŽRŽs,51357569,84,112,
–k¼•”,‘å˜aŒSŽRŽs,51357578,95,127,
–k¼•”,‘å˜aŒSŽRŽs,51357579,94,126,
–k¼•”,‘å˜aŒSŽRŽs,51357588,96,129,
–k¼•”,‘å˜aŒSŽRŽs,51357589,96,128,
–k¼•”,‘å˜aŒSŽRŽs,51357598,103,138,
–k¼•”,‘å˜aŒSŽRŽs,51357621,105,141,
–k¼•”,‘å˜aŒSŽRŽs,51357622,160,|,
–k¼•”,‘å˜aŒSŽRŽs,51357623,160,|,
–k¼•”,‘å˜aŒSŽRŽs,51357631,160,|,
–k¼•”,‘å˜aŒSŽRŽs,51357632,160,|,
–k¼•”,‘å˜aŒSŽRŽs,51357633,160,|,
–k¼•”,‘å˜aŒSŽRŽs,51357634,160,|,
–k¼•”,‘å˜aŒSŽRŽs,51357640,93,124,
–k¼•”,‘å˜aŒSŽRŽs,51357641,160,|,
–k¼•”,‘å˜aŒSŽRŽs,51357642,160,|,
–k¼•”,‘å˜aŒSŽRŽs,51357643,89,119,
–k¼•”,‘å˜aŒSŽRŽs,51357644,160,|,
–k¼•”,‘å˜aŒSŽRŽs,51357650,88,118,
–k¼•”,‘å˜aŒSŽRŽs,51357651,160,|,
–k¼•”,‘å˜aŒSŽRŽs,51357652,160,|,
–k¼•”,‘å˜aŒSŽRŽs,51357653,160,|,
–k¼•”,‘å˜aŒSŽRŽs,51357654,160,|,
–k¼•”,‘å˜aŒSŽRŽs,51357655,160,|,
–k¼•”,‘å˜aŒSŽRŽs,51357660,84,112,
–k¼•”,‘å˜aŒSŽRŽs,51357661,160,|,
–k¼•”,‘å˜aŒSŽRŽs,51357662,160,|,
–k¼•”,‘å˜aŒSŽRŽs,51357663,160,|,
–k¼•”,‘å˜aŒSŽRŽs,51357664,160,|,
–k¼•”,‘å˜aŒSŽRŽs,51357665,160,|,
–k¼•”,‘å˜aŒSŽRŽs,51357670,160,|,
–k¼•”,‘å˜aŒSŽRŽs,51357671,84,113,
–k¼•”,‘å˜aŒSŽRŽs,51357672,160,|,
–k¼•”,‘å˜aŒSŽRŽs,51357673,160,|,
–k¼•”,‘å˜aŒSŽRŽs,51357674,160,|,
–k¼•”,‘å˜aŒSŽRŽs,51357680,96,128,
–k¼•”,‘å˜aŒSŽRŽs,51357681,96,128,
–k¼•”,‘å˜aŒSŽRŽs,51357682,96,128,
–k¼•”,‘å˜aŒSŽRŽs,51357683,160,|,
–k¼•”,“V—Žs,51356666,160,|,
–k¼•”,“V—Žs,51356667,138,184,
–k¼•”,“V—Žs,51356668,132,177,
–k¼•”,“V—Žs,51356669,102,136,
–k¼•”,“V—Žs,51356675,160,|,
–k¼•”,“V—Žs,51356676,160,|,
–k¼•”,“V—Žs,51356677,126,168,
–k¼•”,“V—Žs,51356678,126,169,
–k¼•”,“V—Žs,51356679,102,136,
–k¼•”,“V—Žs,51356685,160,|,
–k¼•”,“V—Žs,51356686,160,|,
–k¼•”,“V—Žs,51356687,120,160,
–k¼•”,“V—Žs,51356688,126,169,
–k¼•”,“V—Žs,51356689,102,136,
–k¼•”,“V—Žs,51356693,160,|,
–k¼•”,“V—Žs,51356695,160,|,
–k¼•”,“V—Žs,51356696,160,|,
–k¼•”,“V—Žs,51356697,120,160,
–k¼•”,“V—Žs,51356698,131,175,
–k¼•”,“V—Žs,51356699,126,168,
–k¼•”,“V—Žs,51356770,102,136,
–k¼•”,“V—Žs,51356780,93,124,
–k¼•”,“V—Žs,51356781,93,124,
–k¼•”,“V—Žs,51356790,91,122,
–k¼•”,“V—Žs,51356791,92,123,
–k¼•”,“V—Žs,51357603,160,|,
–k¼•”,“V—Žs,51357604,160,|,
–k¼•”,“V—Žs,51357605,160,|,
–k¼•”,“V—Žs,51357606,160,|,
–k¼•”,“V—Žs,51357607,90,120,
–k¼•”,“V—Žs,51357608,90,120,
–k¼•”,“V—Žs,51357609,91,122,
–k¼•”,“V—Žs,51357613,160,|,
–k¼•”,“V—Žs,51357614,160,|,
–k¼•”,“V—Žs,51357615,160,|,
–k¼•”,“V—Žs,51357616,160,|,
–k¼•”,“V—Žs,51357617,90,120,
–k¼•”,“V—Žs,51357618,90,120,
–k¼•”,“V—Žs,51357619,90,120,
–k¼•”,“V—Žs,51357624,160,|,
–k¼•”,“V—Žs,51357625,160,|,
–k¼•”,“V—Žs,51357626,160,|,
–k¼•”,“V—Žs,51357627,89,119,
–k¼•”,“V—Žs,51357628,89,119,
–k¼•”,“V—Žs,51357629,89,119,
–k¼•”,“V—Žs,51357635,160,|,
–k¼•”,“V—Žs,51357636,160,|,
–k¼•”,“V—Žs,51357637,108,144,
–k¼•”,“V—Žs,51357638,93,124,
–k¼•”,“V—Žs,51357639,93,124,
–k¼•”,“V—Žs,51357645,160,|,
–k¼•”,“V—Žs,51357646,96,129,
–k¼•”,“V—Žs,51357647,97,130,
–k¼•”,“V—Žs,51357656,160,|,
–k¼•”,“V—Žs,51357657,96,128,
–k¼•”,“V—Žs,51357700,91,122,
–k¼•”,“V—Žs,51357701,91,122,
–k¼•”,“V—Žs,51357702,91,122,
–k¼•”,“V—Žs,51357710,96,128,
–k¼•”,“V—Žs,51357711,96,128,
–k¼•”,“V—Žs,51357712,96,129,
–k¼•”,“V—Žs,51357713,92,123,
–k¼•”,“V—Žs,51357714,93,124,
–k¼•”,“V—Žs,51357720,94,126,
–k¼•”,“V—Žs,51357721,96,128,
–k¼•”,“V—Žs,51357722,96,128,
–k¼•”,“V—Žs,51357723,92,123,
–k¼•”,“V—Žs,51357724,93,124,
–k¼•”,“V—Žs,51357731,94,126,
–k¼•”,“V—Žs,51357732,96,128,
–k¼•”,“V—Žs,51357733,91,122,
–k¼•”,“V—Žs,51357734,92,123,
–k¼•”,“V—Žs,51357741,93,124,
–k¼•”,“V—Žs,51357742,94,126,
–k¼•”,“V—Žs,51357743,95,127,
–k¼•”,“V—Žs,51357744,100,134,
–k¼•”,“V—Žs,51357745,101,135,
–k¼•”,“V—Žs,51357752,81,109,
–k¼•”,“V—Žs,51357753,83,111,
–k¼•”,“V—Žs,51357754,84,112,
–k¼•”,“V—Žs,51357755,105,140,
–k¼•”,“V—Žs,51357764,83,111,
–k¼•”,Š€Œ´Žs,51355660,90,120,
–k¼•”,Š€Œ´Žs,51355661,120,160,
–k¼•”,Š€Œ´Žs,51355662,120,161,
–k¼•”,Š€Œ´Žs,51355663,111,148,
–k¼•”,Š€Œ´Žs,51355671,120,160,
–k¼•”,Š€Œ´Žs,51355672,114,153,
–k¼•”,Š€Œ´Žs,51355673,120,161,
–k¼•”,Š€Œ´Žs,51355674,102,137,
–k¼•”,Š€Œ´Žs,51355681,120,160,
–k¼•”,Š€Œ´Žs,51355682,120,160,
–k¼•”,Š€Œ´Žs,51355683,160,|,
–k¼•”,Š€Œ´Žs,51355684,102,137,
–k¼•”,Š€Œ´Žs,51355691,160,|,
–k¼•”,Š€Œ´Žs,51355692,120,160,
–k¼•”,Š€Œ´Žs,51355693,132,176,
–k¼•”,Š€Œ´Žs,51355694,160,|,
–k¼•”,Š€Œ´Žs,51355695,102,136,
–k¼•”,Š€Œ´Žs,51356601,160,|,
–k¼•”,Š€Œ´Žs,51356602,160,|,
–k¼•”,Š€Œ´Žs,51356603,160,|,
–k¼•”,Š€Œ´Žs,51356604,160,|,
–k¼•”,Š€Œ´Žs,51356605,160,|,
–k¼•”,Š€Œ´Žs,51356611,160,|,
–k¼•”,Š€Œ´Žs,51356612,160,|,
–k¼•”,Š€Œ´Žs,51356613,160,|,
–k¼•”,Š€Œ´Žs,51356614,160,214,
–k¼•”,Š€Œ´Žs,51356615,160,|,
–k¼•”,Š€Œ´Žs,51356621,160,|,
–k¼•”,Š€Œ´Žs,51356622,160,|,
–k¼•”,Š€Œ´Žs,51356623,160,|,
–k¼•”,Š€Œ´Žs,51356624,144,193,
–k¼•”,Š€Œ´Žs,51356625,160,|,
–k¼•”,Š€Œ´Žs,51356631,160,|,
–k¼•”,Š€Œ´Žs,51356632,160,|,
–k¼•”,Š€Œ´Žs,51356633,160,|,
–k¼•”,Š€Œ´Žs,51356634,160,|,
–k¼•”,Š€Œ´Žs,51356635,160,|,
–k¼•”,÷ˆäŽs,51355639,135,180,
–k¼•”,÷ˆäŽs,51355649,136,182,
–k¼•”,÷ˆäŽs,51355658,153,204,
–k¼•”,÷ˆäŽs,51355659,136,182,
–k¼•”,÷ˆäŽs,51355667,107,143,
–k¼•”,÷ˆäŽs,51355668,109,146,
–k¼•”,÷ˆäŽs,51355669,154,206,
–k¼•”,÷ˆäŽs,51355676,105,140,
–k¼•”,÷ˆäŽs,51355677,105,141,
–k¼•”,÷ˆäŽs,51355678,108,144,
–k¼•”,÷ˆäŽs,51355679,109,146,
–k¼•”,÷ˆäŽs,51355686,103,138,
–k¼•”,÷ˆäŽs,51355687,105,140,
–k¼•”,÷ˆäŽs,51355688,106,142,
–k¼•”,÷ˆäŽs,51355689,108,144,
–k¼•”,÷ˆäŽs,51355696,103,138,
–k¼•”,÷ˆäŽs,51355697,129,172,
–k¼•”,÷ˆäŽs,51355698,105,140,
–k¼•”,÷ˆäŽs,51355699,106,142,
–k¼•”,÷ˆäŽs,51355740,132,176,
–k¼•”,÷ˆäŽs,51355750,126,168,
–k¼•”,÷ˆäŽs,51355760,126,168,
–k¼•”,÷ˆäŽs,51355770,110,147,
–k¼•”,÷ˆäŽs,51355780,108,145,
–k¼•”,÷ˆäŽs,51355781,134,179,
–k¼•”,÷ˆäŽs,51355790,108,144,
–k¼•”,÷ˆäŽs,51355791,138,185,
–k¼•”,÷ˆäŽs,51356606,123,164,
–k¼•”,÷ˆäŽs,51356607,141,188,
–k¼•”,÷ˆäŽs,51356608,141,189,
–k¼•”,÷ˆäŽs,51356609,142,190,
–k¼•”,÷ˆäŽs,51356616,160,|,
–k¼•”,÷ˆäŽs,51356617,147,196,
–k¼•”,÷ˆäŽs,51356618,129,173,
–k¼•”,÷ˆäŽs,51356619,125,167,
–k¼•”,÷ˆäŽs,51356626,160,|,
–k¼•”,÷ˆäŽs,51356627,134,179,
–k¼•”,÷ˆäŽs,51356628,141,188,
–k¼•”,÷ˆäŽs,51356629,135,180,
–k¼•”,÷ˆäŽs,51356636,132,177,
–k¼•”,÷ˆäŽs,51356637,133,178,
–k¼•”,÷ˆäŽs,51356638,146,195,
–k¼•”,÷ˆäŽs,51356639,141,188,
–k¼•”,÷ˆäŽs,51356645,160,|,
–k¼•”,÷ˆäŽs,51356646,160,|,
–k¼•”,÷ˆäŽs,51356647,138,185,
–k¼•”,÷ˆäŽs,51356648,146,195,
–k¼•”,÷ˆäŽs,51356649,129,172,
–k¼•”,÷ˆäŽs,51356656,160,|,
–k¼•”,÷ˆäŽs,51356657,121,162,
–k¼•”,÷ˆäŽs,51356658,127,170,
–k¼•”,÷ˆäŽs,51356659,128,171,
–k¼•”,÷ˆäŽs,51356700,143,191,
–k¼•”,÷ˆäŽs,51356701,138,184,
–k¼•”,÷ˆäŽs,51356702,128,171,
–k¼•”,÷ˆäŽs,51356710,143,191,
–k¼•”,÷ˆäŽs,51356711,138,184,
–k¼•”,÷ˆäŽs,51356712,127,170,
–k¼•”,÷ˆäŽs,51356720,126,168,
–k¼•”,÷ˆäŽs,51356721,121,162,
–k¼•”,÷ˆäŽs,51356722,121,162,
–k¼•”,÷ˆäŽs,51356723,121,162,
–k¼•”,÷ˆäŽs,51356730,135,181,
–k¼•”,÷ˆäŽs,51356731,131,175,
–k¼•”,÷ˆäŽs,51356732,120,160,
–k¼•”,÷ˆäŽs,51356733,120,160,
–k¼•”,÷ˆäŽs,51356740,123,165,
–k¼•”,÷ˆäŽs,51356741,129,172,
–k¼•”,÷ˆäŽs,51356742,114,152,
–k¼•”,÷ˆäŽs,51356743,119,159,
–k¼•”,÷ˆäŽs,51356744,120,160,
–k¼•”,÷ˆäŽs,51356750,128,171,
–k¼•”,÷ˆäŽs,51356751,117,157,
–k¼•”,÷ˆäŽs,51356752,117,157,
–k¼•”,÷ˆäŽs,51356753,113,151,
–k¼•”,÷ˆäŽs,51356754,118,158,
–k¼•”,÷ˆäŽs,51356760,102,137,
–k¼•”,÷ˆäŽs,51356761,102,137,
–k¼•”,÷ˆäŽs,51356762,128,171,
–k¼•”,÷ˆäŽs,51356763,113,151,
–k¼•”,÷ˆäŽs,51356764,117,157,
–k¼•”,÷ˆäŽs,51356765,120,160,
–k¼•”,÷ˆäŽs,51356771,102,137,
–k¼•”,÷ˆäŽs,51356772,127,170,
–k¼•”,÷ˆäŽs,51356773,127,170,
–k¼•”,÷ˆäŽs,51356774,118,158,
–k¼•”,÷ˆäŽs,51356775,120,160,
–k¼•”,÷ˆäŽs,51356782,93,124,
–k¼•”,÷ˆäŽs,51356783,112,150,
–k¼•”,÷ˆäŽs,51356784,119,159,
–k¼•”,÷ˆäŽs,51356792,92,123,
–k¼•”,÷ˆäŽs,51356793,117,156,
–k¼•”,÷ˆäŽs,51356794,118,158,
–k¼•”,÷ˆäŽs,51357703,126,169,
–k¼•”,ŒäŠŽs,51354568,93,124,
–k¼•”,ŒäŠŽs,51354577,96,128,
–k¼•”,ŒäŠŽs,51354578,91,122,
–k¼•”,ŒäŠŽs,51354585,104,139,
–k¼•”,ŒäŠŽs,51354586,92,123,
–k¼•”,ŒäŠŽs,51354587,86,115,
–k¼•”,ŒäŠŽs,51354588,90,121,
–k¼•”,ŒäŠŽs,51354594,108,144,
–k¼•”,ŒäŠŽs,51354595,111,148,
–k¼•”,ŒäŠŽs,51354596,99,132,
–k¼•”,ŒäŠŽs,51354597,91,122,
–k¼•”,ŒäŠŽs,51354598,90,121,
–k¼•”,ŒäŠŽs,51354599,85,114,
–k¼•”,ŒäŠŽs,51355503,105,141,
–k¼•”,ŒäŠŽs,51355504,112,150,
–k¼•”,ŒäŠŽs,51355505,111,148,
–k¼•”,ŒäŠŽs,51355506,99,132,
–k¼•”,ŒäŠŽs,51355507,96,129,
–k¼•”,ŒäŠŽs,51355508,100,134,
–k¼•”,ŒäŠŽs,51355509,90,121,
–k¼•”,ŒäŠŽs,51355514,116,155,
–k¼•”,ŒäŠŽs,51355515,105,140,
–k¼•”,ŒäŠŽs,51355516,103,138,
–k¼•”,ŒäŠŽs,51355517,102,136,
–k¼•”,ŒäŠŽs,51355518,101,135,
–k¼•”,ŒäŠŽs,51355519,96,128,
–k¼•”,ŒäŠŽs,51355524,116,155,
–k¼•”,ŒäŠŽs,51355525,105,140,
–k¼•”,ŒäŠŽs,51355526,108,144,
–k¼•”,ŒäŠŽs,51355527,106,142,
–k¼•”,ŒäŠŽs,51355528,102,136,
–k¼•”,ŒäŠŽs,51355529,96,128,
–k¼•”,ŒäŠŽs,51355535,108,145,
–k¼•”,ŒäŠŽs,51355536,106,142,
–k¼•”,ŒäŠŽs,51355537,101,135,
–k¼•”,ŒäŠŽs,51355538,102,137,
–k¼•”,ŒäŠŽs,51355539,96,129,
–k¼•”,ŒäŠŽs,51355545,102,137,
–k¼•”,ŒäŠŽs,51355546,96,128,
–k¼•”,ŒäŠŽs,51355547,101,135,
–k¼•”,ŒäŠŽs,51355548,96,129,
–k¼•”,ŒäŠŽs,51355549,96,128,
–k¼•”,ŒäŠŽs,51355555,96,128,
–k¼•”,ŒäŠŽs,51355556,95,127,
–k¼•”,ŒäŠŽs,51355557,90,120,
–k¼•”,ŒäŠŽs,51355558,96,128,
–k¼•”,ŒäŠŽs,51355559,114,|,
–k¼•”,ŒäŠŽs,51355568,114,152,
–k¼•”,ŒäŠŽs,51355569,90,120,
–k¼•”,ŒäŠŽs,51355600,96,128,
–k¼•”,ŒäŠŽs,51355610,96,128,
–k¼•”,ŒäŠŽs,51355620,96,128,
–k¼•”,ŒäŠŽs,51355630,96,128,
–k¼•”,ŒäŠŽs,51355631,105,140,
–k¼•”,ŒäŠŽs,51355640,96,128,
–k¼•”,ŒäŠŽs,51355650,90,120,
–k¼•”,¶‹îŽs,51357585,101,135,
–k¼•”,¶‹îŽs,51357586,96,129,
–k¼•”,¶‹îŽs,51357587,102,136,
–k¼•”,¶‹îŽs,51357594,99,132,
–k¼•”,¶‹îŽs,51357595,97,130,
–k¼•”,¶‹îŽs,51357596,98,131,
–k¼•”,¶‹îŽs,51357597,102,137,
–k¼•”,¶‹îŽs,52350504,102,136,
–k¼•”,¶‹îŽs,52350505,99,132,
–k¼•”,¶‹îŽs,52350506,98,131,
–k¼•”,¶‹îŽs,52350507,103,138,
–k¼•”,¶‹îŽs,52350514,102,136,
–k¼•”,¶‹îŽs,52350515,101,135,
–k¼•”,¶‹îŽs,52350516,99,132,
–k¼•”,¶‹îŽs,52350517,103,138,
–k¼•”,¶‹îŽs,52350524,101,135,
–k¼•”,¶‹îŽs,52350525,102,136,
–k¼•”,¶‹îŽs,52350526,100,134,
–k¼•”,¶‹îŽs,52350527,99,132,
–k¼•”,¶‹îŽs,52350534,96,128,
–k¼•”,¶‹îŽs,52350535,102,136,
–k¼•”,¶‹îŽs,52350536,100,134,
–k¼•”,¶‹îŽs,52350544,101,135,
–k¼•”,¶‹îŽs,52350545,101,135,
–k¼•”,¶‹îŽs,52350546,99,133,
–k¼•”,¶‹îŽs,52350555,101,135,
–k¼•”,¶‹îŽs,52350556,99,133,
–k¼•”,¶‹îŽs,52350557,99,132,
–k¼•”,¶‹îŽs,52350566,105,140,
–k¼•”,¶‹îŽs,52350567,103,138,
–k¼•”,¶‹îŽs,52350568,98,131,
–k¼•”,¶‹îŽs,52350576,109,146,
–k¼•”,¶‹îŽs,52350577,103,138,
–k¼•”,¶‹îŽs,52350578,103,138,
–k¼•”,¶‹îŽs,52350579,94,126,
–k¼•”,¶‹îŽs,52350586,109,146,
–k¼•”,¶‹îŽs,52350587,108,145,
–k¼•”,¶‹îŽs,52350588,104,139,
–k¼•”,¶‹îŽs,52350589,99,132,
–k¼•”,¶‹îŽs,52350596,109,146,
–k¼•”,¶‹îŽs,52350597,108,145,
–k¼•”,¶‹îŽs,52350598,108,145,
–k¼•”,¶‹îŽs,52350599,105,140,
–k¼•”,¶‹îŽs,52350670,99,132,
–k¼•”,¶‹îŽs,52351507,109,146,
–k¼•”,¶‹îŽs,52351508,110,147,
–k¼•”,¶‹îŽs,52351517,111,149,
–k¼•”,¶‹îŽs,52351518,112,150,
–k¼•”,¶‹îŽs,52351527,118,158,
–k¼•”,ŽÅŽs,51356536,91,122,
–k¼•”,ŽÅŽs,51356537,87,116,
–k¼•”,ŽÅŽs,51356543,93,124,
–k¼•”,ŽÅŽs,51356544,87,116,
–k¼•”,ŽÅŽs,51356545,87,116,
–k¼•”,ŽÅŽs,51356546,91,|,
–k¼•”,ŽÅŽs,51356547,90,121,
–k¼•”,ŽÅŽs,51356552,87,116,
–k¼•”,ŽÅŽs,51356553,98,131,
–k¼•”,ŽÅŽs,51356554,87,116,
–k¼•”,ŽÅŽs,51356555,85,114,
–k¼•”,ŽÅŽs,51356556,85,114,
–k¼•”,ŽÅŽs,51356557,85,114,
–k¼•”,ŽÅŽs,51356563,87,117,
–k¼•”,ŽÅŽs,51356564,81,109,
–k¼•”,ŽÅŽs,51356565,85,114,
–k¼•”,ŽÅŽs,51356573,81,108,
–k¼•”,ŽÅŽs,51356574,81,108,
–k¼•”,ŽÅŽs,51356575,84,113,
–k¼•”,ŽÅŽs,51356584,79,106,
–k¼•”,ŽÅŽs,51356585,80,107,
–k¼•”,Š‹éŽs,51355565,94,126,
–k¼•”,Š‹éŽs,51355566,89,119,
–k¼•”,Š‹éŽs,51355567,84,112,
–k¼•”,Š‹éŽs,51355575,95,127,
–k¼•”,Š‹éŽs,51355576,99,133,
–k¼•”,Š‹éŽs,51355577,95,127,
–k¼•”,Š‹éŽs,51355578,160,|,
–k¼•”,Š‹éŽs,51355579,160,|,
–k¼•”,Š‹éŽs,51355585,99,133,
–k¼•”,Š‹éŽs,51355586,110,147,
–k¼•”,Š‹éŽs,51355587,95,127,
–k¼•”,Š‹éŽs,51355588,160,|,
–k¼•”,Š‹éŽs,51355589,160,|,
–k¼•”,Š‹éŽs,51355594,100,134,
–k¼•”,Š‹éŽs,51355595,99,133,
–k¼•”,Š‹éŽs,51355596,95,127,
–k¼•”,Š‹éŽs,51355597,160,|,
–k¼•”,Š‹éŽs,51355598,160,|,
–k¼•”,Š‹éŽs,51356504,105,140,
–k¼•”,Š‹éŽs,51356505,95,127,
–k¼•”,Š‹éŽs,51356506,99,132,
–k¼•”,Š‹éŽs,51356507,160,|,
–k¼•”,Š‹éŽs,51356514,99,133,
–k¼•”,Š‹éŽs,51356515,99,132,
–k¼•”,Š‹éŽs,51356516,99,132,
–k¼•”,Š‹éŽs,51356517,160,|,
–k¼•”,Š‹éŽs,51356524,99,132,
–k¼•”,Š‹éŽs,51356525,93,124,
–k¼•”,Š‹éŽs,51356526,160,|,
–k¼•”,Š‹éŽs,51356534,87,117,
–k¼•”,Š‹éŽs,51356535,87,116,
–k¼•”,•½ŒQ’¬,51357533,94,126,
–k¼•”,•½ŒQ’¬,51357536,78,104,
–k¼•”,•½ŒQ’¬,51357543,90,120,
–k¼•”,•½ŒQ’¬,51357544,103,138,
–k¼•”,•½ŒQ’¬,51357545,89,119,
–k¼•”,•½ŒQ’¬,51357546,78,105,
–k¼•”,•½ŒQ’¬,51357553,95,127,
–k¼•”,•½ŒQ’¬,51357554,96,128,
–k¼•”,•½ŒQ’¬,51357555,99,133,
–k¼•”,•½ŒQ’¬,51357556,84,113,
–k¼•”,•½ŒQ’¬,51357557,93,125,
–k¼•”,•½ŒQ’¬,51357563,90,120,
–k¼•”,•½ŒQ’¬,51357564,96,128,
–k¼•”,•½ŒQ’¬,51357565,101,135,
–k¼•”,•½ŒQ’¬,51357566,90,120,
–k¼•”,•½ŒQ’¬,51357573,92,123,
–k¼•”,•½ŒQ’¬,51357574,92,123,
–k¼•”,•½ŒQ’¬,51357575,90,121,
–k¼•”,•½ŒQ’¬,51357576,86,115,
–k¼•”,•½ŒQ’¬,51357577,90,121,
–k¼•”,•½ŒQ’¬,51357583,99,132,
–k¼•”,•½ŒQ’¬,51357584,96,129,
–k¼•”,ŽO‹½’¬,51357504,84,113,
–k¼•”,ŽO‹½’¬,51357514,84,113,
–k¼•”,ŽO‹½’¬,51357515,84,113,
–k¼•”,ŽO‹½’¬,51357522,91,122,
–k¼•”,ŽO‹½’¬,51357523,99,133,
–k¼•”,ŽO‹½’¬,51357524,84,112,
–k¼•”,ŽO‹½’¬,51357525,84,112,
–k¼•”,ŽO‹½’¬,51357526,84,113,
–k¼•”,ŽO‹½’¬,51357532,86,115,
–k¼•”,ŽO‹½’¬,51357534,84,112,
–k¼•”,ŽO‹½’¬,51357535,78,104,
–k¼•”,”Á”µ’¬,51357517,84,113,
–k¼•”,”Á”µ’¬,51357518,160,|,
–k¼•”,”Á”µ’¬,51357527,84,112,
–k¼•”,”Á”µ’¬,51357528,160,|,
–k¼•”,”Á”µ’¬,51357529,160,|,
–k¼•”,”Á”µ’¬,51357537,78,105,
–k¼•”,”Á”µ’¬,51357538,93,125,
–k¼•”,”Á”µ’¬,51357539,160,|,
–k¼•”,”Á”µ’¬,51357547,84,112,
–k¼•”,”Á”µ’¬,51357548,87,117,
–k¼•”,”Á”µ’¬,51357549,93,125,
–k¼•”,”Á”µ’¬,51357558,93,124,
–k¼•”,”Á”µ’¬,51357567,84,113,
–k¼•”,ˆÀ“g’¬,51357519,160,|,
–k¼•”,ˆÀ“g’¬,51357610,160,|,
–k¼•”,ˆÀ“g’¬,51357620,160,|,
–k¼•”,ˆÀ“g’¬,51357630,160,|,
–k¼•”,ì¼’¬,51357600,160,|,
–k¼•”,ì¼’¬,51357601,160,|,
–k¼•”,ì¼’¬,51357602,160,|,
–k¼•”,ì¼’¬,51357611,160,|,
–k¼•”,ì¼’¬,51357612,160,|,
–k¼•”,ŽO‘î’¬,51356681,160,|,
–k¼•”,ŽO‘î’¬,51356682,160,|,
–k¼•”,ŽO‘î’¬,51356690,160,|,
–k¼•”,ŽO‘î’¬,51356691,160,|,
–k¼•”,ŽO‘î’¬,51356692,160,|,
–k¼•”,“cŒ´–{’¬,51356642,160,|,
–k¼•”,“cŒ´–{’¬,51356643,160,|,
–k¼•”,“cŒ´–{’¬,51356644,160,|,
–k¼•”,“cŒ´–{’¬,51356651,160,|,
–k¼•”,“cŒ´–{’¬,51356652,160,|,
–k¼•”,“cŒ´–{’¬,51356653,160,|,
–k¼•”,“cŒ´–{’¬,51356654,160,|,
–k¼•”,“cŒ´–{’¬,51356655,160,|,
–k¼•”,“cŒ´–{’¬,51356661,160,|,
–k¼•”,“cŒ´–{’¬,51356662,160,|,
–k¼•”,“cŒ´–{’¬,51356663,160,|,
–k¼•”,“cŒ´–{’¬,51356664,160,|,
–k¼•”,“cŒ´–{’¬,51356665,160,|,
–k¼•”,“cŒ´–{’¬,51356671,160,|,
–k¼•”,“cŒ´–{’¬,51356672,160,|,
–k¼•”,“cŒ´–{’¬,51356673,160,|,
–k¼•”,“cŒ´–{’¬,51356674,160,|,
–k¼•”,“cŒ´–{’¬,51356683,160,|,
–k¼•”,“cŒ´–{’¬,51356684,160,|,
–k¼•”,“cŒ´–{’¬,51356694,160,|,
–k¼•”,‚Žæ’¬,51355601,96,128,
–k¼•”,‚Žæ’¬,51355602,102,136,
–k¼•”,‚Žæ’¬,51355603,102,137,
–k¼•”,‚Žæ’¬,51355605,129,173,
–k¼•”,‚Žæ’¬,51355611,101,135,
–k¼•”,‚Žæ’¬,51355612,102,136,
–k¼•”,‚Žæ’¬,51355613,102,136,
–k¼•”,‚Žæ’¬,51355614,117,157,
–k¼•”,‚Žæ’¬,51355615,124,166,
–k¼•”,‚Žæ’¬,51355616,126,168,
–k¼•”,‚Žæ’¬,51355617,133,178,
–k¼•”,‚Žæ’¬,51355621,101,135,
–k¼•”,‚Žæ’¬,51355622,102,136,
–k¼•”,‚Žæ’¬,51355623,107,143,
–k¼•”,‚Žæ’¬,51355624,123,164,
–k¼•”,‚Žæ’¬,51355625,125,167,
–k¼•”,‚Žæ’¬,51355626,126,168,
–k¼•”,‚Žæ’¬,51355632,111,148,
–k¼•”,‚Žæ’¬,51355633,127,170,
–k¼•”,‚Žæ’¬,51355641,110,147,
–k¼•”,‚Žæ’¬,51355642,111,148,
–k¼•”,‚Žæ’¬,51355643,127,170,
–k¼•”,‚Žæ’¬,51355651,96,128,
–k¼•”,‚Žæ’¬,51355652,111,148,
–k¼•”,–¾“ú‘º,51355627,138,185,
–k¼•”,–¾“ú‘º,51355628,135,180,
–k¼•”,–¾“ú‘º,51355634,117,157,
–k¼•”,–¾“ú‘º,51355635,119,159,
–k¼•”,–¾“ú‘º,51355636,121,162,
–k¼•”,–¾“ú‘º,51355637,133,178,
–k¼•”,–¾“ú‘º,51355638,135,180,
–k¼•”,–¾“ú‘º,51355644,117,157,
–k¼•”,–¾“ú‘º,51355645,105,140,
–k¼•”,–¾“ú‘º,51355646,105,140,
–k¼•”,–¾“ú‘º,51355647,108,144,
–k¼•”,–¾“ú‘º,51355648,129,173,
–k¼•”,–¾“ú‘º,51355653,121,162,
–k¼•”,–¾“ú‘º,51355654,117,157,
–k¼•”,–¾“ú‘º,51355655,105,140,
–k¼•”,–¾“ú‘º,51355656,105,140,
–k¼•”,–¾“ú‘º,51355657,107,143,
–k¼•”,–¾“ú‘º,51355664,123,164,
–k¼•”,–¾“ú‘º,51355665,104,139,
–k¼•”,–¾“ú‘º,51355666,105,140,
–k¼•”,–¾“ú‘º,51355675,104,139,
–k¼•”,–¾“ú‘º,51355685,102,137,
–k¼•”,ã–q’¬,51356566,85,114,
–k¼•”,ã–q’¬,51356567,85,114,
–k¼•”,ã–q’¬,51356576,84,113,
–k¼•”,ã–q’¬,51356577,90,120,
–k¼•”,ã–q’¬,51356586,84,113,
–k¼•”,ã–q’¬,51356587,84,113,
–k¼•”,ã–q’¬,51356597,78,105,
–k¼•”,‰¤Ž›’¬,51356594,80,107,
–k¼•”,‰¤Ž›’¬,51356595,79,106,
–k¼•”,‰¤Ž›’¬,51356596,78,105,
–k¼•”,‰¤Ž›’¬,51357505,84,113,
–k¼•”,‰¤Ž›’¬,51357506,84,113,
–k¼•”,‰¤Ž›’¬,51357516,84,113,
–k¼•”,L—Ë’¬,51356548,160,|,
–k¼•”,L—Ë’¬,51356549,160,|,
–k¼•”,L—Ë’¬,51356558,160,|,
–k¼•”,L—Ë’¬,51356559,160,|,
–k¼•”,L—Ë’¬,51356568,160,|,
–k¼•”,L—Ë’¬,51356569,160,|,
–k¼•”,L—Ë’¬,51356579,160,|,
–k¼•”,L—Ë’¬,51356589,160,|,
–k¼•”,L—Ë’¬,51356640,160,|,
–k¼•”,L—Ë’¬,51356641,160,|,
–k¼•”,L—Ë’¬,51356650,160,|,
–k¼•”,L—Ë’¬,51356660,160,|,
–k¼•”,L—Ë’¬,51356670,160,|,
–k¼•”,L—Ë’¬,51356680,160,|,
–k¼•”,‰Í‡’¬,51356578,90,121,
–k¼•”,‰Í‡’¬,51356588,95,127,
–k¼•”,‰Í‡’¬,51356598,90,120,
–k¼•”,‰Í‡’¬,51356599,160,|,
–k¼•”,‰Í‡’¬,51357507,84,113,
–k¼•”,‰Í‡’¬,51357508,89,119,
–k¼•”,‰Í‡’¬,51357509,90,121,
–k“Œ•”,‰F‘ÉŽs,51355724,128,171,
–k“Œ•”,‰F‘ÉŽs,51355725,134,179,
–k“Œ•”,‰F‘ÉŽs,51355726,135,180,
–k“Œ•”,‰F‘ÉŽs,51355727,132,176,
–k“Œ•”,‰F‘ÉŽs,51355733,126,168,
–k“Œ•”,‰F‘ÉŽs,51355734,126,168,
–k“Œ•”,‰F‘ÉŽs,51355735,127,170,
–k“Œ•”,‰F‘ÉŽs,51355736,129,172,
–k“Œ•”,‰F‘ÉŽs,51355737,135,180,
–k“Œ•”,‰F‘ÉŽs,51355738,132,176,
–k“Œ•”,‰F‘ÉŽs,51355739,134,179,
–k“Œ•”,‰F‘ÉŽs,51355741,126,168,
–k“Œ•”,‰F‘ÉŽs,51355742,136,182,
–k“Œ•”,‰F‘ÉŽs,51355743,126,168,
–k“Œ•”,‰F‘ÉŽs,51355744,126,168,
–k“Œ•”,‰F‘ÉŽs,51355745,126,168,
–k“Œ•”,‰F‘ÉŽs,51355746,126,169,
–k“Œ•”,‰F‘ÉŽs,51355747,128,171,
–k“Œ•”,‰F‘ÉŽs,51355748,129,173,
–k“Œ•”,‰F‘ÉŽs,51355749,129,173,
–k“Œ•”,‰F‘ÉŽs,51355751,126,168,
–k“Œ•”,‰F‘ÉŽs,51355752,126,168,
–k“Œ•”,‰F‘ÉŽs,51355753,124,166,
–k“Œ•”,‰F‘ÉŽs,51355754,125,167,
–k“Œ•”,‰F‘ÉŽs,51355755,125,167,
–k“Œ•”,‰F‘ÉŽs,51355756,126,169,
–k“Œ•”,‰F‘ÉŽs,51355757,127,170,
–k“Œ•”,‰F‘ÉŽs,51355758,129,172,
–k“Œ•”,‰F‘ÉŽs,51355759,129,172,
–k“Œ•”,‰F‘ÉŽs,51355761,126,168,
–k“Œ•”,‰F‘ÉŽs,51355762,126,168,
–k“Œ•”,‰F‘ÉŽs,51355763,125,167,
–k“Œ•”,‰F‘ÉŽs,51355764,125,167,
–k“Œ•”,‰F‘ÉŽs,51355765,125,167,
–k“Œ•”,‰F‘ÉŽs,51355766,126,168,
–k“Œ•”,‰F‘ÉŽs,51355767,126,168,
–k“Œ•”,‰F‘ÉŽs,51355768,127,170,
–k“Œ•”,‰F‘ÉŽs,51355769,128,171,
–k“Œ•”,‰F‘ÉŽs,51355771,147,196,
–k“Œ•”,‰F‘ÉŽs,51355772,135,180,
–k“Œ•”,‰F‘ÉŽs,51355773,131,175,
–k“Œ•”,‰F‘ÉŽs,51355774,126,168,
–k“Œ•”,‰F‘ÉŽs,51355775,126,168,
–k“Œ•”,‰F‘ÉŽs,51355776,125,167,
–k“Œ•”,‰F‘ÉŽs,51355777,125,167,
–k“Œ•”,‰F‘ÉŽs,51355778,126,168,
–k“Œ•”,‰F‘ÉŽs,51355779,128,171,
–k“Œ•”,‰F‘ÉŽs,51355782,129,172,
–k“Œ•”,‰F‘ÉŽs,51355783,129,173,
–k“Œ•”,‰F‘ÉŽs,51355784,129,173,
–k“Œ•”,‰F‘ÉŽs,51355785,124,166,
–k“Œ•”,‰F‘ÉŽs,51355786,123,165,
–k“Œ•”,‰F‘ÉŽs,51355787,120,160,
–k“Œ•”,‰F‘ÉŽs,51355788,131,175,
–k“Œ•”,‰F‘ÉŽs,51355789,132,176,
–k“Œ•”,‰F‘ÉŽs,51355792,123,164,
–k“Œ•”,‰F‘ÉŽs,51355793,123,164,
–k“Œ•”,‰F‘ÉŽs,51355794,124,166,
–k“Œ•”,‰F‘ÉŽs,51355795,123,164,
–k“Œ•”,‰F‘ÉŽs,51355796,123,164,
–k“Œ•”,‰F‘ÉŽs,51355797,123,164,
–k“Œ•”,‰F‘ÉŽs,51355798,130,174,
–k“Œ•”,‰F‘ÉŽs,51355799,133,178,
–k“Œ•”,‰F‘ÉŽs,51356703,122,163,
–k“Œ•”,‰F‘ÉŽs,51356704,123,164,
–k“Œ•”,‰F‘ÉŽs,51356705,132,176,
–k“Œ•”,‰F‘ÉŽs,51356706,122,163,
–k“Œ•”,‰F‘ÉŽs,51356707,123,165,
–k“Œ•”,‰F‘ÉŽs,51356708,131,175,
–k“Œ•”,‰F‘ÉŽs,51356709,133,178,
–k“Œ•”,‰F‘ÉŽs,51356713,122,163,
–k“Œ•”,‰F‘ÉŽs,51356714,121,162,
–k“Œ•”,‰F‘ÉŽs,51356715,132,176,
–k“Œ•”,‰F‘ÉŽs,51356716,132,176,
–k“Œ•”,‰F‘ÉŽs,51356717,123,165,
–k“Œ•”,‰F‘ÉŽs,51356718,126,168,
–k“Œ•”,‰F‘ÉŽs,51356719,128,171,
–k“Œ•”,‰F‘ÉŽs,51356724,116,155,
–k“Œ•”,‰F‘ÉŽs,51356725,121,162,
–k“Œ•”,‰F‘ÉŽs,51356726,132,176,
–k“Œ•”,‰F‘ÉŽs,51356727,123,164,
–k“Œ•”,‰F‘ÉŽs,51356728,124,166,
–k“Œ•”,‰F‘ÉŽs,51356729,126,169,
–k“Œ•”,‰F‘ÉŽs,51356734,120,160,
–k“Œ•”,‰F‘ÉŽs,51356735,121,162,
–k“Œ•”,‰F‘ÉŽs,51356736,122,163,
–k“Œ•”,‰F‘ÉŽs,51356737,122,163,
–k“Œ•”,‰F‘ÉŽs,51356738,122,163,
–k“Œ•”,‰F‘ÉŽs,51356739,124,166,
–k“Œ•”,‰F‘ÉŽs,51356745,120,160,
–k“Œ•”,‰F‘ÉŽs,51356746,116,155,
–k“Œ•”,‰F‘ÉŽs,51356747,115,154,
–k“Œ•”,‰F‘ÉŽs,51356748,117,156,
–k“Œ•”,‰F‘ÉŽs,51356749,123,164,
–k“Œ•”,‰F‘ÉŽs,51356755,120,160,
–k“Œ•”,‰F‘ÉŽs,51356756,114,153,
–k“Œ•”,‰F‘ÉŽs,51356757,115,154,
–k“Œ•”,‰F‘ÉŽs,51356758,115,154,
–k“Œ•”,‰F‘ÉŽs,51356759,123,164,
–k“Œ•”,‰F‘ÉŽs,51356766,114,153,
–k“Œ•”,‰F‘ÉŽs,51356767,114,153,
–k“Œ•”,‰F‘ÉŽs,51356768,115,154,
–k“Œ•”,‰F‘ÉŽs,51356769,122,163,
–k“Œ•”,‰F‘ÉŽs,51356778,120,160,
–k“Œ•”,‰F‘ÉŽs,51356779,121,162,
–k“Œ•”,‰F‘ÉŽs,51356788,120,160,
–k“Œ•”,‰F‘ÉŽs,51356789,120,160,
–k“Œ•”,‰F‘ÉŽs,51356798,118,158,
–k“Œ•”,‰F‘ÉŽs,51356799,119,159,
–k“Œ•”,‰F‘ÉŽs,51357708,117,156,
–k“Œ•”,‰F‘ÉŽs,51357709,114,152,
–k“Œ•”,‰F‘ÉŽs,51357718,112,150,
–k“Œ•”,‰F‘ÉŽs,51357719,108,144,
–k“Œ•”,‰F‘ÉŽs,51357729,103,138,
–k“Œ•”,‰F‘ÉŽs,51357739,102,136,
–k“Œ•”,‰F‘ÉŽs,51365030,147,196,
–k“Œ•”,‰F‘ÉŽs,51365040,134,179,
–k“Œ•”,‰F‘ÉŽs,51365050,132,176,
–k“Œ•”,‰F‘ÉŽs,51365051,142,190,
–k“Œ•”,‰F‘ÉŽs,51365052,147,196,
–k“Œ•”,‰F‘ÉŽs,51365060,132,176,
–k“Œ•”,‰F‘ÉŽs,51365061,146,195,
–k“Œ•”,‰F‘ÉŽs,51365062,144,192,
–k“Œ•”,‰F‘ÉŽs,51365063,147,196,
–k“Œ•”,‰F‘ÉŽs,51365070,135,180,
–k“Œ•”,‰F‘ÉŽs,51365071,144,192,
–k“Œ•”,‰F‘ÉŽs,51365072,141,188,
–k“Œ•”,‰F‘ÉŽs,51365073,144,192,
–k“Œ•”,‰F‘ÉŽs,51365074,154,206,
–k“Œ•”,‰F‘ÉŽs,51365075,153,204,
–k“Œ•”,‰F‘ÉŽs,51365080,140,187,
–k“Œ•”,‰F‘ÉŽs,51365081,143,191,
–k“Œ•”,‰F‘ÉŽs,51365082,140,187,
–k“Œ•”,‰F‘ÉŽs,51365083,143,191,
–k“Œ•”,‰F‘ÉŽs,51365084,145,194,
–k“Œ•”,‰F‘ÉŽs,51365085,150,200,
–k“Œ•”,‰F‘ÉŽs,51365090,140,187,
–k“Œ•”,‰F‘ÉŽs,51365091,142,190,
–k“Œ•”,‰F‘ÉŽs,51365092,151,202,
–k“Œ•”,‰F‘ÉŽs,51365093,142,190,
–k“Œ•”,‰F‘ÉŽs,51365094,144,193,
–k“Œ•”,‰F‘ÉŽs,51365095,154,206,
–k“Œ•”,‰F‘ÉŽs,51366000,140,187,
–k“Œ•”,‰F‘ÉŽs,51366001,142,190,
–k“Œ•”,‰F‘ÉŽs,51366002,144,193,
–k“Œ•”,‰F‘ÉŽs,51366003,141,189,
–k“Œ•”,‰F‘ÉŽs,51366004,143,191,
–k“Œ•”,‰F‘ÉŽs,51366005,141,188,
–k“Œ•”,‰F‘ÉŽs,51366006,150,200,
–k“Œ•”,‰F‘ÉŽs,51366010,129,173,
–k“Œ•”,‰F‘ÉŽs,51366011,131,175,
–k“Œ•”,‰F‘ÉŽs,51366012,144,193,
–k“Œ•”,‰F‘ÉŽs,51366013,141,188,
–k“Œ•”,‰F‘ÉŽs,51366014,144,192,
–k“Œ•”,‰F‘ÉŽs,51366015,145,194,
–k“Œ•”,‰F‘ÉŽs,51366016,150,201,
–k“Œ•”,‰F‘ÉŽs,51366020,129,172,
–k“Œ•”,‰F‘ÉŽs,51366021,141,188,
–k“Œ•”,‰F‘ÉŽs,51366022,138,184,
–k“Œ•”,‰F‘ÉŽs,51366023,144,192,
–k“Œ•”,‰F‘ÉŽs,51366024,143,191,
–k“Œ•”,‰F‘ÉŽs,51366025,146,195,
–k“Œ•”,‰F‘ÉŽs,51366026,148,198,
–k“Œ•”,‰F‘ÉŽs,51366030,137,183,
–k“Œ•”,‰F‘ÉŽs,51366031,129,172,
–k“Œ•”,‰F‘ÉŽs,51366032,141,188,
–k“Œ•”,‰F‘ÉŽs,51366033,143,191,
–k“Œ•”,‰F‘ÉŽs,51366034,158,211,
–k“Œ•”,‰F‘ÉŽs,51366035,144,192,
–k“Œ•”,‰F‘ÉŽs,51366036,147,196,
–k“Œ•”,‰F‘ÉŽs,51366037,156,209,
–k“Œ•”,‰F‘ÉŽs,51366040,126,168,
–k“Œ•”,‰F‘ÉŽs,51366041,127,170,
–k“Œ•”,‰F‘ÉŽs,51366042,133,178,
–k“Œ•”,‰F‘ÉŽs,51366043,147,196,
–k“Œ•”,‰F‘ÉŽs,51366044,150,200,
–k“Œ•”,‰F‘ÉŽs,51366045,145,194,
–k“Œ•”,‰F‘ÉŽs,51366046,144,192,
–k“Œ•”,‰F‘ÉŽs,51366047,153,204,
–k“Œ•”,‰F‘ÉŽs,51366050,124,166,
–k“Œ•”,‰F‘ÉŽs,51366051,136,182,
–k“Œ•”,‰F‘ÉŽs,51366052,138,184,
–k“Œ•”,‰F‘ÉŽs,51366053,140,187,
–k“Œ•”,‰F‘ÉŽs,51366054,141,189,
–k“Œ•”,‰F‘ÉŽs,51366055,144,192,
–k“Œ•”,‰F‘ÉŽs,51366056,145,194,
–k“Œ•”,‰F‘ÉŽs,51366057,149,199,
–k“Œ•”,‰F‘ÉŽs,51366060,123,165,
–k“Œ•”,‰F‘ÉŽs,51366061,130,174,
–k“Œ•”,‰F‘ÉŽs,51366062,132,176,
–k“Œ•”,‰F‘ÉŽs,51366063,145,194,
–k“Œ•”,‰F‘ÉŽs,51366064,141,188,
–k“Œ•”,‰F‘ÉŽs,51366065,142,190,
–k“Œ•”,‰F‘ÉŽs,51366066,142,190,
–k“Œ•”,‰F‘ÉŽs,51366067,144,193,
–k“Œ•”,‰F‘ÉŽs,51366068,147,196,
–k“Œ•”,‰F‘ÉŽs,51366070,123,164,
–k“Œ•”,‰F‘ÉŽs,51366071,129,172,
–k“Œ•”,‰F‘ÉŽs,51366072,130,174,
–k“Œ•”,‰F‘ÉŽs,51366073,138,184,
–k“Œ•”,‰F‘ÉŽs,51366074,140,187,
–k“Œ•”,‰F‘ÉŽs,51366075,141,188,
–k“Œ•”,‰F‘ÉŽs,51366080,121,162,
–k“Œ•”,‰F‘ÉŽs,51366081,123,164,
–k“Œ•”,‰F‘ÉŽs,51366082,129,172,
–k“Œ•”,‰F‘ÉŽs,51366083,136,182,
–k“Œ•”,‰F‘ÉŽs,51366084,138,184,
–k“Œ•”,‰F‘ÉŽs,51366090,120,160,
–k“Œ•”,‰F‘ÉŽs,51366091,126,168,
–k“Œ•”,‰F‘ÉŽs,51366092,126,169,
–k“Œ•”,‰F‘ÉŽs,51366093,128,171,
–k“Œ•”,‰F‘ÉŽs,51367000,119,159,
–k“Œ•”,‰F‘ÉŽs,51367001,124,166,
–k“Œ•”,‰F‘ÉŽs,51367002,126,168,
–k“Œ•”,‰F‘ÉŽs,51367003,126,168,
–k“Œ•”,‰F‘ÉŽs,51367010,114,152,
–k“Œ•”,‰F‘ÉŽs,51367011,120,160,
–k“Œ•”,‰F‘ÉŽs,51367012,126,168,
–k“Œ•”,‰F‘ÉŽs,51367013,126,168,
–k“Œ•”,‰F‘ÉŽs,51367020,118,158,
–k“Œ•”,‰F‘ÉŽs,51367021,120,160,
–k“Œ•”,‰F‘ÉŽs,51367022,120,160,
–k“Œ•”,‰F‘ÉŽs,51367023,126,168,
–k“Œ•”,‰F‘ÉŽs,51367030,103,138,
–k“Œ•”,‰F‘ÉŽs,51367031,109,146,
–k“Œ•”,‰F‘ÉŽs,51367032,105,140,
–k“Œ•”,‰F‘ÉŽs,51367033,116,155,
–k“Œ•”,‰F‘ÉŽs,51367034,127,170,
–k“Œ•”,‰F‘ÉŽs,51367040,102,136,
–k“Œ•”,‰F‘ÉŽs,51367041,102,137,
–k“Œ•”,‰F‘ÉŽs,51367042,103,138,
–k“Œ•”,‰F‘ÉŽs,51367043,120,160,
–k“Œ•”,‰F‘ÉŽs,51367044,126,169,
–k“Œ•”,‰F‘ÉŽs,51367051,97,130,
–k“Œ•”,‰F‘ÉŽs,51367052,103,138,
–k“Œ•”,ŽR“Y‘º,51357789,100,134,
–k“Œ•”,ŽR“Y‘º,51357797,90,120,
–k“Œ•”,ŽR“Y‘º,51357798,90,121,
–k“Œ•”,ŽR“Y‘º,51357799,101,135,
–k“Œ•”,ŽR“Y‘º,51367050,102,136,
–k“Œ•”,ŽR“Y‘º,51367053,104,139,
–k“Œ•”,ŽR“Y‘º,51367054,105,140,
–k“Œ•”,ŽR“Y‘º,51367055,111,149,
–k“Œ•”,ŽR“Y‘º,51367060,102,136,
–k“Œ•”,ŽR“Y‘º,51367061,102,136,
–k“Œ•”,ŽR“Y‘º,51367062,102,137,
–k“Œ•”,ŽR“Y‘º,51367063,108,144,
–k“Œ•”,ŽR“Y‘º,51367064,104,139,
–k“Œ•”,ŽR“Y‘º,51367065,110,147,
–k“Œ•”,ŽR“Y‘º,51367070,101,135,
–k“Œ•”,ŽR“Y‘º,51367071,102,137,
–k“Œ•”,ŽR“Y‘º,51367072,98,131,
–k“Œ•”,ŽR“Y‘º,51367073,99,132,
–k“Œ•”,ŽR“Y‘º,51367074,99,132,
–k“Œ•”,ŽR“Y‘º,51367080,102,136,
–k“Œ•”,ŽR“Y‘º,51367081,102,136,
–k“Œ•”,ŽR“Y‘º,51367082,98,131,
–k“Œ•”,ŽR“Y‘º,51367083,99,132,
–k“Œ•”,ŽR“Y‘º,51367084,99,132,
–k“Œ•”,ŽR“Y‘º,51367090,101,135,
–k“Œ•”,ŽR“Y‘º,51367091,102,136,
–k“Œ•”,ŽR“Y‘º,51367092,98,131,
–k“Œ•”,ŽR“Y‘º,51367093,98,131,
–k“Œ•”,ŽR“Y‘º,51367094,99,132,
–k“Œ•”,ŽR“Y‘º,51367095,114,152,
–k“Œ•”,ŽR“Y‘º,52350707,92,123,
–k“Œ•”,ŽR“Y‘º,52350708,92,123,
–k“Œ•”,ŽR“Y‘º,52350709,91,122,
–k“Œ•”,ŽR“Y‘º,52350716,91,122,
–k“Œ•”,ŽR“Y‘º,52350717,93,124,
–k“Œ•”,ŽR“Y‘º,52350718,92,123,
–k“Œ•”,ŽR“Y‘º,52350719,91,122,
–k“Œ•”,ŽR“Y‘º,52350728,91,122,
–k“Œ•”,ŽR“Y‘º,52360000,91,122,
–k“Œ•”,ŽR“Y‘º,52360001,97,130,
–k“Œ•”,ŽR“Y‘º,52360002,98,131,
–k“Œ•”,ŽR“Y‘º,52360003,113,151,
–k“Œ•”,ŽR“Y‘º,52360004,113,151,
–k“Œ•”,ŽR“Y‘º,52360005,113,151,
–k“Œ•”,ŽR“Y‘º,52360006,113,151,
–k“Œ•”,ŽR“Y‘º,52360010,91,122,
–k“Œ•”,ŽR“Y‘º,52360011,96,129,
–k“Œ•”,ŽR“Y‘º,52360012,98,131,
–k“Œ•”,ŽR“Y‘º,52360013,113,151,
–k“Œ•”,ŽR“Y‘º,52360014,112,150,
–k“Œ•”,ŽR“Y‘º,52360015,112,150,
–k“Œ•”,ŽR“Y‘º,52360016,111,149,
–k“Œ•”,ŽR“Y‘º,52360021,96,128,
–k“Œ•”,ŽR“Y‘º,52360022,97,130,
–k“Œ•”,ŽR“Y‘º,52360023,108,144,
–k“Œ•”,ŽR“Y‘º,52360024,108,144,
–k“Œ•”,ŽR“Y‘º,52360025,108,144,
–k“Œ•”,ŽR“Y‘º,52360032,107,143,
–k“Œ•”,ŽR“Y‘º,52360033,108,144,
–k“Œ•”,ŽR“Y‘º,52360034,108,144,
–k“Œ•”,ŽR“Y‘º,52360035,108,144,
ŒÜžŠE–k•”‹g–ì,ŒÜžŠŽs–k•”,51352588,142,190,
ŒÜžŠE–k•”‹g–ì,ŒÜžŠŽs–k•”,51352589,142,190,
ŒÜžŠE–k•”‹g–ì,ŒÜžŠŽs–k•”,51352598,139,186,
ŒÜžŠE–k•”‹g–ì,ŒÜžŠŽs–k•”,51352599,139,186,
ŒÜžŠE–k•”‹g–ì,ŒÜžŠŽs–k•”,51352680,147,196,
ŒÜžŠE–k•”‹g–ì,ŒÜžŠŽs–k•”,51352683,138,184,
ŒÜžŠE–k•”‹g–ì,ŒÜžŠŽs–k•”,51352684,135,180,
ŒÜžŠE–k•”‹g–ì,ŒÜžŠŽs–k•”,51352690,139,186,
ŒÜžŠE–k•”‹g–ì,ŒÜžŠŽs–k•”,51352691,129,172,
ŒÜžŠE–k•”‹g–ì,ŒÜžŠŽs–k•”,51352692,135,180,
ŒÜžŠE–k•”‹g–ì,ŒÜžŠŽs–k•”,51352693,130,174,
ŒÜžŠE–k•”‹g–ì,ŒÜžŠŽs–k•”,51352694,138,185,
ŒÜžŠE–k•”‹g–ì,ŒÜžŠŽs–k•”,51352695,141,188,
ŒÜžŠE–k•”‹g–ì,ŒÜžŠŽs–k•”,51353508,137,183,
ŒÜžŠE–k•”‹g–ì,ŒÜžŠŽs–k•”,51353509,138,184,
ŒÜžŠE–k•”‹g–ì,ŒÜžŠŽs–k•”,51353517,136,182,
ŒÜžŠE–k•”‹g–ì,ŒÜžŠŽs–k•”,51353518,144,192,
ŒÜžŠE–k•”‹g–ì,ŒÜžŠŽs–k•”,51353519,137,183,
ŒÜžŠE–k•”‹g–ì,ŒÜžŠŽs–k•”,51353527,134,179,
ŒÜžŠE–k•”‹g–ì,ŒÜžŠŽs–k•”,51353528,135,180,
ŒÜžŠE–k•”‹g–ì,ŒÜžŠŽs–k•”,51353529,129,172,
ŒÜžŠE–k•”‹g–ì,ŒÜžŠŽs–k•”,51353534,126,169,
ŒÜžŠE–k•”‹g–ì,ŒÜžŠŽs–k•”,51353535,129,172,
ŒÜžŠE–k•”‹g–ì,ŒÜžŠŽs–k•”,51353536,129,173,
ŒÜžŠE–k•”‹g–ì,ŒÜžŠŽs–k•”,51353537,131,175,
ŒÜžŠE–k•”‹g–ì,ŒÜžŠŽs–k•”,51353538,132,176,
ŒÜžŠE–k•”‹g–ì,ŒÜžŠŽs–k•”,51353539,126,168,
ŒÜžŠE–k•”‹g–ì,ŒÜžŠŽs–k•”,51353544,121,162,
ŒÜžŠE–k•”‹g–ì,ŒÜžŠŽs–k•”,51353545,121,162,
ŒÜžŠE–k•”‹g–ì,ŒÜžŠŽs–k•”,51353546,127,170,
ŒÜžŠE–k•”‹g–ì,ŒÜžŠŽs–k•”,51353547,129,172,
ŒÜžŠE–k•”‹g–ì,ŒÜžŠŽs–k•”,51353548,123,165,
ŒÜžŠE–k•”‹g–ì,ŒÜžŠŽs–k•”,51353549,124,166,
ŒÜžŠE–k•”‹g–ì,ŒÜžŠŽs–k•”,51353554,114,153,
ŒÜžŠE–k•”‹g–ì,ŒÜžŠŽs–k•”,51353555,115,154,
ŒÜžŠE–k•”‹g–ì,ŒÜžŠŽs–k•”,51353556,116,155,
ŒÜžŠE–k•”‹g–ì,ŒÜžŠŽs–k•”,51353557,121,162,
ŒÜžŠE–k•”‹g–ì,ŒÜžŠŽs–k•”,51353558,122,163,
ŒÜžŠE–k•”‹g–ì,ŒÜžŠŽs–k•”,51353559,117,157,
ŒÜžŠE–k•”‹g–ì,ŒÜžŠŽs–k•”,51353563,114,153,
ŒÜžŠE–k•”‹g–ì,ŒÜžŠŽs–k•”,51353564,114,152,
ŒÜžŠE–k•”‹g–ì,ŒÜžŠŽs–k•”,51353565,108,144,
ŒÜžŠE–k•”‹g–ì,ŒÜžŠŽs–k•”,51353566,108,145,
ŒÜžŠE–k•”‹g–ì,ŒÜžŠŽs–k•”,51353567,108,145,
ŒÜžŠE–k•”‹g–ì,ŒÜžŠŽs–k•”,51353568,110,147,
ŒÜžŠE–k•”‹g–ì,ŒÜžŠŽs–k•”,51353569,111,148,
ŒÜžŠE–k•”‹g–ì,ŒÜžŠŽs–k•”,51353573,108,144,
ŒÜžŠE–k•”‹g–ì,ŒÜžŠŽs–k•”,51353574,108,144,
ŒÜžŠE–k•”‹g–ì,ŒÜžŠŽs–k•”,51353575,102,136,
ŒÜžŠE–k•”‹g–ì,ŒÜžŠŽs–k•”,51353576,112,150,
ŒÜžŠE–k•”‹g–ì,ŒÜžŠŽs–k•”,51353577,108,144,
ŒÜžŠE–k•”‹g–ì,ŒÜžŠŽs–k•”,51353578,104,139,
ŒÜžŠE–k•”‹g–ì,ŒÜžŠŽs–k•”,51353579,111,148,
ŒÜžŠE–k•”‹g–ì,ŒÜžŠŽs–k•”,51353583,107,143,
ŒÜžŠE–k•”‹g–ì,ŒÜžŠŽs–k•”,51353584,101,135,
ŒÜžŠE–k•”‹g–ì,ŒÜžŠŽs–k•”,51353585,102,136,
ŒÜžŠE–k•”‹g–ì,ŒÜžŠŽs–k•”,51353586,102,136,
ŒÜžŠE–k•”‹g–ì,ŒÜžŠŽs–k•”,51353587,107,143,
ŒÜžŠE–k•”‹g–ì,ŒÜžŠŽs–k•”,51353588,103,138,
ŒÜžŠE–k•”‹g–ì,ŒÜžŠŽs–k•”,51353589,105,140,
ŒÜžŠE–k•”‹g–ì,ŒÜžŠŽs–k•”,51353593,114,153,
ŒÜžŠE–k•”‹g–ì,ŒÜžŠŽs–k•”,51353594,126,168,
ŒÜžŠE–k•”‹g–ì,ŒÜžŠŽs–k•”,51353595,100,134,
ŒÜžŠE–k•”‹g–ì,ŒÜžŠŽs–k•”,51353596,105,140,
ŒÜžŠE–k•”‹g–ì,ŒÜžŠŽs–k•”,51353597,111,148,
ŒÜžŠE–k•”‹g–ì,ŒÜžŠŽs–k•”,51353598,103,138,
ŒÜžŠE–k•”‹g–ì,ŒÜžŠŽs–k•”,51353599,119,159,
ŒÜžŠE–k•”‹g–ì,ŒÜžŠŽs–k•”,51353600,137,183,
ŒÜžŠE–k•”‹g–ì,ŒÜžŠŽs–k•”,51353601,131,175,
ŒÜžŠE–k•”‹g–ì,ŒÜžŠŽs–k•”,51353602,132,176,
ŒÜžŠE–k•”‹g–ì,ŒÜžŠŽs–k•”,51353603,129,173,
ŒÜžŠE–k•”‹g–ì,ŒÜžŠŽs–k•”,51353604,138,184,
ŒÜžŠE–k•”‹g–ì,ŒÜžŠŽs–k•”,51353605,139,186,
ŒÜžŠE–k•”‹g–ì,ŒÜžŠŽs–k•”,51353610,131,175,
ŒÜžŠE–k•”‹g–ì,ŒÜžŠŽs–k•”,51353611,135,180,
ŒÜžŠE–k•”‹g–ì,ŒÜžŠŽs–k•”,51353612,131,175,
ŒÜžŠE–k•”‹g–ì,ŒÜžŠŽs–k•”,51353613,132,177,
ŒÜžŠE–k•”‹g–ì,ŒÜžŠŽs–k•”,51353614,135,180,
ŒÜžŠE–k•”‹g–ì,ŒÜžŠŽs–k•”,51353615,138,185,
ŒÜžŠE–k•”‹g–ì,ŒÜžŠŽs–k•”,51353616,141,188,
ŒÜžŠE–k•”‹g–ì,ŒÜžŠŽs–k•”,51353620,138,185,
ŒÜžŠE–k•”‹g–ì,ŒÜžŠŽs–k•”,51353621,132,177,
ŒÜžŠE–k•”‹g–ì,ŒÜžŠŽs–k•”,51353622,127,170,
ŒÜžŠE–k•”‹g–ì,ŒÜžŠŽs–k•”,51353623,134,179,
ŒÜžŠE–k•”‹g–ì,ŒÜžŠŽs–k•”,51353624,133,178,
ŒÜžŠE–k•”‹g–ì,ŒÜžŠŽs–k•”,51353625,135,180,
ŒÜžŠE–k•”‹g–ì,ŒÜžŠŽs–k•”,51353626,138,185,
ŒÜžŠE–k•”‹g–ì,ŒÜžŠŽs–k•”,51353630,126,168,
ŒÜžŠE–k•”‹g–ì,ŒÜžŠŽs–k•”,51353631,120,161,
ŒÜžŠE–k•”‹g–ì,ŒÜžŠŽs–k•”,51353632,120,161,
ŒÜžŠE–k•”‹g–ì,ŒÜžŠŽs–k•”,51353633,127,170,
ŒÜžŠE–k•”‹g–ì,ŒÜžŠŽs–k•”,51353634,136,182,
ŒÜžŠE–k•”‹g–ì,ŒÜžŠŽs–k•”,51353635,133,178,
ŒÜžŠE–k•”‹g–ì,ŒÜžŠŽs–k•”,51353640,119,159,
ŒÜžŠE–k•”‹g–ì,ŒÜžŠŽs–k•”,51353641,120,160,
ŒÜžŠE–k•”‹g–ì,ŒÜžŠŽs–k•”,51353650,113,151,
ŒÜžŠE–k•”‹g–ì,ŒÜžŠŽs–k•”,51353651,119,159,
ŒÜžŠE–k•”‹g–ì,ŒÜžŠŽs–k•”,51353660,112,150,
ŒÜžŠE–k•”‹g–ì,ŒÜžŠŽs–k•”,51353661,113,151,
ŒÜžŠE–k•”‹g–ì,ŒÜžŠŽs–k•”,51353670,111,148,
ŒÜžŠE–k•”‹g–ì,ŒÜžŠŽs–k•”,51353671,111,149,
ŒÜžŠE–k•”‹g–ì,ŒÜžŠŽs–k•”,51353680,109,146,
ŒÜžŠE–k•”‹g–ì,ŒÜžŠŽs–k•”,51353681,111,148,
ŒÜžŠE–k•”‹g–ì,ŒÜžŠŽs–k•”,51353690,104,139,
ŒÜžŠE–k•”‹g–ì,ŒÜžŠŽs–k•”,51353691,104,139,
ŒÜžŠE–k•”‹g–ì,ŒÜžŠŽs–k•”,51354503,120,160,
ŒÜžŠE–k•”‹g–ì,ŒÜžŠŽs–k•”,51354504,105,141,
ŒÜžŠE–k•”‹g–ì,ŒÜžŠŽs–k•”,51354505,105,140,
ŒÜžŠE–k•”‹g–ì,ŒÜžŠŽs–k•”,51354506,100,134,
ŒÜžŠE–k•”‹g–ì,ŒÜžŠŽs–k•”,51354507,95,127,
ŒÜžŠE–k•”‹g–ì,ŒÜžŠŽs–k•”,51354508,106,142,
ŒÜžŠE–k•”‹g–ì,ŒÜžŠŽs–k•”,51354509,102,136,
ŒÜžŠE–k•”‹g–ì,ŒÜžŠŽs–k•”,51354513,109,146,
ŒÜžŠE–k•”‹g–ì,ŒÜžŠŽs–k•”,51354514,105,140,
ŒÜžŠE–k•”‹g–ì,ŒÜžŠŽs–k•”,51354515,95,127,
ŒÜžŠE–k•”‹g–ì,ŒÜžŠŽs–k•”,51354516,94,126,
ŒÜžŠE–k•”‹g–ì,ŒÜžŠŽs–k•”,51354517,94,126,
ŒÜžŠE–k•”‹g–ì,ŒÜžŠŽs–k•”,51354518,94,126,
ŒÜžŠE–k•”‹g–ì,ŒÜžŠŽs–k•”,51354519,96,128,
ŒÜžŠE–k•”‹g–ì,ŒÜžŠŽs–k•”,51354523,108,144,
ŒÜžŠE–k•”‹g–ì,ŒÜžŠŽs–k•”,51354524,104,139,
ŒÜžŠE–k•”‹g–ì,ŒÜžŠŽs–k•”,51354525,89,119,
ŒÜžŠE–k•”‹g–ì,ŒÜžŠŽs–k•”,51354526,99,132,
ŒÜžŠE–k•”‹g–ì,ŒÜžŠŽs–k•”,51354527,99,132,
ŒÜžŠE–k•”‹g–ì,ŒÜžŠŽs–k•”,51354528,93,124,
ŒÜžŠE–k•”‹g–ì,ŒÜžŠŽs–k•”,51354529,93,125,
ŒÜžŠE–k•”‹g–ì,ŒÜžŠŽs–k•”,51354533,102,136,
ŒÜžŠE–k•”‹g–ì,ŒÜžŠŽs–k•”,51354534,102,136,
ŒÜžŠE–k•”‹g–ì,ŒÜžŠŽs–k•”,51354535,93,125,
ŒÜžŠE–k•”‹g–ì,ŒÜžŠŽs–k•”,51354536,99,132,
ŒÜžŠE–k•”‹g–ì,ŒÜžŠŽs–k•”,51354537,104,139,
ŒÜžŠE–k•”‹g–ì,ŒÜžŠŽs–k•”,51354538,93,124,
ŒÜžŠE–k•”‹g–ì,ŒÜžŠŽs–k•”,51354539,93,125,
ŒÜžŠE–k•”‹g–ì,ŒÜžŠŽs–k•”,51354542,97,130,
ŒÜžŠE–k•”‹g–ì,ŒÜžŠŽs–k•”,51354543,102,136,
ŒÜžŠE–k•”‹g–ì,ŒÜžŠŽs–k•”,51354544,102,136,
ŒÜžŠE–k•”‹g–ì,ŒÜžŠŽs–k•”,51354545,93,125,
ŒÜžŠE–k•”‹g–ì,ŒÜžŠŽs–k•”,51354546,103,138,
ŒÜžŠE–k•”‹g–ì,ŒÜžŠŽs–k•”,51354547,103,138,
ŒÜžŠE–k•”‹g–ì,ŒÜžŠŽs–k•”,51354548,103,138,
ŒÜžŠE–k•”‹g–ì,ŒÜžŠŽs–k•”,51354549,99,132,
ŒÜžŠE–k•”‹g–ì,ŒÜžŠŽs–k•”,51354552,99,132,
ŒÜžŠE–k•”‹g–ì,ŒÜžŠŽs–k•”,51354553,93,124,
ŒÜžŠE–k•”‹g–ì,ŒÜžŠŽs–k•”,51354554,98,131,
ŒÜžŠE–k•”‹g–ì,ŒÜžŠŽs–k•”,51354555,102,137,
ŒÜžŠE–k•”‹g–ì,ŒÜžŠŽs–k•”,51354556,102,137,
ŒÜžŠE–k•”‹g–ì,ŒÜžŠŽs–k•”,51354557,103,138,
ŒÜžŠE–k•”‹g–ì,ŒÜžŠŽs–k•”,51354558,99,132,
ŒÜžŠE–k•”‹g–ì,ŒÜžŠŽs–k•”,51354559,93,124,
ŒÜžŠE–k•”‹g–ì,ŒÜžŠŽs–k•”,51354563,87,116,
ŒÜžŠE–k•”‹g–ì,ŒÜžŠŽs–k•”,51354564,96,129,
ŒÜžŠE–k•”‹g–ì,ŒÜžŠŽs–k•”,51354565,102,136,
ŒÜžŠE–k•”‹g–ì,ŒÜžŠŽs–k•”,51354566,106,142,
ŒÜžŠE–k•”‹g–ì,ŒÜžŠŽs–k•”,51354567,93,124,
ŒÜžŠE–k•”‹g–ì,ŒÜžŠŽs–k•”,51354569,93,124,
ŒÜžŠE–k•”‹g–ì,ŒÜžŠŽs–k•”,51354573,99,132,
ŒÜžŠE–k•”‹g–ì,ŒÜžŠŽs–k•”,51354574,102,136,
ŒÜžŠE–k•”‹g–ì,ŒÜžŠŽs–k•”,51354575,107,143,
ŒÜžŠE–k•”‹g–ì,ŒÜžŠŽs–k•”,51354576,102,136,
ŒÜžŠE–k•”‹g–ì,ŒÜžŠŽs–k•”,51354584,100,134,
ŒÜžŠE–k•”‹g–ì,ŒÜžŠŽs–k•”,51354600,102,136,
ŒÜžŠE–k•”‹g–ì,ŒÜžŠŽs–k•”,51354601,108,144,
ŒÜžŠE–k•”‹g–ì,ŒÜžŠŽs–k•”,51354610,102,136,
ŒÜžŠE–k•”‹g–ì,ŒÜžŠŽs–k•”,51354611,102,136,
ŒÜžŠE–k•”‹g–ì,ŒÜžŠŽs–k•”,51354620,99,133,
ŒÜžŠE–k•”‹g–ì,ŒÜžŠŽs–k•”,51354621,100,134,
ŒÜžŠE–k•”‹g–ì,ŒÜžŠŽs–k•”,51354630,99,132,
ŒÜžŠE–k•”‹g–ì,ŒÜžŠŽs–k•”,51354631,109,146,
ŒÜžŠE–k•”‹g–ì,ŒÜžŠŽs–k•”,51354640,93,124,
ŒÜžŠE–k•”‹g–ì,ŒÜžŠŽs–k•”,51354641,99,132,
ŒÜžŠE–k•”‹g–ì,ŒÜžŠŽs–k•”,51354650,97,130,
ŒÜžŠE–k•”‹g–ì,‹g–ì’¬,51354619,133,178,
ŒÜžŠE–k•”‹g–ì,‹g–ì’¬,51354629,126,169,
ŒÜžŠE–k•”‹g–ì,‹g–ì’¬,51354637,126,168,
ŒÜžŠE–k•”‹g–ì,‹g–ì’¬,51354638,129,172,
ŒÜžŠE–k•”‹g–ì,‹g–ì’¬,51354639,132,176,
ŒÜžŠE–k•”‹g–ì,‹g–ì’¬,51354646,118,158,
ŒÜžŠE–k•”‹g–ì,‹g–ì’¬,51354647,120,160,
ŒÜžŠE–k•”‹g–ì,‹g–ì’¬,51354648,123,164,
ŒÜžŠE–k•”‹g–ì,‹g–ì’¬,51354649,131,175,
ŒÜžŠE–k•”‹g–ì,‹g–ì’¬,51354656,112,150,
ŒÜžŠE–k•”‹g–ì,‹g–ì’¬,51354657,120,160,
ŒÜžŠE–k•”‹g–ì,‹g–ì’¬,51354658,123,164,
ŒÜžŠE–k•”‹g–ì,‹g–ì’¬,51354659,125,167,
ŒÜžŠE–k•”‹g–ì,‹g–ì’¬,51354666,112,150,
ŒÜžŠE–k•”‹g–ì,‹g–ì’¬,51354667,115,154,
ŒÜžŠE–k•”‹g–ì,‹g–ì’¬,51354668,123,164,
ŒÜžŠE–k•”‹g–ì,‹g–ì’¬,51354669,125,167,
ŒÜžŠE–k•”‹g–ì,‹g–ì’¬,51354677,115,154,
ŒÜžŠE–k•”‹g–ì,‹g–ì’¬,51354678,118,158,
ŒÜžŠE–k•”‹g–ì,‹g–ì’¬,51354679,125,167,
ŒÜžŠE–k•”‹g–ì,‹g–ì’¬,51354689,123,164,
ŒÜžŠE–k•”‹g–ì,‹g–ì’¬,51354699,131,175,
ŒÜžŠE–k•”‹g–ì,‹g–ì’¬,51354700,138,185,
ŒÜžŠE–k•”‹g–ì,‹g–ì’¬,51354710,138,184,
ŒÜžŠE–k•”‹g–ì,‹g–ì’¬,51354720,135,181,
ŒÜžŠE–k•”‹g–ì,‹g–ì’¬,51354721,135,180,
ŒÜžŠE–k•”‹g–ì,‹g–ì’¬,51354730,135,181,
ŒÜžŠE–k•”‹g–ì,‹g–ì’¬,51354731,139,186,
ŒÜžŠE–k•”‹g–ì,‹g–ì’¬,51354732,137,183,
ŒÜžŠE–k•”‹g–ì,‹g–ì’¬,51354740,123,165,
ŒÜžŠE–k•”‹g–ì,‹g–ì’¬,51354741,126,169,
ŒÜžŠE–k•”‹g–ì,‹g–ì’¬,51354742,129,173,
ŒÜžŠE–k•”‹g–ì,‹g–ì’¬,51354743,143,191,
ŒÜžŠE–k•”‹g–ì,‹g–ì’¬,51354750,122,163,
ŒÜžŠE–k•”‹g–ì,‹g–ì’¬,51354751,126,168,
ŒÜžŠE–k•”‹g–ì,‹g–ì’¬,51354752,128,171,
ŒÜžŠE–k•”‹g–ì,‹g–ì’¬,51354753,134,179,
ŒÜžŠE–k•”‹g–ì,‹g–ì’¬,51354754,134,179,
ŒÜžŠE–k•”‹g–ì,‹g–ì’¬,51354760,122,163,
ŒÜžŠE–k•”‹g–ì,‹g–ì’¬,51354761,123,164,
ŒÜžŠE–k•”‹g–ì,‹g–ì’¬,51354762,126,168,
ŒÜžŠE–k•”‹g–ì,‹g–ì’¬,51354763,132,176,
ŒÜžŠE–k•”‹g–ì,‹g–ì’¬,51354764,120,161,
ŒÜžŠE–k•”‹g–ì,‹g–ì’¬,51354770,125,167,
ŒÜžŠE–k•”‹g–ì,‹g–ì’¬,51354771,126,168,
ŒÜžŠE–k•”‹g–ì,‹g–ì’¬,51354772,126,168,
ŒÜžŠE–k•”‹g–ì,‹g–ì’¬,51354773,128,171,
ŒÜžŠE–k•”‹g–ì,‹g–ì’¬,51354774,118,158,
ŒÜžŠE–k•”‹g–ì,‹g–ì’¬,51354780,124,166,
ŒÜžŠE–k•”‹g–ì,‹g–ì’¬,51354781,123,164,
ŒÜžŠE–k•”‹g–ì,‹g–ì’¬,51354782,124,166,
ŒÜžŠE–k•”‹g–ì,‹g–ì’¬,51354783,132,176,
ŒÜžŠE–k•”‹g–ì,‹g–ì’¬,51354784,117,157,
ŒÜžŠE–k•”‹g–ì,‹g–ì’¬,51354785,119,159,
ŒÜžŠE–k•”‹g–ì,‹g–ì’¬,51354790,126,168,
ŒÜžŠE–k•”‹g–ì,‹g–ì’¬,51354791,123,164,
ŒÜžŠE–k•”‹g–ì,‹g–ì’¬,51354792,129,172,
ŒÜžŠE–k•”‹g–ì,‹g–ì’¬,51354793,130,174,
ŒÜžŠE–k•”‹g–ì,‹g–ì’¬,51354794,137,183,
ŒÜžŠE–k•”‹g–ì,‹g–ì’¬,51354795,138,185,
ŒÜžŠE–k•”‹g–ì,‹g–ì’¬,51354796,141,189,
ŒÜžŠE–k•”‹g–ì,‹g–ì’¬,51355608,129,173,
ŒÜžŠE–k•”‹g–ì,‹g–ì’¬,51355609,129,172,
ŒÜžŠE–k•”‹g–ì,‹g–ì’¬,51355618,129,173,
ŒÜžŠE–k•”‹g–ì,‹g–ì’¬,51355619,130,174,
ŒÜžŠE–k•”‹g–ì,‹g–ì’¬,51355629,135,180,
ŒÜžŠE–k•”‹g–ì,‹g–ì’¬,51355700,131,175,
ŒÜžŠE–k•”‹g–ì,‹g–ì’¬,51355701,132,177,
ŒÜžŠE–k•”‹g–ì,‹g–ì’¬,51355702,133,178,
ŒÜžŠE–k•”‹g–ì,‹g–ì’¬,51355703,135,180,
ŒÜžŠE–k•”‹g–ì,‹g–ì’¬,51355704,135,181,
ŒÜžŠE–k•”‹g–ì,‹g–ì’¬,51355705,137,183,
ŒÜžŠE–k•”‹g–ì,‹g–ì’¬,51355706,138,185,
ŒÜžŠE–k•”‹g–ì,‹g–ì’¬,51355710,148,198,
ŒÜžŠE–k•”‹g–ì,‹g–ì’¬,51355711,142,190,
ŒÜžŠE–k•”‹g–ì,‹g–ì’¬,51355712,132,177,
ŒÜžŠE–k•”‹g–ì,‹g–ì’¬,51355713,128,171,
ŒÜžŠE–k•”‹g–ì,‹g–ì’¬,51355714,135,180,
ŒÜžŠE–k•”‹g–ì,‹g–ì’¬,51355715,135,181,
ŒÜžŠE–k•”‹g–ì,‹g–ì’¬,51355716,136,182,
ŒÜžŠE–k•”‹g–ì,‹g–ì’¬,51355717,134,179,
ŒÜžŠE–k•”‹g–ì,‹g–ì’¬,51355720,126,168,
ŒÜžŠE–k•”‹g–ì,‹g–ì’¬,51355721,142,190,
ŒÜžŠE–k•”‹g–ì,‹g–ì’¬,51355722,132,176,
ŒÜžŠE–k•”‹g–ì,‹g–ì’¬,51355723,126,169,
ŒÜžŠE–k•”‹g–ì,‹g–ì’¬,51355730,131,175,
ŒÜžŠE–k•”‹g–ì,‹g–ì’¬,51355731,126,168,
ŒÜžŠE–k•”‹g–ì,‹g–ì’¬,51355732,137,183,
ŒÜžŠE–k•”‹g–ì,‘å—„’¬,51354579,85,114,
ŒÜžŠE–k•”‹g–ì,‘å—„’¬,51354589,90,121,
ŒÜžŠE–k•”‹g–ì,‘å—„’¬,51354651,98,131,
ŒÜžŠE–k•”‹g–ì,‘å—„’¬,51354660,92,123,
ŒÜžŠE–k•”‹g–ì,‘å—„’¬,51354661,93,124,
ŒÜžŠE–k•”‹g–ì,‘å—„’¬,51354662,104,139,
ŒÜžŠE–k•”‹g–ì,‘å—„’¬,51354663,111,148,
ŒÜžŠE–k•”‹g–ì,‘å—„’¬,51354664,105,140,
ŒÜžŠE–k•”‹g–ì,‘å—„’¬,51354665,105,141,
ŒÜžŠE–k•”‹g–ì,‘å—„’¬,51354670,90,121,
ŒÜžŠE–k•”‹g–ì,‘å—„’¬,51354671,96,129,
ŒÜžŠE–k•”‹g–ì,‘å—„’¬,51354672,102,137,
ŒÜžŠE–k•”‹g–ì,‘å—„’¬,51354673,104,139,
ŒÜžŠE–k•”‹g–ì,‘å—„’¬,51354674,105,140,
ŒÜžŠE–k•”‹g–ì,‘å—„’¬,51354675,105,140,
ŒÜžŠE–k•”‹g–ì,‘å—„’¬,51354676,107,143,
ŒÜžŠE–k•”‹g–ì,‘å—„’¬,51354680,90,121,
ŒÜžŠE–k•”‹g–ì,‘å—„’¬,51354681,96,128,
ŒÜžŠE–k•”‹g–ì,‘å—„’¬,51354682,97,130,
ŒÜžŠE–k•”‹g–ì,‘å—„’¬,51354683,98,131,
ŒÜžŠE–k•”‹g–ì,‘å—„’¬,51354684,99,132,
ŒÜžŠE–k•”‹g–ì,‘å—„’¬,51354685,105,140,
ŒÜžŠE–k•”‹g–ì,‘å—„’¬,51354686,106,142,
ŒÜžŠE–k•”‹g–ì,‘å—„’¬,51354687,114,152,
ŒÜžŠE–k•”‹g–ì,‘å—„’¬,51354688,122,163,
ŒÜžŠE–k•”‹g–ì,‘å—„’¬,51354690,96,128,
ŒÜžŠE–k•”‹g–ì,‘å—„’¬,51354691,96,128,
ŒÜžŠE–k•”‹g–ì,‘å—„’¬,51354692,102,136,
ŒÜžŠE–k•”‹g–ì,‘å—„’¬,51354693,97,130,
ŒÜžŠE–k•”‹g–ì,‘å—„’¬,51354694,99,132,
ŒÜžŠE–k•”‹g–ì,‘å—„’¬,51354695,129,173,
ŒÜžŠE–k•”‹g–ì,‘å—„’¬,51354696,116,155,
ŒÜžŠE–k•”‹g–ì,‘å—„’¬,51354697,129,172,
ŒÜžŠE–k•”‹g–ì,‘å—„’¬,51354698,130,174,
ŒÜžŠE–k•”‹g–ì,‘å—„’¬,51355604,113,151,
ŒÜžŠE–k•”‹g–ì,‘å—„’¬,51355606,126,168,
ŒÜžŠE–k•”‹g–ì,‘å—„’¬,51355607,129,172,
ŒÜžŠE–k•”‹g–ì,‰ºŽs’¬,51353642,120,160,
ŒÜžŠE–k•”‹g–ì,‰ºŽs’¬,51353643,127,170,
ŒÜžŠE–k•”‹g–ì,‰ºŽs’¬,51353644,134,179,
ŒÜžŠE–k•”‹g–ì,‰ºŽs’¬,51353645,138,184,
ŒÜžŠE–k•”‹g–ì,‰ºŽs’¬,51353652,120,160,
ŒÜžŠE–k•”‹g–ì,‰ºŽs’¬,51353653,121,162,
ŒÜžŠE–k•”‹g–ì,‰ºŽs’¬,51353654,129,172,
ŒÜžŠE–k•”‹g–ì,‰ºŽs’¬,51353655,138,184,
ŒÜžŠE–k•”‹g–ì,‰ºŽs’¬,51353662,119,159,
ŒÜžŠE–k•”‹g–ì,‰ºŽs’¬,51353663,120,160,
ŒÜžŠE–k•”‹g–ì,‰ºŽs’¬,51353664,127,170,
ŒÜžŠE–k•”‹g–ì,‰ºŽs’¬,51353665,129,173,
ŒÜžŠE–k•”‹g–ì,‰ºŽs’¬,51353672,117,156,
ŒÜžŠE–k•”‹g–ì,‰ºŽs’¬,51353673,119,159,
ŒÜžŠE–k•”‹g–ì,‰ºŽs’¬,51353674,121,162,
ŒÜžŠE–k•”‹g–ì,‰ºŽs’¬,51353682,111,148,
ŒÜžŠE–k•”‹g–ì,‰ºŽs’¬,51353683,113,151,
ŒÜžŠE–k•”‹g–ì,‰ºŽs’¬,51353684,120,160,
ŒÜžŠE–k•”‹g–ì,‰ºŽs’¬,51353685,126,169,
ŒÜžŠE–k•”‹g–ì,‰ºŽs’¬,51353692,109,146,
ŒÜžŠE–k•”‹g–ì,‰ºŽs’¬,51353693,117,156,
ŒÜžŠE–k•”‹g–ì,‰ºŽs’¬,51353694,118,158,
ŒÜžŠE–k•”‹g–ì,‰ºŽs’¬,51353695,124,166,
ŒÜžŠE–k•”‹g–ì,‰ºŽs’¬,51353696,126,169,
ŒÜžŠE–k•”‹g–ì,‰ºŽs’¬,51354602,118,158,
ŒÜžŠE–k•”‹g–ì,‰ºŽs’¬,51354603,120,160,
ŒÜžŠE–k•”‹g–ì,‰ºŽs’¬,51354604,126,168,
ŒÜžŠE–k•”‹g–ì,‰ºŽs’¬,51354605,117,157,
ŒÜžŠE–k•”‹g–ì,‰ºŽs’¬,51354606,124,166,
ŒÜžŠE–k•”‹g–ì,‰ºŽs’¬,51354607,125,167,
ŒÜžŠE–k•”‹g–ì,‰ºŽs’¬,51354608,133,178,
ŒÜžŠE–k•”‹g–ì,‰ºŽs’¬,51354612,107,143,
ŒÜžŠE–k•”‹g–ì,‰ºŽs’¬,51354613,114,152,
ŒÜžŠE–k•”‹g–ì,‰ºŽs’¬,51354614,119,159,
ŒÜžŠE–k•”‹g–ì,‰ºŽs’¬,51354615,115,154,
ŒÜžŠE–k•”‹g–ì,‰ºŽs’¬,51354616,123,164,
ŒÜžŠE–k•”‹g–ì,‰ºŽs’¬,51354617,123,164,
ŒÜžŠE–k•”‹g–ì,‰ºŽs’¬,51354618,130,174,
ŒÜžŠE–k•”‹g–ì,‰ºŽs’¬,51354622,106,142,
ŒÜžŠE–k•”‹g–ì,‰ºŽs’¬,51354623,117,157,
ŒÜžŠE–k•”‹g–ì,‰ºŽs’¬,51354624,123,164,
ŒÜžŠE–k•”‹g–ì,‰ºŽs’¬,51354625,114,152,
ŒÜžŠE–k•”‹g–ì,‰ºŽs’¬,51354626,120,160,
ŒÜžŠE–k•”‹g–ì,‰ºŽs’¬,51354627,120,161,
ŒÜžŠE–k•”‹g–ì,‰ºŽs’¬,51354628,124,166,
ŒÜžŠE–k•”‹g–ì,‰ºŽs’¬,51354632,105,141,
ŒÜžŠE–k•”‹g–ì,‰ºŽs’¬,51354633,106,142,
ŒÜžŠE–k•”‹g–ì,‰ºŽs’¬,51354634,111,149,
ŒÜžŠE–k•”‹g–ì,‰ºŽs’¬,51354635,113,151,
ŒÜžŠE–k•”‹g–ì,‰ºŽs’¬,51354636,123,165,
ŒÜžŠE–k•”‹g–ì,‰ºŽs’¬,51354642,99,133,
ŒÜžŠE–k•”‹g–ì,‰ºŽs’¬,51354643,105,141,
ŒÜžŠE–k•”‹g–ì,‰ºŽs’¬,51354644,106,142,
ŒÜžŠE–k•”‹g–ì,‰ºŽs’¬,51354645,111,149,
ŒÜžŠE–k•”‹g–ì,‰ºŽs’¬,51354652,104,139,
ŒÜžŠE–k•”‹g–ì,‰ºŽs’¬,51354653,105,140,
ŒÜžŠE–k•”‹g–ì,‰ºŽs’¬,51354654,105,140,
ŒÜžŠE–k•”‹g–ì,‰ºŽs’¬,51354655,106,142,
“ì“Œ•”,‘]Ž¢‘º,51365076,157,199,
“ì“Œ•”,‘]Ž¢‘º,51365077,162,206,
“ì“Œ•”,‘]Ž¢‘º,51365086,149,189,
“ì“Œ•”,‘]Ž¢‘º,51365087,153,194,
“ì“Œ•”,‘]Ž¢‘º,51365088,156,198,
“ì“Œ•”,‘]Ž¢‘º,51365096,146,185,
“ì“Œ•”,‘]Ž¢‘º,51365097,150,190,
“ì“Œ•”,‘]Ž¢‘º,51365098,157,199,
“ì“Œ•”,‘]Ž¢‘º,51365099,158,201,
“ì“Œ•”,‘]Ž¢‘º,51365190,156,198,
“ì“Œ•”,‘]Ž¢‘º,51366007,152,193,
“ì“Œ•”,‘]Ž¢‘º,51366008,149,189,
“ì“Œ•”,‘]Ž¢‘º,51366009,155,197,
“ì“Œ•”,‘]Ž¢‘º,51366017,152,193,
“ì“Œ•”,‘]Ž¢‘º,51366018,154,196,
“ì“Œ•”,‘]Ž¢‘º,51366019,143,182,
“ì“Œ•”,‘]Ž¢‘º,51366027,153,194,
“ì“Œ•”,‘]Ž¢‘º,51366028,156,198,
“ì“Œ•”,‘]Ž¢‘º,51366029,145,184,
“ì“Œ•”,‘]Ž¢‘º,51366038,157,199,
“ì“Œ•”,‘]Ž¢‘º,51366039,144,183,
“ì“Œ•”,‘]Ž¢‘º,51366048,157,199,
“ì“Œ•”,‘]Ž¢‘º,51366049,160,203,
“ì“Œ•”,‘]Ž¢‘º,51366058,151,192,
“ì“Œ•”,‘]Ž¢‘º,51366059,150,191,
“ì“Œ•”,‘]Ž¢‘º,51366100,159,202,
“ì“Œ•”,‘]Ž¢‘º,51366101,164,208,
“ì“Œ•”,‘]Ž¢‘º,51366110,147,187,
“ì“Œ•”,‘]Ž¢‘º,51366111,154,195,
“ì“Œ•”,‘]Ž¢‘º,51366112,169,214,
“ì“Œ•”,‘]Ž¢‘º,51366120,146,186,
“ì“Œ•”,‘]Ž¢‘º,51366121,152,193,
“ì“Œ•”,‘]Ž¢‘º,51366122,169,215,
“ì“Œ•”,‘]Ž¢‘º,51366123,168,213,
“ì“Œ•”,‘]Ž¢‘º,51366130,144,183,
“ì“Œ•”,‘]Ž¢‘º,51366131,147,187,
“ì“Œ•”,‘]Ž¢‘º,51366132,164,208,
“ì“Œ•”,‘]Ž¢‘º,51366133,169,214,
“ì“Œ•”,‘]Ž¢‘º,51366140,174,221,
“ì“Œ•”,‘]Ž¢‘º,51366141,157,199,
“ì“Œ•”,‘]Ž¢‘º,51366142,161,204,
“ì“Œ•”,‘]Ž¢‘º,51366143,175,222,
“ì“Œ•”,‘]Ž¢‘º,51366150,151,192,
“ì“Œ•”,‘]Ž¢‘º,51366151,158,201,
“ì“Œ•”,‘]Ž¢‘º,51366152,157,199,
“ì“Œ•”,‘]Ž¢‘º,51366161,151,192,
“ì“Œ•”,‘]Ž¢‘º,51366162,154,195,
“ì“Œ•”,Œäñ‘º,51365028,165,209,
“ì“Œ•”,Œäñ‘º,51365037,181,230,
“ì“Œ•”,Œäñ‘º,51365038,178,226,
“ì“Œ•”,Œäñ‘º,51365039,167,212,
“ì“Œ•”,Œäñ‘º,51365047,165,210,
“ì“Œ•”,Œäñ‘º,51365048,164,208,
“ì“Œ•”,Œäñ‘º,51365049,162,206,
“ì“Œ•”,Œäñ‘º,51365057,161,204,
“ì“Œ•”,Œäñ‘º,51365058,161,205,
“ì“Œ•”,Œäñ‘º,51365059,161,205,
“ì“Œ•”,Œäñ‘º,51365067,162,206,
“ì“Œ•”,Œäñ‘º,51365068,167,212,
“ì“Œ•”,Œäñ‘º,51365069,163,207,
“ì“Œ•”,Œäñ‘º,51365078,160,203,
“ì“Œ•”,Œäñ‘º,51365079,164,208,
“ì“Œ•”,Œäñ‘º,51365089,159,202,
“ì“Œ•”,Œäñ‘º,51365130,165,209,
“ì“Œ•”,Œäñ‘º,51365131,171,217,
“ì“Œ•”,Œäñ‘º,51365140,168,213,
“ì“Œ•”,Œäñ‘º,51365141,169,215,
“ì“Œ•”,Œäñ‘º,51365142,173,220,
“ì“Œ•”,Œäñ‘º,51365143,180,228,
“ì“Œ•”,Œäñ‘º,51365144,179,227,
“ì“Œ•”,Œäñ‘º,51365145,184,234,
“ì“Œ•”,Œäñ‘º,51365146,181,230,
“ì“Œ•”,Œäñ‘º,51365150,162,206,
“ì“Œ•”,Œäñ‘º,51365151,170,216,
“ì“Œ•”,Œäñ‘º,51365152,174,221,
“ì“Œ•”,Œäñ‘º,51365153,180,229,
“ì“Œ•”,Œäñ‘º,51365154,186,236,
“ì“Œ•”,Œäñ‘º,51365155,191,242,
“ì“Œ•”,Œäñ‘º,51365156,180,228,
“ì“Œ•”,Œäñ‘º,51365160,165,209,
“ì“Œ•”,Œäñ‘º,51365161,173,219,
“ì“Œ•”,Œäñ‘º,51365162,174,221,
“ì“Œ•”,Œäñ‘º,51365163,176,224,
“ì“Œ•”,Œäñ‘º,51365164,184,233,
“ì“Œ•”,Œäñ‘º,51365165,150,190,
“ì“Œ•”,Œäñ‘º,51365166,150,190,
“ì“Œ•”,Œäñ‘º,51365170,173,220,
“ì“Œ•”,Œäñ‘º,51365171,173,220,
“ì“Œ•”,Œäñ‘º,51365172,173,219,
“ì“Œ•”,Œäñ‘º,51365173,170,216,
“ì“Œ•”,Œäñ‘º,51365174,174,221,
“ì“Œ•”,Œäñ‘º,51365175,177,225,
“ì“Œ•”,Œäñ‘º,51365176,146,186,
“ì“Œ•”,Œäñ‘º,51365180,167,212,
“ì“Œ•”,Œäñ‘º,51365181,169,215,
“ì“Œ•”,Œäñ‘º,51365182,169,215,
“ì“Œ•”,Œäñ‘º,51365183,174,221,
“ì“Œ•”,Œäñ‘º,51365184,180,228,
“ì“Œ•”,Œäñ‘º,51365185,177,225,
“ì“Œ•”,Œäñ‘º,51365186,150,190,
“ì“Œ•”,Œäñ‘º,51365187,150,191,
“ì“Œ•”,Œäñ‘º,51365191,165,209,
“ì“Œ•”,Œäñ‘º,51365192,167,212,
“ì“Œ•”,Œäñ‘º,51365193,173,220,
“ì“Œ•”,Œäñ‘º,51365194,178,226,
“ì“Œ•”,Œäñ‘º,51365195,188,239,
“ì“Œ•”,Œäñ‘º,51365196,179,227,
“ì“Œ•”,Œäñ‘º,51365197,184,234,
“ì“Œ•”,Œäñ‘º,51366102,167,212,
“ì“Œ•”,Œäñ‘º,51366103,169,215,
“ì“Œ•”,Œäñ‘º,51366104,172,218,
“ì“Œ•”,Œäñ‘º,51366105,176,223,
“ì“Œ•”,Œäñ‘º,51366106,177,225,
“ì“Œ•”,Œäñ‘º,51366113,169,214,
“ì“Œ•”,Œäñ‘º,51366114,167,212,
“ì“Œ•”,Œäñ‘º,51366115,167,212,
“ì“Œ•”,Œäñ‘º,51366116,176,223,
“ì“Œ•”,Œäñ‘º,51366117,172,218,
“ì“Œ•”,Œäñ‘º,51366125,169,214,
“ì“Œ•”,Œäñ‘º,51366126,169,214,
“ì“Œ•”,•‘ê‘º,51353636,137,174,
“ì“Œ•”,•‘ê‘º,51353637,135,171,
“ì“Œ•”,•‘ê‘º,51353646,135,171,
“ì“Œ•”,•‘ê‘º,51353647,132,168,
“ì“Œ•”,•‘ê‘º,51353648,137,174,
“ì“Œ•”,•‘ê‘º,51353649,137,174,
“ì“Œ•”,•‘ê‘º,51353656,139,177,
“ì“Œ•”,•‘ê‘º,51353657,133,169,
“ì“Œ•”,•‘ê‘º,51353658,137,174,
“ì“Œ•”,•‘ê‘º,51353659,133,169,
“ì“Œ•”,•‘ê‘º,51353666,138,175,
“ì“Œ•”,•‘ê‘º,51353667,137,174,
“ì“Œ•”,•‘ê‘º,51353668,142,180,
“ì“Œ•”,•‘ê‘º,51353669,137,174,
“ì“Œ•”,•‘ê‘º,51353675,127,162,
“ì“Œ•”,•‘ê‘º,51353676,137,174,
“ì“Œ•”,•‘ê‘º,51353677,139,176,
“ì“Œ•”,•‘ê‘º,51353678,142,180,
“ì“Œ•”,•‘ê‘º,51353679,142,180,
“ì“Œ•”,•‘ê‘º,51353686,129,164,
“ì“Œ•”,•‘ê‘º,51353687,140,178,
“ì“Œ•”,•‘ê‘º,51353688,137,174,
“ì“Œ•”,•‘ê‘º,51353689,139,176,
“ì“Œ•”,•‘ê‘º,51353697,129,164,
“ì“Œ•”,•‘ê‘º,51353698,137,174,
“ì“Œ•”,•‘ê‘º,51353699,139,177,
“ì“Œ•”,•‘ê‘º,51353750,137,174,
“ì“Œ•”,•‘ê‘º,51353751,146,185,
“ì“Œ•”,•‘ê‘º,51353752,169,214,
“ì“Œ•”,•‘ê‘º,51353760,135,171,
“ì“Œ•”,•‘ê‘º,51353761,143,182,
“ì“Œ•”,•‘ê‘º,51353762,167,212,
“ì“Œ•”,•‘ê‘º,51353770,139,176,
“ì“Œ•”,•‘ê‘º,51353771,152,193,
“ì“Œ•”,•‘ê‘º,51353772,169,215,
“ì“Œ•”,•‘ê‘º,51353780,142,180,
“ì“Œ•”,•‘ê‘º,51353781,155,197,
“ì“Œ•”,•‘ê‘º,51353782,158,201,
“ì“Œ•”,•‘ê‘º,51353790,138,175,
“ì“Œ•”,•‘ê‘º,51353791,143,182,
“ì“Œ•”,•‘ê‘º,51354609,135,171,
“ì“Œ•”,“Vì‘º,51352613,141,179,
“ì“Œ•”,“Vì‘º,51352619,169,215,
“ì“Œ•”,“Vì‘º,51352621,142,180,
“ì“Œ•”,“Vì‘º,51352622,157,199,
“ì“Œ•”,“Vì‘º,51352623,146,185,
“ì“Œ•”,“Vì‘º,51352624,161,204,
“ì“Œ•”,“Vì‘º,51352625,164,208,
“ì“Œ•”,“Vì‘º,51352626,154,195,
“ì“Œ•”,“Vì‘º,51352629,159,202,
“ì“Œ•”,“Vì‘º,51352630,144,183,
“ì“Œ•”,“Vì‘º,51352631,139,176,
“ì“Œ•”,“Vì‘º,51352632,153,194,
“ì“Œ•”,“Vì‘º,51352633,144,183,
“ì“Œ•”,“Vì‘º,51352634,146,186,
“ì“Œ•”,“Vì‘º,51352635,163,207,
“ì“Œ•”,“Vì‘º,51352636,153,194,
“ì“Œ•”,“Vì‘º,51352637,155,197,
“ì“Œ•”,“Vì‘º,51352638,154,196,
“ì“Œ•”,“Vì‘º,51352639,159,202,
“ì“Œ•”,“Vì‘º,51352640,139,176,
“ì“Œ•”,“Vì‘º,51352641,141,179,
“ì“Œ•”,“Vì‘º,51352642,143,182,
“ì“Œ•”,“Vì‘º,51352643,144,183,
“ì“Œ•”,“Vì‘º,51352644,150,190,
“ì“Œ•”,“Vì‘º,51352645,154,196,
“ì“Œ•”,“Vì‘º,51352646,153,194,
“ì“Œ•”,“Vì‘º,51352647,156,198,
“ì“Œ•”,“Vì‘º,51352648,158,201,
“ì“Œ•”,“Vì‘º,51352649,163,207,
“ì“Œ•”,“Vì‘º,51352650,142,180,
“ì“Œ•”,“Vì‘º,51352651,137,174,
“ì“Œ•”,“Vì‘º,51352652,139,176,
“ì“Œ•”,“Vì‘º,51352653,134,170,
“ì“Œ•”,“Vì‘º,51352654,145,184,
“ì“Œ•”,“Vì‘º,51352655,152,193,
“ì“Œ•”,“Vì‘º,51352656,154,195,
“ì“Œ•”,“Vì‘º,51352657,154,196,
“ì“Œ•”,“Vì‘º,51352658,157,199,
“ì“Œ•”,“Vì‘º,51352659,165,209,
“ì“Œ•”,“Vì‘º,51352660,139,177,
“ì“Œ•”,“Vì‘º,51352661,133,169,
“ì“Œ•”,“Vì‘º,51352662,135,172,
“ì“Œ•”,“Vì‘º,51352663,137,174,
“ì“Œ•”,“Vì‘º,51352664,141,179,
“ì“Œ•”,“Vì‘º,51352665,147,187,
“ì“Œ•”,“Vì‘º,51352666,153,194,
“ì“Œ•”,“Vì‘º,51352667,158,200,
“ì“Œ•”,“Vì‘º,51352668,154,196,
“ì“Œ•”,“Vì‘º,51352669,162,206,
“ì“Œ•”,“Vì‘º,51352670,131,167,
“ì“Œ•”,“Vì‘º,51352671,137,174,
“ì“Œ•”,“Vì‘º,51352672,134,170,
“ì“Œ•”,“Vì‘º,51352673,140,178,
“ì“Œ•”,“Vì‘º,51352674,137,174,
“ì“Œ•”,“Vì‘º,51352675,146,186,
“ì“Œ•”,“Vì‘º,51352676,145,184,
“ì“Œ•”,“Vì‘º,51352677,150,191,
“ì“Œ•”,“Vì‘º,51352678,156,198,
“ì“Œ•”,“Vì‘º,51352679,158,201,
“ì“Œ•”,“Vì‘º,51352681,147,187,
“ì“Œ•”,“Vì‘º,51352682,137,174,
“ì“Œ•”,“Vì‘º,51352685,137,174,
“ì“Œ•”,“Vì‘º,51352686,146,186,
“ì“Œ•”,“Vì‘º,51352687,150,191,
“ì“Œ•”,“Vì‘º,51352688,154,196,
“ì“Œ•”,“Vì‘º,51352689,154,196,
“ì“Œ•”,“Vì‘º,51352696,144,183,
“ì“Œ•”,“Vì‘º,51352697,150,190,
“ì“Œ•”,“Vì‘º,51352698,153,194,
“ì“Œ•”,“Vì‘º,51352699,153,194,
“ì“Œ•”,“Vì‘º,51352711,191,243,
“ì“Œ•”,“Vì‘º,51352712,197,250,
“ì“Œ•”,“Vì‘º,51352714,181,230,
“ì“Œ•”,“Vì‘º,51352720,168,213,
“ì“Œ•”,“Vì‘º,51352721,184,233,
“ì“Œ•”,“Vì‘º,51352722,195,247,
“ì“Œ•”,“Vì‘º,51352723,184,234,
“ì“Œ•”,“Vì‘º,51352724,181,230,
“ì“Œ•”,“Vì‘º,51352725,172,218,
“ì“Œ•”,“Vì‘º,51352730,165,209,
“ì“Œ•”,“Vì‘º,51352731,173,219,
“ì“Œ•”,“Vì‘º,51352732,191,242,
“ì“Œ•”,“Vì‘º,51352733,191,242,
“ì“Œ•”,“Vì‘º,51352734,173,219,
“ì“Œ•”,“Vì‘º,51352735,171,217,
“ì“Œ•”,“Vì‘º,51352740,165,209,
“ì“Œ•”,“Vì‘º,51352741,171,217,
“ì“Œ•”,“Vì‘º,51352742,180,228,
“ì“Œ•”,“Vì‘º,51352743,173,219,
“ì“Œ•”,“Vì‘º,51352744,171,217,
“ì“Œ•”,“Vì‘º,51352745,176,224,
“ì“Œ•”,“Vì‘º,51352750,166,211,
“ì“Œ•”,“Vì‘º,51352751,171,217,
“ì“Œ•”,“Vì‘º,51352752,172,218,
“ì“Œ•”,“Vì‘º,51352753,171,217,
“ì“Œ•”,“Vì‘º,51352754,176,224,
“ì“Œ•”,“Vì‘º,51352755,174,221,
“ì“Œ•”,“Vì‘º,51352760,172,218,
“ì“Œ•”,“Vì‘º,51352761,170,216,
“ì“Œ•”,“Vì‘º,51352762,169,215,
“ì“Œ•”,“Vì‘º,51352763,175,222,
“ì“Œ•”,“Vì‘º,51352764,174,221,
“ì“Œ•”,“Vì‘º,51352765,183,232,
“ì“Œ•”,“Vì‘º,51352770,167,212,
“ì“Œ•”,“Vì‘º,51352771,165,209,
“ì“Œ•”,“Vì‘º,51352772,165,210,
“ì“Œ•”,“Vì‘º,51352773,166,211,
“ì“Œ•”,“Vì‘º,51352774,180,228,
“ì“Œ•”,“Vì‘º,51352775,191,242,
“ì“Œ•”,“Vì‘º,51352776,192,244,
“ì“Œ•”,“Vì‘º,51352780,161,204,
“ì“Œ•”,“Vì‘º,51352781,155,197,
“ì“Œ•”,“Vì‘º,51352782,165,210,
“ì“Œ•”,“Vì‘º,51352783,190,241,
“ì“Œ•”,“Vì‘º,51352784,188,238,
“ì“Œ•”,“Vì‘º,51352785,193,245,
“ì“Œ•”,“Vì‘º,51352786,204,259,
“ì“Œ•”,“Vì‘º,51352790,150,190,
“ì“Œ•”,“Vì‘º,51352791,157,199,
“ì“Œ•”,“Vì‘º,51352792,161,205,
“ì“Œ•”,“Vì‘º,51352793,197,250,
“ì“Œ•”,“Vì‘º,51352794,184,234,
“ì“Œ•”,“Vì‘º,51352795,203,257,
“ì“Œ•”,“Vì‘º,51352796,214,272,
“ì“Œ•”,“Vì‘º,51352797,214,272,
“ì“Œ•”,“Vì‘º,51353606,141,179,
“ì“Œ•”,“Vì‘º,51353607,147,187,
“ì“Œ•”,“Vì‘º,51353608,150,190,
“ì“Œ•”,“Vì‘º,51353609,150,190,
“ì“Œ•”,“Vì‘º,51353617,139,177,
“ì“Œ•”,“Vì‘º,51353618,147,187,
“ì“Œ•”,“Vì‘º,51353619,147,187,
“ì“Œ•”,“Vì‘º,51353627,136,173,
“ì“Œ•”,“Vì‘º,51353628,138,175,
“ì“Œ•”,“Vì‘º,51353629,146,185,
“ì“Œ•”,“Vì‘º,51353638,135,171,
“ì“Œ•”,“Vì‘º,51353639,143,182,
“ì“Œ•”,“Vì‘º,51353700,152,193,
“ì“Œ•”,“Vì‘º,51353701,154,196,
“ì“Œ•”,“Vì‘º,51353702,167,212,
“ì“Œ•”,“Vì‘º,51353703,176,224,
“ì“Œ•”,“Vì‘º,51353704,187,237,
“ì“Œ•”,“Vì‘º,51353705,206,262,
“ì“Œ•”,“Vì‘º,51353706,217,275,
“ì“Œ•”,“Vì‘º,51353707,217,275,
“ì“Œ•”,“Vì‘º,51353710,154,196,
“ì“Œ•”,“Vì‘º,51353711,161,204,
“ì“Œ•”,“Vì‘º,51353712,167,212,
“ì“Œ•”,“Vì‘º,51353713,177,225,
“ì“Œ•”,“Vì‘º,51353714,200,254,
“ì“Œ•”,“Vì‘º,51353715,206,262,
“ì“Œ•”,“Vì‘º,51353716,202,256,
“ì“Œ•”,“Vì‘º,51353720,161,205,
“ì“Œ•”,“Vì‘º,51353721,161,205,
“ì“Œ•”,“Vì‘º,51353722,189,240,
“ì“Œ•”,“Vì‘º,51353723,175,222,
“ì“Œ•”,“Vì‘º,51353724,191,243,
“ì“Œ•”,“Vì‘º,51353725,202,256,
“ì“Œ•”,“Vì‘º,51353726,197,250,
“ì“Œ•”,“Vì‘º,51353730,152,193,
“ì“Œ•”,“Vì‘º,51353731,175,222,
“ì“Œ•”,“Vì‘º,51353732,182,231,
“ì“Œ•”,“Vì‘º,51353733,183,232,
“ì“Œ•”,“Vì‘º,51353740,137,174,
“ì“Œ•”,“Vì‘º,51353741,150,190,
“ì“Œ•”,“Vì‘º,51353742,165,210,
“ì“Œ•”,‰º–kŽR‘º,50357772,204,259,
“ì“Œ•”,‰º–kŽR‘º,50357773,203,258,
“ì“Œ•”,‰º–kŽR‘º,50357775,206,262,
“ì“Œ•”,‰º–kŽR‘º,50357782,194,246,
“ì“Œ•”,‰º–kŽR‘º,50357783,192,244,
“ì“Œ•”,‰º–kŽR‘º,50357784,204,259,
“ì“Œ•”,‰º–kŽR‘º,50357785,202,256,
“ì“Œ•”,‰º–kŽR‘º,50357786,208,264,
“ì“Œ•”,‰º–kŽR‘º,50357787,214,272,
“ì“Œ•”,‰º–kŽR‘º,50357792,189,240,
“ì“Œ•”,‰º–kŽR‘º,50357793,194,246,
“ì“Œ•”,‰º–kŽR‘º,50357794,206,261,
“ì“Œ•”,‰º–kŽR‘º,50357795,197,250,
“ì“Œ•”,‰º–kŽR‘º,50357796,195,247,
“ì“Œ•”,‰º–kŽR‘º,50357797,194,246,
“ì“Œ•”,‰º–kŽR‘º,50357798,214,272,
“ì“Œ•”,‰º–kŽR‘º,51350703,189,240,
“ì“Œ•”,‰º–kŽR‘º,51350704,201,255,
“ì“Œ•”,‰º–kŽR‘º,51350705,199,252,
“ì“Œ•”,‰º–kŽR‘º,51350706,197,250,
“ì“Œ•”,‰º–kŽR‘º,51350707,195,248,
“ì“Œ•”,‰º–kŽR‘º,51350708,214,272,
“ì“Œ•”,‰º–kŽR‘º,51350709,221,281,
“ì“Œ•”,‰º–kŽR‘º,51350712,195,248,
“ì“Œ•”,‰º–kŽR‘º,51350713,199,252,
“ì“Œ•”,‰º–kŽR‘º,51350714,195,248,
“ì“Œ•”,‰º–kŽR‘º,51350715,199,252,
“ì“Œ•”,‰º–kŽR‘º,51350716,196,249,
“ì“Œ•”,‰º–kŽR‘º,51350717,195,248,
“ì“Œ•”,‰º–kŽR‘º,51350718,214,272,
“ì“Œ•”,‰º–kŽR‘º,51350719,213,270,
“ì“Œ•”,‰º–kŽR‘º,51350722,197,250,
“ì“Œ•”,‰º–kŽR‘º,51350723,195,247,
“ì“Œ•”,‰º–kŽR‘º,51350724,197,250,
“ì“Œ•”,‰º–kŽR‘º,51350725,207,263,
“ì“Œ•”,‰º–kŽR‘º,51350726,219,278,
“ì“Œ•”,‰º–kŽR‘º,51350727,225,285,
“ì“Œ•”,‰º–kŽR‘º,51350728,223,283,
“ì“Œ•”,‰º–kŽR‘º,51350729,214,272,
“ì“Œ•”,‰º–kŽR‘º,51350733,196,249,
“ì“Œ•”,‰º–kŽR‘º,51350734,204,259,
“ì“Œ•”,‰º–kŽR‘º,51350735,208,264,
“ì“Œ•”,‰º–kŽR‘º,51350736,212,269,
“ì“Œ•”,‰º–kŽR‘º,51350737,226,287,
“ì“Œ•”,‰º–kŽR‘º,51350738,223,283,
“ì“Œ•”,‰º–kŽR‘º,51350739,217,275,
“ì“Œ•”,‰º–kŽR‘º,51350742,198,251,
“ì“Œ•”,‰º–kŽR‘º,51350743,196,249,
“ì“Œ•”,‰º–kŽR‘º,51350744,198,251,
“ì“Œ•”,‰º–kŽR‘º,51350745,209,265,
“ì“Œ•”,‰º–kŽR‘º,51350746,213,270,
“ì“Œ•”,‰º–kŽR‘º,51350747,212,269,
“ì“Œ•”,‰º–kŽR‘º,51350748,210,267,
“ì“Œ•”,‰º–kŽR‘º,51350749,211,268,
“ì“Œ•”,‰º–kŽR‘º,51350752,191,243,
“ì“Œ•”,‰º–kŽR‘º,51350753,197,250,
“ì“Œ•”,‰º–kŽR‘º,51350754,199,253,
“ì“Œ•”,‰º–kŽR‘º,51350755,203,257,
“ì“Œ•”,‰º–kŽR‘º,51350756,208,264,
“ì“Œ•”,‰º–kŽR‘º,51350757,206,262,
“ì“Œ•”,‰º–kŽR‘º,51350758,206,261,
“ì“Œ•”,‰º–kŽR‘º,51350759,208,264,
“ì“Œ•”,‰º–kŽR‘º,51350762,191,243,
“ì“Œ•”,‰º–kŽR‘º,51350763,191,242,
“ì“Œ•”,‰º–kŽR‘º,51350764,195,248,
“ì“Œ•”,‰º–kŽR‘º,51350765,199,253,
“ì“Œ•”,‰º–kŽR‘º,51350766,204,259,
“ì“Œ•”,‰º–kŽR‘º,51350767,210,267,
“ì“Œ•”,‰º–kŽR‘º,51350768,202,256,
“ì“Œ•”,‰º–kŽR‘º,51350769,204,259,
“ì“Œ•”,‰º–kŽR‘º,51350772,194,246,
“ì“Œ•”,‰º–kŽR‘º,51350773,192,244,
“ì“Œ•”,‰º–kŽR‘º,51350774,197,250,
“ì“Œ•”,‰º–kŽR‘º,51350775,195,247,
“ì“Œ•”,‰º–kŽR‘º,51350776,200,254,
“ì“Œ•”,‰º–kŽR‘º,51350777,198,251,
“ì“Œ•”,‰º–kŽR‘º,51350778,205,260,
“ì“Œ•”,‰º–kŽR‘º,51350779,206,262,
“ì“Œ•”,‰º–kŽR‘º,51350781,187,237,
“ì“Œ•”,‰º–kŽR‘º,51350782,195,247,
“ì“Œ•”,‰º–kŽR‘º,51350783,194,246,
“ì“Œ•”,‰º–kŽR‘º,51350784,191,243,
“ì“Œ•”,‰º–kŽR‘º,51350785,198,251,
“ì“Œ•”,‰º–kŽR‘º,51350786,205,260,
“ì“Œ•”,‰º–kŽR‘º,51350787,201,255,
“ì“Œ•”,‰º–kŽR‘º,51350792,190,241,
“ì“Œ•”,‰º–kŽR‘º,51350793,191,242,
“ì“Œ•”,‰º–kŽR‘º,51350794,195,247,
“ì“Œ•”,‰º–kŽR‘º,51350795,199,253,
“ì“Œ•”,‰º–kŽR‘º,51350796,198,251,
“ì“Œ•”,‰º–kŽR‘º,51350797,202,256,
“ì“Œ•”,‰º–kŽR‘º,51351702,184,234,
“ì“Œ•”,‰º–kŽR‘º,51351703,192,244,
“ì“Œ•”,‰º–kŽR‘º,51351704,197,250,
“ì“Œ•”,‰º–kŽR‘º,51351705,201,255,
“ì“Œ•”,‰º–kŽR‘º,51351706,197,250,
“ì“Œ•”,‰º–kŽR‘º,51351712,199,253,
“ì“Œ•”,‰º–kŽR‘º,51351713,194,246,
“ì“Œ•”,‰º–kŽR‘º,51351714,199,252,
“ì“Œ•”,‰º–kŽR‘º,51351715,195,248,
“ì“Œ•”,‰º–kŽR‘º,51351716,198,251,
“ì“Œ•”,‰º–kŽR‘º,51351722,195,247,
“ì“Œ•”,‰º–kŽR‘º,51351723,200,254,
“ì“Œ•”,‰º–kŽR‘º,51351724,197,250,
“ì“Œ•”,‰º–kŽR‘º,51351725,195,247,
“ì“Œ•”,‰º–kŽR‘º,51351726,191,242,
“ì“Œ•”,‰º–kŽR‘º,51351732,199,253,
“ì“Œ•”,‰º–kŽR‘º,51351733,192,244,
“ì“Œ•”,‰º–kŽR‘º,51351734,188,238,
“ì“Œ•”,‰º–kŽR‘º,51351735,191,242,
“ì“Œ•”,‰º–kŽR‘º,51351743,206,262,
“ì“Œ•”,‰º–kŽR‘º,51351744,186,236,
“ì“Œ•”,‰º–kŽR‘º,51360020,213,270,
“ì“Œ•”,‰º–kŽR‘º,51360030,217,275,
“ì“Œ•”,‰º–kŽR‘º,51360040,214,271,
“ì“Œ•”,‰º–kŽR‘º,51360041,216,274,
“ì“Œ•”,‰º–kŽR‘º,51360042,210,267,
“ì“Œ•”,‰º–kŽR‘º,51360043,225,285,
“ì“Œ•”,‰º–kŽR‘º,51360050,208,264,
“ì“Œ•”,‰º–kŽR‘º,51360051,213,270,
“ì“Œ•”,‰º–kŽR‘º,51360052,207,263,
“ì“Œ•”,‰º–kŽR‘º,51360053,203,258,
“ì“Œ•”,‰º–kŽR‘º,51360060,206,261,
“ì“Œ•”,‰º–kŽR‘º,51360061,209,265,
“ì“Œ•”,‰º–kŽR‘º,51360062,211,268,
“ì“Œ•”,‰º–kŽR‘º,51360070,210,266,
“ì“Œ•”,‰º–kŽR‘º,51360080,203,258,
“ì“Œ•”,ã–kŽR‘º,51350788,199,253,
“ì“Œ•”,ã–kŽR‘º,51350789,202,256,
“ì“Œ•”,ã–kŽR‘º,51350798,199,253,
“ì“Œ•”,ã–kŽR‘º,51350799,200,254,
“ì“Œ•”,ã–kŽR‘º,51351707,195,247,
“ì“Œ•”,ã–kŽR‘º,51351708,191,243,
“ì“Œ•”,ã–kŽR‘º,51351709,213,270,
“ì“Œ•”,ã–kŽR‘º,51351717,192,244,
“ì“Œ•”,ã–kŽR‘º,51351718,191,243,
“ì“Œ•”,ã–kŽR‘º,51351719,210,266,
“ì“Œ•”,ã–kŽR‘º,51351727,192,244,
“ì“Œ•”,ã–kŽR‘º,51351728,188,239,
“ì“Œ•”,ã–kŽR‘º,51351729,178,226,
“ì“Œ•”,ã–kŽR‘º,51351736,194,246,
“ì“Œ•”,ã–kŽR‘º,51351737,188,239,
“ì“Œ•”,ã–kŽR‘º,51351738,194,246,
“ì“Œ•”,ã–kŽR‘º,51351739,184,234,
“ì“Œ•”,ã–kŽR‘º,51351745,180,228,
“ì“Œ•”,ã–kŽR‘º,51351746,190,241,
“ì“Œ•”,ã–kŽR‘º,51351747,186,236,
“ì“Œ•”,ã–kŽR‘º,51351748,184,234,
“ì“Œ•”,ã–kŽR‘º,51351749,187,237,
“ì“Œ•”,ã–kŽR‘º,51351753,206,261,
“ì“Œ•”,ã–kŽR‘º,51351754,184,234,
“ì“Œ•”,ã–kŽR‘º,51351755,178,226,
“ì“Œ•”,ã–kŽR‘º,51351756,180,229,
“ì“Œ•”,ã–kŽR‘º,51351757,179,227,
“ì“Œ•”,ã–kŽR‘º,51351758,187,237,
“ì“Œ•”,ã–kŽR‘º,51351759,191,243,
“ì“Œ•”,ã–kŽR‘º,51351763,203,257,
“ì“Œ•”,ã–kŽR‘º,51351764,184,234,
“ì“Œ•”,ã–kŽR‘º,51351765,180,228,
“ì“Œ•”,ã–kŽR‘º,51351766,181,230,
“ì“Œ•”,ã–kŽR‘º,51351767,172,218,
“ì“Œ•”,ã–kŽR‘º,51351768,178,226,
“ì“Œ•”,ã–kŽR‘º,51351769,202,256,
“ì“Œ•”,ã–kŽR‘º,51351772,198,251,
“ì“Œ•”,ã–kŽR‘º,51351773,199,253,
“ì“Œ•”,ã–kŽR‘º,51351774,183,232,
“ì“Œ•”,ã–kŽR‘º,51351775,180,228,
“ì“Œ•”,ã–kŽR‘º,51351776,182,231,
“ì“Œ•”,ã–kŽR‘º,51351777,175,222,
“ì“Œ•”,ã–kŽR‘º,51351778,181,230,
“ì“Œ•”,ã–kŽR‘º,51351779,204,259,
“ì“Œ•”,ã–kŽR‘º,51351783,199,253,
“ì“Œ•”,ã–kŽR‘º,51351784,182,231,
“ì“Œ•”,ã–kŽR‘º,51351785,180,228,
“ì“Œ•”,ã–kŽR‘º,51351786,182,231,
“ì“Œ•”,ã–kŽR‘º,51351787,182,231,
“ì“Œ•”,ã–kŽR‘º,51351788,185,235,
“ì“Œ•”,ã–kŽR‘º,51351789,218,276,
“ì“Œ•”,ã–kŽR‘º,51351793,197,250,
“ì“Œ•”,ã–kŽR‘º,51351794,180,228,
“ì“Œ•”,ã–kŽR‘º,51351795,176,224,
“ì“Œ•”,ã–kŽR‘º,51351796,180,229,
“ì“Œ•”,ã–kŽR‘º,51351797,173,219,
“ì“Œ•”,ã–kŽR‘º,51351798,180,229,
“ì“Œ•”,ã–kŽR‘º,51351799,188,239,
“ì“Œ•”,ã–kŽR‘º,51352702,204,259,
“ì“Œ•”,ã–kŽR‘º,51352703,204,259,
“ì“Œ•”,ã–kŽR‘º,51352704,176,224,
“ì“Œ•”,ã–kŽR‘º,51352705,175,222,
“ì“Œ•”,ã–kŽR‘º,51352706,180,228,
“ì“Œ•”,ã–kŽR‘º,51352707,177,225,
“ì“Œ•”,ã–kŽR‘º,51352708,169,214,
“ì“Œ•”,ã–kŽR‘º,51352709,176,224,
“ì“Œ•”,ã–kŽR‘º,51352713,195,247,
“ì“Œ•”,ã–kŽR‘º,51352715,166,211,
“ì“Œ•”,ã–kŽR‘º,51352716,178,226,
“ì“Œ•”,ã–kŽR‘º,51352717,176,224,
“ì“Œ•”,ã–kŽR‘º,51352718,167,212,
“ì“Œ•”,ã–kŽR‘º,51352719,167,212,
“ì“Œ•”,ã–kŽR‘º,51352726,176,224,
“ì“Œ•”,ã–kŽR‘º,51352727,176,224,
“ì“Œ•”,ã–kŽR‘º,51352728,168,213,
“ì“Œ•”,ã–kŽR‘º,51352729,167,212,
“ì“Œ•”,ã–kŽR‘º,51352736,176,224,
“ì“Œ•”,ã–kŽR‘º,51352737,174,221,
“ì“Œ•”,ã–kŽR‘º,51352738,173,219,
“ì“Œ•”,ã–kŽR‘º,51352739,166,211,
“ì“Œ•”,ã–kŽR‘º,51352746,174,221,
“ì“Œ•”,ã–kŽR‘º,51352747,173,219,
“ì“Œ•”,ã–kŽR‘º,51352748,221,280,
“ì“Œ•”,ã–kŽR‘º,51352749,167,212,
“ì“Œ•”,ã–kŽR‘º,51352756,173,220,
“ì“Œ•”,ã–kŽR‘º,51352757,185,235,
“ì“Œ•”,ã–kŽR‘º,51352758,173,219,
“ì“Œ•”,ã–kŽR‘º,51352759,174,221,
“ì“Œ•”,ã–kŽR‘º,51352766,189,240,
“ì“Œ•”,ã–kŽR‘º,51352767,189,240,
“ì“Œ•”,ã–kŽR‘º,51352768,210,266,
“ì“Œ•”,ã–kŽR‘º,51352769,184,233,
“ì“Œ•”,ã–kŽR‘º,51360036,210,266,
“ì“Œ•”,ã–kŽR‘º,51360037,220,279,
“ì“Œ•”,ã–kŽR‘º,51360044,212,269,
“ì“Œ•”,ã–kŽR‘º,51360045,211,268,
“ì“Œ•”,ã–kŽR‘º,51360046,206,262,
“ì“Œ•”,ã–kŽR‘º,51360047,216,274,
“ì“Œ•”,ã–kŽR‘º,51360054,206,262,
“ì“Œ•”,ã–kŽR‘º,51360055,209,265,
“ì“Œ•”,ã–kŽR‘º,51360056,212,269,
“ì“Œ•”,ã–kŽR‘º,51360057,220,279,
“ì“Œ•”,ã–kŽR‘º,51360063,209,265,
“ì“Œ•”,ã–kŽR‘º,51360064,211,268,
“ì“Œ•”,ã–kŽR‘º,51360065,214,271,
“ì“Œ•”,ã–kŽR‘º,51360066,216,274,
“ì“Œ•”,ã–kŽR‘º,51360067,218,276,
“ì“Œ•”,ã–kŽR‘º,51360071,212,269,
“ì“Œ•”,ã–kŽR‘º,51360072,210,266,
“ì“Œ•”,ã–kŽR‘º,51360073,221,281,
“ì“Œ•”,ã–kŽR‘º,51360074,207,263,
“ì“Œ•”,ã–kŽR‘º,51360075,208,264,
“ì“Œ•”,ã–kŽR‘º,51360076,212,269,
“ì“Œ•”,ã–kŽR‘º,51360077,219,278,
“ì“Œ•”,ã–kŽR‘º,51360081,229,291,
“ì“Œ•”,ã–kŽR‘º,51360082,211,268,
“ì“Œ•”,ã–kŽR‘º,51360083,221,281,
“ì“Œ•”,ã–kŽR‘º,51360084,210,267,
“ì“Œ•”,ã–kŽR‘º,51360085,212,269,
“ì“Œ•”,ã–kŽR‘º,51360086,221,281,
“ì“Œ•”,ã–kŽR‘º,51360087,221,280,
“ì“Œ•”,ã–kŽR‘º,51360090,202,256,
“ì“Œ•”,ã–kŽR‘º,51360091,214,272,
“ì“Œ•”,ã–kŽR‘º,51360092,210,266,
“ì“Œ•”,ã–kŽR‘º,51360093,214,271,
“ì“Œ•”,ã–kŽR‘º,51360094,209,265,
“ì“Œ•”,ã–kŽR‘º,51360095,212,269,
“ì“Œ•”,ã–kŽR‘º,51360096,214,271,
“ì“Œ•”,ã–kŽR‘º,51360097,214,272,
“ì“Œ•”,ã–kŽR‘º,51361000,216,274,
“ì“Œ•”,ã–kŽR‘º,51361001,220,279,
“ì“Œ•”,ã–kŽR‘º,51361002,214,272,
“ì“Œ•”,ã–kŽR‘º,51361003,212,269,
“ì“Œ•”,ã–kŽR‘º,51361004,214,272,
“ì“Œ•”,ã–kŽR‘º,51361005,212,269,
“ì“Œ•”,ã–kŽR‘º,51361006,215,273,
“ì“Œ•”,ã–kŽR‘º,51361007,217,275,
“ì“Œ•”,ã–kŽR‘º,51361008,222,282,
“ì“Œ•”,ã–kŽR‘º,51361010,212,269,
“ì“Œ•”,ã–kŽR‘º,51361011,217,275,
“ì“Œ•”,ã–kŽR‘º,51361012,197,250,
“ì“Œ•”,ã–kŽR‘º,51361013,204,259,
“ì“Œ•”,ã–kŽR‘º,51361014,214,272,
“ì“Œ•”,ã–kŽR‘º,51361015,203,258,
“ì“Œ•”,ã–kŽR‘º,51361016,209,265,
“ì“Œ•”,ã–kŽR‘º,51361017,219,278,
“ì“Œ•”,ã–kŽR‘º,51361020,209,265,
“ì“Œ•”,ã–kŽR‘º,51361021,213,270,
“ì“Œ•”,ã–kŽR‘º,51361022,219,278,
“ì“Œ•”,ã–kŽR‘º,51361023,202,256,
“ì“Œ•”,ã–kŽR‘º,51361024,208,264,
“ì“Œ•”,ã–kŽR‘º,51361025,206,261,
“ì“Œ•”,ã–kŽR‘º,51361026,211,268,
“ì“Œ•”,ã–kŽR‘º,51361027,214,271,
“ì“Œ•”,ã–kŽR‘º,51361030,207,263,
“ì“Œ•”,ã–kŽR‘º,51361031,210,266,
“ì“Œ•”,ã–kŽR‘º,51361032,216,274,
“ì“Œ•”,ã–kŽR‘º,51361033,193,245,
“ì“Œ•”,ã–kŽR‘º,51361034,200,254,
“ì“Œ•”,ã–kŽR‘º,51361035,207,263,
“ì“Œ•”,ã–kŽR‘º,51361036,221,281,
“ì“Œ•”,ã–kŽR‘º,51361037,215,273,
“ì“Œ•”,ã–kŽR‘º,51361040,191,242,
“ì“Œ•”,ã–kŽR‘º,51361041,206,261,
“ì“Œ•”,ã–kŽR‘º,51361042,188,238,
“ì“Œ•”,ã–kŽR‘º,51361043,191,242,
“ì“Œ•”,ã–kŽR‘º,51361044,199,253,
“ì“Œ•”,ã–kŽR‘º,51361045,207,263,
“ì“Œ•”,ã–kŽR‘º,51361046,221,280,
“ì“Œ•”,ã–kŽR‘º,51361047,231,293,
“ì“Œ•”,ã–kŽR‘º,51361050,197,250,
“ì“Œ•”,ã–kŽR‘º,51361051,210,267,
“ì“Œ•”,ã–kŽR‘º,51361052,189,240,
“ì“Œ•”,ã–kŽR‘º,51361053,191,243,
“ì“Œ•”,ã–kŽR‘º,51361054,191,243,
“ì“Œ•”,ã–kŽR‘º,51361055,205,260,
“ì“Œ•”,ã–kŽR‘º,51361056,218,277,
“ì“Œ•”,ã–kŽR‘º,51361057,225,285,
“ì“Œ•”,ã–kŽR‘º,51361058,232,294,
“ì“Œ•”,ã–kŽR‘º,51361060,203,258,
“ì“Œ•”,ã–kŽR‘º,51361061,199,253,
“ì“Œ•”,ã–kŽR‘º,51361062,190,241,
“ì“Œ•”,ã–kŽR‘º,51361063,191,243,
“ì“Œ•”,ã–kŽR‘º,51361064,191,243,
“ì“Œ•”,ã–kŽR‘º,51361065,204,259,
“ì“Œ•”,ã–kŽR‘º,51361066,218,276,
“ì“Œ•”,ã–kŽR‘º,51361067,224,284,
“ì“Œ•”,ã–kŽR‘º,51361070,204,259,
“ì“Œ•”,ã–kŽR‘º,51361071,184,233,
“ì“Œ•”,ã–kŽR‘º,51361072,184,233,
“ì“Œ•”,ã–kŽR‘º,51361073,193,245,
“ì“Œ•”,ã–kŽR‘º,51361074,191,243,
“ì“Œ•”,ã–kŽR‘º,51361075,206,262,
“ì“Œ•”,ã–kŽR‘º,51361076,212,269,
“ì“Œ•”,ã–kŽR‘º,51361077,224,284,
“ì“Œ•”,ã–kŽR‘º,51361080,195,248,
“ì“Œ•”,ã–kŽR‘º,51361081,180,229,
“ì“Œ•”,ã–kŽR‘º,51361082,180,228,
“ì“Œ•”,ã–kŽR‘º,51361083,191,243,
“ì“Œ•”,ã–kŽR‘º,51361084,192,244,
“ì“Œ•”,ã–kŽR‘º,51361085,200,254,
“ì“Œ•”,ã–kŽR‘º,51361086,214,272,
“ì“Œ•”,ã–kŽR‘º,51361087,232,294,
“ì“Œ•”,ã–kŽR‘º,51361088,232,294,
“ì“Œ•”,ã–kŽR‘º,51361090,182,231,
“ì“Œ•”,ã–kŽR‘º,51361091,182,231,
“ì“Œ•”,ã–kŽR‘º,51361092,179,227,
“ì“Œ•”,ã–kŽR‘º,51361093,189,240,
“ì“Œ•”,ã–kŽR‘º,51361094,195,248,
“ì“Œ•”,ã–kŽR‘º,51361095,210,266,
“ì“Œ•”,ã–kŽR‘º,51361096,214,271,
“ì“Œ•”,ã–kŽR‘º,51361097,233,296,
“ì“Œ•”,ã–kŽR‘º,51361098,242,307,
“ì“Œ•”,ã–kŽR‘º,51362000,177,225,
“ì“Œ•”,ã–kŽR‘º,51362001,173,220,
“ì“Œ•”,ã–kŽR‘º,51362002,181,230,
“ì“Œ•”,ã–kŽR‘º,51362003,195,247,
“ì“Œ•”,ã–kŽR‘º,51362004,204,259,
“ì“Œ•”,ã–kŽR‘º,51362005,212,269,
“ì“Œ•”,ã–kŽR‘º,51362006,225,285,
“ì“Œ•”,ã–kŽR‘º,51362007,240,304,
“ì“Œ•”,ã–kŽR‘º,51362008,248,314,
“ì“Œ•”,ã–kŽR‘º,51362010,177,225,
“ì“Œ•”,ã–kŽR‘º,51362011,173,220,
“ì“Œ•”,ã–kŽR‘º,51362012,180,229,
“ì“Œ•”,ã–kŽR‘º,51362013,190,241,
“ì“Œ•”,ã–kŽR‘º,51362014,204,259,
“ì“Œ•”,ã–kŽR‘º,51362015,233,296,
“ì“Œ•”,ã–kŽR‘º,51362016,239,303,
“ì“Œ•”,ã–kŽR‘º,51362017,248,314,
“ì“Œ•”,ã–kŽR‘º,51362018,255,323,
“ì“Œ•”,ã–kŽR‘º,51362020,170,216,
“ì“Œ•”,ã–kŽR‘º,51362021,174,221,
“ì“Œ•”,ã–kŽR‘º,51362022,182,231,
“ì“Œ•”,ã–kŽR‘º,51362023,196,249,
“ì“Œ•”,ã–kŽR‘º,51362024,212,269,
“ì“Œ•”,ã–kŽR‘º,51362025,238,302,
“ì“Œ•”,ã–kŽR‘º,51362026,247,313,
“ì“Œ•”,ã–kŽR‘º,51362027,256,325,
“ì“Œ•”,ã–kŽR‘º,51362030,170,216,
“ì“Œ•”,ã–kŽR‘º,51362031,174,221,
“ì“Œ•”,ã–kŽR‘º,51362032,182,231,
“ì“Œ•”,ã–kŽR‘º,51362033,199,252,
“ì“Œ•”,ã–kŽR‘º,51362034,214,271,
“ì“Œ•”,ã–kŽR‘º,51362035,227,288,
“ì“Œ•”,ã–kŽR‘º,51362036,237,300,
“ì“Œ•”,ã–kŽR‘º,51362037,262,332,
“ì“Œ•”,ã–kŽR‘º,51362040,171,217,
“ì“Œ•”,ã–kŽR‘º,51362041,182,231,
“ì“Œ•”,ã–kŽR‘º,51362042,189,240,
“ì“Œ•”,ã–kŽR‘º,51362043,199,252,
“ì“Œ•”,ã–kŽR‘º,51362044,212,269,
“ì“Œ•”,ã–kŽR‘º,51362050,179,227,
“ì“Œ•”,ã–kŽR‘º,51362051,189,240,
“ì“Œ•”,ã–kŽR‘º,51362052,204,259,
“ì“Œ•”,ã–kŽR‘º,51362060,187,237,
“ì“Œ•”,ã–kŽR‘º,51362061,198,251,
“ì“Œ•”,ã–kŽR‘º,51362070,195,247,
“ì“Œ•”,ã–kŽR‘º,51362071,199,252,
“ì“Œ•”,ìã‘º,51352777,199,253,
“ì“Œ•”,ìã‘º,51352778,199,253,
“ì“Œ•”,ìã‘º,51352779,191,243,
“ì“Œ•”,ìã‘º,51352787,206,262,
“ì“Œ•”,ìã‘º,51352788,204,259,
“ì“Œ•”,ìã‘º,51352789,195,247,
“ì“Œ•”,ìã‘º,51352798,198,251,
“ì“Œ•”,ìã‘º,51352799,201,255,
“ì“Œ•”,ìã‘º,51353708,198,251,
“ì“Œ•”,ìã‘º,51353709,195,247,
“ì“Œ•”,ìã‘º,51353717,199,253,
“ì“Œ•”,ìã‘º,51353718,196,249,
“ì“Œ•”,ìã‘º,51353719,206,262,
“ì“Œ•”,ìã‘º,51353727,188,238,
“ì“Œ•”,ìã‘º,51353728,190,241,
“ì“Œ•”,ìã‘º,51353729,189,240,
“ì“Œ•”,ìã‘º,51353734,189,240,
“ì“Œ•”,ìã‘º,51353735,193,245,
“ì“Œ•”,ìã‘º,51353736,191,243,
“ì“Œ•”,ìã‘º,51353737,176,224,
“ì“Œ•”,ìã‘º,51353738,188,238,
“ì“Œ•”,ìã‘º,51353739,185,235,
“ì“Œ•”,ìã‘º,51353743,180,228,
“ì“Œ•”,ìã‘º,51353744,180,229,
“ì“Œ•”,ìã‘º,51353745,195,247,
“ì“Œ•”,ìã‘º,51353746,175,222,
“ì“Œ•”,ìã‘º,51353747,165,209,
“ì“Œ•”,ìã‘º,51353748,176,224,
“ì“Œ•”,ìã‘º,51353749,176,224,
“ì“Œ•”,ìã‘º,51353753,184,234,
“ì“Œ•”,ìã‘º,51353754,196,249,
“ì“Œ•”,ìã‘º,51353755,205,260,
“ì“Œ•”,ìã‘º,51353756,196,249,
“ì“Œ•”,ìã‘º,51353757,187,237,
“ì“Œ•”,ìã‘º,51353758,178,226,
“ì“Œ•”,ìã‘º,51353759,172,218,
“ì“Œ•”,ìã‘º,51353763,189,240,
“ì“Œ•”,ìã‘º,51353764,173,219,
“ì“Œ•”,ìã‘º,51353765,194,246,
“ì“Œ•”,ìã‘º,51353766,184,234,
“ì“Œ•”,ìã‘º,51353767,182,231,
“ì“Œ•”,ìã‘º,51353768,172,218,
“ì“Œ•”,ìã‘º,51353769,161,205,
“ì“Œ•”,ìã‘º,51353773,184,234,
“ì“Œ•”,ìã‘º,51353774,180,229,
“ì“Œ•”,ìã‘º,51353775,174,221,
“ì“Œ•”,ìã‘º,51353776,173,219,
“ì“Œ•”,ìã‘º,51353777,161,205,
“ì“Œ•”,ìã‘º,51353778,160,203,
“ì“Œ•”,ìã‘º,51353779,163,207,
“ì“Œ•”,ìã‘º,51353783,169,215,
“ì“Œ•”,ìã‘º,51353784,168,213,
“ì“Œ•”,ìã‘º,51353785,165,210,
“ì“Œ•”,ìã‘º,51353786,161,205,
“ì“Œ•”,ìã‘º,51353787,156,198,
“ì“Œ•”,ìã‘º,51353788,157,199,
“ì“Œ•”,ìã‘º,51353789,164,208,
“ì“Œ•”,ìã‘º,51353792,150,191,
“ì“Œ•”,ìã‘º,51353793,157,199,
“ì“Œ•”,ìã‘º,51353794,184,234,
“ì“Œ•”,ìã‘º,51353795,158,201,
“ì“Œ•”,ìã‘º,51353796,157,199,
“ì“Œ•”,ìã‘º,51353797,158,200,
“ì“Œ•”,ìã‘º,51353798,158,200,
“ì“Œ•”,ìã‘º,51353799,159,202,
“ì“Œ•”,ìã‘º,51354701,139,177,
“ì“Œ•”,ìã‘º,51354702,146,185,
“ì“Œ•”,ìã‘º,51354703,151,192,
“ì“Œ•”,ìã‘º,51354704,148,188,
“ì“Œ•”,ìã‘º,51354705,146,186,
“ì“Œ•”,ìã‘º,51354706,152,193,
“ì“Œ•”,ìã‘º,51354707,152,193,
“ì“Œ•”,ìã‘º,51354708,154,196,
“ì“Œ•”,ìã‘º,51354709,157,199,
“ì“Œ•”,ìã‘º,51354711,137,174,
“ì“Œ•”,ìã‘º,51354712,142,180,
“ì“Œ•”,ìã‘º,51354713,149,189,
“ì“Œ•”,ìã‘º,51354714,151,192,
“ì“Œ•”,ìã‘º,51354715,144,183,
“ì“Œ•”,ìã‘º,51354716,148,188,
“ì“Œ•”,ìã‘º,51354717,149,189,
“ì“Œ•”,ìã‘º,51354718,150,190,
“ì“Œ•”,ìã‘º,51354719,154,196,
“ì“Œ•”,ìã‘º,51354722,139,177,
“ì“Œ•”,ìã‘º,51354723,146,185,
“ì“Œ•”,ìã‘º,51354724,150,190,
“ì“Œ•”,ìã‘º,51354725,146,186,
“ì“Œ•”,ìã‘º,51354726,145,184,
“ì“Œ•”,ìã‘º,51354727,146,185,
“ì“Œ•”,ìã‘º,51354728,142,181,
“ì“Œ•”,ìã‘º,51354733,142,180,
“ì“Œ•”,ìã‘º,51354734,143,182,
“ì“Œ•”,ìã‘º,51354735,142,180,
“ì“Œ•”,ìã‘º,51354736,148,188,
“ì“Œ•”,ìã‘º,51354737,143,182,
“ì“Œ•”,ìã‘º,51354744,143,182,
“ì“Œ•”,ìã‘º,51354745,138,175,
“ì“Œ•”,ìã‘º,51354746,133,169,
“ì“Œ•”,ìã‘º,51354747,135,172,
“ì“Œ•”,ìã‘º,51362045,220,279,
“ì“Œ•”,ìã‘º,51362046,233,296,
“ì“Œ•”,ìã‘º,51362047,250,317,
“ì“Œ•”,ìã‘º,51362053,205,260,
“ì“Œ•”,ìã‘º,51362054,218,277,
“ì“Œ•”,ìã‘º,51362055,221,281,
“ì“Œ•”,ìã‘º,51362056,229,291,
“ì“Œ•”,ìã‘º,51362057,231,293,
“ì“Œ•”,ìã‘º,51362058,240,304,
“ì“Œ•”,ìã‘º,51362062,204,259,
“ì“Œ•”,ìã‘º,51362063,210,266,
“ì“Œ•”,ìã‘º,51362064,216,274,
“ì“Œ•”,ìã‘º,51362065,214,272,
“ì“Œ•”,ìã‘º,51362066,227,288,
“ì“Œ•”,ìã‘º,51362067,235,298,
“ì“Œ•”,ìã‘º,51362068,225,285,
“ì“Œ•”,ìã‘º,51362072,203,258,
“ì“Œ•”,ìã‘º,51362073,207,263,
“ì“Œ•”,ìã‘º,51362074,204,259,
“ì“Œ•”,ìã‘º,51362075,202,256,
“ì“Œ•”,ìã‘º,51362076,216,274,
“ì“Œ•”,ìã‘º,51362077,221,281,
“ì“Œ•”,ìã‘º,51362078,225,285,
“ì“Œ•”,ìã‘º,51362080,196,249,
“ì“Œ•”,ìã‘º,51362081,197,250,
“ì“Œ•”,ìã‘º,51362082,202,256,
“ì“Œ•”,ìã‘º,51362083,203,257,
“ì“Œ•”,ìã‘º,51362084,201,255,
“ì“Œ•”,ìã‘º,51362085,197,250,
“ì“Œ•”,ìã‘º,51362086,202,256,
“ì“Œ•”,ìã‘º,51362087,214,271,
“ì“Œ•”,ìã‘º,51362088,212,269,
“ì“Œ•”,ìã‘º,51362089,234,297,
“ì“Œ•”,ìã‘º,51362090,195,248,
“ì“Œ•”,ìã‘º,51362091,197,250,
“ì“Œ•”,ìã‘º,51362092,200,254,
“ì“Œ•”,ìã‘º,51362093,204,259,
“ì“Œ•”,ìã‘º,51362094,201,255,
“ì“Œ•”,ìã‘º,51362095,195,247,
“ì“Œ•”,ìã‘º,51362096,210,266,
“ì“Œ•”,ìã‘º,51362097,206,262,
“ì“Œ•”,ìã‘º,51362098,210,266,
“ì“Œ•”,ìã‘º,51362099,223,283,
“ì“Œ•”,ìã‘º,51363000,206,262,
“ì“Œ•”,ìã‘º,51363001,208,264,
“ì“Œ•”,ìã‘º,51363002,199,252,
“ì“Œ•”,ìã‘º,51363003,197,250,
“ì“Œ•”,ìã‘º,51363004,207,263,
“ì“Œ•”,ìã‘º,51363005,199,253,
“ì“Œ•”,ìã‘º,51363006,204,259,
“ì“Œ•”,ìã‘º,51363007,203,257,
“ì“Œ•”,ìã‘º,51363008,212,269,
“ì“Œ•”,ìã‘º,51363009,224,284,
“ì“Œ•”,ìã‘º,51363010,202,256,
“ì“Œ•”,ìã‘º,51363011,191,243,
“ì“Œ•”,ìã‘º,51363012,193,245,
“ì“Œ•”,ìã‘º,51363013,190,241,
“ì“Œ•”,ìã‘º,51363014,194,246,
“ì“Œ•”,ìã‘º,51363015,195,247,
“ì“Œ•”,ìã‘º,51363016,199,253,
“ì“Œ•”,ìã‘º,51363017,209,265,
“ì“Œ•”,ìã‘º,51363018,219,278,
“ì“Œ•”,ìã‘º,51363019,237,300,
“ì“Œ•”,ìã‘º,51363020,187,237,
“ì“Œ•”,ìã‘º,51363021,185,235,
“ì“Œ•”,ìã‘º,51363022,187,237,
“ì“Œ•”,ìã‘º,51363023,188,239,
“ì“Œ•”,ìã‘º,51363024,184,234,
“ì“Œ•”,ìã‘º,51363025,194,246,
“ì“Œ•”,ìã‘º,51363026,202,256,
“ì“Œ•”,ìã‘º,51363027,206,261,
“ì“Œ•”,ìã‘º,51363028,202,256,
“ì“Œ•”,ìã‘º,51363030,184,234,
“ì“Œ•”,ìã‘º,51363031,184,234,
“ì“Œ•”,ìã‘º,51363032,182,231,
“ì“Œ•”,ìã‘º,51363033,182,231,
“ì“Œ•”,ìã‘º,51363034,184,234,
“ì“Œ•”,ìã‘º,51363035,195,247,
“ì“Œ•”,ìã‘º,51363036,191,243,
“ì“Œ•”,ìã‘º,51363037,202,256,
“ì“Œ•”,ìã‘º,51363038,204,259,
“ì“Œ•”,ìã‘º,51363040,180,228,
“ì“Œ•”,ìã‘º,51363041,184,234,
“ì“Œ•”,ìã‘º,51363042,174,221,
“ì“Œ•”,ìã‘º,51363043,180,228,
“ì“Œ•”,ìã‘º,51363044,188,239,
“ì“Œ•”,ìã‘º,51363045,186,236,
“ì“Œ•”,ìã‘º,51363046,195,248,
“ì“Œ•”,ìã‘º,51363047,201,255,
“ì“Œ•”,ìã‘º,51363050,170,216,
“ì“Œ•”,ìã‘º,51363051,169,215,
“ì“Œ•”,ìã‘º,51363052,169,215,
“ì“Œ•”,ìã‘º,51363053,182,231,
“ì“Œ•”,ìã‘º,51363054,184,233,
“ì“Œ•”,ìã‘º,51363055,184,234,
“ì“Œ•”,ìã‘º,51363056,195,247,
“ì“Œ•”,ìã‘º,51363057,194,246,
“ì“Œ•”,ìã‘º,51363060,167,212,
“ì“Œ•”,ìã‘º,51363061,170,216,
“ì“Œ•”,ìã‘º,51363062,172,218,
“ì“Œ•”,ìã‘º,51363063,189,240,
“ì“Œ•”,ìã‘º,51363064,191,242,
“ì“Œ•”,ìã‘º,51363065,184,234,
“ì“Œ•”,ìã‘º,51363066,188,238,
“ì“Œ•”,ìã‘º,51363067,199,253,
“ì“Œ•”,ìã‘º,51363070,161,205,
“ì“Œ•”,ìã‘º,51363071,169,215,
“ì“Œ•”,ìã‘º,51363072,173,219,
“ì“Œ•”,ìã‘º,51363073,178,226,
“ì“Œ•”,ìã‘º,51363074,176,224,
“ì“Œ•”,ìã‘º,51363075,178,226,
“ì“Œ•”,ìã‘º,51363076,187,237,
“ì“Œ•”,ìã‘º,51363077,203,258,
“ì“Œ•”,ìã‘º,51363078,202,256,
“ì“Œ•”,ìã‘º,51363079,199,253,
“ì“Œ•”,ìã‘º,51363080,169,214,
“ì“Œ•”,ìã‘º,51363081,169,214,
“ì“Œ•”,ìã‘º,51363082,172,218,
“ì“Œ•”,ìã‘º,51363083,169,214,
“ì“Œ•”,ìã‘º,51363084,176,223,
“ì“Œ•”,ìã‘º,51363085,176,224,
“ì“Œ•”,ìã‘º,51363086,187,237,
“ì“Œ•”,ìã‘º,51363087,191,243,
“ì“Œ•”,ìã‘º,51363088,196,249,
“ì“Œ•”,ìã‘º,51363089,202,256,
“ì“Œ•”,ìã‘º,51363090,163,207,
“ì“Œ•”,ìã‘º,51363091,167,212,
“ì“Œ•”,ìã‘º,51363092,166,211,
“ì“Œ•”,ìã‘º,51363093,169,215,
“ì“Œ•”,ìã‘º,51363094,173,219,
“ì“Œ•”,ìã‘º,51363095,176,224,
“ì“Œ•”,ìã‘º,51363096,179,227,
“ì“Œ•”,ìã‘º,51363097,186,236,
“ì“Œ•”,ìã‘º,51363098,191,243,
“ì“Œ•”,ìã‘º,51364000,159,202,
“ì“Œ•”,ìã‘º,51364001,161,205,
“ì“Œ•”,ìã‘º,51364002,167,212,
“ì“Œ•”,ìã‘º,51364003,167,212,
“ì“Œ•”,ìã‘º,51364004,170,216,
“ì“Œ•”,ìã‘º,51364005,174,221,
“ì“Œ•”,ìã‘º,51364006,180,228,
“ì“Œ•”,ìã‘º,51364007,182,231,
“ì“Œ•”,ìã‘º,51364010,153,194,
“ì“Œ•”,ìã‘º,51364011,156,198,
“ì“Œ•”,ìã‘º,51364012,160,203,
“ì“Œ•”,ìã‘º,51364015,187,237,
“ì“Œ•”,ìã‘º,51364016,192,244,
“ì“Œ•”,ìã‘º,51364017,181,230,
“ì“Œ•”,ìã‘º,51364021,155,197,
“ì“Œ•”,ìã‘º,51364025,192,244,
“ì“Œ•”,ìã‘º,51364026,194,246,
“ì“Œ•”,ìã‘º,51364027,195,247,
“ì“Œ•”,ìã‘º,51364036,197,250,
“ì“Œ•”,“Œ‹g–ì‘º,51354729,152,193,
“ì“Œ•”,“Œ‹g–ì‘º,51354738,139,177,
“ì“Œ•”,“Œ‹g–ì‘º,51354739,150,190,
“ì“Œ•”,“Œ‹g–ì‘º,51354748,139,176,
“ì“Œ•”,“Œ‹g–ì‘º,51354749,148,188,
“ì“Œ•”,“Œ‹g–ì‘º,51354755,135,171,
“ì“Œ•”,“Œ‹g–ì‘º,51354756,137,174,
“ì“Œ•”,“Œ‹g–ì‘º,51354757,139,176,
“ì“Œ•”,“Œ‹g–ì‘º,51354758,142,181,
“ì“Œ•”,“Œ‹g–ì‘º,51354759,147,187,
“ì“Œ•”,“Œ‹g–ì‘º,51354765,122,155,
“ì“Œ•”,“Œ‹g–ì‘º,51354766,124,158,
“ì“Œ•”,“Œ‹g–ì‘º,51354767,157,199,
“ì“Œ•”,“Œ‹g–ì‘º,51354768,147,187,
“ì“Œ•”,“Œ‹g–ì‘º,51354769,150,190,
“ì“Œ•”,“Œ‹g–ì‘º,51354775,120,153,
“ì“Œ•”,“Œ‹g–ì‘º,51354776,124,158,
“ì“Œ•”,“Œ‹g–ì‘º,51354777,142,181,
“ì“Œ•”,“Œ‹g–ì‘º,51354778,145,184,
“ì“Œ•”,“Œ‹g–ì‘º,51354779,146,186,
“ì“Œ•”,“Œ‹g–ì‘º,51354786,121,154,
“ì“Œ•”,“Œ‹g–ì‘º,51354787,141,179,
“ì“Œ•”,“Œ‹g–ì‘º,51354788,148,188,
“ì“Œ•”,“Œ‹g–ì‘º,51354789,156,198,
“ì“Œ•”,“Œ‹g–ì‘º,51354797,138,175,
“ì“Œ•”,“Œ‹g–ì‘º,51354798,146,185,
“ì“Œ•”,“Œ‹g–ì‘º,51354799,146,186,
“ì“Œ•”,“Œ‹g–ì‘º,51355707,141,179,
“ì“Œ•”,“Œ‹g–ì‘º,51355708,142,180,
“ì“Œ•”,“Œ‹g–ì‘º,51355709,144,183,
“ì“Œ•”,“Œ‹g–ì‘º,51355718,135,171,
“ì“Œ•”,“Œ‹g–ì‘º,51355719,137,174,
“ì“Œ•”,“Œ‹g–ì‘º,51355728,133,169,
“ì“Œ•”,“Œ‹g–ì‘º,51355729,135,172,
“ì“Œ•”,“Œ‹g–ì‘º,51364013,164,208,
“ì“Œ•”,“Œ‹g–ì‘º,51364014,182,231,
“ì“Œ•”,“Œ‹g–ì‘º,51364020,150,191,
“ì“Œ•”,“Œ‹g–ì‘º,51364022,165,209,
“ì“Œ•”,“Œ‹g–ì‘º,51364023,175,222,
“ì“Œ•”,“Œ‹g–ì‘º,51364024,188,238,
“ì“Œ•”,“Œ‹g–ì‘º,51364030,154,196,
“ì“Œ•”,“Œ‹g–ì‘º,51364031,159,202,
“ì“Œ•”,“Œ‹g–ì‘º,51364032,169,215,
“ì“Œ•”,“Œ‹g–ì‘º,51364033,180,228,
“ì“Œ•”,“Œ‹g–ì‘º,51364034,187,237,
“ì“Œ•”,“Œ‹g–ì‘º,51364035,192,244,
“ì“Œ•”,“Œ‹g–ì‘º,51364040,154,195,
“ì“Œ•”,“Œ‹g–ì‘º,51364041,164,208,
“ì“Œ•”,“Œ‹g–ì‘º,51364042,165,210,
“ì“Œ•”,“Œ‹g–ì‘º,51364043,177,225,
“ì“Œ•”,“Œ‹g–ì‘º,51364044,184,234,
“ì“Œ•”,“Œ‹g–ì‘º,51364045,195,247,
“ì“Œ•”,“Œ‹g–ì‘º,51364046,197,250,
“ì“Œ•”,“Œ‹g–ì‘º,51364050,154,195,
“ì“Œ•”,“Œ‹g–ì‘º,51364051,154,196,
“ì“Œ•”,“Œ‹g–ì‘º,51364052,165,209,
“ì“Œ•”,“Œ‹g–ì‘º,51364053,169,215,
“ì“Œ•”,“Œ‹g–ì‘º,51364054,176,224,
“ì“Œ•”,“Œ‹g–ì‘º,51364055,178,226,
“ì“Œ•”,“Œ‹g–ì‘º,51364056,196,249,
“ì“Œ•”,“Œ‹g–ì‘º,51364060,147,187,
“ì“Œ•”,“Œ‹g–ì‘º,51364061,152,193,
“ì“Œ•”,“Œ‹g–ì‘º,51364062,160,203,
“ì“Œ•”,“Œ‹g–ì‘º,51364063,167,212,
“ì“Œ•”,“Œ‹g–ì‘º,51364064,180,228,
“ì“Œ•”,“Œ‹g–ì‘º,51364065,176,224,
“ì“Œ•”,“Œ‹g–ì‘º,51364070,144,183,
“ì“Œ•”,“Œ‹g–ì‘º,51364071,154,196,
“ì“Œ•”,“Œ‹g–ì‘º,51364072,165,210,
“ì“Œ•”,“Œ‹g–ì‘º,51364073,172,218,
“ì“Œ•”,“Œ‹g–ì‘º,51364074,176,224,
“ì“Œ•”,“Œ‹g–ì‘º,51364075,171,217,
“ì“Œ•”,“Œ‹g–ì‘º,51364080,145,184,
“ì“Œ•”,“Œ‹g–ì‘º,51364081,151,192,
“ì“Œ•”,“Œ‹g–ì‘º,51364082,164,208,
“ì“Œ•”,“Œ‹g–ì‘º,51364083,171,217,
“ì“Œ•”,“Œ‹g–ì‘º,51364084,172,218,
“ì“Œ•”,“Œ‹g–ì‘º,51364085,165,209,
“ì“Œ•”,“Œ‹g–ì‘º,51364090,150,190,
“ì“Œ•”,“Œ‹g–ì‘º,51364091,157,199,
“ì“Œ•”,“Œ‹g–ì‘º,51364092,161,205,
“ì“Œ•”,“Œ‹g–ì‘º,51364093,167,212,
“ì“Œ•”,“Œ‹g–ì‘º,51364094,167,212,
“ì“Œ•”,“Œ‹g–ì‘º,51364095,168,213,
“ì“Œ•”,“Œ‹g–ì‘º,51364096,176,223,
“ì“Œ•”,“Œ‹g–ì‘º,51365000,153,194,
“ì“Œ•”,“Œ‹g–ì‘º,51365001,153,194,
“ì“Œ•”,“Œ‹g–ì‘º,51365002,159,202,
“ì“Œ•”,“Œ‹g–ì‘º,51365003,161,205,
“ì“Œ•”,“Œ‹g–ì‘º,51365004,159,202,
“ì“Œ•”,“Œ‹g–ì‘º,51365005,158,200,
“ì“Œ•”,“Œ‹g–ì‘º,51365006,170,216,
“ì“Œ•”,“Œ‹g–ì‘º,51365010,139,177,
“ì“Œ•”,“Œ‹g–ì‘º,51365011,150,191,
“ì“Œ•”,“Œ‹g–ì‘º,51365012,154,196,
“ì“Œ•”,“Œ‹g–ì‘º,51365013,158,201,
“ì“Œ•”,“Œ‹g–ì‘º,51365014,157,199,
“ì“Œ•”,“Œ‹g–ì‘º,51365015,163,207,
“ì“Œ•”,“Œ‹g–ì‘º,51365016,164,208,
“ì“Œ•”,“Œ‹g–ì‘º,51365020,143,182,
“ì“Œ•”,“Œ‹g–ì‘º,51365021,146,186,
“ì“Œ•”,“Œ‹g–ì‘º,51365022,156,198,
“ì“Œ•”,“Œ‹g–ì‘º,51365023,160,203,
“ì“Œ•”,“Œ‹g–ì‘º,51365024,154,196,
“ì“Œ•”,“Œ‹g–ì‘º,51365025,161,205,
“ì“Œ•”,“Œ‹g–ì‘º,51365026,163,207,
“ì“Œ•”,“Œ‹g–ì‘º,51365027,165,209,
“ì“Œ•”,“Œ‹g–ì‘º,51365031,150,190,
“ì“Œ•”,“Œ‹g–ì‘º,51365032,152,193,
“ì“Œ•”,“Œ‹g–ì‘º,51365033,151,192,
“ì“Œ•”,“Œ‹g–ì‘º,51365034,152,193,
“ì“Œ•”,“Œ‹g–ì‘º,51365035,161,205,
“ì“Œ•”,“Œ‹g–ì‘º,51365036,176,224,
“ì“Œ•”,“Œ‹g–ì‘º,51365041,149,189,
“ì“Œ•”,“Œ‹g–ì‘º,51365042,146,186,
“ì“Œ•”,“Œ‹g–ì‘º,51365043,145,184,
“ì“Œ•”,“Œ‹g–ì‘º,51365044,157,199,
“ì“Œ•”,“Œ‹g–ì‘º,51365045,159,202,
“ì“Œ•”,“Œ‹g–ì‘º,51365046,169,215,
“ì“Œ•”,“Œ‹g–ì‘º,51365053,150,190,
“ì“Œ•”,“Œ‹g–ì‘º,51365054,154,196,
“ì“Œ•”,“Œ‹g–ì‘º,51365055,152,193,
“ì“Œ•”,“Œ‹g–ì‘º,51365056,158,201,
“ì“Œ•”,“Œ‹g–ì‘º,51365064,150,191,
“ì“Œ•”,“Œ‹g–ì‘º,51365065,154,196,
“ì“Œ•”,“Œ‹g–ì‘º,51365066,152,193,
“ì¼•”,ŒÜžŠŽs“ì•”,51351503,158,201,
“ì¼•”,ŒÜžŠŽs“ì•”,51351504,165,210,
“ì¼•”,ŒÜžŠŽs“ì•”,51351505,158,201,
“ì¼•”,ŒÜžŠŽs“ì•”,51351515,150,190,
“ì¼•”,ŒÜžŠŽs“ì•”,51351516,157,199,
“ì¼•”,ŒÜžŠŽs“ì•”,51351526,169,215,
“ì¼•”,ŒÜžŠŽs“ì•”,51351527,154,196,
“ì¼•”,ŒÜžŠŽs“ì•”,51351536,154,196,
“ì¼•”,ŒÜžŠŽs“ì•”,51351537,161,205,
“ì¼•”,ŒÜžŠŽs“ì•”,51351546,161,204,
“ì¼•”,ŒÜžŠŽs“ì•”,51351547,161,204,
“ì¼•”,ŒÜžŠŽs“ì•”,51351557,180,228,
“ì¼•”,ŒÜžŠŽs“ì•”,51351558,161,204,
“ì¼•”,ŒÜžŠŽs“ì•”,51351568,166,211,
“ì¼•”,ŒÜžŠŽs“ì•”,51351569,167,212,
“ì¼•”,ŒÜžŠŽs“ì•”,51351578,142,181,
“ì¼•”,ŒÜžŠŽs“ì•”,51351579,152,193,
“ì¼•”,ŒÜžŠŽs“ì•”,51351588,147,187,
“ì¼•”,ŒÜžŠŽs“ì•”,51351589,142,180,
“ì¼•”,ŒÜžŠŽs“ì•”,51351598,146,185,
“ì¼•”,ŒÜžŠŽs“ì•”,51351599,139,177,
“ì¼•”,ŒÜžŠŽs“ì•”,51351663,187,237,
“ì¼•”,ŒÜžŠŽs“ì•”,51351672,154,196,
“ì¼•”,ŒÜžŠŽs“ì•”,51351673,184,233,
“ì¼•”,ŒÜžŠŽs“ì•”,51351674,184,234,
“ì¼•”,ŒÜžŠŽs“ì•”,51351675,173,219,
“ì¼•”,ŒÜžŠŽs“ì•”,51351676,197,250,
“ì¼•”,ŒÜžŠŽs“ì•”,51351677,193,245,
“ì¼•”,ŒÜžŠŽs“ì•”,51351678,170,216,
“ì¼•”,ŒÜžŠŽs“ì•”,51351680,142,181,
“ì¼•”,ŒÜžŠŽs“ì•”,51351681,143,182,
“ì¼•”,ŒÜžŠŽs“ì•”,51351682,152,193,
“ì¼•”,ŒÜžŠŽs“ì•”,51351683,174,221,
“ì¼•”,ŒÜžŠŽs“ì•”,51351684,176,223,
“ì¼•”,ŒÜžŠŽs“ì•”,51351685,162,206,
“ì¼•”,ŒÜžŠŽs“ì•”,51351686,166,211,
“ì¼•”,ŒÜžŠŽs“ì•”,51351687,169,214,
“ì¼•”,ŒÜžŠŽs“ì•”,51351688,160,203,
“ì¼•”,ŒÜžŠŽs“ì•”,51351689,174,221,
“ì¼•”,ŒÜžŠŽs“ì•”,51351690,139,177,
“ì¼•”,ŒÜžŠŽs“ì•”,51351691,140,178,
“ì¼•”,ŒÜžŠŽs“ì•”,51351692,142,181,
“ì¼•”,ŒÜžŠŽs“ì•”,51351693,145,184,
“ì¼•”,ŒÜžŠŽs“ì•”,51351694,160,203,
“ì¼•”,ŒÜžŠŽs“ì•”,51351695,161,204,
“ì¼•”,ŒÜžŠŽs“ì•”,51351696,152,193,
“ì¼•”,ŒÜžŠŽs“ì•”,51351697,154,195,
“ì¼•”,ŒÜžŠŽs“ì•”,51351698,159,202,
“ì¼•”,ŒÜžŠŽs“ì•”,51351699,170,216,
“ì¼•”,ŒÜžŠŽs“ì•”,51351771,188,239,
“ì¼•”,ŒÜžŠŽs“ì•”,51351780,180,229,
“ì¼•”,ŒÜžŠŽs“ì•”,51351781,187,237,
“ì¼•”,ŒÜžŠŽs“ì•”,51351782,212,269,
“ì¼•”,ŒÜžŠŽs“ì•”,51351790,199,253,
“ì¼•”,ŒÜžŠŽs“ì•”,51351791,206,261,
“ì¼•”,ŒÜžŠŽs“ì•”,51351792,211,268,
“ì¼•”,ŒÜžŠŽs“ì•”,51352507,136,173,
“ì¼•”,ŒÜžŠŽs“ì•”,51352508,143,182,
“ì¼•”,ŒÜžŠŽs“ì•”,51352509,139,176,
“ì¼•”,ŒÜžŠŽs“ì•”,51352516,139,176,
“ì¼•”,ŒÜžŠŽs“ì•”,51352517,135,171,
“ì¼•”,ŒÜžŠŽs“ì•”,51352518,142,180,
“ì¼•”,ŒÜžŠŽs“ì•”,51352519,156,198,
“ì¼•”,ŒÜžŠŽs“ì•”,51352525,130,165,
“ì¼•”,ŒÜžŠŽs“ì•”,51352526,136,173,
“ì¼•”,ŒÜžŠŽs“ì•”,51352527,137,174,
“ì¼•”,ŒÜžŠŽs“ì•”,51352528,139,177,
“ì¼•”,ŒÜžŠŽs“ì•”,51352529,141,179,
“ì¼•”,ŒÜžŠŽs“ì•”,51352536,140,178,
“ì¼•”,ŒÜžŠŽs“ì•”,51352537,135,171,
“ì¼•”,ŒÜžŠŽs“ì•”,51352538,141,179,
“ì¼•”,ŒÜžŠŽs“ì•”,51352539,142,181,
“ì¼•”,ŒÜžŠŽs“ì•”,51352547,139,176,
“ì¼•”,ŒÜžŠŽs“ì•”,51352548,138,175,
“ì¼•”,ŒÜžŠŽs“ì•”,51352549,139,176,
“ì¼•”,ŒÜžŠŽs“ì•”,51352557,141,179,
“ì¼•”,ŒÜžŠŽs“ì•”,51352558,142,181,
“ì¼•”,ŒÜžŠŽs“ì•”,51352559,137,174,
“ì¼•”,ŒÜžŠŽs“ì•”,51352568,142,180,
“ì¼•”,ŒÜžŠŽs“ì•”,51352569,141,179,
“ì¼•”,ŒÜžŠŽs“ì•”,51352578,154,195,
“ì¼•”,ŒÜžŠŽs“ì•”,51352579,145,184,
“ì¼•”,ŒÜžŠŽs“ì•”,51352600,139,177,
“ì¼•”,ŒÜžŠŽs“ì•”,51352601,139,177,
“ì¼•”,ŒÜžŠŽs“ì•”,51352602,141,179,
“ì¼•”,ŒÜžŠŽs“ì•”,51352603,143,182,
“ì¼•”,ŒÜžŠŽs“ì•”,51352604,158,200,
“ì¼•”,ŒÜžŠŽs“ì•”,51352605,153,194,
“ì¼•”,ŒÜžŠŽs“ì•”,51352606,156,198,
“ì¼•”,ŒÜžŠŽs“ì•”,51352607,152,193,
“ì¼•”,ŒÜžŠŽs“ì•”,51352608,155,197,
“ì¼•”,ŒÜžŠŽs“ì•”,51352609,154,196,
“ì¼•”,ŒÜžŠŽs“ì•”,51352610,157,199,
“ì¼•”,ŒÜžŠŽs“ì•”,51352611,139,176,
“ì¼•”,ŒÜžŠŽs“ì•”,51352612,139,176,
“ì¼•”,ŒÜžŠŽs“ì•”,51352614,163,207,
“ì¼•”,ŒÜžŠŽs“ì•”,51352615,152,193,
“ì¼•”,ŒÜžŠŽs“ì•”,51352616,154,196,
“ì¼•”,ŒÜžŠŽs“ì•”,51352617,158,201,
“ì¼•”,ŒÜžŠŽs“ì•”,51352618,154,195,
“ì¼•”,ŒÜžŠŽs“ì•”,51352620,154,196,
“ì¼•”,ŒÜžŠŽs“ì•”,51352627,157,199,
“ì¼•”,ŒÜžŠŽs“ì•”,51352628,154,196,
“ì¼•”,ŒÜžŠŽs“ì•”,51352700,199,253,
“ì¼•”,ŒÜžŠŽs“ì•”,51352701,186,236,
“ì¼•”,ŒÜžŠŽs“ì•”,51352710,167,212,
“ì¼•”,–ì”—ì‘º,51350484,151,192,
“ì¼•”,–ì”—ì‘º,51350489,152,193,
“ì¼•”,–ì”—ì‘º,51350493,145,184,
“ì¼•”,–ì”—ì‘º,51350494,147,187,
“ì¼•”,–ì”—ì‘º,51350495,150,190,
“ì¼•”,–ì”—ì‘º,51350496,146,185,
“ì¼•”,–ì”—ì‘º,51350497,147,187,
“ì¼•”,–ì”—ì‘º,51350498,149,189,
“ì¼•”,–ì”—ì‘º,51350499,150,190,
“ì¼•”,–ì”—ì‘º,51350580,168,213,
“ì¼•”,–ì”—ì‘º,51350590,158,201,
“ì¼•”,–ì”—ì‘º,51350591,154,196,
“ì¼•”,–ì”—ì‘º,51351404,144,183,
“ì¼•”,–ì”—ì‘º,51351405,140,178,
“ì¼•”,–ì”—ì‘º,51351406,142,181,
“ì¼•”,–ì”—ì‘º,51351407,146,185,
“ì¼•”,–ì”—ì‘º,51351408,146,186,
“ì¼•”,–ì”—ì‘º,51351409,148,188,
“ì¼•”,–ì”—ì‘º,51351414,142,180,
“ì¼•”,–ì”—ì‘º,51351415,144,183,
“ì¼•”,–ì”—ì‘º,51351416,147,187,
“ì¼•”,–ì”—ì‘º,51351417,150,190,
“ì¼•”,–ì”—ì‘º,51351418,144,183,
“ì¼•”,–ì”—ì‘º,51351419,160,203,
“ì¼•”,–ì”—ì‘º,51351424,140,178,
“ì¼•”,–ì”—ì‘º,51351425,143,182,
“ì¼•”,–ì”—ì‘º,51351426,145,184,
“ì¼•”,–ì”—ì‘º,51351427,147,187,
“ì¼•”,–ì”—ì‘º,51351428,150,190,
“ì¼•”,–ì”—ì‘º,51351429,145,184,
“ì¼•”,–ì”—ì‘º,51351435,142,180,
“ì¼•”,–ì”—ì‘º,51351436,144,183,
“ì¼•”,–ì”—ì‘º,51351437,144,183,
“ì¼•”,–ì”—ì‘º,51351438,146,186,
“ì¼•”,–ì”—ì‘º,51351439,142,181,
“ì¼•”,–ì”—ì‘º,51351446,140,178,
“ì¼•”,–ì”—ì‘º,51351447,142,180,
“ì¼•”,–ì”—ì‘º,51351448,142,181,
“ì¼•”,–ì”—ì‘º,51351449,139,177,
“ì¼•”,–ì”—ì‘º,51351457,132,168,
“ì¼•”,–ì”—ì‘º,51351458,141,179,
“ì¼•”,–ì”—ì‘º,51351459,137,174,
“ì¼•”,–ì”—ì‘º,51351467,129,164,
“ì¼•”,–ì”—ì‘º,51351468,133,169,
“ì¼•”,–ì”—ì‘º,51351469,135,171,
“ì¼•”,–ì”—ì‘º,51351477,128,163,
“ì¼•”,–ì”—ì‘º,51351478,131,166,
“ì¼•”,–ì”—ì‘º,51351479,139,177,
“ì¼•”,–ì”—ì‘º,51351488,130,165,
“ì¼•”,–ì”—ì‘º,51351489,140,178,
“ì¼•”,–ì”—ì‘º,51351500,150,190,
“ì¼•”,–ì”—ì‘º,51351501,152,193,
“ì¼•”,–ì”—ì‘º,51351502,151,192,
“ì¼•”,–ì”—ì‘º,51351510,149,189,
“ì¼•”,–ì”—ì‘º,51351511,150,190,
“ì¼•”,–ì”—ì‘º,51351512,157,199,
“ì¼•”,–ì”—ì‘º,51351513,149,189,
“ì¼•”,–ì”—ì‘º,51351514,157,199,
“ì¼•”,–ì”—ì‘º,51351520,147,187,
“ì¼•”,–ì”—ì‘º,51351521,150,190,
“ì¼•”,–ì”—ì‘º,51351522,149,189,
“ì¼•”,–ì”—ì‘º,51351523,148,188,
“ì¼•”,–ì”—ì‘º,51351524,147,187,
“ì¼•”,–ì”—ì‘º,51351525,154,196,
“ì¼•”,–ì”—ì‘º,51351530,152,193,
“ì¼•”,–ì”—ì‘º,51351531,146,186,
“ì¼•”,–ì”—ì‘º,51351532,147,187,
“ì¼•”,–ì”—ì‘º,51351533,154,196,
“ì¼•”,–ì”—ì‘º,51351534,148,188,
“ì¼•”,–ì”—ì‘º,51351535,147,187,
“ì¼•”,–ì”—ì‘º,51351540,150,190,
“ì¼•”,–ì”—ì‘º,51351541,151,192,
“ì¼•”,–ì”—ì‘º,51351542,152,193,
“ì¼•”,–ì”—ì‘º,51351543,150,191,
“ì¼•”,–ì”—ì‘º,51351544,152,193,
“ì¼•”,–ì”—ì‘º,51351545,152,193,
“ì¼•”,–ì”—ì‘º,51351550,146,185,
“ì¼•”,–ì”—ì‘º,51351551,154,196,
“ì¼•”,–ì”—ì‘º,51351552,155,197,
“ì¼•”,–ì”—ì‘º,51351553,158,200,
“ì¼•”,–ì”—ì‘º,51351554,152,193,
“ì¼•”,–ì”—ì‘º,51351555,152,193,
“ì¼•”,–ì”—ì‘º,51351556,152,193,
“ì¼•”,–ì”—ì‘º,51351560,142,181,
“ì¼•”,–ì”—ì‘º,51351561,145,184,
“ì¼•”,–ì”—ì‘º,51351562,153,194,
“ì¼•”,–ì”—ì‘º,51351563,148,188,
“ì¼•”,–ì”—ì‘º,51351564,148,188,
“ì¼•”,–ì”—ì‘º,51351565,141,179,
“ì¼•”,–ì”—ì‘º,51351566,142,180,
“ì¼•”,–ì”—ì‘º,51351567,169,215,
“ì¼•”,–ì”—ì‘º,51351570,142,180,
“ì¼•”,–ì”—ì‘º,51351571,143,182,
“ì¼•”,–ì”—ì‘º,51351572,145,184,
“ì¼•”,–ì”—ì‘º,51351573,144,183,
“ì¼•”,–ì”—ì‘º,51351574,139,176,
“ì¼•”,–ì”—ì‘º,51351575,139,177,
“ì¼•”,–ì”—ì‘º,51351576,139,177,
“ì¼•”,–ì”—ì‘º,51351577,146,186,
“ì¼•”,–ì”—ì‘º,51351580,149,189,
“ì¼•”,–ì”—ì‘º,51351581,143,182,
“ì¼•”,–ì”—ì‘º,51351582,136,173,
“ì¼•”,–ì”—ì‘º,51351583,136,173,
“ì¼•”,–ì”—ì‘º,51351584,142,181,
“ì¼•”,–ì”—ì‘º,51351585,142,180,
“ì¼•”,–ì”—ì‘º,51351586,130,165,
“ì¼•”,–ì”—ì‘º,51351587,145,184,
“ì¼•”,–ì”—ì‘º,51351590,150,190,
“ì¼•”,–ì”—ì‘º,51351591,149,189,
“ì¼•”,–ì”—ì‘º,51351592,135,171,
“ì¼•”,–ì”—ì‘º,51351593,139,177,
“ì¼•”,–ì”—ì‘º,51351594,127,161,
“ì¼•”,–ì”—ì‘º,51351595,127,162,
“ì¼•”,–ì”—ì‘º,51351596,135,172,
“ì¼•”,–ì”—ì‘º,51351597,142,181,
“ì¼•”,–ì”—ì‘º,51352500,139,177,
“ì¼•”,–ì”—ì‘º,51352501,139,176,
“ì¼•”,–ì”—ì‘º,51352502,131,167,
“ì¼•”,–ì”—ì‘º,51352503,124,158,
“ì¼•”,–ì”—ì‘º,51352504,131,167,
“ì¼•”,–ì”—ì‘º,51352505,133,169,
“ì¼•”,–ì”—ì‘º,51352506,135,171,
“ì¼•”,–ì”—ì‘º,51352511,129,164,
“ì¼•”,–ì”—ì‘º,51352512,130,165,
“ì¼•”,–ì”—ì‘º,51352513,130,165,
“ì¼•”,–ì”—ì‘º,51352514,131,167,
“ì¼•”,–ì”—ì‘º,51352515,131,167,
“ì¼•”,–ì”—ì‘º,51352521,127,162,
“ì¼•”,–ì”—ì‘º,51352522,128,163,
“ì¼•”,–ì”—ì‘º,51352523,140,178,
“ì¼•”,–ì”—ì‘º,51352524,129,164,
“ì¼•”,–ì”—ì‘º,51352531,127,161,
“ì¼•”,–ì”—ì‘º,51352532,146,186,
“ì¼•”,–ì”—ì‘º,51352533,134,170,
“ì¼•”,–ì”—ì‘º,51352534,135,171,
“ì¼•”,–ì”—ì‘º,51352535,141,179,
“ì¼•”,–ì”—ì‘º,51352541,131,166,
“ì¼•”,–ì”—ì‘º,51352542,139,177,
“ì¼•”,–ì”—ì‘º,51352543,146,186,
“ì¼•”,–ì”—ì‘º,51352544,145,184,
“ì¼•”,–ì”—ì‘º,51352545,138,175,
“ì¼•”,–ì”—ì‘º,51352546,138,175,
“ì¼•”,–ì”—ì‘º,51352551,135,171,
“ì¼•”,–ì”—ì‘º,51352552,145,184,
“ì¼•”,–ì”—ì‘º,51352553,159,202,
“ì¼•”,–ì”—ì‘º,51352554,152,193,
“ì¼•”,–ì”—ì‘º,51352555,142,180,
“ì¼•”,–ì”—ì‘º,51352563,149,189,
“ì¼•”,–ì”—ì‘º,51352564,147,187,
“ì¼•”,\’Ãì‘º,50356488,201,255,
“ì¼•”,\’Ãì‘º,50356489,206,262,
“ì¼•”,\’Ãì‘º,50356499,204,259,
“ì¼•”,\’Ãì‘º,50356550,198,251,
“ì¼•”,\’Ãì‘º,50356551,206,262,
“ì¼•”,\’Ãì‘º,50356560,195,248,
“ì¼•”,\’Ãì‘º,50356561,225,285,
“ì¼•”,\’Ãì‘º,50356562,225,285,
“ì¼•”,\’Ãì‘º,50356570,225,285,
“ì¼•”,\’Ãì‘º,50356571,228,289,
“ì¼•”,\’Ãì‘º,50356572,221,281,
“ì¼•”,\’Ãì‘º,50356579,184,233,
“ì¼•”,\’Ãì‘º,50356580,224,284,
“ì¼•”,\’Ãì‘º,50356581,228,289,
“ì¼•”,\’Ãì‘º,50356582,208,264,
“ì¼•”,\’Ãì‘º,50356583,207,263,
“ì¼•”,\’Ãì‘º,50356584,176,224,
“ì¼•”,\’Ãì‘º,50356585,184,233,
“ì¼•”,\’Ãì‘º,50356586,182,231,
“ì¼•”,\’Ãì‘º,50356587,188,238,
“ì¼•”,\’Ãì‘º,50356588,189,240,
“ì¼•”,\’Ãì‘º,50356589,187,237,
“ì¼•”,\’Ãì‘º,50356590,221,281,
“ì¼•”,\’Ãì‘º,50356591,203,257,
“ì¼•”,\’Ãì‘º,50356592,203,257,
“ì¼•”,\’Ãì‘º,50356593,206,261,
“ì¼•”,\’Ãì‘º,50356594,197,250,
“ì¼•”,\’Ãì‘º,50356595,184,233,
“ì¼•”,\’Ãì‘º,50356596,184,234,
“ì¼•”,\’Ãì‘º,50356597,188,239,
“ì¼•”,\’Ãì‘º,50356598,191,243,
“ì¼•”,\’Ãì‘º,50356599,180,229,
“ì¼•”,\’Ãì‘º,50356639,173,219,
“ì¼•”,\’Ãì‘º,50356649,172,218,
“ì¼•”,\’Ãì‘º,50356658,173,219,
“ì¼•”,\’Ãì‘º,50356659,174,221,
“ì¼•”,\’Ãì‘º,50356660,173,219,
“ì¼•”,\’Ãì‘º,50356668,174,221,
“ì¼•”,\’Ãì‘º,50356669,183,232,
“ì¼•”,\’Ãì‘º,50356670,176,223,
“ì¼•”,\’Ãì‘º,50356671,188,239,
“ì¼•”,\’Ãì‘º,50356672,184,233,
“ì¼•”,\’Ãì‘º,50356673,185,235,
“ì¼•”,\’Ãì‘º,50356678,176,224,
“ì¼•”,\’Ãì‘º,50356680,176,224,
“ì¼•”,\’Ãì‘º,50356681,198,251,
“ì¼•”,\’Ãì‘º,50356682,199,253,
“ì¼•”,\’Ãì‘º,50356683,188,238,
“ì¼•”,\’Ãì‘º,50356684,189,240,
“ì¼•”,\’Ãì‘º,50356685,188,239,
“ì¼•”,\’Ãì‘º,50356686,186,236,
“ì¼•”,\’Ãì‘º,50356687,169,215,
“ì¼•”,\’Ãì‘º,50356688,175,222,
“ì¼•”,\’Ãì‘º,50356690,195,247,
“ì¼•”,\’Ãì‘º,50356691,192,244,
“ì¼•”,\’Ãì‘º,50356692,202,256,
“ì¼•”,\’Ãì‘º,50356693,189,240,
“ì¼•”,\’Ãì‘º,50356694,191,243,
“ì¼•”,\’Ãì‘º,50356695,190,241,
“ì¼•”,\’Ãì‘º,50356696,168,213,
“ì¼•”,\’Ãì‘º,50356697,172,218,
“ì¼•”,\’Ãì‘º,50356698,176,223,
“ì¼•”,\’Ãì‘º,50356750,186,236,
“ì¼•”,\’Ãì‘º,50356790,195,247,
“ì¼•”,\’Ãì‘º,50356791,195,247,
“ì¼•”,\’Ãì‘º,50357409,195,247,
“ì¼•”,\’Ãì‘º,50357419,206,261,
“ì¼•”,\’Ãì‘º,50357429,193,245,
“ì¼•”,\’Ãì‘º,50357439,195,247,
“ì¼•”,\’Ãì‘º,50357500,210,267,
“ì¼•”,\’Ãì‘º,50357501,199,252,
“ì¼•”,\’Ãì‘º,50357502,198,251,
“ì¼•”,\’Ãì‘º,50357503,203,258,
“ì¼•”,\’Ãì‘º,50357504,195,248,
“ì¼•”,\’Ãì‘º,50357505,190,241,
“ì¼•”,\’Ãì‘º,50357506,189,240,
“ì¼•”,\’Ãì‘º,50357507,195,247,
“ì¼•”,\’Ãì‘º,50357508,184,234,
“ì¼•”,\’Ãì‘º,50357509,182,231,
“ì¼•”,\’Ãì‘º,50357510,195,247,
“ì¼•”,\’Ãì‘º,50357511,196,249,
“ì¼•”,\’Ãì‘º,50357512,195,248,
“ì¼•”,\’Ãì‘º,50357513,195,247,
“ì¼•”,\’Ãì‘º,50357514,194,246,
“ì¼•”,\’Ãì‘º,50357515,195,247,
“ì¼•”,\’Ãì‘º,50357516,187,237,
“ì¼•”,\’Ãì‘º,50357517,191,243,
“ì¼•”,\’Ãì‘º,50357518,183,232,
“ì¼•”,\’Ãì‘º,50357519,182,231,
“ì¼•”,\’Ãì‘º,50357520,202,256,
“ì¼•”,\’Ãì‘º,50357521,195,247,
“ì¼•”,\’Ãì‘º,50357522,194,246,
“ì¼•”,\’Ãì‘º,50357523,199,252,
“ì¼•”,\’Ãì‘º,50357524,205,260,
“ì¼•”,\’Ãì‘º,50357525,184,234,
“ì¼•”,\’Ãì‘º,50357526,191,243,
“ì¼•”,\’Ãì‘º,50357527,184,233,
“ì¼•”,\’Ãì‘º,50357528,182,231,
“ì¼•”,\’Ãì‘º,50357529,191,243,
“ì¼•”,\’Ãì‘º,50357530,190,241,
“ì¼•”,\’Ãì‘º,50357531,188,238,
“ì¼•”,\’Ãì‘º,50357532,193,245,
“ì¼•”,\’Ãì‘º,50357533,206,261,
“ì¼•”,\’Ãì‘º,50357534,206,262,
“ì¼•”,\’Ãì‘º,50357535,191,242,
“ì¼•”,\’Ãì‘º,50357536,182,231,
“ì¼•”,\’Ãì‘º,50357537,180,228,
“ì¼•”,\’Ãì‘º,50357538,187,237,
“ì¼•”,\’Ãì‘º,50357539,187,237,
“ì¼•”,\’Ãì‘º,50357541,195,247,
“ì¼•”,\’Ãì‘º,50357542,191,243,
“ì¼•”,\’Ãì‘º,50357543,206,262,
“ì¼•”,\’Ãì‘º,50357544,207,263,
“ì¼•”,\’Ãì‘º,50357545,192,244,
“ì¼•”,\’Ãì‘º,50357546,189,240,
“ì¼•”,\’Ãì‘º,50357547,185,235,
“ì¼•”,\’Ãì‘º,50357548,177,225,
“ì¼•”,\’Ãì‘º,50357549,186,236,
“ì¼•”,\’Ãì‘º,50357551,191,243,
“ì¼•”,\’Ãì‘º,50357552,204,259,
“ì¼•”,\’Ãì‘º,50357553,193,245,
“ì¼•”,\’Ãì‘º,50357554,206,262,
“ì¼•”,\’Ãì‘º,50357555,191,243,
“ì¼•”,\’Ãì‘º,50357556,188,238,
“ì¼•”,\’Ãì‘º,50357557,185,235,
“ì¼•”,\’Ãì‘º,50357558,176,224,
“ì¼•”,\’Ãì‘º,50357559,183,232,
“ì¼•”,\’Ãì‘º,50357561,203,257,
“ì¼•”,\’Ãì‘º,50357562,189,240,
“ì¼•”,\’Ãì‘º,50357563,204,259,
“ì¼•”,\’Ãì‘º,50357564,191,242,
“ì¼•”,\’Ãì‘º,50357565,189,240,
“ì¼•”,\’Ãì‘º,50357566,186,236,
“ì¼•”,\’Ãì‘º,50357567,184,233,
“ì¼•”,\’Ãì‘º,50357568,174,221,
“ì¼•”,\’Ãì‘º,50357569,181,230,
“ì¼•”,\’Ãì‘º,50357571,183,232,
“ì¼•”,\’Ãì‘º,50357572,202,256,
“ì¼•”,\’Ãì‘º,50357573,188,239,
“ì¼•”,\’Ãì‘º,50357574,181,230,
“ì¼•”,\’Ãì‘º,50357575,187,237,
“ì¼•”,\’Ãì‘º,50357576,184,234,
“ì¼•”,\’Ãì‘º,50357577,176,224,
“ì¼•”,\’Ãì‘º,50357578,175,222,
“ì¼•”,\’Ãì‘º,50357579,180,229,
“ì¼•”,\’Ãì‘º,50357581,189,240,
“ì¼•”,\’Ãì‘º,50357582,188,239,
“ì¼•”,\’Ãì‘º,50357583,187,237,
“ì¼•”,\’Ãì‘º,50357584,179,227,
“ì¼•”,\’Ãì‘º,50357585,178,226,
“ì¼•”,\’Ãì‘º,50357586,191,243,
“ì¼•”,\’Ãì‘º,50357587,176,224,
“ì¼•”,\’Ãì‘º,50357588,174,221,
“ì¼•”,\’Ãì‘º,50357589,173,220,
“ì¼•”,\’Ãì‘º,50357590,191,243,
“ì¼•”,\’Ãì‘º,50357591,183,232,
“ì¼•”,\’Ãì‘º,50357592,188,239,
“ì¼•”,\’Ãì‘º,50357593,188,238,
“ì¼•”,\’Ãì‘º,50357594,187,237,
“ì¼•”,\’Ãì‘º,50357595,179,227,
“ì¼•”,\’Ãì‘º,50357596,191,243,
“ì¼•”,\’Ãì‘º,50357597,176,223,
“ì¼•”,\’Ãì‘º,50357598,174,221,
“ì¼•”,\’Ãì‘º,50357599,172,218,
“ì¼•”,\’Ãì‘º,50357600,190,241,
“ì¼•”,\’Ãì‘º,50357601,204,259,
“ì¼•”,\’Ãì‘º,50357602,191,243,
“ì¼•”,\’Ãì‘º,50357603,191,243,
“ì¼•”,\’Ãì‘º,50357604,191,243,
“ì¼•”,\’Ãì‘º,50357605,177,225,
“ì¼•”,\’Ãì‘º,50357606,176,224,
“ì¼•”,\’Ãì‘º,50357607,173,220,
“ì¼•”,\’Ãì‘º,50357608,176,224,
“ì¼•”,\’Ãì‘º,50357609,174,221,
“ì¼•”,\’Ãì‘º,50357610,195,247,
“ì¼•”,\’Ãì‘º,50357611,205,260,
“ì¼•”,\’Ãì‘º,50357612,204,259,
“ì¼•”,\’Ãì‘º,50357613,193,245,
“ì¼•”,\’Ãì‘º,50357614,186,236,
“ì¼•”,\’Ãì‘º,50357615,173,219,
“ì¼•”,\’Ãì‘º,50357616,185,235,
“ì¼•”,\’Ãì‘º,50357617,181,230,
“ì¼•”,\’Ãì‘º,50357618,171,217,
“ì¼•”,\’Ãì‘º,50357619,176,223,
“ì¼•”,\’Ãì‘º,50357620,204,259,
“ì¼•”,\’Ãì‘º,50357621,215,273,
“ì¼•”,\’Ãì‘º,50357622,206,262,
“ì¼•”,\’Ãì‘º,50357623,198,251,
“ì¼•”,\’Ãì‘º,50357624,182,231,
“ì¼•”,\’Ãì‘º,50357625,173,220,
“ì¼•”,\’Ãì‘º,50357626,177,225,
“ì¼•”,\’Ãì‘º,50357627,174,221,
“ì¼•”,\’Ãì‘º,50357628,177,225,
“ì¼•”,\’Ãì‘º,50357629,183,232,
“ì¼•”,\’Ãì‘º,50357630,199,253,
“ì¼•”,\’Ãì‘º,50357631,202,256,
“ì¼•”,\’Ãì‘º,50357632,204,259,
“ì¼•”,\’Ãì‘º,50357633,182,231,
“ì¼•”,\’Ãì‘º,50357634,197,250,
“ì¼•”,\’Ãì‘º,50357635,180,229,
“ì¼•”,\’Ãì‘º,50357636,175,222,
“ì¼•”,\’Ãì‘º,50357637,172,218,
“ì¼•”,\’Ãì‘º,50357638,179,227,
“ì¼•”,\’Ãì‘º,50357639,184,234,
“ì¼•”,\’Ãì‘º,50357640,187,237,
“ì¼•”,\’Ãì‘º,50357641,172,218,
“ì¼•”,\’Ãì‘º,50357642,182,231,
“ì¼•”,\’Ãì‘º,50357643,176,224,
“ì¼•”,\’Ãì‘º,50357644,176,224,
“ì¼•”,\’Ãì‘º,50357645,175,222,
“ì¼•”,\’Ãì‘º,50357646,165,210,
“ì¼•”,\’Ãì‘º,50357647,170,216,
“ì¼•”,\’Ãì‘º,50357648,179,227,
“ì¼•”,\’Ãì‘º,50357649,185,235,
“ì¼•”,\’Ãì‘º,50357650,182,231,
“ì¼•”,\’Ãì‘º,50357651,181,230,
“ì¼•”,\’Ãì‘º,50357652,169,214,
“ì¼•”,\’Ãì‘º,50357653,169,215,
“ì¼•”,\’Ãì‘º,50357654,171,217,
“ì¼•”,\’Ãì‘º,50357655,164,208,
“ì¼•”,\’Ãì‘º,50357656,170,216,
“ì¼•”,\’Ãì‘º,50357657,172,218,
“ì¼•”,\’Ãì‘º,50357658,180,228,
“ì¼•”,\’Ãì‘º,50357659,187,237,
“ì¼•”,\’Ãì‘º,50357660,181,230,
“ì¼•”,\’Ãì‘º,50357661,166,211,
“ì¼•”,\’Ãì‘º,50357662,166,211,
“ì¼•”,\’Ãì‘º,50357663,166,211,
“ì¼•”,\’Ãì‘º,50357664,167,212,
“ì¼•”,\’Ãì‘º,50357665,161,204,
“ì¼•”,\’Ãì‘º,50357666,161,205,
“ì¼•”,\’Ãì‘º,50357667,171,217,
“ì¼•”,\’Ãì‘º,50357668,173,219,
“ì¼•”,\’Ãì‘º,50357669,180,229,
“ì¼•”,\’Ãì‘º,50357670,178,226,
“ì¼•”,\’Ãì‘º,50357671,172,218,
“ì¼•”,\’Ãì‘º,50357672,158,200,
“ì¼•”,\’Ãì‘º,50357673,157,199,
“ì¼•”,\’Ãì‘º,50357674,165,210,
“ì¼•”,\’Ãì‘º,50357675,166,211,
“ì¼•”,\’Ãì‘º,50357676,161,204,
“ì¼•”,\’Ãì‘º,50357677,172,218,
“ì¼•”,\’Ãì‘º,50357678,173,220,
“ì¼•”,\’Ãì‘º,50357679,182,231,
“ì¼•”,\’Ãì‘º,50357680,172,218,
“ì¼•”,\’Ãì‘º,50357681,172,218,
“ì¼•”,\’Ãì‘º,50357682,162,206,
“ì¼•”,\’Ãì‘º,50357683,156,198,
“ì¼•”,\’Ãì‘º,50357684,165,209,
“ì¼•”,\’Ãì‘º,50357685,165,209,
“ì¼•”,\’Ãì‘º,50357686,169,214,
“ì¼•”,\’Ãì‘º,50357687,165,209,
“ì¼•”,\’Ãì‘º,50357688,182,231,
“ì¼•”,\’Ãì‘º,50357689,184,234,
“ì¼•”,\’Ãì‘º,50357690,171,217,
“ì¼•”,\’Ãì‘º,50357691,169,215,
“ì¼•”,\’Ãì‘º,50357692,162,206,
“ì¼•”,\’Ãì‘º,50357693,161,205,
“ì¼•”,\’Ãì‘º,50357694,157,199,
“ì¼•”,\’Ãì‘º,50357695,165,210,
“ì¼•”,\’Ãì‘º,50357696,169,215,
“ì¼•”,\’Ãì‘º,50357697,165,209,
“ì¼•”,\’Ãì‘º,50357698,176,224,
“ì¼•”,\’Ãì‘º,50357699,187,237,
“ì¼•”,\’Ãì‘º,50357700,187,237,
“ì¼•”,\’Ãì‘º,50357701,193,245,
“ì¼•”,\’Ãì‘º,50357702,199,253,
“ì¼•”,\’Ãì‘º,50357710,188,239,
“ì¼•”,\’Ãì‘º,50357711,194,246,
“ì¼•”,\’Ãì‘º,50357720,189,240,
“ì¼•”,\’Ãì‘º,50357721,196,249,
“ì¼•”,\’Ãì‘º,50357730,189,240,
“ì¼•”,\’Ãì‘º,50357740,192,244,
“ì¼•”,\’Ãì‘º,50357741,199,253,
“ì¼•”,\’Ãì‘º,50357750,188,238,
“ì¼•”,\’Ãì‘º,50357751,195,248,
“ì¼•”,\’Ãì‘º,50357752,207,263,
“ì¼•”,\’Ãì‘º,50357760,189,240,
“ì¼•”,\’Ãì‘º,50357761,197,250,
“ì¼•”,\’Ãì‘º,50357762,210,267,
“ì¼•”,\’Ãì‘º,50357770,191,242,
“ì¼•”,\’Ãì‘º,50357771,199,252,
“ì¼•”,\’Ãì‘º,50357780,185,235,
“ì¼•”,\’Ãì‘º,50357781,193,245,
“ì¼•”,\’Ãì‘º,50357790,188,239,
“ì¼•”,\’Ãì‘º,50357791,188,239,
“ì¼•”,\’Ãì‘º,51350419,180,228,
“ì¼•”,\’Ãì‘º,51350427,176,223,
“ì¼•”,\’Ãì‘º,51350428,176,224,
“ì¼•”,\’Ãì‘º,51350429,176,224,
“ì¼•”,\’Ãì‘º,51350438,173,220,
“ì¼•”,\’Ãì‘º,51350439,174,221,
“ì¼•”,\’Ãì‘º,51350448,169,215,
“ì¼•”,\’Ãì‘º,51350449,165,209,
“ì¼•”,\’Ãì‘º,51350457,165,209,
“ì¼•”,\’Ãì‘º,51350458,159,202,
“ì¼•”,\’Ãì‘º,51350459,161,205,
“ì¼•”,\’Ãì‘º,51350467,161,205,
“ì¼•”,\’Ãì‘º,51350468,157,199,
“ì¼•”,\’Ãì‘º,51350469,158,201,
“ì¼•”,\’Ãì‘º,51350475,149,189,
“ì¼•”,\’Ãì‘º,51350476,150,191,
“ì¼•”,\’Ãì‘º,51350477,152,193,
“ì¼•”,\’Ãì‘º,51350478,159,202,
“ì¼•”,\’Ãì‘º,51350479,155,197,
“ì¼•”,\’Ãì‘º,51350485,153,194,
“ì¼•”,\’Ãì‘º,51350486,148,188,
“ì¼•”,\’Ãì‘º,51350487,149,189,
“ì¼•”,\’Ãì‘º,51350488,151,192,
“ì¼•”,\’Ãì‘º,51350500,184,234,
“ì¼•”,\’Ãì‘º,51350501,184,233,
“ì¼•”,\’Ãì‘º,51350502,181,230,
“ì¼•”,\’Ãì‘º,51350503,187,237,
“ì¼•”,\’Ãì‘º,51350504,181,230,
“ì¼•”,\’Ãì‘º,51350505,180,228,
“ì¼•”,\’Ãì‘º,51350506,176,224,
“ì¼•”,\’Ãì‘º,51350507,175,222,
“ì¼•”,\’Ãì‘º,51350508,173,219,
“ì¼•”,\’Ãì‘º,51350509,172,218,
“ì¼•”,\’Ãì‘º,51350510,182,231,
“ì¼•”,\’Ãì‘º,51350511,182,231,
“ì¼•”,\’Ãì‘º,51350512,181,230,
“ì¼•”,\’Ãì‘º,51350513,202,256,
“ì¼•”,\’Ãì‘º,51350514,202,256,
“ì¼•”,\’Ãì‘º,51350515,180,228,
“ì¼•”,\’Ãì‘º,51350516,177,225,
“ì¼•”,\’Ãì‘º,51350517,175,222,
“ì¼•”,\’Ãì‘º,51350518,172,218,
“ì¼•”,\’Ãì‘º,51350519,170,216,
“ì¼•”,\’Ãì‘º,51350520,175,222,
“ì¼•”,\’Ãì‘º,51350521,182,231,
“ì¼•”,\’Ãì‘º,51350522,195,247,
“ì¼•”,\’Ãì‘º,51350523,202,256,
“ì¼•”,\’Ãì‘º,51350524,201,255,
“ì¼•”,\’Ãì‘º,51350525,194,246,
“ì¼•”,\’Ãì‘º,51350526,176,223,
“ì¼•”,\’Ãì‘º,51350527,167,212,
“ì¼•”,\’Ãì‘º,51350528,165,209,
“ì¼•”,\’Ãì‘º,51350529,169,215,
“ì¼•”,\’Ãì‘º,51350530,173,220,
“ì¼•”,\’Ãì‘º,51350531,173,220,
“ì¼•”,\’Ãì‘º,51350532,199,253,
“ì¼•”,\’Ãì‘º,51350533,199,253,
“ì¼•”,\’Ãì‘º,51350534,200,254,
“ì¼•”,\’Ãì‘º,51350535,180,228,
“ì¼•”,\’Ãì‘º,51350536,177,225,
“ì¼•”,\’Ãì‘º,51350537,167,212,
“ì¼•”,\’Ãì‘º,51350538,165,209,
“ì¼•”,\’Ãì‘º,51350539,163,207,
“ì¼•”,\’Ãì‘º,51350540,165,209,
“ì¼•”,\’Ãì‘º,51350541,172,218,
“ì¼•”,\’Ãì‘º,51350542,172,218,
“ì¼•”,\’Ãì‘º,51350543,199,252,
“ì¼•”,\’Ãì‘º,51350544,191,243,
“ì¼•”,\’Ãì‘º,51350545,184,234,
“ì¼•”,\’Ãì‘º,51350546,169,215,
“ì¼•”,\’Ãì‘º,51350547,167,212,
“ì¼•”,\’Ãì‘º,51350548,165,210,
“ì¼•”,\’Ãì‘º,51350549,169,215,
“ì¼•”,\’Ãì‘º,51350550,161,205,
“ì¼•”,\’Ãì‘º,51350551,163,207,
“ì¼•”,\’Ãì‘º,51350552,169,215,
“ì¼•”,\’Ãì‘º,51350553,177,225,
“ì¼•”,\’Ãì‘º,51350554,176,224,
“ì¼•”,\’Ãì‘º,51350555,169,215,
“ì¼•”,\’Ãì‘º,51350556,166,211,
“ì¼•”,\’Ãì‘º,51350557,172,218,
“ì¼•”,\’Ãì‘º,51350558,179,227,
“ì¼•”,\’Ãì‘º,51350559,169,215,
“ì¼•”,\’Ãì‘º,51350560,160,203,
“ì¼•”,\’Ãì‘º,51350561,168,213,
“ì¼•”,\’Ãì‘º,51350562,168,213,
“ì¼•”,\’Ãì‘º,51350563,168,213,
“ì¼•”,\’Ãì‘º,51350564,168,213,
“ì¼•”,\’Ãì‘º,51350565,167,212,
“ì¼•”,\’Ãì‘º,51350566,172,218,
“ì¼•”,\’Ãì‘º,51350567,172,218,
“ì¼•”,\’Ãì‘º,51350568,169,215,
“ì¼•”,\’Ãì‘º,51350569,160,203,
“ì¼•”,\’Ãì‘º,51350570,164,208,
“ì¼•”,\’Ãì‘º,51350571,165,209,
“ì¼•”,\’Ãì‘º,51350572,159,202,
“ì¼•”,\’Ãì‘º,51350573,158,201,
“ì¼•”,\’Ãì‘º,51350574,158,200,
“ì¼•”,\’Ãì‘º,51350575,164,208,
“ì¼•”,\’Ãì‘º,51350576,163,207,
“ì¼•”,\’Ãì‘º,51350577,169,215,
“ì¼•”,\’Ãì‘º,51350578,168,213,
“ì¼•”,\’Ãì‘º,51350579,159,202,
“ì¼•”,\’Ãì‘º,51350581,157,199,
“ì¼•”,\’Ãì‘º,51350582,158,200,
“ì¼•”,\’Ãì‘º,51350583,157,199,
“ì¼•”,\’Ãì‘º,51350584,154,196,
“ì¼•”,\’Ãì‘º,51350585,154,196,
“ì¼•”,\’Ãì‘º,51350586,169,214,
“ì¼•”,\’Ãì‘º,51350587,168,213,
“ì¼•”,\’Ãì‘º,51350588,167,212,
“ì¼•”,\’Ãì‘º,51350589,185,235,
“ì¼•”,\’Ãì‘º,51350592,155,197,
“ì¼•”,\’Ãì‘º,51350593,154,195,
“ì¼•”,\’Ãì‘º,51350594,154,195,
“ì¼•”,\’Ãì‘º,51350595,159,202,
“ì¼•”,\’Ãì‘º,51350596,152,193,
“ì¼•”,\’Ãì‘º,51350597,186,236,
“ì¼•”,\’Ãì‘º,51350598,172,218,
“ì¼•”,\’Ãì‘º,51350599,176,224,
“ì¼•”,\’Ãì‘º,51350600,169,215,
“ì¼•”,\’Ãì‘º,51350601,169,214,
“ì¼•”,\’Ãì‘º,51350602,154,195,
“ì¼•”,\’Ãì‘º,51350603,154,196,
“ì¼•”,\’Ãì‘º,51350604,157,199,
“ì¼•”,\’Ãì‘º,51350605,167,212,
“ì¼•”,\’Ãì‘º,51350606,170,216,
“ì¼•”,\’Ãì‘º,51350607,166,211,
“ì¼•”,\’Ãì‘º,51350608,179,227,
“ì¼•”,\’Ãì‘º,51350609,182,231,
“ì¼•”,\’Ãì‘º,51350610,182,231,
“ì¼•”,\’Ãì‘º,51350611,154,196,
“ì¼•”,\’Ãì‘º,51350612,161,205,
“ì¼•”,\’Ãì‘º,51350613,155,197,
“ì¼•”,\’Ãì‘º,51350614,155,197,
“ì¼•”,\’Ãì‘º,51350615,160,203,
“ì¼•”,\’Ãì‘º,51350616,171,217,
“ì¼•”,\’Ãì‘º,51350617,168,213,
“ì¼•”,\’Ãì‘º,51350618,180,229,
“ì¼•”,\’Ãì‘º,51350619,185,235,
“ì¼•”,\’Ãì‘º,51350620,169,214,
“ì¼•”,\’Ãì‘º,51350621,160,203,
“ì¼•”,\’Ãì‘º,51350622,161,205,
“ì¼•”,\’Ãì‘º,51350623,154,196,
“ì¼•”,\’Ãì‘º,51350624,157,199,
“ì¼•”,\’Ãì‘º,51350625,196,249,
“ì¼•”,\’Ãì‘º,51350626,172,218,
“ì¼•”,\’Ãì‘º,51350627,169,215,
“ì¼•”,\’Ãì‘º,51350628,182,231,
“ì¼•”,\’Ãì‘º,51350629,178,226,
“ì¼•”,\’Ãì‘º,51350630,161,205,
“ì¼•”,\’Ãì‘º,51350631,161,205,
“ì¼•”,\’Ãì‘º,51350632,161,205,
“ì¼•”,\’Ãì‘º,51350633,156,198,
“ì¼•”,\’Ãì‘º,51350634,158,200,
“ì¼•”,\’Ãì‘º,51350635,198,251,
“ì¼•”,\’Ãì‘º,51350636,165,209,
“ì¼•”,\’Ãì‘º,51350637,174,221,
“ì¼•”,\’Ãì‘º,51350638,173,220,
“ì¼•”,\’Ãì‘º,51350639,180,228,
“ì¼•”,\’Ãì‘º,51350640,169,215,
“ì¼•”,\’Ãì‘º,51350641,165,209,
“ì¼•”,\’Ãì‘º,51350642,186,236,
“ì¼•”,\’Ãì‘º,51350643,166,211,
“ì¼•”,\’Ãì‘º,51350644,158,201,
“ì¼•”,\’Ãì‘º,51350645,184,233,
“ì¼•”,\’Ãì‘º,51350646,157,199,
“ì¼•”,\’Ãì‘º,51350647,175,222,
“ì¼•”,\’Ãì‘º,51350648,174,221,
“ì¼•”,\’Ãì‘º,51350649,188,239,
“ì¼•”,\’Ãì‘º,51350650,169,215,
“ì¼•”,\’Ãì‘º,51350651,166,211,
“ì¼•”,\’Ãì‘º,51350652,189,240,
“ì¼•”,\’Ãì‘º,51350653,189,240,
“ì¼•”,\’Ãì‘º,51350654,180,228,
“ì¼•”,\’Ãì‘º,51350655,152,193,
“ì¼•”,\’Ãì‘º,51350656,155,197,
“ì¼•”,\’Ãì‘º,51350657,176,224,
“ì¼•”,\’Ãì‘º,51350658,173,220,
“ì¼•”,\’Ãì‘º,51350659,188,239,
“ì¼•”,\’Ãì‘º,51350660,161,205,
“ì¼•”,\’Ãì‘º,51350661,165,209,
“ì¼•”,\’Ãì‘º,51350662,186,236,
“ì¼•”,\’Ãì‘º,51350663,179,227,
“ì¼•”,\’Ãì‘º,51350664,164,208,
“ì¼•”,\’Ãì‘º,51350665,150,190,
“ì¼•”,\’Ãì‘º,51350666,156,198,
“ì¼•”,\’Ãì‘º,51350667,162,206,
“ì¼•”,\’Ãì‘º,51350668,176,224,
“ì¼•”,\’Ãì‘º,51350669,188,239,
“ì¼•”,\’Ãì‘º,51350670,165,210,
“ì¼•”,\’Ãì‘º,51350671,167,212,
“ì¼•”,\’Ãì‘º,51350672,154,195,
“ì¼•”,\’Ãì‘º,51350673,160,203,
“ì¼•”,\’Ãì‘º,51350674,154,195,
“ì¼•”,\’Ãì‘º,51350675,163,207,
“ì¼•”,\’Ãì‘º,51350676,171,217,
“ì¼•”,\’Ãì‘º,51350677,177,225,
“ì¼•”,\’Ãì‘º,51350678,187,237,
“ì¼•”,\’Ãì‘º,51350679,180,229,
“ì¼•”,\’Ãì‘º,51350680,172,218,
“ì¼•”,\’Ãì‘º,51350681,158,200,
“ì¼•”,\’Ãì‘º,51350682,150,190,
“ì¼•”,\’Ãì‘º,51350683,151,192,
“ì¼•”,\’Ãì‘º,51350684,153,194,
“ì¼•”,\’Ãì‘º,51350685,156,198,
“ì¼•”,\’Ãì‘º,51350686,161,205,
“ì¼•”,\’Ãì‘º,51350687,169,215,
“ì¼•”,\’Ãì‘º,51350688,177,225,
“ì¼•”,\’Ãì‘º,51350689,189,240,
“ì¼•”,\’Ãì‘º,51350690,165,209,
“ì¼•”,\’Ãì‘º,51350691,164,208,
“ì¼•”,\’Ãì‘º,51350692,165,209,
“ì¼•”,\’Ãì‘º,51350693,151,192,
“ì¼•”,\’Ãì‘º,51350694,154,195,
“ì¼•”,\’Ãì‘º,51350695,164,208,
“ì¼•”,\’Ãì‘º,51350696,154,196,
“ì¼•”,\’Ãì‘º,51350697,165,209,
“ì¼•”,\’Ãì‘º,51350698,182,231,
“ì¼•”,\’Ãì‘º,51350699,180,228,
“ì¼•”,\’Ãì‘º,51350700,184,234,
“ì¼•”,\’Ãì‘º,51350701,199,253,
“ì¼•”,\’Ãì‘º,51350702,191,242,
“ì¼•”,\’Ãì‘º,51350710,195,247,
“ì¼•”,\’Ãì‘º,51350711,202,256,
“ì¼•”,\’Ãì‘º,51350720,197,250,
“ì¼•”,\’Ãì‘º,51350721,191,243,
“ì¼•”,\’Ãì‘º,51350730,184,234,
“ì¼•”,\’Ãì‘º,51350731,193,245,
“ì¼•”,\’Ãì‘º,51350732,191,243,
“ì¼•”,\’Ãì‘º,51350740,194,246,
“ì¼•”,\’Ãì‘º,51350741,201,255,
“ì¼•”,\’Ãì‘º,51350750,191,243,
“ì¼•”,\’Ãì‘º,51350751,192,244,
“ì¼•”,\’Ãì‘º,51350760,184,233,
“ì¼•”,\’Ãì‘º,51350761,191,243,
“ì¼•”,\’Ãì‘º,51350770,184,234,
“ì¼•”,\’Ãì‘º,51350771,185,235,
“ì¼•”,\’Ãì‘º,51350780,191,242,
“ì¼•”,\’Ãì‘º,51350790,191,242,
“ì¼•”,\’Ãì‘º,51350791,188,238,
“ì¼•”,\’Ãì‘º,51351506,178,226,
“ì¼•”,\’Ãì‘º,51351507,197,250,
“ì¼•”,\’Ãì‘º,51351508,197,250,
“ì¼•”,\’Ãì‘º,51351509,189,240,
“ì¼•”,\’Ãì‘º,51351517,162,206,
“ì¼•”,\’Ãì‘º,51351518,197,250,
“ì¼•”,\’Ãì‘º,51351519,182,231,
“ì¼•”,\’Ãì‘º,51351528,155,197,
“ì¼•”,\’Ãì‘º,51351529,176,223,
“ì¼•”,\’Ãì‘º,51351538,161,205,
“ì¼•”,\’Ãì‘º,51351539,170,216,
“ì¼•”,\’Ãì‘º,51351548,162,206,
“ì¼•”,\’Ãì‘º,51351549,162,206,
“ì¼•”,\’Ãì‘º,51351559,176,223,
“ì¼•”,\’Ãì‘º,51351600,164,208,
“ì¼•”,\’Ãì‘º,51351601,170,216,
“ì¼•”,\’Ãì‘º,51351602,172,218,
“ì¼•”,\’Ãì‘º,51351603,152,193,
“ì¼•”,\’Ãì‘º,51351604,154,196,
“ì¼•”,\’Ãì‘º,51351605,150,190,
“ì¼•”,\’Ãì‘º,51351606,152,193,
“ì¼•”,\’Ãì‘º,51351607,174,221,
“ì¼•”,\’Ãì‘º,51351608,172,218,
“ì¼•”,\’Ãì‘º,51351609,171,217,
“ì¼•”,\’Ãì‘º,51351610,178,226,
“ì¼•”,\’Ãì‘º,51351611,184,234,
“ì¼•”,\’Ãì‘º,51351612,165,209,
“ì¼•”,\’Ãì‘º,51351613,167,212,
“ì¼•”,\’Ãì‘º,51351614,154,196,
“ì¼•”,\’Ãì‘º,51351615,158,201,
“ì¼•”,\’Ãì‘º,51351616,167,212,
“ì¼•”,\’Ãì‘º,51351617,173,219,
“ì¼•”,\’Ãì‘º,51351618,195,247,
“ì¼•”,\’Ãì‘º,51351619,169,215,
“ì¼•”,\’Ãì‘º,51351620,184,233,
“ì¼•”,\’Ãì‘º,51351621,176,224,
“ì¼•”,\’Ãì‘º,51351622,180,228,
“ì¼•”,\’Ãì‘º,51351623,169,214,
“ì¼•”,\’Ãì‘º,51351624,172,218,
“ì¼•”,\’Ãì‘º,51351625,209,265,
“ì¼•”,\’Ãì‘º,51351626,176,224,
“ì¼•”,\’Ãì‘º,51351627,173,219,
“ì¼•”,\’Ãì‘º,51351628,189,240,
“ì¼•”,\’Ãì‘º,51351629,186,236,
“ì¼•”,\’Ãì‘º,51351630,170,216,
“ì¼•”,\’Ãì‘º,51351631,144,183,
“ì¼•”,\’Ãì‘º,51351632,145,184,
“ì¼•”,\’Ãì‘º,51351633,146,186,
“ì¼•”,\’Ãì‘º,51351634,173,219,
“ì¼•”,\’Ãì‘º,51351635,187,237,
“ì¼•”,\’Ãì‘º,51351636,160,203,
“ì¼•”,\’Ãì‘º,51351637,172,218,
“ì¼•”,\’Ãì‘º,51351638,161,205,
“ì¼•”,\’Ãì‘º,51351639,172,218,
“ì¼•”,\’Ãì‘º,51351640,169,215,
“ì¼•”,\’Ãì‘º,51351641,142,181,
“ì¼•”,\’Ãì‘º,51351642,145,184,
“ì¼•”,\’Ãì‘º,51351643,148,188,
“ì¼•”,\’Ãì‘º,51351644,164,208,
“ì¼•”,\’Ãì‘º,51351645,157,199,
“ì¼•”,\’Ãì‘º,51351646,159,202,
“ì¼•”,\’Ãì‘º,51351647,165,209,
“ì¼•”,\’Ãì‘º,51351648,183,232,
“ì¼•”,\’Ãì‘º,51351649,170,216,
“ì¼•”,\’Ãì‘º,51351650,169,215,
“ì¼•”,\’Ãì‘º,51351651,143,182,
“ì¼•”,\’Ãì‘º,51351652,144,183,
“ì¼•”,\’Ãì‘º,51351653,145,184,
“ì¼•”,\’Ãì‘º,51351654,162,206,
“ì¼•”,\’Ãì‘º,51351655,184,234,
“ì¼•”,\’Ãì‘º,51351656,180,228,
“ì¼•”,\’Ãì‘º,51351657,169,214,
“ì¼•”,\’Ãì‘º,51351658,180,228,
“ì¼•”,\’Ãì‘º,51351659,203,258,
“ì¼•”,\’Ãì‘º,51351660,161,205,
“ì¼•”,\’Ãì‘º,51351661,163,207,
“ì¼•”,\’Ãì‘º,51351662,165,209,
“ì¼•”,\’Ãì‘º,51351664,180,229,
“ì¼•”,\’Ãì‘º,51351665,176,223,
“ì¼•”,\’Ãì‘º,51351666,192,244,
“ì¼•”,\’Ãì‘º,51351667,201,255,
“ì¼•”,\’Ãì‘º,51351668,184,234,
“ì¼•”,\’Ãì‘º,51351669,199,253,
“ì¼•”,\’Ãì‘º,51351670,154,195,
“ì¼•”,\’Ãì‘º,51351671,154,195,
“ì¼•”,\’Ãì‘º,51351679,176,224,
“ì¼•”,\’Ãì‘º,51351700,184,234,
“ì¼•”,\’Ãì‘º,51351701,180,228,
“ì¼•”,\’Ãì‘º,51351710,184,234,
“ì¼•”,\’Ãì‘º,51351711,189,240,
“ì¼•”,\’Ãì‘º,51351720,193,245,
“ì¼•”,\’Ãì‘º,51351721,184,233,
“ì¼•”,\’Ãì‘º,51351730,195,247,
“ì¼•”,\’Ãì‘º,51351731,192,244,
“ì¼•”,\’Ãì‘º,51351740,186,236,
“ì¼•”,\’Ãì‘º,51351741,191,242,
“ì¼•”,\’Ãì‘º,51351742,199,253,
“ì¼•”,\’Ãì‘º,51351750,174,221,
“ì¼•”,\’Ãì‘º,51351751,188,239,
“ì¼•”,\’Ãì‘º,51351752,215,273,
“ì¼•”,\’Ãì‘º,51351760,176,223,
“ì¼•”,\’Ãì‘º,51351761,185,235,
“ì¼•”,\’Ãì‘º,51351762,195,248,
“ì¼•”,\’Ãì‘º,51351770,167,212,
