i•Ê“Yj‘å‰JŒx•ñE’ˆÓ•ñ‚Ì“yë‰J—ÊŽw”Šî€’l,,,,—ß˜aŒ³”N5ŒŽ29“úŒ»Ý,
Žs’¬‘º“™‚ð‚Ü‚Æ‚ß‚½’nˆæ,Žs’¬‘º“™,’nˆæƒƒbƒVƒ…ƒR[ƒhi‚PkmŠiŽq‘Î‰žj,“yë‰J—ÊŽw”Šî€i’ˆÓ•ñj,“yë‰J—ÊŽw”Šî€iŒx•ñj,
‹ß]“ì•”,‘å’ÃŽs“ì•”,52352679,93,141,
‹ß]“ì•”,‘å’ÃŽs“ì•”,52352689,90,137,
‹ß]“ì•”,‘å’ÃŽs“ì•”,52352751,90,137,
‹ß]“ì•”,‘å’ÃŽs“ì•”,52352752,90,137,
‹ß]“ì•”,‘å’ÃŽs“ì•”,52352755,90,137,
‹ß]“ì•”,‘å’ÃŽs“ì•”,52352760,90,137,
‹ß]“ì•”,‘å’ÃŽs“ì•”,52352761,90,137,
‹ß]“ì•”,‘å’ÃŽs“ì•”,52352762,90,137,
‹ß]“ì•”,‘å’ÃŽs“ì•”,52352763,90,137,
‹ß]“ì•”,‘å’ÃŽs“ì•”,52352765,90,137,
‹ß]“ì•”,‘å’ÃŽs“ì•”,52352766,90,137,
‹ß]“ì•”,‘å’ÃŽs“ì•”,52352770,90,137,
‹ß]“ì•”,‘å’ÃŽs“ì•”,52352771,90,137,
‹ß]“ì•”,‘å’ÃŽs“ì•”,52352772,90,137,
‹ß]“ì•”,‘å’ÃŽs“ì•”,52352773,90,137,
‹ß]“ì•”,‘å’ÃŽs“ì•”,52352774,90,137,
‹ß]“ì•”,‘å’ÃŽs“ì•”,52352775,90,137,
‹ß]“ì•”,‘å’ÃŽs“ì•”,52352776,90,137,
‹ß]“ì•”,‘å’ÃŽs“ì•”,52352777,90,137,
‹ß]“ì•”,‘å’ÃŽs“ì•”,52352778,90,137,
‹ß]“ì•”,‘å’ÃŽs“ì•”,52352780,89,136,
‹ß]“ì•”,‘å’ÃŽs“ì•”,52352781,89,136,
‹ß]“ì•”,‘å’ÃŽs“ì•”,52352782,89,136,
‹ß]“ì•”,‘å’ÃŽs“ì•”,52352783,89,136,
‹ß]“ì•”,‘å’ÃŽs“ì•”,52352784,89,136,
‹ß]“ì•”,‘å’ÃŽs“ì•”,52352785,88,134,
‹ß]“ì•”,‘å’ÃŽs“ì•”,52352786,88,134,
‹ß]“ì•”,‘å’ÃŽs“ì•”,52352787,88,134,
‹ß]“ì•”,‘å’ÃŽs“ì•”,52352788,88,134,
‹ß]“ì•”,‘å’ÃŽs“ì•”,52352790,89,136,
‹ß]“ì•”,‘å’ÃŽs“ì•”,52352791,89,136,
‹ß]“ì•”,‘å’ÃŽs“ì•”,52352792,89,136,
‹ß]“ì•”,‘å’ÃŽs“ì•”,52352793,89,136,
‹ß]“ì•”,‘å’ÃŽs“ì•”,52352794,89,136,
‹ß]“ì•”,‘å’ÃŽs“ì•”,52352795,88,134,
‹ß]“ì•”,‘å’ÃŽs“ì•”,52352796,88,134,
‹ß]“ì•”,‘å’ÃŽs“ì•”,52352797,88,134,
‹ß]“ì•”,‘å’ÃŽs“ì•”,52352798,88,134,
‹ß]“ì•”,‘å’ÃŽs“ì•”,52352799,88,134,
‹ß]“ì•”,‘å’ÃŽs“ì•”,52353659,91,138,
‹ß]“ì•”,‘å’ÃŽs“ì•”,52353668,91,138,
‹ß]“ì•”,‘å’ÃŽs“ì•”,52353669,91,138,
‹ß]“ì•”,‘å’ÃŽs“ì•”,52353678,91,138,
‹ß]“ì•”,‘å’ÃŽs“ì•”,52353679,91,138,
‹ß]“ì•”,‘å’ÃŽs“ì•”,52353688,91,138,
‹ß]“ì•”,‘å’ÃŽs“ì•”,52353689,91,138,
‹ß]“ì•”,‘å’ÃŽs“ì•”,52353696,91,138,
‹ß]“ì•”,‘å’ÃŽs“ì•”,52353697,91,138,
‹ß]“ì•”,‘å’ÃŽs“ì•”,52353698,91,138,
‹ß]“ì•”,‘å’ÃŽs“ì•”,52353699,91,138,
‹ß]“ì•”,‘å’ÃŽs“ì•”,52353700,89,136,
‹ß]“ì•”,‘å’ÃŽs“ì•”,52353701,89,136,
‹ß]“ì•”,‘å’ÃŽs“ì•”,52353702,89,136,
‹ß]“ì•”,‘å’ÃŽs“ì•”,52353703,89,136,
‹ß]“ì•”,‘å’ÃŽs“ì•”,52353704,89,136,
‹ß]“ì•”,‘å’ÃŽs“ì•”,52353705,88,134,
‹ß]“ì•”,‘å’ÃŽs“ì•”,52353706,88,134,
‹ß]“ì•”,‘å’ÃŽs“ì•”,52353707,88,134,
‹ß]“ì•”,‘å’ÃŽs“ì•”,52353708,88,134,
‹ß]“ì•”,‘å’ÃŽs“ì•”,52353709,88,134,
‹ß]“ì•”,‘å’ÃŽs“ì•”,52353710,89,136,
‹ß]“ì•”,‘å’ÃŽs“ì•”,52353711,89,136,
‹ß]“ì•”,‘å’ÃŽs“ì•”,52353712,89,136,
‹ß]“ì•”,‘å’ÃŽs“ì•”,52353713,89,136,
‹ß]“ì•”,‘å’ÃŽs“ì•”,52353714,89,136,
‹ß]“ì•”,‘å’ÃŽs“ì•”,52353715,88,134,
‹ß]“ì•”,‘å’ÃŽs“ì•”,52353716,88,134,
‹ß]“ì•”,‘å’ÃŽs“ì•”,52353717,88,134,
‹ß]“ì•”,‘å’ÃŽs“ì•”,52353718,88,134,
‹ß]“ì•”,‘å’ÃŽs“ì•”,52353719,88,134,
‹ß]“ì•”,‘å’ÃŽs“ì•”,52353720,89,136,
‹ß]“ì•”,‘å’ÃŽs“ì•”,52353721,89,136,
‹ß]“ì•”,‘å’ÃŽs“ì•”,52353722,89,136,
‹ß]“ì•”,‘å’ÃŽs“ì•”,52353723,89,136,
‹ß]“ì•”,‘å’ÃŽs“ì•”,52353724,89,136,
‹ß]“ì•”,‘å’ÃŽs“ì•”,52353725,88,134,
‹ß]“ì•”,‘å’ÃŽs“ì•”,52353726,88,134,
‹ß]“ì•”,‘å’ÃŽs“ì•”,52353727,88,134,
‹ß]“ì•”,‘å’ÃŽs“ì•”,52353728,88,134,
‹ß]“ì•”,‘å’ÃŽs“ì•”,52353729,88,134,
‹ß]“ì•”,‘å’ÃŽs“ì•”,52353730,89,136,
‹ß]“ì•”,‘å’ÃŽs“ì•”,52353731,89,136,
‹ß]“ì•”,‘å’ÃŽs“ì•”,52353732,89,136,
‹ß]“ì•”,‘å’ÃŽs“ì•”,52353733,89,136,
‹ß]“ì•”,‘å’ÃŽs“ì•”,52353734,89,136,
‹ß]“ì•”,‘å’ÃŽs“ì•”,52353735,88,134,
‹ß]“ì•”,‘å’ÃŽs“ì•”,52353736,88,134,
‹ß]“ì•”,‘å’ÃŽs“ì•”,52353737,88,134,
‹ß]“ì•”,‘å’ÃŽs“ì•”,52353738,88,134,
‹ß]“ì•”,‘å’ÃŽs“ì•”,52353739,88,134,
‹ß]“ì•”,‘å’ÃŽs“ì•”,52353740,83,127,
‹ß]“ì•”,‘å’ÃŽs“ì•”,52353741,83,127,
‹ß]“ì•”,‘å’ÃŽs“ì•”,52353742,83,127,
‹ß]“ì•”,‘å’ÃŽs“ì•”,52353743,83,127,
‹ß]“ì•”,‘å’ÃŽs“ì•”,52353744,83,127,
‹ß]“ì•”,‘å’ÃŽs“ì•”,52353745,80,122,
‹ß]“ì•”,‘å’ÃŽs“ì•”,52353746,80,122,
‹ß]“ì•”,‘å’ÃŽs“ì•”,52353747,80,122,
‹ß]“ì•”,‘å’ÃŽs“ì•”,52353748,80,122,
‹ß]“ì•”,‘å’ÃŽs“ì•”,52353749,80,122,
‹ß]“ì•”,‘å’ÃŽs“ì•”,52353750,83,127,
‹ß]“ì•”,‘å’ÃŽs“ì•”,52353751,83,127,
‹ß]“ì•”,‘å’ÃŽs“ì•”,52353752,83,127,
‹ß]“ì•”,‘å’ÃŽs“ì•”,52353753,83,127,
‹ß]“ì•”,‘å’ÃŽs“ì•”,52353754,83,127,
‹ß]“ì•”,‘å’ÃŽs“ì•”,52353755,80,122,
‹ß]“ì•”,‘å’ÃŽs“ì•”,52353756,80,122,
‹ß]“ì•”,‘å’ÃŽs“ì•”,52353757,80,122,
‹ß]“ì•”,‘å’ÃŽs“ì•”,52353758,80,122,
‹ß]“ì•”,‘å’ÃŽs“ì•”,52353759,80,122,
‹ß]“ì•”,‘å’ÃŽs“ì•”,52353760,83,127,
‹ß]“ì•”,‘å’ÃŽs“ì•”,52353761,83,127,
‹ß]“ì•”,‘å’ÃŽs“ì•”,52353762,83,127,
‹ß]“ì•”,‘å’ÃŽs“ì•”,52353763,83,127,
‹ß]“ì•”,‘å’ÃŽs“ì•”,52353764,83,127,
‹ß]“ì•”,‘å’ÃŽs“ì•”,52353765,80,122,
‹ß]“ì•”,‘å’ÃŽs“ì•”,52353766,80,122,
‹ß]“ì•”,‘å’ÃŽs“ì•”,52353767,80,122,
‹ß]“ì•”,‘å’ÃŽs“ì•”,52353768,80,122,
‹ß]“ì•”,‘å’ÃŽs“ì•”,52353769,80,122,
‹ß]“ì•”,‘å’ÃŽs“ì•”,52353770,83,127,
‹ß]“ì•”,‘å’ÃŽs“ì•”,52353771,83,127,
‹ß]“ì•”,‘å’ÃŽs“ì•”,52353772,83,127,
‹ß]“ì•”,‘å’ÃŽs“ì•”,52353773,83,127,
‹ß]“ì•”,‘å’ÃŽs“ì•”,52353774,83,127,
‹ß]“ì•”,‘å’ÃŽs“ì•”,52353775,80,122,
‹ß]“ì•”,‘å’ÃŽs“ì•”,52353777,80,122,
‹ß]“ì•”,‘å’ÃŽs“ì•”,52353778,80,122,
‹ß]“ì•”,‘å’ÃŽs“ì•”,52353780,83,127,
‹ß]“ì•”,‘å’ÃŽs“ì•”,52353781,83,127,
‹ß]“ì•”,‘å’ÃŽs“ì•”,52353782,83,127,
‹ß]“ì•”,‘å’ÃŽs“ì•”,52353783,83,127,
‹ß]“ì•”,‘å’ÃŽs“ì•”,52353784,83,127,
‹ß]“ì•”,‘å’ÃŽs“ì•”,52353790,83,127,
‹ß]“ì•”,‘å’ÃŽs“ì•”,52353791,83,127,
‹ß]“ì•”,‘å’ÃŽs“ì•”,52354607,89,136,
‹ß]“ì•”,‘å’ÃŽs“ì•”,52354608,89,136,
‹ß]“ì•”,‘å’ÃŽs“ì•”,52354609,89,136,
‹ß]“ì•”,‘å’ÃŽs“ì•”,52354617,89,136,
‹ß]“ì•”,‘å’ÃŽs“ì•”,52354618,89,136,
‹ß]“ì•”,‘å’ÃŽs“ì•”,52354619,89,136,
‹ß]“ì•”,‘å’ÃŽs“ì•”,52354627,89,136,
‹ß]“ì•”,‘å’ÃŽs“ì•”,52354628,89,136,
‹ß]“ì•”,‘å’ÃŽs“ì•”,52354629,89,136,
‹ß]“ì•”,‘å’ÃŽs“ì•”,52354636,89,136,
‹ß]“ì•”,‘å’ÃŽs“ì•”,52354637,89,136,
‹ß]“ì•”,‘å’ÃŽs“ì•”,52354638,89,136,
‹ß]“ì•”,‘å’ÃŽs“ì•”,52354639,89,136,
‹ß]“ì•”,‘å’ÃŽs“ì•”,52354646,89,136,
‹ß]“ì•”,‘å’ÃŽs“ì•”,52354647,89,136,
‹ß]“ì•”,‘å’ÃŽs“ì•”,52354648,89,136,
‹ß]“ì•”,‘å’ÃŽs“ì•”,52354649,89,136,
‹ß]“ì•”,‘å’ÃŽs“ì•”,52354655,89,136,
‹ß]“ì•”,‘å’ÃŽs“ì•”,52354656,89,136,
‹ß]“ì•”,‘å’ÃŽs“ì•”,52354657,89,136,
‹ß]“ì•”,‘å’ÃŽs“ì•”,52354658,89,136,
‹ß]“ì•”,‘å’ÃŽs“ì•”,52354659,89,136,
‹ß]“ì•”,‘å’ÃŽs“ì•”,52354666,94,143,
‹ß]“ì•”,‘å’ÃŽs“ì•”,52354667,94,143,
‹ß]“ì•”,‘å’ÃŽs“ì•”,52354668,94,143,
‹ß]“ì•”,‘å’ÃŽs“ì•”,52354669,94,143,
‹ß]“ì•”,‘å’ÃŽs“ì•”,52354677,94,143,
‹ß]“ì•”,‘å’ÃŽs“ì•”,52354678,94,143,
‹ß]“ì•”,‘å’ÃŽs“ì•”,52354679,94,143,
‹ß]“ì•”,‘å’ÃŽs“ì•”,52354687,94,143,
‹ß]“ì•”,‘å’ÃŽs“ì•”,52354688,94,143,
‹ß]“ì•”,‘å’ÃŽs“ì•”,52354689,94,143,
‹ß]“ì•”,‘å’ÃŽs“ì•”,52354697,94,143,
‹ß]“ì•”,‘å’ÃŽs“ì•”,52354698,94,143,
‹ß]“ì•”,‘å’ÃŽs“ì•”,52354699,94,143,
‹ß]“ì•”,‘å’ÃŽs“ì•”,52354700,80,122,
‹ß]“ì•”,‘å’ÃŽs“ì•”,52354701,80,122,
‹ß]“ì•”,‘å’ÃŽs“ì•”,52354760,83,126,
‹ß]“ì•”,‘å’ÃŽs“ì•”,52354770,83,126,
‹ß]“ì•”,‘å’ÃŽs“ì•”,52354771,83,126,
‹ß]“ì•”,‘å’ÃŽs“ì•”,52354780,83,126,
‹ß]“ì•”,‘å’ÃŽs“ì•”,52354781,83,126,
‹ß]“ì•”,‘å’ÃŽs“ì•”,52354790,83,126,
‹ß]“ì•”,‘å’ÃŽs“ì•”,52354791,83,126,
‹ß]“ì•”,‘å’ÃŽs“ì•”,52355607,94,143,
‹ß]“ì•”,‘å’ÃŽs“ì•”,52355608,94,143,
‹ß]“ì•”,‘å’ÃŽs“ì•”,52355609,94,143,
‹ß]“ì•”,‘å’ÃŽs“ì•”,52355617,94,143,
‹ß]“ì•”,‘å’ÃŽs“ì•”,52355618,94,143,
‹ß]“ì•”,‘å’ÃŽs“ì•”,52355619,94,143,
‹ß]“ì•”,‘å’ÃŽs“ì•”,52355627,90,137,
‹ß]“ì•”,‘å’ÃŽs“ì•”,52355628,90,137,
‹ß]“ì•”,‘å’ÃŽs“ì•”,52355629,90,137,
‹ß]“ì•”,‘å’ÃŽs“ì•”,52355638,90,137,
‹ß]“ì•”,‘å’ÃŽs“ì•”,52355700,83,126,
‹ß]“ì•”,‘å’ÃŽs“ì•”,52355701,83,126,
‹ß]“ì•”,‘å’ÃŽs“ì•”,52355702,83,126,
‹ß]“ì•”,‘å’ÃŽs“ì•”,52355710,83,126,
‹ß]“ì•”,‘å’ÃŽs“ì•”,52355711,83,126,
‹ß]“ì•”,‘å’ÃŽs“ì•”,52355712,83,126,
‹ß]“ì•”,‘å’ÃŽs“ì•”,52355720,87,132,
‹ß]“ì•”,‘å’ÃŽs“ì•”,52355721,87,132,
‹ß]“ì•”,‘å’ÃŽs“ì•”,52355722,87,132,
‹ß]“ì•”,‘å’ÃŽs“ì•”,52355723,87,132,
‹ß]“ì•”,‘å’ÃŽs“ì•”,52355730,87,132,
‹ß]“ì•”,‘å’ÃŽs“ì•”,52355731,87,132,
‹ß]“ì•”,‘å’ÃŽs“ì•”,52355732,87,132,
‹ß]“ì•”,‘å’ÃŽs“ì•”,52355733,87,132,
‹ß]“ì•”,‘å’ÃŽs“ì•”,52355734,87,|,
‹ß]“ì•”,‘å’ÃŽs“ì•”,52355742,87,132,
‹ß]“ì•”,‘å’ÃŽs“ì•”,52355743,87,132,
‹ß]“ì•”,‘å’ÃŽs“ì•”,52355744,87,|,
‹ß]“ì•”,‘å’ÃŽs“ì•”,52355751,87,132,
‹ß]“ì•”,‘å’ÃŽs“ì•”,52355752,87,132,
‹ß]“ì•”,‘å’ÃŽs“ì•”,52355753,87,132,
‹ß]“ì•”,‘å’ÃŽs“ì•”,52355754,87,132,
‹ß]“ì•”,‘å’ÃŽs“ì•”,52355761,87,132,
‹ß]“ì•”,‘å’ÃŽs“ì•”,52355762,87,132,
‹ß]“ì•”,‘å’ÃŽs“ì•”,52355763,87,132,
‹ß]“ì•”,‘å’ÃŽs“ì•”,52355764,87,132,
‹ß]“ì•”,‘å’ÃŽs“ì•”,52355771,87,132,
‹ß]“ì•”,‘å’ÃŽs“ì•”,52355772,87,132,
‹ß]“ì•”,‘å’ÃŽs“ì•”,52363000,88,134,
‹ß]“ì•”,‘å’ÃŽs“ì•”,52363001,88,134,
‹ß]“ì•”,‘å’ÃŽs“ì•”,52363010,88,134,
‹ß]“ì•”,‘å’ÃŽs“ì•”,52363011,88,134,
‹ß]“ì•”,‘å’ÃŽs“ì•”,52363012,88,134,
‹ß]“ì•”,‘å’ÃŽs“ì•”,52363020,88,134,
‹ß]“ì•”,‘å’ÃŽs“ì•”,52363021,88,134,
‹ß]“ì•”,‘å’ÃŽs“ì•”,52363022,88,134,
‹ß]“ì•”,‘å’ÃŽs“ì•”,52363030,88,134,
‹ß]“ì•”,‘å’ÃŽs“ì•”,52363040,89,136,
‹ß]“ì•”,‘å’ÃŽs“ì•”,52363050,89,136,
‹ß]“ì•”,‘å’ÃŽs“ì•”,52363060,89,136,
‹ß]“ì•”,‘’ÃŽs,52353776,80,122,
‹ß]“ì•”,‘’ÃŽs,52353785,80,122,
‹ß]“ì•”,‘’ÃŽs,52353786,80,122,
‹ß]“ì•”,‘’ÃŽs,52353787,80,122,
‹ß]“ì•”,‘’ÃŽs,52353788,80,122,
‹ß]“ì•”,‘’ÃŽs,52353792,96,|,
‹ß]“ì•”,‘’ÃŽs,52353793,83,127,
‹ß]“ì•”,‘’ÃŽs,52353794,83,127,
‹ß]“ì•”,‘’ÃŽs,52353795,80,122,
‹ß]“ì•”,‘’ÃŽs,52353796,80,122,
‹ß]“ì•”,‘’ÃŽs,52353797,80,122,
‹ß]“ì•”,‘’ÃŽs,52353798,80,122,
‹ß]“ì•”,‘’ÃŽs,52353799,80,122,
‹ß]“ì•”,‘’ÃŽs,52354702,96,|,
‹ß]“ì•”,‘’ÃŽs,52354703,96,|,
‹ß]“ì•”,‘’ÃŽs,52354704,96,|,
‹ß]“ì•”,‘’ÃŽs,52354705,80,122,
‹ß]“ì•”,‘’ÃŽs,52354706,80,122,
‹ß]“ì•”,‘’ÃŽs,52354707,80,122,
‹ß]“ì•”,‘’ÃŽs,52354708,80,122,
‹ß]“ì•”,‘’ÃŽs,52354712,96,|,
‹ß]“ì•”,‘’ÃŽs,52354713,96,|,
‹ß]“ì•”,‘’ÃŽs,52354714,96,|,
‹ß]“ì•”,‘’ÃŽs,52354715,96,|,
‹ß]“ì•”,‘’ÃŽs,52354716,80,122,
‹ß]“ì•”,‘’ÃŽs,52354717,80,122,
‹ß]“ì•”,‘’ÃŽs,52354723,96,|,
‹ß]“ì•”,‘’ÃŽs,52354724,96,|,
‹ß]“ì•”,‘’ÃŽs,52354725,96,|,
‹ß]“ì•”,‘’ÃŽs,52354726,96,|,
‹ß]“ì•”,‘’ÃŽs,52354727,80,122,
‹ß]“ì•”,‘’ÃŽs,52354732,96,|,
‹ß]“ì•”,‘’ÃŽs,52354733,96,|,
‹ß]“ì•”,‘’ÃŽs,52354734,96,|,
‹ß]“ì•”,‘’ÃŽs,52354735,96,|,
‹ß]“ì•”,‘’ÃŽs,52354736,96,|,
‹ß]“ì•”,‘’ÃŽs,52354737,80,122,
‹ß]“ì•”,‘’ÃŽs,52354742,96,|,
‹ß]“ì•”,‘’ÃŽs,52354743,96,|,
‹ß]“ì•”,‘’ÃŽs,52354744,96,|,
‹ß]“ì•”,‘’ÃŽs,52354745,96,|,
‹ß]“ì•”,‘’ÃŽs,52354746,96,|,
‹ß]“ì•”,‘’ÃŽs,52354752,96,|,
‹ß]“ì•”,‘’ÃŽs,52354753,96,|,
‹ß]“ì•”,‘’ÃŽs,52354754,96,|,
‹ß]“ì•”,‘’ÃŽs,52354755,96,|,
‹ß]“ì•”,‘’ÃŽs,52354756,96,|,
‹ß]“ì•”,‘’ÃŽs,52354763,96,|,
‹ß]“ì•”,‘’ÃŽs,52354764,96,|,
‹ß]“ì•”,‘’ÃŽs,52354765,96,|,
‹ß]“ì•”,‘’ÃŽs,52354766,96,|,
‹ß]“ì•”,‘’ÃŽs,52354774,96,|,
‹ß]“ì•”,‘’ÃŽs,52354775,96,|,
‹ß]“ì•”,‘’ÃŽs,52354784,96,|,
‹ß]“ì•”,‘’ÃŽs,52354785,96,|,
‹ß]“ì•”,‘’ÃŽs,52354794,96,|,
‹ß]“ì•”,ŽçŽRŽs,52354758,96,|,
‹ß]“ì•”,ŽçŽRŽs,52354759,96,|,
‹ß]“ì•”,ŽçŽRŽs,52354767,96,|,
‹ß]“ì•”,ŽçŽRŽs,52354768,96,|,
‹ß]“ì•”,ŽçŽRŽs,52354769,96,|,
‹ß]“ì•”,ŽçŽRŽs,52354776,96,|,
‹ß]“ì•”,ŽçŽRŽs,52354777,96,|,
‹ß]“ì•”,ŽçŽRŽs,52354778,96,|,
‹ß]“ì•”,ŽçŽRŽs,52354779,96,|,
‹ß]“ì•”,ŽçŽRŽs,52354786,96,|,
‹ß]“ì•”,ŽçŽRŽs,52354787,96,|,
‹ß]“ì•”,ŽçŽRŽs,52354788,96,|,
‹ß]“ì•”,ŽçŽRŽs,52354789,96,|,
‹ß]“ì•”,ŽçŽRŽs,52354795,96,|,
‹ß]“ì•”,ŽçŽRŽs,52354796,96,|,
‹ß]“ì•”,ŽçŽRŽs,52354797,96,|,
‹ß]“ì•”,ŽçŽRŽs,52354798,96,|,
‹ß]“ì•”,ŽçŽRŽs,52354799,96,|,
‹ß]“ì•”,ŽçŽRŽs,52355705,96,|,
‹ß]“ì•”,ŽçŽRŽs,52355706,96,|,
‹ß]“ì•”,ŽçŽRŽs,52355707,96,|,
‹ß]“ì•”,ŽçŽRŽs,52355708,96,|,
‹ß]“ì•”,ŽçŽRŽs,52355709,96,|,
‹ß]“ì•”,ŽçŽRŽs,52355714,96,|,
‹ß]“ì•”,ŽçŽRŽs,52355715,96,|,
‹ß]“ì•”,ŽçŽRŽs,52355716,96,|,
‹ß]“ì•”,ŽçŽRŽs,52355717,96,|,
‹ß]“ì•”,ŽçŽRŽs,52355718,96,|,
‹ß]“ì•”,ŽçŽRŽs,52355719,96,|,
‹ß]“ì•”,ŽçŽRŽs,52355725,96,|,
‹ß]“ì•”,ŽçŽRŽs,52355726,96,|,
‹ß]“ì•”,ŽçŽRŽs,52355727,96,|,
‹ß]“ì•”,ŽçŽRŽs,52355728,96,|,
‹ß]“ì•”,ŽçŽRŽs,52355729,96,|,
‹ß]“ì•”,ŽçŽRŽs,52355735,96,|,
‹ß]“ì•”,ŽçŽRŽs,52355736,96,|,
‹ß]“ì•”,ŽçŽRŽs,52355737,96,|,
‹ß]“ì•”,ŽçŽRŽs,52355738,96,|,
‹ß]“ì•”,ŽçŽRŽs,52355739,96,|,
‹ß]“ì•”,ŽçŽRŽs,52355745,96,|,
‹ß]“ì•”,ŽçŽRŽs,52355746,96,|,
‹ß]“ì•”,ŽçŽRŽs,52355747,96,|,
‹ß]“ì•”,ŽçŽRŽs,52355748,96,|,
‹ß]“ì•”,ŽçŽRŽs,52355755,96,|,
‹ß]“ì•”,ŽçŽRŽs,52355756,96,|,
‹ß]“ì•”,ŽçŽRŽs,52364060,96,|,
‹ß]“ì•”,ŽçŽRŽs,52364090,96,|,
‹ß]“ì•”,ŽçŽRŽs,52365000,96,|,
‹ß]“ì•”,ŒI“ŒŽs,52353779,80,122,
‹ß]“ì•”,ŒI“ŒŽs,52353789,80,122,
‹ß]“ì•”,ŒI“ŒŽs,52354709,80,122,
‹ß]“ì•”,ŒI“ŒŽs,52354718,80,122,
‹ß]“ì•”,ŒI“ŒŽs,52354719,80,122,
‹ß]“ì•”,ŒI“ŒŽs,52354728,80,122,
‹ß]“ì•”,ŒI“ŒŽs,52354729,80,122,
‹ß]“ì•”,ŒI“ŒŽs,52354738,80,122,
‹ß]“ì•”,ŒI“ŒŽs,52354739,80,122,
‹ß]“ì•”,ŒI“ŒŽs,52354747,96,|,
‹ß]“ì•”,ŒI“ŒŽs,52354748,96,|,
‹ß]“ì•”,ŒI“ŒŽs,52354749,96,|,
‹ß]“ì•”,ŒI“ŒŽs,52354757,96,|,
‹ß]“ì•”,ŒI“ŒŽs,52363031,88,134,
‹ß]“ì•”,ŒI“ŒŽs,52363032,88,134,
‹ß]“ì•”,ŒI“ŒŽs,52363041,89,136,
‹ß]“ì•”,ŒI“ŒŽs,52363042,89,136,
‹ß]“ì•”,ŒI“ŒŽs,52363043,89,136,
‹ß]“ì•”,ŒI“ŒŽs,52363051,89,136,
‹ß]“ì•”,ŒI“ŒŽs,52363052,89,136,
‹ß]“ì•”,ŒI“ŒŽs,52363053,89,136,
‹ß]“ì•”,ŒI“ŒŽs,52363054,89,136,
‹ß]“ì•”,ŒI“ŒŽs,52363061,89,136,
‹ß]“ì•”,ŒI“ŒŽs,52363062,89,136,
‹ß]“ì•”,ŒI“ŒŽs,52363063,89,136,
‹ß]“ì•”,ŒI“ŒŽs,52363070,89,136,
‹ß]“ì•”,ŒI“ŒŽs,52363071,89,136,
‹ß]“ì•”,ŒI“ŒŽs,52363072,89,136,
‹ß]“ì•”,ŒI“ŒŽs,52363073,89,136,
‹ß]“ì•”,ŒI“ŒŽs,52363080,89,136,
‹ß]“ì•”,ŒI“ŒŽs,52363081,89,136,
‹ß]“ì•”,ŒI“ŒŽs,52363082,89,136,
‹ß]“ì•”,ŒI“ŒŽs,52363090,89,136,
‹ß]“ì•”,ŒI“ŒŽs,52363091,89,136,
‹ß]“ì•”,ŒI“ŒŽs,52363092,89,136,
‹ß]“ì•”,ŒI“ŒŽs,52364000,80,122,
‹ß]“ì•”,ŒI“ŒŽs,52364001,80,122,
‹ß]“ì•”,ŒI“ŒŽs,52364002,80,122,
‹ß]“ì•”,ŒI“ŒŽs,52364010,80,122,
‹ß]“ì•”,ŒI“ŒŽs,52364011,80,122,
‹ß]“ì•”,ŒI“ŒŽs,52364012,80,122,
‹ß]“ì•”,ŒI“ŒŽs,52364020,80,122,
‹ß]“ì•”,ŒI“ŒŽs,52364021,80,122,
‹ß]“ì•”,ŒI“ŒŽs,52364022,80,122,
‹ß]“ì•”,ŒI“ŒŽs,52364030,80,122,
‹ß]“ì•”,ŒI“ŒŽs,52364031,80,122,
‹ß]“ì•”,ŒI“ŒŽs,52364032,80,122,
‹ß]“ì•”,ŒI“ŒŽs,52364040,80,122,
‹ß]“ì•”,ŒI“ŒŽs,52364041,80,122,
‹ß]“ì•”,ŒI“ŒŽs,52364050,96,|,
‹ß]“ì•”,ŒI“ŒŽs,52364051,80,122,
‹ß]“ì•”,–ìFŽs,52355749,96,|,
‹ß]“ì•”,–ìFŽs,52355758,96,|,
‹ß]“ì•”,–ìFŽs,52355759,96,|,
‹ß]“ì•”,–ìFŽs,52355768,96,|,
‹ß]“ì•”,–ìFŽs,52355769,96,|,
‹ß]“ì•”,–ìFŽs,52355778,96,|,
‹ß]“ì•”,–ìFŽs,52355779,96,|,
‹ß]“ì•”,–ìFŽs,52364033,80,122,
‹ß]“ì•”,–ìFŽs,52364042,80,122,
‹ß]“ì•”,–ìFŽs,52364043,80,122,
‹ß]“ì•”,–ìFŽs,52364052,80,122,
‹ß]“ì•”,–ìFŽs,52364053,80,122,
‹ß]“ì•”,–ìFŽs,52364061,81,124,
‹ß]“ì•”,–ìFŽs,52364062,81,124,
‹ß]“ì•”,–ìFŽs,52364063,81,124,
‹ß]“ì•”,–ìFŽs,52364064,81,124,
‹ß]“ì•”,–ìFŽs,52364070,96,|,
‹ß]“ì•”,–ìFŽs,52364071,81,124,
‹ß]“ì•”,–ìFŽs,52364072,81,124,
‹ß]“ì•”,–ìFŽs,52364073,81,124,
‹ß]“ì•”,–ìFŽs,52364074,81,124,
‹ß]“ì•”,–ìFŽs,52364075,83,127,
‹ß]“ì•”,–ìFŽs,52364080,96,|,
‹ß]“ì•”,–ìFŽs,52364081,81,124,
‹ß]“ì•”,–ìFŽs,52364082,81,124,
‹ß]“ì•”,–ìFŽs,52364083,81,124,
‹ß]“ì•”,–ìFŽs,52364084,81,124,
‹ß]“ì•”,–ìFŽs,52364085,83,127,
‹ß]“ì•”,–ìFŽs,52364091,96,|,
‹ß]“ì•”,–ìFŽs,52364092,81,124,
‹ß]“ì•”,–ìFŽs,52364093,81,124,
‹ß]“ì•”,–ìFŽs,52364094,81,124,
‹ß]“ì•”,–ìFŽs,52364095,83,127,
‹ß]“ì•”,–ìFŽs,52365001,96,|,
‹ß]“ì•”,–ìFŽs,52365002,96,|,
‹ß]“ì•”,–ìFŽs,52365003,81,124,
‹ß]“ì•”,–ìFŽs,52365004,81,124,
‹ß]“ì•”,–ìFŽs,52365005,83,127,
‹ß]“ì•”,–ìFŽs,52365010,96,|,
‹ß]“ì•”,–ìFŽs,52365011,96,|,
‹ß]“ì•”,–ìFŽs,52365012,96,|,
‹ß]“ì•”,–ìFŽs,52365013,81,124,
‹ß]“ì•”,–ìFŽs,52365014,81,124,
‹ß]“ì•”,–ìFŽs,52365015,83,127,
‹ß]“ì•”,–ìFŽs,52365020,96,|,
‹ß]“ì•”,–ìFŽs,52365021,96,|,
‹ß]“ì•”,–ìFŽs,52365022,96,|,
‹ß]“ì•”,–ìFŽs,52365023,96,|,
‹ß]“ì•”,–ìFŽs,52365024,96,|,
‹ß]“ì•”,–ìFŽs,52365030,96,|,
‹ß]“ì•”,–ìFŽs,52365031,96,|,
‹ß]“ì•”,–ìFŽs,52365032,96,|,
‹ß]“ì•”,–ìFŽs,52365040,96,|,
‹ß]“ì•”,–ìFŽs,52365041,96,|,
‹ß]“ì•”,–ìFŽs,52365050,96,|,
‹ß]“ì•”,–ìFŽs,52365051,96,|,
‹ß]“ì•”,–ìFŽs,52365060,96,|,
‹ß]“ì•”,–ìFŽs,52365061,96,|,
“Œ‹ß],‹ß]”ª”¦Žs,52365016,96,121,
“Œ‹ß],‹ß]”ª”¦Žs,52365018,96,121,
“Œ‹ß],‹ß]”ª”¦Žs,52365019,96,121,
“Œ‹ß],‹ß]”ª”¦Žs,52365025,96,120,
“Œ‹ß],‹ß]”ª”¦Žs,52365026,96,120,
“Œ‹ß],‹ß]”ª”¦Žs,52365027,96,120,
“Œ‹ß],‹ß]”ª”¦Žs,52365028,96,120,
“Œ‹ß],‹ß]”ª”¦Žs,52365029,96,120,
“Œ‹ß],‹ß]”ª”¦Žs,52365033,96,|,
“Œ‹ß],‹ß]”ª”¦Žs,52365034,96,|,
“Œ‹ß],‹ß]”ª”¦Žs,52365035,96,|,
“Œ‹ß],‹ß]”ª”¦Žs,52365036,96,|,
“Œ‹ß],‹ß]”ª”¦Žs,52365037,96,|,
“Œ‹ß],‹ß]”ª”¦Žs,52365038,96,120,
“Œ‹ß],‹ß]”ª”¦Žs,52365039,96,120,
“Œ‹ß],‹ß]”ª”¦Žs,52365042,96,|,
“Œ‹ß],‹ß]”ª”¦Žs,52365043,96,|,
“Œ‹ß],‹ß]”ª”¦Žs,52365044,96,|,
“Œ‹ß],‹ß]”ª”¦Žs,52365045,96,|,
“Œ‹ß],‹ß]”ª”¦Žs,52365046,96,|,
“Œ‹ß],‹ß]”ª”¦Žs,52365047,96,|,
“Œ‹ß],‹ß]”ª”¦Žs,52365048,96,|,
“Œ‹ß],‹ß]”ª”¦Žs,52365049,96,120,
“Œ‹ß],‹ß]”ª”¦Žs,52365052,93,117,
“Œ‹ß],‹ß]”ª”¦Žs,52365053,93,117,
“Œ‹ß],‹ß]”ª”¦Žs,52365054,93,117,
“Œ‹ß],‹ß]”ª”¦Žs,52365055,96,120,
“Œ‹ß],‹ß]”ª”¦Žs,52365056,96,120,
“Œ‹ß],‹ß]”ª”¦Žs,52365057,96,120,
“Œ‹ß],‹ß]”ª”¦Žs,52365058,96,120,
“Œ‹ß],‹ß]”ª”¦Žs,52365059,96,120,
“Œ‹ß],‹ß]”ª”¦Žs,52365062,93,117,
“Œ‹ß],‹ß]”ª”¦Žs,52365063,93,117,
“Œ‹ß],‹ß]”ª”¦Žs,52365064,93,117,
“Œ‹ß],‹ß]”ª”¦Žs,52365065,96,120,
“Œ‹ß],‹ß]”ª”¦Žs,52365066,96,120,
“Œ‹ß],‹ß]”ª”¦Žs,52365067,96,120,
“Œ‹ß],‹ß]”ª”¦Žs,52365068,96,120,
“Œ‹ß],‹ß]”ª”¦Žs,52365069,96,120,
“Œ‹ß],‹ß]”ª”¦Žs,52365071,96,|,
“Œ‹ß],‹ß]”ª”¦Žs,52365072,93,117,
“Œ‹ß],‹ß]”ª”¦Žs,52365073,93,117,
“Œ‹ß],‹ß]”ª”¦Žs,52365074,93,117,
“Œ‹ß],‹ß]”ª”¦Žs,52365075,96,120,
“Œ‹ß],‹ß]”ª”¦Žs,52365076,96,120,
“Œ‹ß],‹ß]”ª”¦Žs,52365077,96,120,
“Œ‹ß],‹ß]”ª”¦Žs,52365078,96,120,
“Œ‹ß],‹ß]”ª”¦Žs,52365079,96,120,
“Œ‹ß],‹ß]”ª”¦Žs,52365084,101,127,
“Œ‹ß],‹ß]”ª”¦Žs,52365085,94,118,
“Œ‹ß],‹ß]”ª”¦Žs,52365086,94,118,
“Œ‹ß],‹ß]”ª”¦Žs,52365087,94,118,
“Œ‹ß],‹ß]”ª”¦Žs,52365088,94,118,
“Œ‹ß],‹ß]”ª”¦Žs,52365089,94,118,
“Œ‹ß],‹ß]”ª”¦Žs,52365094,101,127,
“Œ‹ß],‹ß]”ª”¦Žs,52365095,94,118,
“Œ‹ß],‹ß]”ª”¦Žs,52365096,94,118,
“Œ‹ß],‹ß]”ª”¦Žs,52365097,94,118,
“Œ‹ß],‹ß]”ª”¦Žs,52365098,94,118,
“Œ‹ß],‹ß]”ª”¦Žs,52365099,94,118,
“Œ‹ß],‹ß]”ª”¦Žs,52365100,92,116,
“Œ‹ß],‹ß]”ª”¦Žs,52365130,92,116,
“Œ‹ß],‹ß]”ª”¦Žs,52365131,92,116,
“Œ‹ß],‹ß]”ª”¦Žs,52365132,92,116,
“Œ‹ß],‹ß]”ª”¦Žs,52365140,92,116,
“Œ‹ß],‹ß]”ª”¦Žs,52365141,92,116,
“Œ‹ß],‹ß]”ª”¦Žs,52365142,92,116,
“Œ‹ß],‹ß]”ª”¦Žs,52365143,92,116,
“Œ‹ß],‹ß]”ª”¦Žs,52365150,92,116,
“Œ‹ß],‹ß]”ª”¦Žs,52365151,92,116,
“Œ‹ß],‹ß]”ª”¦Žs,52365152,92,116,
“Œ‹ß],‹ß]”ª”¦Žs,52365153,92,116,
“Œ‹ß],‹ß]”ª”¦Žs,52365160,92,116,
“Œ‹ß],‹ß]”ª”¦Žs,52365161,92,116,
“Œ‹ß],‹ß]”ª”¦Žs,52365162,92,116,
“Œ‹ß],‹ß]”ª”¦Žs,52365163,92,116,
“Œ‹ß],‹ß]”ª”¦Žs,52365170,92,116,
“Œ‹ß],‹ß]”ª”¦Žs,52365171,92,116,
“Œ‹ß],‹ß]”ª”¦Žs,52365172,92,116,
“Œ‹ß],‹ß]”ª”¦Žs,52365180,92,115,
“Œ‹ß],‹ß]”ª”¦Žs,52365181,92,115,
“Œ‹ß],‹ß]”ª”¦Žs,52365190,92,115,
“Œ‹ß],‹ß]”ª”¦Žs,52366004,101,127,
“Œ‹ß],‹ß]”ª”¦Žs,52366005,94,118,
“Œ‹ß],‹ß]”ª”¦Žs,52366006,94,118,
“Œ‹ß],‹ß]”ª”¦Žs,52366007,94,118,
“Œ‹ß],‹ß]”ª”¦Žs,52366008,94,118,
“Œ‹ß],‹ß]”ª”¦Žs,52366009,94,118,
“Œ‹ß],‹ß]”ª”¦Žs,52366014,101,127,
“Œ‹ß],‹ß]”ª”¦Žs,52366015,94,118,
“Œ‹ß],‹ß]”ª”¦Žs,52366016,94,118,
“Œ‹ß],‹ß]”ª”¦Žs,52366017,94,118,
“Œ‹ß],‹ß]”ª”¦Žs,52366018,94,118,
“Œ‹ß],‹ß]”ª”¦Žs,52366019,94,118,
“Œ‹ß],‹ß]”ª”¦Žs,52366025,94,118,
“Œ‹ß],‹ß]”ª”¦Žs,52366026,94,118,
“Œ‹ß],‹ß]”ª”¦Žs,52366027,94,118,
“Œ‹ß],‹ß]”ª”¦Žs,52366028,94,118,
“Œ‹ß],‹ß]”ª”¦Žs,52366034,101,127,
“Œ‹ß],‹ß]”ª”¦Žs,52366036,94,118,
“Œ‹ß],‹ß]”ª”¦Žs,52366037,94,118,
“Œ‹ß],‹ß]”ª”¦Žs,52366044,101,127,
“Œ‹ß],‹ß]”ª”¦Žs,52366045,100,126,
“Œ‹ß],‹ß]”ª”¦Žs,52366046,100,126,
“Œ‹ß],‹ß]”ª”¦Žs,52366047,100,126,
“Œ‹ß],‹ß]”ª”¦Žs,52366054,101,127,
“Œ‹ß],‹ß]”ª”¦Žs,52366055,100,126,
“Œ‹ß],‹ß]”ª”¦Žs,52366056,100,126,
“Œ‹ß],‹ß]”ª”¦Žs,52366100,92,115,
“Œ‹ß],“Œ‹ß]Žs,52364124,91,114,
“Œ‹ß],“Œ‹ß]Žs,52364133,91,114,
“Œ‹ß],“Œ‹ß]Žs,52364134,91,114,
“Œ‹ß],“Œ‹ß]Žs,52364135,92,116,
“Œ‹ß],“Œ‹ß]Žs,52364142,91,114,
“Œ‹ß],“Œ‹ß]Žs,52364143,91,114,
“Œ‹ß],“Œ‹ß]Žs,52364144,91,114,
“Œ‹ß],“Œ‹ß]Žs,52364145,92,116,
“Œ‹ß],“Œ‹ß]Žs,52364146,92,116,
“Œ‹ß],“Œ‹ß]Žs,52364152,91,114,
“Œ‹ß],“Œ‹ß]Žs,52364153,91,114,
“Œ‹ß],“Œ‹ß]Žs,52364154,91,114,
“Œ‹ß],“Œ‹ß]Žs,52364155,92,116,
“Œ‹ß],“Œ‹ß]Žs,52364156,92,116,
“Œ‹ß],“Œ‹ß]Žs,52364162,92,116,
“Œ‹ß],“Œ‹ß]Žs,52364163,92,116,
“Œ‹ß],“Œ‹ß]Žs,52364164,92,116,
“Œ‹ß],“Œ‹ß]Žs,52364165,94,118,
“Œ‹ß],“Œ‹ß]Žs,52364166,94,118,
“Œ‹ß],“Œ‹ß]Žs,52364172,92,116,
“Œ‹ß],“Œ‹ß]Žs,52364173,92,116,
“Œ‹ß],“Œ‹ß]Žs,52364174,92,116,
“Œ‹ß],“Œ‹ß]Žs,52364175,94,118,
“Œ‹ß],“Œ‹ß]Žs,52364176,94,118,
“Œ‹ß],“Œ‹ß]Žs,52364177,94,118,
“Œ‹ß],“Œ‹ß]Žs,52364182,92,116,
“Œ‹ß],“Œ‹ß]Žs,52364183,92,116,
“Œ‹ß],“Œ‹ß]Žs,52364184,92,116,
“Œ‹ß],“Œ‹ß]Žs,52364185,94,118,
“Œ‹ß],“Œ‹ß]Žs,52364186,94,118,
“Œ‹ß],“Œ‹ß]Žs,52364187,94,118,
“Œ‹ß],“Œ‹ß]Žs,52364188,94,118,
“Œ‹ß],“Œ‹ß]Žs,52364189,94,118,
“Œ‹ß],“Œ‹ß]Žs,52364191,92,116,
“Œ‹ß],“Œ‹ß]Žs,52364192,92,116,
“Œ‹ß],“Œ‹ß]Žs,52364193,92,116,
“Œ‹ß],“Œ‹ß]Žs,52364194,92,116,
“Œ‹ß],“Œ‹ß]Žs,52364195,94,118,
“Œ‹ß],“Œ‹ß]Žs,52364196,94,118,
“Œ‹ß],“Œ‹ß]Žs,52364197,94,118,
“Œ‹ß],“Œ‹ß]Žs,52364198,94,118,
“Œ‹ß],“Œ‹ß]Žs,52364199,94,118,
“Œ‹ß],“Œ‹ß]Žs,52364227,132,|,
“Œ‹ß],“Œ‹ß]Žs,52364229,132,|,
“Œ‹ß],“Œ‹ß]Žs,52364237,107,134,
“Œ‹ß],“Œ‹ß]Žs,52364238,132,|,
“Œ‹ß],“Œ‹ß]Žs,52364239,132,|,
“Œ‹ß],“Œ‹ß]Žs,52364246,107,134,
“Œ‹ß],“Œ‹ß]Žs,52364247,107,134,
“Œ‹ß],“Œ‹ß]Žs,52364248,132,|,
“Œ‹ß],“Œ‹ß]Žs,52364249,132,|,
“Œ‹ß],“Œ‹ß]Žs,52364255,107,134,
“Œ‹ß],“Œ‹ß]Žs,52364256,107,134,
“Œ‹ß],“Œ‹ß]Žs,52364257,107,134,
“Œ‹ß],“Œ‹ß]Žs,52364258,132,|,
“Œ‹ß],“Œ‹ß]Žs,52364259,132,|,
“Œ‹ß],“Œ‹ß]Žs,52364264,98,123,
“Œ‹ß],“Œ‹ß]Žs,52364265,109,137,
“Œ‹ß],“Œ‹ß]Žs,52364266,109,137,
“Œ‹ß],“Œ‹ß]Žs,52364267,109,137,
“Œ‹ß],“Œ‹ß]Žs,52364268,132,|,
“Œ‹ß],“Œ‹ß]Žs,52364269,132,|,
“Œ‹ß],“Œ‹ß]Žs,52364271,98,123,
“Œ‹ß],“Œ‹ß]Žs,52364272,98,123,
“Œ‹ß],“Œ‹ß]Žs,52364273,98,123,
“Œ‹ß],“Œ‹ß]Žs,52364274,98,123,
“Œ‹ß],“Œ‹ß]Žs,52364275,109,137,
“Œ‹ß],“Œ‹ß]Žs,52364276,109,137,
“Œ‹ß],“Œ‹ß]Žs,52364277,109,137,
“Œ‹ß],“Œ‹ß]Žs,52364278,109,137,
“Œ‹ß],“Œ‹ß]Žs,52364279,132,|,
“Œ‹ß],“Œ‹ß]Žs,52364280,98,123,
“Œ‹ß],“Œ‹ß]Žs,52364281,98,123,
“Œ‹ß],“Œ‹ß]Žs,52364282,98,123,
“Œ‹ß],“Œ‹ß]Žs,52364283,98,123,
“Œ‹ß],“Œ‹ß]Žs,52364284,98,123,
“Œ‹ß],“Œ‹ß]Žs,52364285,109,137,
“Œ‹ß],“Œ‹ß]Žs,52364286,109,137,
“Œ‹ß],“Œ‹ß]Žs,52364287,109,137,
“Œ‹ß],“Œ‹ß]Žs,52364288,109,137,
“Œ‹ß],“Œ‹ß]Žs,52364289,109,137,
“Œ‹ß],“Œ‹ß]Žs,52364290,98,123,
“Œ‹ß],“Œ‹ß]Žs,52364291,98,123,
“Œ‹ß],“Œ‹ß]Žs,52364292,98,123,
“Œ‹ß],“Œ‹ß]Žs,52364293,98,123,
“Œ‹ß],“Œ‹ß]Žs,52364294,98,123,
“Œ‹ß],“Œ‹ß]Žs,52364295,109,137,
“Œ‹ß],“Œ‹ß]Žs,52364296,109,137,
“Œ‹ß],“Œ‹ß]Žs,52364297,109,137,
“Œ‹ß],“Œ‹ß]Žs,52364298,109,137,
“Œ‹ß],“Œ‹ß]Žs,52364299,109,137,
“Œ‹ß],“Œ‹ß]Žs,52364320,132,|,
“Œ‹ß],“Œ‹ß]Žs,52364321,132,|,
“Œ‹ß],“Œ‹ß]Žs,52364322,132,|,
“Œ‹ß],“Œ‹ß]Žs,52364323,132,|,
“Œ‹ß],“Œ‹ß]Žs,52364330,132,|,
“Œ‹ß],“Œ‹ß]Žs,52364331,132,|,
“Œ‹ß],“Œ‹ß]Žs,52364332,132,|,
“Œ‹ß],“Œ‹ß]Žs,52364333,132,|,
“Œ‹ß],“Œ‹ß]Žs,52364340,132,|,
“Œ‹ß],“Œ‹ß]Žs,52364341,132,|,
“Œ‹ß],“Œ‹ß]Žs,52364342,132,|,
“Œ‹ß],“Œ‹ß]Žs,52364350,132,|,
“Œ‹ß],“Œ‹ß]Žs,52364351,132,|,
“Œ‹ß],“Œ‹ß]Žs,52364352,132,|,
“Œ‹ß],“Œ‹ß]Žs,52364360,132,|,
“Œ‹ß],“Œ‹ß]Žs,52364361,132,|,
“Œ‹ß],“Œ‹ß]Žs,52364362,132,|,
“Œ‹ß],“Œ‹ß]Žs,52364363,132,|,
“Œ‹ß],“Œ‹ß]Žs,52364370,132,|,
“Œ‹ß],“Œ‹ß]Žs,52364371,132,|,
“Œ‹ß],“Œ‹ß]Žs,52364372,132,|,
“Œ‹ß],“Œ‹ß]Žs,52364373,132,|,
“Œ‹ß],“Œ‹ß]Žs,52364374,132,|,
“Œ‹ß],“Œ‹ß]Žs,52364380,132,165,
“Œ‹ß],“Œ‹ß]Žs,52364381,132,165,
“Œ‹ß],“Œ‹ß]Žs,52364382,132,165,
“Œ‹ß],“Œ‹ß]Žs,52364383,132,|,
“Œ‹ß],“Œ‹ß]Žs,52364384,132,|,
“Œ‹ß],“Œ‹ß]Žs,52364390,132,165,
“Œ‹ß],“Œ‹ß]Žs,52364391,132,165,
“Œ‹ß],“Œ‹ß]Žs,52364392,132,165,
“Œ‹ß],“Œ‹ß]Žs,52364393,132,|,
“Œ‹ß],“Œ‹ß]Žs,52364394,132,|,
“Œ‹ß],“Œ‹ß]Žs,52365101,92,116,
“Œ‹ß],“Œ‹ß]Žs,52365102,92,116,
“Œ‹ß],“Œ‹ß]Žs,52365103,92,116,
“Œ‹ß],“Œ‹ß]Žs,52365104,92,116,
“Œ‹ß],“Œ‹ß]Žs,52365105,94,118,
“Œ‹ß],“Œ‹ß]Žs,52365106,94,118,
“Œ‹ß],“Œ‹ß]Žs,52365107,94,118,
“Œ‹ß],“Œ‹ß]Žs,52365108,94,118,
“Œ‹ß],“Œ‹ß]Žs,52365109,94,118,
“Œ‹ß],“Œ‹ß]Žs,52365110,92,116,
“Œ‹ß],“Œ‹ß]Žs,52365111,92,116,
“Œ‹ß],“Œ‹ß]Žs,52365112,92,116,
“Œ‹ß],“Œ‹ß]Žs,52365113,92,116,
“Œ‹ß],“Œ‹ß]Žs,52365114,100,|,
“Œ‹ß],“Œ‹ß]Žs,52365115,100,|,
“Œ‹ß],“Œ‹ß]Žs,52365116,100,|,
“Œ‹ß],“Œ‹ß]Žs,52365117,100,|,
“Œ‹ß],“Œ‹ß]Žs,52365118,94,118,
“Œ‹ß],“Œ‹ß]Žs,52365119,94,118,
“Œ‹ß],“Œ‹ß]Žs,52365120,92,116,
“Œ‹ß],“Œ‹ß]Žs,52365121,92,116,
“Œ‹ß],“Œ‹ß]Žs,52365122,92,116,
“Œ‹ß],“Œ‹ß]Žs,52365123,92,116,
“Œ‹ß],“Œ‹ß]Žs,52365124,92,116,
“Œ‹ß],“Œ‹ß]Žs,52365125,92,116,
“Œ‹ß],“Œ‹ß]Žs,52365126,92,116,
“Œ‹ß],“Œ‹ß]Žs,52365127,100,|,
“Œ‹ß],“Œ‹ß]Žs,52365128,92,116,
“Œ‹ß],“Œ‹ß]Žs,52365129,92,116,
“Œ‹ß],“Œ‹ß]Žs,52365133,92,116,
“Œ‹ß],“Œ‹ß]Žs,52365134,92,116,
“Œ‹ß],“Œ‹ß]Žs,52365135,92,116,
“Œ‹ß],“Œ‹ß]Žs,52365136,92,116,
“Œ‹ß],“Œ‹ß]Žs,52365137,100,|,
“Œ‹ß],“Œ‹ß]Žs,52365138,92,116,
“Œ‹ß],“Œ‹ß]Žs,52365139,92,116,
“Œ‹ß],“Œ‹ß]Žs,52365144,92,116,
“Œ‹ß],“Œ‹ß]Žs,52365145,92,116,
“Œ‹ß],“Œ‹ß]Žs,52365146,92,116,
“Œ‹ß],“Œ‹ß]Žs,52365147,100,|,
“Œ‹ß],“Œ‹ß]Žs,52365148,92,116,
“Œ‹ß],“Œ‹ß]Žs,52365149,92,116,
“Œ‹ß],“Œ‹ß]Žs,52365154,92,116,
“Œ‹ß],“Œ‹ß]Žs,52365155,92,116,
“Œ‹ß],“Œ‹ß]Žs,52365156,92,116,
“Œ‹ß],“Œ‹ß]Žs,52365157,100,|,
“Œ‹ß],“Œ‹ß]Žs,52365158,100,|,
“Œ‹ß],“Œ‹ß]Žs,52365159,100,|,
“Œ‹ß],“Œ‹ß]Žs,52365164,92,116,
“Œ‹ß],“Œ‹ß]Žs,52365165,92,116,
“Œ‹ß],“Œ‹ß]Žs,52365166,92,116,
“Œ‹ß],“Œ‹ß]Žs,52365167,100,|,
“Œ‹ß],“Œ‹ß]Žs,52365168,100,|,
“Œ‹ß],“Œ‹ß]Žs,52365169,100,|,
“Œ‹ß],“Œ‹ß]Žs,52365173,92,116,
“Œ‹ß],“Œ‹ß]Žs,52365174,92,116,
“Œ‹ß],“Œ‹ß]Žs,52365175,92,116,
“Œ‹ß],“Œ‹ß]Žs,52365176,92,116,
“Œ‹ß],“Œ‹ß]Žs,52365177,100,|,
“Œ‹ß],“Œ‹ß]Žs,52365178,100,|,
“Œ‹ß],“Œ‹ß]Žs,52365179,100,|,
“Œ‹ß],“Œ‹ß]Žs,52365182,92,115,
“Œ‹ß],“Œ‹ß]Žs,52365183,92,115,
“Œ‹ß],“Œ‹ß]Žs,52365184,92,115,
“Œ‹ß],“Œ‹ß]Žs,52365185,92,115,
“Œ‹ß],“Œ‹ß]Žs,52365188,100,|,
“Œ‹ß],“Œ‹ß]Žs,52365191,92,115,
“Œ‹ß],“Œ‹ß]Žs,52365192,92,115,
“Œ‹ß],“Œ‹ß]Žs,52365193,92,115,
“Œ‹ß],“Œ‹ß]Žs,52365194,92,115,
“Œ‹ß],“Œ‹ß]Žs,52365195,92,115,
“Œ‹ß],“Œ‹ß]Žs,52365200,98,123,
“Œ‹ß],“Œ‹ß]Žs,52365201,98,123,
“Œ‹ß],“Œ‹ß]Žs,52365202,98,123,
“Œ‹ß],“Œ‹ß]Žs,52365203,98,123,
“Œ‹ß],“Œ‹ß]Žs,52365204,98,123,
“Œ‹ß],“Œ‹ß]Žs,52365205,109,137,
“Œ‹ß],“Œ‹ß]Žs,52365206,109,137,
“Œ‹ß],“Œ‹ß]Žs,52365207,109,137,
“Œ‹ß],“Œ‹ß]Žs,52365208,109,137,
“Œ‹ß],“Œ‹ß]Žs,52365209,109,137,
“Œ‹ß],“Œ‹ß]Žs,52365210,98,123,
“Œ‹ß],“Œ‹ß]Žs,52365211,98,123,
“Œ‹ß],“Œ‹ß]Žs,52365212,98,123,
“Œ‹ß],“Œ‹ß]Žs,52365213,98,123,
“Œ‹ß],“Œ‹ß]Žs,52365214,98,123,
“Œ‹ß],“Œ‹ß]Žs,52365215,109,137,
“Œ‹ß],“Œ‹ß]Žs,52365216,112,|,
“Œ‹ß],“Œ‹ß]Žs,52365217,109,137,
“Œ‹ß],“Œ‹ß]Žs,52365218,109,137,
“Œ‹ß],“Œ‹ß]Žs,52365219,109,137,
“Œ‹ß],“Œ‹ß]Žs,52365220,94,118,
“Œ‹ß],“Œ‹ß]Žs,52365221,94,118,
“Œ‹ß],“Œ‹ß]Žs,52365222,94,118,
“Œ‹ß],“Œ‹ß]Žs,52365223,94,118,
“Œ‹ß],“Œ‹ß]Žs,52365224,94,118,
“Œ‹ß],“Œ‹ß]Žs,52365225,112,|,
“Œ‹ß],“Œ‹ß]Žs,52365226,112,|,
“Œ‹ß],“Œ‹ß]Žs,52365227,112,141,
“Œ‹ß],“Œ‹ß]Žs,52365228,112,141,
“Œ‹ß],“Œ‹ß]Žs,52365229,112,141,
“Œ‹ß],“Œ‹ß]Žs,52365230,94,118,
“Œ‹ß],“Œ‹ß]Žs,52365231,94,118,
“Œ‹ß],“Œ‹ß]Žs,52365232,94,118,
“Œ‹ß],“Œ‹ß]Žs,52365233,94,118,
“Œ‹ß],“Œ‹ß]Žs,52365234,94,118,
“Œ‹ß],“Œ‹ß]Žs,52365235,112,141,
“Œ‹ß],“Œ‹ß]Žs,52365236,112,141,
“Œ‹ß],“Œ‹ß]Žs,52365237,112,141,
“Œ‹ß],“Œ‹ß]Žs,52365238,112,141,
“Œ‹ß],“Œ‹ß]Žs,52365239,112,141,
“Œ‹ß],“Œ‹ß]Žs,52365240,94,118,
“Œ‹ß],“Œ‹ß]Žs,52365241,94,118,
“Œ‹ß],“Œ‹ß]Žs,52365242,94,118,
“Œ‹ß],“Œ‹ß]Žs,52365243,94,118,
“Œ‹ß],“Œ‹ß]Žs,52365244,94,118,
“Œ‹ß],“Œ‹ß]Žs,52365245,112,141,
“Œ‹ß],“Œ‹ß]Žs,52365246,112,141,
“Œ‹ß],“Œ‹ß]Žs,52365247,112,141,
“Œ‹ß],“Œ‹ß]Žs,52365248,112,141,
“Œ‹ß],“Œ‹ß]Žs,52365249,112,141,
“Œ‹ß],“Œ‹ß]Žs,52365250,94,118,
“Œ‹ß],“Œ‹ß]Žs,52365251,94,118,
“Œ‹ß],“Œ‹ß]Žs,52365252,94,118,
“Œ‹ß],“Œ‹ß]Žs,52365253,94,118,
“Œ‹ß],“Œ‹ß]Žs,52365254,94,118,
“Œ‹ß],“Œ‹ß]Žs,52365255,112,141,
“Œ‹ß],“Œ‹ß]Žs,52365256,112,141,
“Œ‹ß],“Œ‹ß]Žs,52365257,112,141,
“Œ‹ß],“Œ‹ß]Žs,52365258,112,141,
“Œ‹ß],“Œ‹ß]Žs,52365259,112,141,
“Œ‹ß],“Œ‹ß]Žs,52365260,94,118,
“Œ‹ß],“Œ‹ß]Žs,52365261,94,118,
“Œ‹ß],“Œ‹ß]Žs,52365262,94,118,
“Œ‹ß],“Œ‹ß]Žs,52365263,94,118,
“Œ‹ß],“Œ‹ß]Žs,52365264,94,118,
“Œ‹ß],“Œ‹ß]Žs,52365265,112,141,
“Œ‹ß],“Œ‹ß]Žs,52365266,112,141,
“Œ‹ß],“Œ‹ß]Žs,52365270,94,118,
“Œ‹ß],“Œ‹ß]Žs,52365271,94,118,
“Œ‹ß],“Œ‹ß]Žs,52365272,94,118,
“Œ‹ß],“Œ‹ß]Žs,52365273,94,118,
“Œ‹ß],“Œ‹ß]Žs,52365274,94,118,
“Œ‹ß],“Œ‹ß]Žs,52365275,112,141,
“Œ‹ß],“Œ‹ß]Žs,52365280,97,122,
“Œ‹ß],“Œ‹ß]Žs,52365281,97,122,
“Œ‹ß],“Œ‹ß]Žs,52365283,97,122,
“Œ‹ß],“Œ‹ß]Žs,52365284,97,122,
“Œ‹ß],“Œ‹ß]Žs,52365300,132,165,
“Œ‹ß],“Œ‹ß]Žs,52365301,132,165,
“Œ‹ß],“Œ‹ß]Žs,52365302,132,165,
“Œ‹ß],“Œ‹ß]Žs,52365303,132,165,
“Œ‹ß],“Œ‹ß]Žs,52365304,132,165,
“Œ‹ß],“Œ‹ß]Žs,52365310,132,165,
“Œ‹ß],“Œ‹ß]Žs,52365311,132,165,
“Œ‹ß],“Œ‹ß]Žs,52365312,132,165,
“Œ‹ß],“Œ‹ß]Žs,52365313,132,165,
“Œ‹ß],“Œ‹ß]Žs,52365314,132,165,
“Œ‹ß],“Œ‹ß]Žs,52365320,136,171,
“Œ‹ß],“Œ‹ß]Žs,52365321,136,171,
“Œ‹ß],“Œ‹ß]Žs,52365322,136,171,
“Œ‹ß],“Œ‹ß]Žs,52365323,136,171,
“Œ‹ß],“Œ‹ß]Žs,52365324,136,171,
“Œ‹ß],“Œ‹ß]Žs,52365330,136,171,
“Œ‹ß],“Œ‹ß]Žs,52365331,136,171,
“Œ‹ß],“Œ‹ß]Žs,52365332,136,171,
“Œ‹ß],“Œ‹ß]Žs,52365333,136,171,
“Œ‹ß],“Œ‹ß]Žs,52365334,136,171,
“Œ‹ß],“Œ‹ß]Žs,52365340,136,171,
“Œ‹ß],“Œ‹ß]Žs,52365341,136,171,
“Œ‹ß],“Œ‹ß]Žs,52365342,136,|,
“Œ‹ß],“Œ‹ß]Žs,52365343,136,|,
“Œ‹ß],“Œ‹ß]Žs,52365344,136,|,
“Œ‹ß],“Œ‹ß]Žs,52365345,136,|,
“Œ‹ß],“Œ‹ß]Žs,52365350,136,171,
“Œ‹ß],“Œ‹ß]Žs,52365351,136,171,
“Œ‹ß],“Œ‹ß]Žs,52365352,136,171,
“Œ‹ß],“Œ‹ß]Žs,52365353,136,|,
“Œ‹ß],“Œ‹ß]Žs,52365354,136,|,
“Œ‹ß],“Œ‹ß]Žs,52365360,136,171,
“Œ‹ß],“Œ‹ß]Žs,52365361,136,171,
“Œ‹ß],“Œ‹ß]Žs,52365362,136,171,
“Œ‹ß],“Œ‹ß]Žs,52365363,136,171,
“Œ‹ß],“Œ‹ß]Žs,52365364,136,171,
“Œ‹ß],“Œ‹ß]Žs,52365371,136,171,
“Œ‹ß],“Œ‹ß]Žs,52365372,136,171,
“Œ‹ß],“Œ‹ß]Žs,52365373,136,171,
“Œ‹ß],“Œ‹ß]Žs,52365374,136,171,
“Œ‹ß],“Œ‹ß]Žs,52365375,136,170,
“Œ‹ß],“Œ‹ß]Žs,52365381,133,167,
“Œ‹ß],“Œ‹ß]Žs,52365382,133,167,
“Œ‹ß],“Œ‹ß]Žs,52365383,133,167,
“Œ‹ß],“Œ‹ß]Žs,52365384,133,167,
“Œ‹ß],“Œ‹ß]Žs,52365385,132,166,
“Œ‹ß],“Œ‹ß]Žs,52365391,136,|,
“Œ‹ß],“Œ‹ß]Žs,52365392,136,|,
“Œ‹ß],“Œ‹ß]Žs,52365393,133,167,
“Œ‹ß],“Œ‹ß]Žs,52365394,133,167,
“Œ‹ß],“Œ‹ß]Žs,52365395,132,166,
“Œ‹ß],“Œ‹ß]Žs,52366029,100,|,
“Œ‹ß],“Œ‹ß]Žs,52366038,94,118,
“Œ‹ß],“Œ‹ß]Žs,52366039,100,|,
“Œ‹ß],“Œ‹ß]Žs,52366048,100,126,
“Œ‹ß],“Œ‹ß]Žs,52366049,100,|,
“Œ‹ß],“Œ‹ß]Žs,52366058,100,126,
“Œ‹ß],“Œ‹ß]Žs,52366059,100,|,
“Œ‹ß],“Œ‹ß]Žs,52366101,92,115,
“Œ‹ß],“Œ‹ß]Žs,52366102,92,115,
“Œ‹ß],“Œ‹ß]Žs,52366103,92,115,
“Œ‹ß],“Œ‹ß]Žs,52366104,92,115,
“Œ‹ß],“Œ‹ß]Žs,52366105,92,115,
“Œ‹ß],“Œ‹ß]Žs,52366110,100,|,
“Œ‹ß],“Œ‹ß]Žs,52366111,92,115,
“Œ‹ß],“Œ‹ß]Žs,52366112,92,115,
“Œ‹ß],“Œ‹ß]Žs,52366113,92,115,
“Œ‹ß],“Œ‹ß]Žs,52366114,92,115,
“Œ‹ß],“Œ‹ß]Žs,52366115,92,115,
“Œ‹ß],“Œ‹ß]Žs,52366120,100,|,
“Œ‹ß],“Œ‹ß]Žs,52366121,92,115,
“Œ‹ß],“Œ‹ß]Žs,52366122,92,115,
“Œ‹ß],“Œ‹ß]Žs,52366123,92,115,
“Œ‹ß],“Œ‹ß]Žs,52366124,92,115,
“Œ‹ß],“Œ‹ß]Žs,52366125,92,115,
“Œ‹ß],“Œ‹ß]Žs,52366130,100,|,
“Œ‹ß],“Œ‹ß]Žs,52366131,100,|,
“Œ‹ß],“Œ‹ß]Žs,52366132,100,|,
“Œ‹ß],“Œ‹ß]Žs,52366133,100,|,
“Œ‹ß],“Œ‹ß]Žs,52366140,100,|,
“Œ‹ß],“Œ‹ß]Žs,52366141,100,|,
“Œ‹ß],“Œ‹ß]Žs,52366142,100,|,
“Œ‹ß],“Œ‹ß]Žs,52366150,100,|,
“Œ‹ß],“Œ‹ß]Žs,52366300,136,|,
“Œ‹ß],“Œ‹ß]Žs,52366301,136,|,
“Œ‹ß],“Œ‹ß]Žs,52366302,136,|,
“Œ‹ß],“Œ‹ß]Žs,52366303,136,|,
“Œ‹ß],“Œ‹ß]Žs,52366304,136,|,
“Œ‹ß],“Œ‹ß]Žs,52366310,136,|,
“Œ‹ß],“Œ‹ß]Žs,52366311,136,|,
“Œ‹ß],“Œ‹ß]Žs,52366312,136,|,
“Œ‹ß],“Œ‹ß]Žs,52366313,136,|,
“Œ‹ß],“Œ‹ß]Žs,52366314,136,|,
“Œ‹ß],“Œ‹ß]Žs,52366320,136,|,
“Œ‹ß],“Œ‹ß]Žs,52366321,136,|,
“Œ‹ß],“Œ‹ß]Žs,52366322,136,|,
“Œ‹ß],“ú–ì’¬,52363159,96,120,
“Œ‹ß],“ú–ì’¬,52363168,96,120,
“Œ‹ß],“ú–ì’¬,52363169,96,120,
“Œ‹ß],“ú–ì’¬,52363178,96,120,
“Œ‹ß],“ú–ì’¬,52363179,96,120,
“Œ‹ß],“ú–ì’¬,52363186,96,120,
“Œ‹ß],“ú–ì’¬,52363187,96,120,
“Œ‹ß],“ú–ì’¬,52363188,96,120,
“Œ‹ß],“ú–ì’¬,52363189,96,120,
“Œ‹ß],“ú–ì’¬,52363195,96,120,
“Œ‹ß],“ú–ì’¬,52363196,96,120,
“Œ‹ß],“ú–ì’¬,52363197,96,120,
“Œ‹ß],“ú–ì’¬,52363198,96,120,
“Œ‹ß],“ú–ì’¬,52363199,96,120,
“Œ‹ß],“ú–ì’¬,52363250,97,122,
“Œ‹ß],“ú–ì’¬,52363260,97,122,
“Œ‹ß],“ú–ì’¬,52363261,97,122,
“Œ‹ß],“ú–ì’¬,52363262,97,122,
“Œ‹ß],“ú–ì’¬,52363270,97,122,
“Œ‹ß],“ú–ì’¬,52363271,97,122,
“Œ‹ß],“ú–ì’¬,52363272,97,122,
“Œ‹ß],“ú–ì’¬,52363273,97,122,
“Œ‹ß],“ú–ì’¬,52363280,97,122,
“Œ‹ß],“ú–ì’¬,52363281,97,122,
“Œ‹ß],“ú–ì’¬,52363282,97,122,
“Œ‹ß],“ú–ì’¬,52363283,97,122,
“Œ‹ß],“ú–ì’¬,52363284,97,122,
“Œ‹ß],“ú–ì’¬,52363285,110,138,
“Œ‹ß],“ú–ì’¬,52363286,110,138,
“Œ‹ß],“ú–ì’¬,52363290,97,122,
“Œ‹ß],“ú–ì’¬,52363291,97,122,
“Œ‹ß],“ú–ì’¬,52363292,97,122,
“Œ‹ß],“ú–ì’¬,52363293,97,122,
“Œ‹ß],“ú–ì’¬,52363294,97,122,
“Œ‹ß],“ú–ì’¬,52363295,110,138,
“Œ‹ß],“ú–ì’¬,52363296,110,138,
“Œ‹ß],“ú–ì’¬,52364105,92,116,
“Œ‹ß],“ú–ì’¬,52364106,92,116,
“Œ‹ß],“ú–ì’¬,52364107,92,116,
“Œ‹ß],“ú–ì’¬,52364108,92,116,
“Œ‹ß],“ú–ì’¬,52364109,92,116,
“Œ‹ß],“ú–ì’¬,52364115,92,116,
“Œ‹ß],“ú–ì’¬,52364116,92,116,
“Œ‹ß],“ú–ì’¬,52364117,92,116,
“Œ‹ß],“ú–ì’¬,52364118,92,116,
“Œ‹ß],“ú–ì’¬,52364119,92,116,
“Œ‹ß],“ú–ì’¬,52364125,92,116,
“Œ‹ß],“ú–ì’¬,52364126,92,116,
“Œ‹ß],“ú–ì’¬,52364127,92,116,
“Œ‹ß],“ú–ì’¬,52364128,92,116,
“Œ‹ß],“ú–ì’¬,52364129,92,116,
“Œ‹ß],“ú–ì’¬,52364136,92,116,
“Œ‹ß],“ú–ì’¬,52364137,92,116,
“Œ‹ß],“ú–ì’¬,52364138,92,116,
“Œ‹ß],“ú–ì’¬,52364139,92,116,
“Œ‹ß],“ú–ì’¬,52364147,92,116,
“Œ‹ß],“ú–ì’¬,52364148,92,116,
“Œ‹ß],“ú–ì’¬,52364149,92,116,
“Œ‹ß],“ú–ì’¬,52364157,92,116,
“Œ‹ß],“ú–ì’¬,52364158,92,116,
“Œ‹ß],“ú–ì’¬,52364159,92,116,
“Œ‹ß],“ú–ì’¬,52364167,94,118,
“Œ‹ß],“ú–ì’¬,52364168,94,118,
“Œ‹ß],“ú–ì’¬,52364169,94,118,
“Œ‹ß],“ú–ì’¬,52364178,94,118,
“Œ‹ß],“ú–ì’¬,52364179,94,118,
“Œ‹ß],“ú–ì’¬,52364200,99,124,
“Œ‹ß],“ú–ì’¬,52364201,99,124,
“Œ‹ß],“ú–ì’¬,52364202,99,124,
“Œ‹ß],“ú–ì’¬,52364203,99,124,
“Œ‹ß],“ú–ì’¬,52364204,99,124,
“Œ‹ß],“ú–ì’¬,52364205,107,134,
“Œ‹ß],“ú–ì’¬,52364206,107,134,
“Œ‹ß],“ú–ì’¬,52364207,107,134,
“Œ‹ß],“ú–ì’¬,52364210,99,124,
“Œ‹ß],“ú–ì’¬,52364211,99,124,
“Œ‹ß],“ú–ì’¬,52364212,99,124,
“Œ‹ß],“ú–ì’¬,52364213,99,124,
“Œ‹ß],“ú–ì’¬,52364214,99,124,
“Œ‹ß],“ú–ì’¬,52364215,107,134,
“Œ‹ß],“ú–ì’¬,52364216,107,134,
“Œ‹ß],“ú–ì’¬,52364220,99,124,
“Œ‹ß],“ú–ì’¬,52364221,99,124,
“Œ‹ß],“ú–ì’¬,52364222,99,124,
“Œ‹ß],“ú–ì’¬,52364223,99,124,
“Œ‹ß],“ú–ì’¬,52364224,99,124,
“Œ‹ß],“ú–ì’¬,52364225,107,134,
“Œ‹ß],“ú–ì’¬,52364226,107,134,
“Œ‹ß],“ú–ì’¬,52364230,99,124,
“Œ‹ß],“ú–ì’¬,52364231,99,124,
“Œ‹ß],“ú–ì’¬,52364232,99,124,
“Œ‹ß],“ú–ì’¬,52364233,99,124,
“Œ‹ß],“ú–ì’¬,52364234,99,124,
“Œ‹ß],“ú–ì’¬,52364235,107,134,
“Œ‹ß],“ú–ì’¬,52364236,107,134,
“Œ‹ß],“ú–ì’¬,52364240,99,124,
“Œ‹ß],“ú–ì’¬,52364241,99,124,
“Œ‹ß],“ú–ì’¬,52364242,99,124,
“Œ‹ß],“ú–ì’¬,52364243,99,124,
“Œ‹ß],“ú–ì’¬,52364244,99,124,
“Œ‹ß],“ú–ì’¬,52364245,107,134,
“Œ‹ß],“ú–ì’¬,52364250,99,124,
“Œ‹ß],“ú–ì’¬,52364251,99,124,
“Œ‹ß],“ú–ì’¬,52364252,99,124,
“Œ‹ß],“ú–ì’¬,52364253,99,124,
“Œ‹ß],“ú–ì’¬,52364254,99,124,
“Œ‹ß],“ú–ì’¬,52364260,98,123,
“Œ‹ß],“ú–ì’¬,52364261,98,123,
“Œ‹ß],“ú–ì’¬,52364262,98,123,
“Œ‹ß],“ú–ì’¬,52364263,98,123,
“Œ‹ß],“ú–ì’¬,52364270,98,123,
“Œ‹ß],—³‰¤’¬,52364037,101,127,
“Œ‹ß],—³‰¤’¬,52364038,101,127,
“Œ‹ß],—³‰¤’¬,52364039,101,127,
“Œ‹ß],—³‰¤’¬,52364047,101,127,
“Œ‹ß],—³‰¤’¬,52364048,101,127,
“Œ‹ß],—³‰¤’¬,52364049,101,127,
“Œ‹ß],—³‰¤’¬,52364056,101,127,
“Œ‹ß],—³‰¤’¬,52364057,101,127,
“Œ‹ß],—³‰¤’¬,52364058,101,127,
“Œ‹ß],—³‰¤’¬,52364059,101,127,
“Œ‹ß],—³‰¤’¬,52364066,96,121,
“Œ‹ß],—³‰¤’¬,52364067,96,121,
“Œ‹ß],—³‰¤’¬,52364068,96,121,
“Œ‹ß],—³‰¤’¬,52364069,96,121,
“Œ‹ß],—³‰¤’¬,52364076,96,121,
“Œ‹ß],—³‰¤’¬,52364077,96,121,
“Œ‹ß],—³‰¤’¬,52364078,96,121,
“Œ‹ß],—³‰¤’¬,52364079,96,121,
“Œ‹ß],—³‰¤’¬,52364086,96,121,
“Œ‹ß],—³‰¤’¬,52364087,96,121,
“Œ‹ß],—³‰¤’¬,52364088,96,121,
“Œ‹ß],—³‰¤’¬,52364089,96,121,
“Œ‹ß],—³‰¤’¬,52364096,96,121,
“Œ‹ß],—³‰¤’¬,52364097,96,121,
“Œ‹ß],—³‰¤’¬,52364098,96,121,
“Œ‹ß],—³‰¤’¬,52364099,96,121,
“Œ‹ß],—³‰¤’¬,52364131,91,114,
“Œ‹ß],—³‰¤’¬,52364132,91,114,
“Œ‹ß],—³‰¤’¬,52364140,91,114,
“Œ‹ß],—³‰¤’¬,52364141,91,114,
“Œ‹ß],—³‰¤’¬,52364150,91,114,
“Œ‹ß],—³‰¤’¬,52364151,91,114,
“Œ‹ß],—³‰¤’¬,52364160,92,116,
“Œ‹ß],—³‰¤’¬,52364161,92,116,
“Œ‹ß],—³‰¤’¬,52364170,92,116,
“Œ‹ß],—³‰¤’¬,52364171,92,116,
“Œ‹ß],—³‰¤’¬,52364180,92,116,
“Œ‹ß],—³‰¤’¬,52364181,92,116,
“Œ‹ß],—³‰¤’¬,52364190,92,116,
“Œ‹ß],—³‰¤’¬,52365006,96,121,
“Œ‹ß],—³‰¤’¬,52365007,96,121,
“Œ‹ß],—³‰¤’¬,52365008,96,121,
“Œ‹ß],—³‰¤’¬,52365009,96,121,
“Œ‹ß],—³‰¤’¬,52365017,96,121,
b‰ê,b‰êŽs,52352718,85,119,
b‰ê,b‰êŽs,52352719,85,119,
b‰ê,b‰êŽs,52352726,89,124,
b‰ê,b‰êŽs,52352727,89,124,
b‰ê,b‰êŽs,52352728,89,124,
b‰ê,b‰êŽs,52352729,89,124,
b‰ê,b‰êŽs,52352735,89,124,
b‰ê,b‰êŽs,52352736,89,124,
b‰ê,b‰êŽs,52352737,89,124,
b‰ê,b‰êŽs,52352738,89,124,
b‰ê,b‰êŽs,52352739,89,124,
b‰ê,b‰êŽs,52352745,89,124,
b‰ê,b‰êŽs,52352746,89,124,
b‰ê,b‰êŽs,52352747,89,124,
b‰ê,b‰êŽs,52352748,89,124,
b‰ê,b‰êŽs,52352749,89,124,
b‰ê,b‰êŽs,52352756,89,124,
b‰ê,b‰êŽs,52352757,89,124,
b‰ê,b‰êŽs,52352758,89,124,
b‰ê,b‰êŽs,52352759,89,124,
b‰ê,b‰êŽs,52352767,89,124,
b‰ê,b‰êŽs,52352768,89,124,
b‰ê,b‰êŽs,52352769,89,124,
b‰ê,b‰êŽs,52352779,89,124,
b‰ê,b‰êŽs,52352789,87,121,
b‰ê,b‰êŽs,52361051,84,118,
b‰ê,b‰êŽs,52361052,84,118,
b‰ê,b‰êŽs,52361061,87,122,
b‰ê,b‰êŽs,52361062,87,122,
b‰ê,b‰êŽs,52361063,87,122,
b‰ê,b‰êŽs,52361064,87,122,
b‰ê,b‰êŽs,52361065,90,125,
b‰ê,b‰êŽs,52361072,87,122,
b‰ê,b‰êŽs,52361073,87,122,
b‰ê,b‰êŽs,52361074,87,122,
b‰ê,b‰êŽs,52361075,90,125,
b‰ê,b‰êŽs,52361076,90,125,
b‰ê,b‰êŽs,52361082,87,122,
b‰ê,b‰êŽs,52361083,87,122,
b‰ê,b‰êŽs,52361084,87,122,
b‰ê,b‰êŽs,52361085,90,125,
b‰ê,b‰êŽs,52361086,90,125,
b‰ê,b‰êŽs,52361090,87,|,
b‰ê,b‰êŽs,52361091,87,122,
b‰ê,b‰êŽs,52361092,87,122,
b‰ê,b‰êŽs,52361093,87,122,
b‰ê,b‰êŽs,52361094,87,122,
b‰ê,b‰êŽs,52361095,90,125,
b‰ê,b‰êŽs,52361096,90,125,
b‰ê,b‰êŽs,52362000,87,122,
b‰ê,b‰êŽs,52362001,87,122,
b‰ê,b‰êŽs,52362002,87,122,
b‰ê,b‰êŽs,52362003,87,122,
b‰ê,b‰êŽs,52362004,87,122,
b‰ê,b‰êŽs,52362005,90,125,
b‰ê,b‰êŽs,52362006,90,125,
b‰ê,b‰êŽs,52362010,87,122,
b‰ê,b‰êŽs,52362011,87,122,
b‰ê,b‰êŽs,52362012,87,122,
b‰ê,b‰êŽs,52362013,87,122,
b‰ê,b‰êŽs,52362014,87,122,
b‰ê,b‰êŽs,52362015,90,125,
b‰ê,b‰êŽs,52362016,90,125,
b‰ê,b‰êŽs,52362017,90,125,
b‰ê,b‰êŽs,52362018,90,125,
b‰ê,b‰êŽs,52362020,89,124,
b‰ê,b‰êŽs,52362021,89,124,
b‰ê,b‰êŽs,52362022,89,124,
b‰ê,b‰êŽs,52362023,89,124,
b‰ê,b‰êŽs,52362024,89,124,
b‰ê,b‰êŽs,52362025,91,127,
b‰ê,b‰êŽs,52362026,91,127,
b‰ê,b‰êŽs,52362027,91,127,
b‰ê,b‰êŽs,52362028,91,127,
b‰ê,b‰êŽs,52362030,89,124,
b‰ê,b‰êŽs,52362031,89,124,
b‰ê,b‰êŽs,52362032,89,124,
b‰ê,b‰êŽs,52362033,89,124,
b‰ê,b‰êŽs,52362034,89,124,
b‰ê,b‰êŽs,52362035,91,127,
b‰ê,b‰êŽs,52362036,91,127,
b‰ê,b‰êŽs,52362037,91,127,
b‰ê,b‰êŽs,52362038,91,127,
b‰ê,b‰êŽs,52362039,91,|,
b‰ê,b‰êŽs,52362040,89,124,
b‰ê,b‰êŽs,52362041,89,124,
b‰ê,b‰êŽs,52362042,89,124,
b‰ê,b‰êŽs,52362043,89,124,
b‰ê,b‰êŽs,52362044,89,124,
b‰ê,b‰êŽs,52362045,91,127,
b‰ê,b‰êŽs,52362046,91,127,
b‰ê,b‰êŽs,52362047,91,127,
b‰ê,b‰êŽs,52362049,91,|,
b‰ê,b‰êŽs,52362050,89,124,
b‰ê,b‰êŽs,52362051,89,124,
b‰ê,b‰êŽs,52362052,89,124,
b‰ê,b‰êŽs,52362053,89,124,
b‰ê,b‰êŽs,52362054,89,124,
b‰ê,b‰êŽs,52362055,91,127,
b‰ê,b‰êŽs,52362056,91,127,
b‰ê,b‰êŽs,52362060,89,124,
b‰ê,b‰êŽs,52362061,89,124,
b‰ê,b‰êŽs,52362062,89,124,
b‰ê,b‰êŽs,52362063,89,124,
b‰ê,b‰êŽs,52362064,89,124,
b‰ê,b‰êŽs,52362065,91,127,
b‰ê,b‰êŽs,52362066,91,127,
b‰ê,b‰êŽs,52362070,89,124,
b‰ê,b‰êŽs,52362071,89,124,
b‰ê,b‰êŽs,52362072,89,124,
b‰ê,b‰êŽs,52362073,89,124,
b‰ê,b‰êŽs,52362074,89,124,
b‰ê,b‰êŽs,52362075,91,127,
b‰ê,b‰êŽs,52362076,91,127,
b‰ê,b‰êŽs,52362077,91,127,
b‰ê,b‰êŽs,52362079,91,127,
b‰ê,b‰êŽs,52362080,87,121,
b‰ê,b‰êŽs,52362081,87,121,
b‰ê,b‰êŽs,52362082,87,121,
b‰ê,b‰êŽs,52362083,87,121,
b‰ê,b‰êŽs,52362084,87,121,
b‰ê,b‰êŽs,52362085,90,126,
b‰ê,b‰êŽs,52362086,90,126,
b‰ê,b‰êŽs,52362087,90,126,
b‰ê,b‰êŽs,52362088,91,|,
b‰ê,b‰êŽs,52362089,90,126,
b‰ê,b‰êŽs,52362090,87,121,
b‰ê,b‰êŽs,52362091,87,121,
b‰ê,b‰êŽs,52362092,87,121,
b‰ê,b‰êŽs,52362093,87,|,
b‰ê,b‰êŽs,52362094,87,121,
b‰ê,b‰êŽs,52362095,90,126,
b‰ê,b‰êŽs,52362096,90,126,
b‰ê,b‰êŽs,52362097,90,126,
b‰ê,b‰êŽs,52362098,90,126,
b‰ê,b‰êŽs,52362099,90,126,
b‰ê,b‰êŽs,52362138,87,121,
b‰ê,b‰êŽs,52362139,87,121,
b‰ê,b‰êŽs,52362146,87,121,
b‰ê,b‰êŽs,52362147,87,121,
b‰ê,b‰êŽs,52362148,87,121,
b‰ê,b‰êŽs,52362149,87,121,
b‰ê,b‰êŽs,52362155,87,121,
b‰ê,b‰êŽs,52362156,87,121,
b‰ê,b‰êŽs,52362157,87,121,
b‰ê,b‰êŽs,52362158,87,121,
b‰ê,b‰êŽs,52362159,87,121,
b‰ê,b‰êŽs,52362160,83,116,
b‰ê,b‰êŽs,52362161,83,116,
b‰ê,b‰êŽs,52362162,83,116,
b‰ê,b‰êŽs,52362163,83,116,
b‰ê,b‰êŽs,52362164,83,116,
b‰ê,b‰êŽs,52362165,87,121,
b‰ê,b‰êŽs,52362166,87,121,
b‰ê,b‰êŽs,52362167,87,121,
b‰ê,b‰êŽs,52362168,87,121,
b‰ê,b‰êŽs,52362169,87,121,
b‰ê,b‰êŽs,52362170,83,116,
b‰ê,b‰êŽs,52362171,83,116,
b‰ê,b‰êŽs,52362172,83,116,
b‰ê,b‰êŽs,52362173,83,116,
b‰ê,b‰êŽs,52362174,83,116,
b‰ê,b‰êŽs,52362175,87,121,
b‰ê,b‰êŽs,52362176,87,121,
b‰ê,b‰êŽs,52362177,87,121,
b‰ê,b‰êŽs,52362178,87,121,
b‰ê,b‰êŽs,52362179,87,121,
b‰ê,b‰êŽs,52362180,83,116,
b‰ê,b‰êŽs,52362181,83,116,
b‰ê,b‰êŽs,52362182,83,116,
b‰ê,b‰êŽs,52362183,83,116,
b‰ê,b‰êŽs,52362184,83,116,
b‰ê,b‰êŽs,52362185,83,116,
b‰ê,b‰êŽs,52362186,83,116,
b‰ê,b‰êŽs,52362187,83,116,
b‰ê,b‰êŽs,52362188,83,116,
b‰ê,b‰êŽs,52362189,83,116,
b‰ê,b‰êŽs,52362190,83,116,
b‰ê,b‰êŽs,52362191,83,116,
b‰ê,b‰êŽs,52362192,83,116,
b‰ê,b‰êŽs,52362193,83,116,
b‰ê,b‰êŽs,52362194,83,116,
b‰ê,b‰êŽs,52362195,83,116,
b‰ê,b‰êŽs,52362196,83,116,
b‰ê,b‰êŽs,52362197,83,116,
b‰ê,b‰êŽs,52362198,83,116,
b‰ê,b‰êŽs,52362199,83,116,
b‰ê,b‰êŽs,52362230,95,133,
b‰ê,b‰êŽs,52362240,95,133,
b‰ê,b‰êŽs,52362241,95,133,
b‰ê,b‰êŽs,52362250,95,133,
b‰ê,b‰êŽs,52362251,95,133,
b‰ê,b‰êŽs,52362252,95,133,
b‰ê,b‰êŽs,52362253,95,133,
b‰ê,b‰êŽs,52362254,95,|,
b‰ê,b‰êŽs,52362260,95,133,
b‰ê,b‰êŽs,52362261,95,133,
b‰ê,b‰êŽs,52362262,95,133,
b‰ê,b‰êŽs,52362263,95,133,
b‰ê,b‰êŽs,52362264,95,133,
b‰ê,b‰êŽs,52362270,95,133,
b‰ê,b‰êŽs,52362271,95,133,
b‰ê,b‰êŽs,52362272,95,133,
b‰ê,b‰êŽs,52362273,95,133,
b‰ê,b‰êŽs,52362274,95,133,
b‰ê,b‰êŽs,52362275,98,137,
b‰ê,b‰êŽs,52362276,98,137,
b‰ê,b‰êŽs,52362277,98,137,
b‰ê,b‰êŽs,52362280,85,119,
b‰ê,b‰êŽs,52362281,85,119,
b‰ê,b‰êŽs,52362282,85,119,
b‰ê,b‰êŽs,52362283,85,119,
b‰ê,b‰êŽs,52362284,85,119,
b‰ê,b‰êŽs,52362285,92,129,
b‰ê,b‰êŽs,52362286,92,129,
b‰ê,b‰êŽs,52362287,92,129,
b‰ê,b‰êŽs,52362288,92,129,
b‰ê,b‰êŽs,52362290,85,119,
b‰ê,b‰êŽs,52362291,85,119,
b‰ê,b‰êŽs,52362292,85,119,
b‰ê,b‰êŽs,52362293,85,119,
b‰ê,b‰êŽs,52362294,85,119,
b‰ê,b‰êŽs,52362295,92,129,
b‰ê,b‰êŽs,52362296,92,129,
b‰ê,b‰êŽs,52362297,92,129,
b‰ê,b‰êŽs,52362298,92,129,
b‰ê,b‰êŽs,52363002,87,121,
b‰ê,b‰êŽs,52363003,87,121,
b‰ê,b‰êŽs,52363004,87,121,
b‰ê,b‰êŽs,52363005,90,126,
b‰ê,b‰êŽs,52363006,90,126,
b‰ê,b‰êŽs,52363007,90,126,
b‰ê,b‰êŽs,52363008,90,126,
b‰ê,b‰êŽs,52363009,90,126,
b‰ê,b‰êŽs,52363013,87,121,
b‰ê,b‰êŽs,52363014,87,121,
b‰ê,b‰êŽs,52363015,90,126,
b‰ê,b‰êŽs,52363016,90,126,
b‰ê,b‰êŽs,52363017,90,126,
b‰ê,b‰êŽs,52363018,90,126,
b‰ê,b‰êŽs,52363019,90,126,
b‰ê,b‰êŽs,52363023,87,121,
b‰ê,b‰êŽs,52363024,87,121,
b‰ê,b‰êŽs,52363025,90,126,
b‰ê,b‰êŽs,52363026,90,126,
b‰ê,b‰êŽs,52363027,90,126,
b‰ê,b‰êŽs,52363028,90,126,
b‰ê,b‰êŽs,52363029,90,126,
b‰ê,b‰êŽs,52363033,87,121,
b‰ê,b‰êŽs,52363034,87,121,
b‰ê,b‰êŽs,52363035,90,126,
b‰ê,b‰êŽs,52363036,90,126,
b‰ê,b‰êŽs,52363037,90,126,
b‰ê,b‰êŽs,52363038,90,126,
b‰ê,b‰êŽs,52363039,90,126,
b‰ê,b‰êŽs,52363044,88,123,
b‰ê,b‰êŽs,52363045,90,|,
b‰ê,b‰êŽs,52363046,90,125,
b‰ê,b‰êŽs,52363047,90,125,
b‰ê,b‰êŽs,52363055,90,125,
b‰ê,b‰êŽs,52363100,83,116,
b‰ê,b‰êŽs,52363101,83,116,
b‰ê,b‰êŽs,52363102,83,116,
b‰ê,b‰êŽs,52363103,83,116,
b‰ê,b‰êŽs,52363104,83,116,
b‰ê,b‰êŽs,52363105,83,116,
b‰ê,b‰êŽs,52363106,83,116,
b‰ê,b‰êŽs,52363107,83,116,
b‰ê,b‰êŽs,52363108,83,116,
b‰ê,b‰êŽs,52363109,83,116,
b‰ê,b‰êŽs,52363110,83,116,
b‰ê,b‰êŽs,52363111,83,116,
b‰ê,b‰êŽs,52363112,83,116,
b‰ê,b‰êŽs,52363113,83,116,
b‰ê,b‰êŽs,52363114,83,116,
b‰ê,b‰êŽs,52363115,83,116,
b‰ê,b‰êŽs,52363116,83,116,
b‰ê,b‰êŽs,52363117,83,116,
b‰ê,b‰êŽs,52363118,83,116,
b‰ê,b‰êŽs,52363119,83,116,
b‰ê,b‰êŽs,52363120,83,116,
b‰ê,b‰êŽs,52363121,83,116,
b‰ê,b‰êŽs,52363122,83,116,
b‰ê,b‰êŽs,52363123,83,116,
b‰ê,b‰êŽs,52363124,83,116,
b‰ê,b‰êŽs,52363125,83,116,
b‰ê,b‰êŽs,52363126,83,116,
b‰ê,b‰êŽs,52363127,83,116,
b‰ê,b‰êŽs,52363128,83,116,
b‰ê,b‰êŽs,52363129,83,116,
b‰ê,b‰êŽs,52363130,83,116,
b‰ê,b‰êŽs,52363131,83,116,
b‰ê,b‰êŽs,52363132,83,116,
b‰ê,b‰êŽs,52363133,83,116,
b‰ê,b‰êŽs,52363134,83,116,
b‰ê,b‰êŽs,52363135,83,116,
b‰ê,b‰êŽs,52363136,83,116,
b‰ê,b‰êŽs,52363137,83,116,
b‰ê,b‰êŽs,52363138,83,116,
b‰ê,b‰êŽs,52363139,83,116,
b‰ê,b‰êŽs,52363140,83,116,
b‰ê,b‰êŽs,52363141,83,116,
b‰ê,b‰êŽs,52363142,83,116,
b‰ê,b‰êŽs,52363143,83,116,
b‰ê,b‰êŽs,52363144,83,116,
b‰ê,b‰êŽs,52363145,82,114,
b‰ê,b‰êŽs,52363146,82,114,
b‰ê,b‰êŽs,52363147,82,114,
b‰ê,b‰êŽs,52363148,82,114,
b‰ê,b‰êŽs,52363149,82,114,
b‰ê,b‰êŽs,52363150,83,116,
b‰ê,b‰êŽs,52363151,83,116,
b‰ê,b‰êŽs,52363152,83,116,
b‰ê,b‰êŽs,52363153,83,116,
b‰ê,b‰êŽs,52363154,83,116,
b‰ê,b‰êŽs,52363155,82,114,
b‰ê,b‰êŽs,52363156,82,114,
b‰ê,b‰êŽs,52363157,82,114,
b‰ê,b‰êŽs,52363158,82,114,
b‰ê,b‰êŽs,52363160,83,116,
b‰ê,b‰êŽs,52363161,83,116,
b‰ê,b‰êŽs,52363162,83,116,
b‰ê,b‰êŽs,52363163,83,116,
b‰ê,b‰êŽs,52363164,83,116,
b‰ê,b‰êŽs,52363165,82,114,
b‰ê,b‰êŽs,52363166,82,114,
b‰ê,b‰êŽs,52363167,82,114,
b‰ê,b‰êŽs,52363170,83,116,
b‰ê,b‰êŽs,52363171,83,116,
b‰ê,b‰êŽs,52363172,83,116,
b‰ê,b‰êŽs,52363173,83,116,
b‰ê,b‰êŽs,52363174,83,116,
b‰ê,b‰êŽs,52363175,82,114,
b‰ê,b‰êŽs,52363176,82,114,
b‰ê,b‰êŽs,52363177,82,114,
b‰ê,b‰êŽs,52363180,83,116,
b‰ê,b‰êŽs,52363181,83,116,
b‰ê,b‰êŽs,52363182,83,116,
b‰ê,b‰êŽs,52363183,83,116,
b‰ê,b‰êŽs,52363184,83,116,
b‰ê,b‰êŽs,52363185,82,114,
b‰ê,b‰êŽs,52363190,83,116,
b‰ê,b‰êŽs,52363191,83,116,
b‰ê,b‰êŽs,52363192,83,116,
b‰ê,b‰êŽs,52363193,83,116,
b‰ê,b‰êŽs,52363194,83,116,
b‰ê,b‰êŽs,52363200,85,119,
b‰ê,b‰êŽs,52363201,85,119,
b‰ê,b‰êŽs,52363202,85,119,
b‰ê,b‰êŽs,52363203,85,119,
b‰ê,b‰êŽs,52363204,85,119,
b‰ê,b‰êŽs,52363205,92,129,
b‰ê,b‰êŽs,52363206,92,129,
b‰ê,b‰êŽs,52363207,92,129,
b‰ê,b‰êŽs,52363208,92,129,
b‰ê,b‰êŽs,52363209,92,129,
b‰ê,b‰êŽs,52363210,85,119,
b‰ê,b‰êŽs,52363211,85,119,
b‰ê,b‰êŽs,52363212,85,119,
b‰ê,b‰êŽs,52363213,85,119,
b‰ê,b‰êŽs,52363214,85,119,
b‰ê,b‰êŽs,52363215,92,129,
b‰ê,b‰êŽs,52363216,92,129,
b‰ê,b‰êŽs,52363217,92,129,
b‰ê,b‰êŽs,52363218,92,129,
b‰ê,b‰êŽs,52363219,92,129,
b‰ê,b‰êŽs,52363220,85,119,
b‰ê,b‰êŽs,52363221,85,119,
b‰ê,b‰êŽs,52363222,85,119,
b‰ê,b‰êŽs,52363223,85,119,
b‰ê,b‰êŽs,52363224,85,119,
b‰ê,b‰êŽs,52363225,92,129,
b‰ê,b‰êŽs,52363226,92,129,
b‰ê,b‰êŽs,52363227,92,129,
b‰ê,b‰êŽs,52363228,92,129,
b‰ê,b‰êŽs,52363229,92,129,
b‰ê,b‰êŽs,52363230,85,119,
b‰ê,b‰êŽs,52363231,85,119,
b‰ê,b‰êŽs,52363232,85,119,
b‰ê,b‰êŽs,52363233,85,119,
b‰ê,b‰êŽs,52363234,85,119,
b‰ê,b‰êŽs,52363235,92,129,
b‰ê,b‰êŽs,52363236,92,129,
b‰ê,b‰êŽs,52363237,92,129,
b‰ê,b‰êŽs,52363238,92,129,
b‰ê,b‰êŽs,52363239,92,129,
b‰ê,b‰êŽs,52363240,83,116,
b‰ê,b‰êŽs,52363241,83,116,
b‰ê,b‰êŽs,52363242,83,116,
b‰ê,b‰êŽs,52363243,83,116,
b‰ê,b‰êŽs,52363244,83,116,
b‰ê,b‰êŽs,52363245,94,131,
b‰ê,b‰êŽs,52363246,94,131,
b‰ê,b‰êŽs,52363247,94,131,
b‰ê,b‰êŽs,52363248,94,131,
b‰ê,b‰êŽs,52363249,94,131,
b‰ê,b‰êŽs,52363251,83,116,
b‰ê,b‰êŽs,52363252,83,116,
b‰ê,b‰êŽs,52363253,83,116,
b‰ê,b‰êŽs,52363254,83,116,
b‰ê,b‰êŽs,52363255,94,131,
b‰ê,b‰êŽs,52363256,94,131,
b‰ê,b‰êŽs,52363257,94,131,
b‰ê,b‰êŽs,52363258,94,131,
b‰ê,b‰êŽs,52363259,94,131,
b‰ê,b‰êŽs,52363263,83,116,
b‰ê,b‰êŽs,52363264,83,116,
b‰ê,b‰êŽs,52363265,94,131,
b‰ê,b‰êŽs,52363266,94,131,
b‰ê,b‰êŽs,52363267,94,131,
b‰ê,b‰êŽs,52363268,94,131,
b‰ê,b‰êŽs,52363269,94,131,
b‰ê,b‰êŽs,52363274,83,116,
b‰ê,b‰êŽs,52363275,94,131,
b‰ê,b‰êŽs,52363276,94,131,
b‰ê,b‰êŽs,52363277,94,131,
b‰ê,b‰êŽs,52363278,94,131,
b‰ê,b‰êŽs,52363279,132,|,
b‰ê,b‰êŽs,52363287,94,131,
b‰ê,b‰êŽs,52363288,94,131,
b‰ê,b‰êŽs,52363289,132,|,
b‰ê,b‰êŽs,52363297,94,131,
b‰ê,b‰êŽs,52363298,132,|,
b‰ê,b‰êŽs,52363299,132,|,
b‰ê,b‰êŽs,52363340,105,147,
b‰ê,b‰êŽs,52363341,132,|,
b‰ê,b‰êŽs,52363350,105,147,
b‰ê,b‰êŽs,52363351,132,|,
b‰ê,b‰êŽs,52363360,105,147,
b‰ê,b‰êŽs,52363361,132,|,
b‰ê,b‰êŽs,52363370,132,|,
b‰ê,b‰êŽs,52363371,132,|,
b‰ê,b‰êŽs,52363372,132,|,
b‰ê,b‰êŽs,52363380,132,|,
b‰ê,b‰êŽs,52363381,132,|,
b‰ê,b‰êŽs,52363382,132,|,
b‰ê,b‰êŽs,52363390,132,|,
b‰ê,b‰êŽs,52363391,132,|,
b‰ê,b‰êŽs,52363392,132,|,
b‰ê,b‰êŽs,52364101,77,108,
b‰ê,b‰êŽs,52364102,77,108,
b‰ê,b‰êŽs,52364103,77,108,
b‰ê,b‰êŽs,52364104,77,108,
b‰ê,b‰êŽs,52364111,77,108,
b‰ê,b‰êŽs,52364112,77,108,
b‰ê,b‰êŽs,52364113,77,108,
b‰ê,b‰êŽs,52364114,77,108,
b‰ê,b‰êŽs,52364121,77,108,
b‰ê,b‰êŽs,52364122,77,108,
b‰ê,b‰êŽs,52364123,77,108,
b‰ê,b‰êŽs,52364208,132,|,
b‰ê,b‰êŽs,52364209,132,|,
b‰ê,b‰êŽs,52364217,91,127,
b‰ê,b‰êŽs,52364218,132,|,
b‰ê,b‰êŽs,52364219,132,|,
b‰ê,b‰êŽs,52364228,132,|,
b‰ê,b‰êŽs,52364300,132,|,
b‰ê,b‰êŽs,52364301,132,|,
b‰ê,b‰êŽs,52364302,132,|,
b‰ê,b‰êŽs,52364303,132,|,
b‰ê,b‰êŽs,52364310,132,|,
b‰ê,b‰êŽs,52364311,132,|,
b‰ê,b‰êŽs,52364312,132,|,
b‰ê,ŒÎ“ìŽs,52363048,90,125,
b‰ê,ŒÎ“ìŽs,52363049,90,125,
b‰ê,ŒÎ“ìŽs,52363056,90,125,
b‰ê,ŒÎ“ìŽs,52363057,90,125,
b‰ê,ŒÎ“ìŽs,52363058,90,125,
b‰ê,ŒÎ“ìŽs,52363059,90,125,
b‰ê,ŒÎ“ìŽs,52363064,88,123,
b‰ê,ŒÎ“ìŽs,52363065,90,125,
b‰ê,ŒÎ“ìŽs,52363066,90,125,
b‰ê,ŒÎ“ìŽs,52363067,90,125,
b‰ê,ŒÎ“ìŽs,52363068,90,125,
b‰ê,ŒÎ“ìŽs,52363069,90,125,
b‰ê,ŒÎ“ìŽs,52363074,88,123,
b‰ê,ŒÎ“ìŽs,52363075,90,125,
b‰ê,ŒÎ“ìŽs,52363076,90,125,
b‰ê,ŒÎ“ìŽs,52363077,90,125,
b‰ê,ŒÎ“ìŽs,52363078,90,125,
b‰ê,ŒÎ“ìŽs,52363079,90,125,
b‰ê,ŒÎ“ìŽs,52363083,88,123,
b‰ê,ŒÎ“ìŽs,52363084,88,123,
b‰ê,ŒÎ“ìŽs,52363085,90,125,
b‰ê,ŒÎ“ìŽs,52363086,90,125,
b‰ê,ŒÎ“ìŽs,52363087,90,125,
b‰ê,ŒÎ“ìŽs,52363088,90,125,
b‰ê,ŒÎ“ìŽs,52363089,90,125,
b‰ê,ŒÎ“ìŽs,52363093,88,123,
b‰ê,ŒÎ“ìŽs,52363094,88,123,
b‰ê,ŒÎ“ìŽs,52363095,90,125,
b‰ê,ŒÎ“ìŽs,52363096,90,125,
b‰ê,ŒÎ“ìŽs,52363097,90,125,
b‰ê,ŒÎ“ìŽs,52363098,90,125,
b‰ê,ŒÎ“ìŽs,52363099,90,125,
b‰ê,ŒÎ“ìŽs,52364003,79,111,
b‰ê,ŒÎ“ìŽs,52364004,79,111,
b‰ê,ŒÎ“ìŽs,52364005,87,121,
b‰ê,ŒÎ“ìŽs,52364006,87,121,
b‰ê,ŒÎ“ìŽs,52364007,87,121,
b‰ê,ŒÎ“ìŽs,52364008,87,121,
b‰ê,ŒÎ“ìŽs,52364009,87,121,
b‰ê,ŒÎ“ìŽs,52364013,79,111,
b‰ê,ŒÎ“ìŽs,52364014,79,111,
b‰ê,ŒÎ“ìŽs,52364015,87,121,
b‰ê,ŒÎ“ìŽs,52364016,87,121,
b‰ê,ŒÎ“ìŽs,52364017,87,121,
b‰ê,ŒÎ“ìŽs,52364018,87,121,
b‰ê,ŒÎ“ìŽs,52364019,87,121,
b‰ê,ŒÎ“ìŽs,52364023,79,111,
b‰ê,ŒÎ“ìŽs,52364024,79,111,
b‰ê,ŒÎ“ìŽs,52364025,87,121,
b‰ê,ŒÎ“ìŽs,52364026,87,121,
b‰ê,ŒÎ“ìŽs,52364027,87,121,
b‰ê,ŒÎ“ìŽs,52364028,87,121,
b‰ê,ŒÎ“ìŽs,52364029,87,121,
b‰ê,ŒÎ“ìŽs,52364034,79,111,
b‰ê,ŒÎ“ìŽs,52364035,87,121,
b‰ê,ŒÎ“ìŽs,52364036,87,121,
b‰ê,ŒÎ“ìŽs,52364044,79,111,
b‰ê,ŒÎ“ìŽs,52364045,87,121,
b‰ê,ŒÎ“ìŽs,52364046,87,121,
b‰ê,ŒÎ“ìŽs,52364054,79,111,
b‰ê,ŒÎ“ìŽs,52364055,87,121,
b‰ê,ŒÎ“ìŽs,52364065,82,115,
b‰ê,ŒÎ“ìŽs,52364100,77,108,
b‰ê,ŒÎ“ìŽs,52364110,77,108,
b‰ê,ŒÎ“ìŽs,52364120,77,108,
b‰ê,ŒÎ“ìŽs,52364130,77,108,
‹ß]¼•”,‘å’ÃŽs–k•”,52355639,110,133,
‹ß]¼•”,‘å’ÃŽs–k•”,52355648,110,133,
‹ß]¼•”,‘å’ÃŽs–k•”,52355649,110,133,
‹ß]¼•”,‘å’ÃŽs–k•”,52355658,110,133,
‹ß]¼•”,‘å’ÃŽs–k•”,52355659,110,133,
‹ß]¼•”,‘å’ÃŽs–k•”,52355668,110,133,
‹ß]¼•”,‘å’ÃŽs–k•”,52355669,110,133,
‹ß]¼•”,‘å’ÃŽs–k•”,52355678,110,133,
‹ß]¼•”,‘å’ÃŽs–k•”,52355679,110,133,
‹ß]¼•”,‘å’ÃŽs–k•”,52355688,117,142,
‹ß]¼•”,‘å’ÃŽs–k•”,52355689,117,142,
‹ß]¼•”,‘å’ÃŽs–k•”,52355698,117,142,
‹ß]¼•”,‘å’ÃŽs–k•”,52355699,117,142,
‹ß]¼•”,‘å’ÃŽs–k•”,52355740,106,128,
‹ß]¼•”,‘å’ÃŽs–k•”,52355741,106,128,
‹ß]¼•”,‘å’ÃŽs–k•”,52355750,106,128,
‹ß]¼•”,‘å’ÃŽs–k•”,52355760,106,128,
‹ß]¼•”,‘å’ÃŽs–k•”,52355770,106,128,
‹ß]¼•”,‘å’ÃŽs–k•”,52355773,106,128,
‹ß]¼•”,‘å’ÃŽs–k•”,52355774,106,128,
‹ß]¼•”,‘å’ÃŽs–k•”,52355780,108,131,
‹ß]¼•”,‘å’ÃŽs–k•”,52355781,108,131,
‹ß]¼•”,‘å’ÃŽs–k•”,52355782,108,131,
‹ß]¼•”,‘å’ÃŽs–k•”,52355783,108,131,
‹ß]¼•”,‘å’ÃŽs–k•”,52355784,108,131,
‹ß]¼•”,‘å’ÃŽs–k•”,52355790,108,131,
‹ß]¼•”,‘å’ÃŽs–k•”,52355791,108,131,
‹ß]¼•”,‘å’ÃŽs–k•”,52355792,108,131,
‹ß]¼•”,‘å’ÃŽs–k•”,52355793,108,131,
‹ß]¼•”,‘å’ÃŽs–k•”,52355794,108,131,
‹ß]¼•”,‘å’ÃŽs–k•”,52356608,117,142,
‹ß]¼•”,‘å’ÃŽs–k•”,52356609,117,142,
‹ß]¼•”,‘å’ÃŽs–k•”,52356617,117,142,
‹ß]¼•”,‘å’ÃŽs–k•”,52356618,117,142,
‹ß]¼•”,‘å’ÃŽs–k•”,52356619,117,142,
‹ß]¼•”,‘å’ÃŽs–k•”,52356627,117,142,
‹ß]¼•”,‘å’ÃŽs–k•”,52356628,117,142,
‹ß]¼•”,‘å’ÃŽs–k•”,52356629,117,142,
‹ß]¼•”,‘å’ÃŽs–k•”,52356637,117,142,
‹ß]¼•”,‘å’ÃŽs–k•”,52356638,117,142,
‹ß]¼•”,‘å’ÃŽs–k•”,52356639,117,142,
‹ß]¼•”,‘å’ÃŽs–k•”,52356647,118,143,
‹ß]¼•”,‘å’ÃŽs–k•”,52356648,118,143,
‹ß]¼•”,‘å’ÃŽs–k•”,52356649,118,143,
‹ß]¼•”,‘å’ÃŽs–k•”,52356657,118,143,
‹ß]¼•”,‘å’ÃŽs–k•”,52356658,118,143,
‹ß]¼•”,‘å’ÃŽs–k•”,52356659,118,143,
‹ß]¼•”,‘å’ÃŽs–k•”,52356666,118,|,
‹ß]¼•”,‘å’ÃŽs–k•”,52356667,118,143,
‹ß]¼•”,‘å’ÃŽs–k•”,52356668,118,143,
‹ß]¼•”,‘å’ÃŽs–k•”,52356669,118,143,
‹ß]¼•”,‘å’ÃŽs–k•”,52356677,118,143,
‹ß]¼•”,‘å’ÃŽs–k•”,52356678,118,143,
‹ß]¼•”,‘å’ÃŽs–k•”,52356679,118,143,
‹ß]¼•”,‘å’ÃŽs–k•”,52356687,118,143,
‹ß]¼•”,‘å’ÃŽs–k•”,52356688,118,143,
‹ß]¼•”,‘å’ÃŽs–k•”,52356689,118,143,
‹ß]¼•”,‘å’ÃŽs–k•”,52356697,118,143,
‹ß]¼•”,‘å’ÃŽs–k•”,52356698,118,143,
‹ß]¼•”,‘å’ÃŽs–k•”,52356699,118,143,
‹ß]¼•”,‘å’ÃŽs–k•”,52356700,108,131,
‹ß]¼•”,‘å’ÃŽs–k•”,52356701,108,131,
‹ß]¼•”,‘å’ÃŽs–k•”,52356702,108,131,
‹ß]¼•”,‘å’ÃŽs–k•”,52356703,108,131,
‹ß]¼•”,‘å’ÃŽs–k•”,52356710,108,131,
‹ß]¼•”,‘å’ÃŽs–k•”,52356711,108,131,
‹ß]¼•”,‘å’ÃŽs–k•”,52356712,108,131,
‹ß]¼•”,‘å’ÃŽs–k•”,52356713,108,131,
‹ß]¼•”,‘å’ÃŽs–k•”,52356720,108,131,
‹ß]¼•”,‘å’ÃŽs–k•”,52356721,108,131,
‹ß]¼•”,‘å’ÃŽs–k•”,52356722,108,131,
‹ß]¼•”,‘å’ÃŽs–k•”,52356723,108,131,
‹ß]¼•”,‘å’ÃŽs–k•”,52356730,108,131,
‹ß]¼•”,‘å’ÃŽs–k•”,52356731,108,131,
‹ß]¼•”,‘å’ÃŽs–k•”,52356732,108,131,
‹ß]¼•”,‘å’ÃŽs–k•”,52356733,108,131,
‹ß]¼•”,‘å’ÃŽs–k•”,52356740,122,148,
‹ß]¼•”,‘å’ÃŽs–k•”,52356741,122,148,
‹ß]¼•”,‘å’ÃŽs–k•”,52356742,122,148,
‹ß]¼•”,‘å’ÃŽs–k•”,52356743,122,148,
‹ß]¼•”,‘å’ÃŽs–k•”,52356744,122,148,
‹ß]¼•”,‘å’ÃŽs–k•”,52356750,122,148,
‹ß]¼•”,‘å’ÃŽs–k•”,52356751,122,148,
‹ß]¼•”,‘å’ÃŽs–k•”,52356752,122,148,
‹ß]¼•”,‘å’ÃŽs–k•”,52356753,122,148,
‹ß]¼•”,‘å’ÃŽs–k•”,52356754,122,148,
‹ß]¼•”,‘å’ÃŽs–k•”,52356755,103,125,
‹ß]¼•”,‘å’ÃŽs–k•”,52356760,122,148,
‹ß]¼•”,‘å’ÃŽs–k•”,52356761,122,148,
‹ß]¼•”,‘å’ÃŽs–k•”,52356762,122,148,
‹ß]¼•”,‘å’ÃŽs–k•”,52356763,122,148,
‹ß]¼•”,‘å’ÃŽs–k•”,52356764,122,148,
‹ß]¼•”,‘å’ÃŽs–k•”,52356765,103,125,
‹ß]¼•”,‘å’ÃŽs–k•”,52356766,103,125,
‹ß]¼•”,‘å’ÃŽs–k•”,52356770,122,148,
‹ß]¼•”,‘å’ÃŽs–k•”,52356771,122,148,
‹ß]¼•”,‘å’ÃŽs–k•”,52356772,122,148,
‹ß]¼•”,‘å’ÃŽs–k•”,52356773,122,148,
‹ß]¼•”,‘å’ÃŽs–k•”,52356774,122,148,
‹ß]¼•”,‘å’ÃŽs–k•”,52356775,103,125,
‹ß]¼•”,‘å’ÃŽs–k•”,52356776,103,125,
‹ß]¼•”,‘å’ÃŽs–k•”,52356777,103,125,
‹ß]¼•”,‘å’ÃŽs–k•”,52356780,122,148,
‹ß]¼•”,‘å’ÃŽs–k•”,52356781,122,|,
‹ß]¼•”,‘å’ÃŽs–k•”,52356782,122,148,
‹ß]¼•”,‘å’ÃŽs–k•”,52356783,122,148,
‹ß]¼•”,‘å’ÃŽs–k•”,52356784,122,148,
‹ß]¼•”,‘å’ÃŽs–k•”,52356785,103,125,
‹ß]¼•”,‘å’ÃŽs–k•”,52356786,103,125,
‹ß]¼•”,‘å’ÃŽs–k•”,52356787,103,125,
‹ß]¼•”,‘å’ÃŽs–k•”,52356790,122,148,
‹ß]¼•”,‘å’ÃŽs–k•”,52356791,122,148,
‹ß]¼•”,‘å’ÃŽs–k•”,52356792,122,148,
‹ß]¼•”,‘å’ÃŽs–k•”,52356793,122,148,
‹ß]¼•”,‘å’ÃŽs–k•”,52356794,122,148,
‹ß]¼•”,‘å’ÃŽs–k•”,52356795,103,125,
‹ß]¼•”,‘å’ÃŽs–k•”,52356796,103,125,
‹ß]¼•”,‘å’ÃŽs–k•”,52356797,103,125,
‹ß]¼•”,‘å’ÃŽs–k•”,52357608,117,142,
‹ß]¼•”,‘å’ÃŽs–k•”,52357609,117,142,
‹ß]¼•”,‘å’ÃŽs–k•”,52357618,117,142,
‹ß]¼•”,‘å’ÃŽs–k•”,52357619,117,142,
‹ß]¼•”,‘å’ÃŽs–k•”,52357628,117,142,
‹ß]¼•”,‘å’ÃŽs–k•”,52357629,117,142,
‹ß]¼•”,‘å’ÃŽs–k•”,52357639,117,142,
‹ß]¼•”,‘å’ÃŽs–k•”,52357700,126,153,
‹ß]¼•”,‘å’ÃŽs–k•”,52357701,126,153,
‹ß]¼•”,‘å’ÃŽs–k•”,52357702,126,153,
‹ß]¼•”,‘å’ÃŽs–k•”,52357703,126,153,
‹ß]¼•”,‘å’ÃŽs–k•”,52357704,126,153,
‹ß]¼•”,‘å’ÃŽs–k•”,52357705,107,129,
‹ß]¼•”,‘å’ÃŽs–k•”,52357706,107,129,
‹ß]¼•”,‘å’ÃŽs–k•”,52357707,107,129,
‹ß]¼•”,‘å’ÃŽs–k•”,52357708,107,129,
‹ß]¼•”,‘å’ÃŽs–k•”,52357710,126,153,
‹ß]¼•”,‘å’ÃŽs–k•”,52357711,126,153,
‹ß]¼•”,‘å’ÃŽs–k•”,52357712,126,153,
‹ß]¼•”,‘å’ÃŽs–k•”,52357715,107,129,
‹ß]¼•”,‘å’ÃŽs–k•”,52357716,107,129,
‹ß]¼•”,‘å’ÃŽs–k•”,52357717,107,129,
‹ß]¼•”,‘å’ÃŽs–k•”,52357718,107,129,
‹ß]¼•”,‘å’ÃŽs–k•”,52357719,107,129,
‹ß]¼•”,‘å’ÃŽs–k•”,52357720,126,153,
‹ß]¼•”,‘å’ÃŽs–k•”,52357721,126,153,
‹ß]¼•”,‘å’ÃŽs–k•”,52357726,107,129,
‹ß]¼•”,‘å’ÃŽs–k•”,52357727,107,129,
‹ß]¼•”,‘å’ÃŽs–k•”,52357728,107,129,
‹ß]¼•”,‘å’ÃŽs–k•”,52357730,126,153,
‹ß]¼•”,‘å’ÃŽs–k•”,52357731,126,153,
‹ß]¼•”,‚“‡Žs,52357636,117,142,
‹ß]¼•”,‚“‡Žs,52357637,117,142,
‹ß]¼•”,‚“‡Žs,52357646,117,142,
‹ß]¼•”,‚“‡Žs,52357647,117,142,
‹ß]¼•”,‚“‡Žs,52357648,117,142,
‹ß]¼•”,‚“‡Žs,52357649,117,142,
‹ß]¼•”,‚“‡Žs,52357656,117,142,
‹ß]¼•”,‚“‡Žs,52357657,117,142,
‹ß]¼•”,‚“‡Žs,52357658,117,142,
‹ß]¼•”,‚“‡Žs,52357659,117,142,
‹ß]¼•”,‚“‡Žs,52357665,118,143,
‹ß]¼•”,‚“‡Žs,52357666,118,143,
‹ß]¼•”,‚“‡Žs,52357667,118,143,
‹ß]¼•”,‚“‡Žs,52357668,118,143,
‹ß]¼•”,‚“‡Žs,52357669,118,143,
‹ß]¼•”,‚“‡Žs,52357675,118,143,
‹ß]¼•”,‚“‡Žs,52357676,118,143,
‹ß]¼•”,‚“‡Žs,52357677,118,143,
‹ß]¼•”,‚“‡Žs,52357678,118,|,
‹ß]¼•”,‚“‡Žs,52357679,118,143,
‹ß]¼•”,‚“‡Žs,52357684,108,131,
‹ß]¼•”,‚“‡Žs,52357685,118,143,
‹ß]¼•”,‚“‡Žs,52357686,118,143,
‹ß]¼•”,‚“‡Žs,52357687,118,143,
‹ß]¼•”,‚“‡Žs,52357688,118,143,
‹ß]¼•”,‚“‡Žs,52357689,118,143,
‹ß]¼•”,‚“‡Žs,52357693,108,131,
‹ß]¼•”,‚“‡Žs,52357694,108,131,
‹ß]¼•”,‚“‡Žs,52357695,118,143,
‹ß]¼•”,‚“‡Žs,52357696,118,143,
‹ß]¼•”,‚“‡Žs,52357697,118,143,
‹ß]¼•”,‚“‡Žs,52357698,118,143,
‹ß]¼•”,‚“‡Žs,52357699,118,143,
‹ß]¼•”,‚“‡Žs,52357713,126,153,
‹ß]¼•”,‚“‡Žs,52357714,126,153,
‹ß]¼•”,‚“‡Žs,52357722,126,153,
‹ß]¼•”,‚“‡Žs,52357723,126,153,
‹ß]¼•”,‚“‡Žs,52357724,126,153,
‹ß]¼•”,‚“‡Žs,52357725,107,129,
‹ß]¼•”,‚“‡Žs,52357729,107,129,
‹ß]¼•”,‚“‡Žs,52357732,126,153,
‹ß]¼•”,‚“‡Žs,52357733,126,153,
‹ß]¼•”,‚“‡Žs,52357734,126,153,
‹ß]¼•”,‚“‡Žs,52357735,107,129,
‹ß]¼•”,‚“‡Žs,52357736,107,129,
‹ß]¼•”,‚“‡Žs,52357737,107,129,
‹ß]¼•”,‚“‡Žs,52357738,107,129,
‹ß]¼•”,‚“‡Žs,52357739,107,129,
‹ß]¼•”,‚“‡Žs,52357740,126,153,
‹ß]¼•”,‚“‡Žs,52357741,126,153,
‹ß]¼•”,‚“‡Žs,52357742,126,153,
‹ß]¼•”,‚“‡Žs,52357743,126,153,
‹ß]¼•”,‚“‡Žs,52357744,126,153,
‹ß]¼•”,‚“‡Žs,52357745,107,129,
‹ß]¼•”,‚“‡Žs,52357746,107,129,
‹ß]¼•”,‚“‡Žs,52357747,107,129,
‹ß]¼•”,‚“‡Žs,52357748,107,129,
‹ß]¼•”,‚“‡Žs,52357749,107,129,
‹ß]¼•”,‚“‡Žs,52357750,126,153,
‹ß]¼•”,‚“‡Žs,52357751,126,153,
‹ß]¼•”,‚“‡Žs,52357752,126,153,
‹ß]¼•”,‚“‡Žs,52357753,126,153,
‹ß]¼•”,‚“‡Žs,52357754,126,153,
‹ß]¼•”,‚“‡Žs,52357755,107,129,
‹ß]¼•”,‚“‡Žs,52357756,107,129,
‹ß]¼•”,‚“‡Žs,52357757,107,129,
‹ß]¼•”,‚“‡Žs,52357758,107,129,
‹ß]¼•”,‚“‡Žs,52357759,107,129,
‹ß]¼•”,‚“‡Žs,52357760,120,145,
‹ß]¼•”,‚“‡Žs,52357761,120,145,
‹ß]¼•”,‚“‡Žs,52357762,120,145,
‹ß]¼•”,‚“‡Žs,52357763,120,145,
‹ß]¼•”,‚“‡Žs,52357764,120,145,
‹ß]¼•”,‚“‡Žs,52357765,110,133,
‹ß]¼•”,‚“‡Žs,52357766,110,133,
‹ß]¼•”,‚“‡Žs,52357767,110,133,
‹ß]¼•”,‚“‡Žs,52357768,110,133,
‹ß]¼•”,‚“‡Žs,52357769,110,133,
‹ß]¼•”,‚“‡Žs,52357770,120,145,
‹ß]¼•”,‚“‡Žs,52357771,120,145,
‹ß]¼•”,‚“‡Žs,52357772,120,145,
‹ß]¼•”,‚“‡Žs,52357773,120,145,
‹ß]¼•”,‚“‡Žs,52357774,120,145,
‹ß]¼•”,‚“‡Žs,52357775,110,133,
‹ß]¼•”,‚“‡Žs,52357776,110,133,
‹ß]¼•”,‚“‡Žs,52357777,110,133,
‹ß]¼•”,‚“‡Žs,52357778,110,133,
‹ß]¼•”,‚“‡Žs,52357779,110,133,
‹ß]¼•”,‚“‡Žs,52357780,120,145,
‹ß]¼•”,‚“‡Žs,52357781,120,145,
‹ß]¼•”,‚“‡Žs,52357782,120,145,
‹ß]¼•”,‚“‡Žs,52357783,120,145,
‹ß]¼•”,‚“‡Žs,52357784,120,145,
‹ß]¼•”,‚“‡Žs,52357785,110,133,
‹ß]¼•”,‚“‡Žs,52357786,110,133,
‹ß]¼•”,‚“‡Žs,52357787,110,133,
‹ß]¼•”,‚“‡Žs,52357788,110,133,
‹ß]¼•”,‚“‡Žs,52357789,110,133,
‹ß]¼•”,‚“‡Žs,52357790,120,145,
‹ß]¼•”,‚“‡Žs,52357791,120,145,
‹ß]¼•”,‚“‡Žs,52357792,120,145,
‹ß]¼•”,‚“‡Žs,52357793,120,145,
‹ß]¼•”,‚“‡Žs,52357794,120,145,
‹ß]¼•”,‚“‡Žs,52357795,110,133,
‹ß]¼•”,‚“‡Žs,52357796,110,133,
‹ß]¼•”,‚“‡Žs,52357797,110,133,
‹ß]¼•”,‚“‡Žs,52357798,110,133,
‹ß]¼•”,‚“‡Žs,52357799,110,133,
‹ß]¼•”,‚“‡Žs,52367020,97,117,
‹ß]¼•”,‚“‡Žs,52367030,97,117,
‹ß]¼•”,‚“‡Žs,52367031,97,117,
‹ß]¼•”,‚“‡Žs,52367040,97,117,
‹ß]¼•”,‚“‡Žs,52367041,97,117,
‹ß]¼•”,‚“‡Žs,52367050,97,117,
‹ß]¼•”,‚“‡Žs,52367051,97,117,
‹ß]¼•”,‚“‡Žs,52367060,101,122,
‹ß]¼•”,‚“‡Žs,52367061,101,122,
‹ß]¼•”,‚“‡Žs,52367062,101,|,
‹ß]¼•”,‚“‡Žs,52367063,101,|,
‹ß]¼•”,‚“‡Žs,52367064,101,|,
‹ß]¼•”,‚“‡Žs,52367070,101,122,
‹ß]¼•”,‚“‡Žs,52367071,101,122,
‹ß]¼•”,‚“‡Žs,52367072,101,|,
‹ß]¼•”,‚“‡Žs,52367073,101,|,
‹ß]¼•”,‚“‡Žs,52367074,101,|,
‹ß]¼•”,‚“‡Žs,52367075,101,|,
‹ß]¼•”,‚“‡Žs,52367076,101,|,
‹ß]¼•”,‚“‡Žs,52367080,101,122,
‹ß]¼•”,‚“‡Žs,52367081,101,122,
‹ß]¼•”,‚“‡Žs,52367082,101,|,
‹ß]¼•”,‚“‡Žs,52367083,101,|,
‹ß]¼•”,‚“‡Žs,52367084,101,|,
‹ß]¼•”,‚“‡Žs,52367085,101,|,
‹ß]¼•”,‚“‡Žs,52367086,101,|,
‹ß]¼•”,‚“‡Žs,52367090,101,122,
‹ß]¼•”,‚“‡Žs,52367091,101,122,
‹ß]¼•”,‚“‡Žs,52367092,101,|,
‹ß]¼•”,‚“‡Žs,52367093,101,|,
‹ß]¼•”,‚“‡Žs,52367094,101,|,
‹ß]¼•”,‚“‡Žs,52367095,101,|,
‹ß]¼•”,‚“‡Žs,52367096,101,|,
‹ß]¼•”,‚“‡Žs,53350603,108,131,
‹ß]¼•”,‚“‡Žs,53350604,108,131,
‹ß]¼•”,‚“‡Žs,53350605,118,143,
‹ß]¼•”,‚“‡Žs,53350606,118,143,
‹ß]¼•”,‚“‡Žs,53350607,118,143,
‹ß]¼•”,‚“‡Žs,53350608,118,143,
‹ß]¼•”,‚“‡Žs,53350609,118,143,
‹ß]¼•”,‚“‡Žs,53350611,108,131,
‹ß]¼•”,‚“‡Žs,53350612,108,131,
‹ß]¼•”,‚“‡Žs,53350613,108,131,
‹ß]¼•”,‚“‡Žs,53350614,108,131,
‹ß]¼•”,‚“‡Žs,53350615,118,143,
‹ß]¼•”,‚“‡Žs,53350616,118,143,
‹ß]¼•”,‚“‡Žs,53350617,118,143,
‹ß]¼•”,‚“‡Žs,53350618,118,143,
‹ß]¼•”,‚“‡Žs,53350619,118,143,
‹ß]¼•”,‚“‡Žs,53350621,111,134,
‹ß]¼•”,‚“‡Žs,53350622,111,134,
‹ß]¼•”,‚“‡Žs,53350623,111,134,
‹ß]¼•”,‚“‡Žs,53350624,111,134,
‹ß]¼•”,‚“‡Žs,53350625,111,134,
‹ß]¼•”,‚“‡Žs,53350626,111,134,
‹ß]¼•”,‚“‡Žs,53350627,111,134,
‹ß]¼•”,‚“‡Žs,53350628,111,134,
‹ß]¼•”,‚“‡Žs,53350629,111,134,
‹ß]¼•”,‚“‡Žs,53350632,111,134,
‹ß]¼•”,‚“‡Žs,53350633,111,134,
‹ß]¼•”,‚“‡Žs,53350634,111,134,
‹ß]¼•”,‚“‡Žs,53350635,111,134,
‹ß]¼•”,‚“‡Žs,53350636,111,134,
‹ß]¼•”,‚“‡Žs,53350637,111,134,
‹ß]¼•”,‚“‡Žs,53350638,111,134,
‹ß]¼•”,‚“‡Žs,53350639,111,134,
‹ß]¼•”,‚“‡Žs,53350642,111,134,
‹ß]¼•”,‚“‡Žs,53350643,111,134,
‹ß]¼•”,‚“‡Žs,53350644,111,134,
‹ß]¼•”,‚“‡Žs,53350645,111,134,
‹ß]¼•”,‚“‡Žs,53350646,111,134,
‹ß]¼•”,‚“‡Žs,53350647,111,134,
‹ß]¼•”,‚“‡Žs,53350648,111,134,
‹ß]¼•”,‚“‡Žs,53350649,111,134,
‹ß]¼•”,‚“‡Žs,53350653,111,134,
‹ß]¼•”,‚“‡Žs,53350654,111,134,
‹ß]¼•”,‚“‡Žs,53350655,111,134,
‹ß]¼•”,‚“‡Žs,53350656,111,134,
‹ß]¼•”,‚“‡Žs,53350657,111,134,
‹ß]¼•”,‚“‡Žs,53350658,111,134,
‹ß]¼•”,‚“‡Žs,53350659,111,134,
‹ß]¼•”,‚“‡Žs,53350665,111,134,
‹ß]¼•”,‚“‡Žs,53350666,111,134,
‹ß]¼•”,‚“‡Žs,53350667,111,134,
‹ß]¼•”,‚“‡Žs,53350668,111,134,
‹ß]¼•”,‚“‡Žs,53350669,111,134,
‹ß]¼•”,‚“‡Žs,53350675,111,134,
‹ß]¼•”,‚“‡Žs,53350676,111,134,
‹ß]¼•”,‚“‡Žs,53350677,111,134,
‹ß]¼•”,‚“‡Žs,53350678,111,134,
‹ß]¼•”,‚“‡Žs,53350685,111,134,
‹ß]¼•”,‚“‡Žs,53350686,111,134,
‹ß]¼•”,‚“‡Žs,53350687,111,134,
‹ß]¼•”,‚“‡Žs,53350695,111,134,
‹ß]¼•”,‚“‡Žs,53350696,111,134,
‹ß]¼•”,‚“‡Žs,53350697,111,134,
‹ß]¼•”,‚“‡Žs,53350700,120,145,
‹ß]¼•”,‚“‡Žs,53350701,120,145,
‹ß]¼•”,‚“‡Žs,53350702,120,145,
‹ß]¼•”,‚“‡Žs,53350703,120,145,
‹ß]¼•”,‚“‡Žs,53350704,120,145,
‹ß]¼•”,‚“‡Žs,53350705,110,133,
‹ß]¼•”,‚“‡Žs,53350706,110,133,
‹ß]¼•”,‚“‡Žs,53350707,110,133,
‹ß]¼•”,‚“‡Žs,53350708,110,133,
‹ß]¼•”,‚“‡Žs,53350709,110,133,
‹ß]¼•”,‚“‡Žs,53350710,120,145,
‹ß]¼•”,‚“‡Žs,53350711,120,145,
‹ß]¼•”,‚“‡Žs,53350712,120,145,
‹ß]¼•”,‚“‡Žs,53350713,120,145,
‹ß]¼•”,‚“‡Žs,53350714,120,145,
‹ß]¼•”,‚“‡Žs,53350715,110,133,
‹ß]¼•”,‚“‡Žs,53350716,110,133,
‹ß]¼•”,‚“‡Žs,53350717,110,133,
‹ß]¼•”,‚“‡Žs,53350718,110,133,
‹ß]¼•”,‚“‡Žs,53350719,110,133,
‹ß]¼•”,‚“‡Žs,53350720,115,139,
‹ß]¼•”,‚“‡Žs,53350721,115,139,
‹ß]¼•”,‚“‡Žs,53350722,115,139,
‹ß]¼•”,‚“‡Žs,53350723,115,139,
‹ß]¼•”,‚“‡Žs,53350724,115,139,
‹ß]¼•”,‚“‡Žs,53350725,107,129,
‹ß]¼•”,‚“‡Žs,53350726,107,129,
‹ß]¼•”,‚“‡Žs,53350727,107,129,
‹ß]¼•”,‚“‡Žs,53350728,107,129,
‹ß]¼•”,‚“‡Žs,53350729,107,129,
‹ß]¼•”,‚“‡Žs,53350730,115,139,
‹ß]¼•”,‚“‡Žs,53350731,115,139,
‹ß]¼•”,‚“‡Žs,53350732,115,139,
‹ß]¼•”,‚“‡Žs,53350733,115,139,
‹ß]¼•”,‚“‡Žs,53350734,115,139,
‹ß]¼•”,‚“‡Žs,53350735,107,129,
‹ß]¼•”,‚“‡Žs,53350736,107,129,
‹ß]¼•”,‚“‡Žs,53350737,107,129,
‹ß]¼•”,‚“‡Žs,53350738,107,129,
‹ß]¼•”,‚“‡Žs,53350739,107,129,
‹ß]¼•”,‚“‡Žs,53350740,115,139,
‹ß]¼•”,‚“‡Žs,53350741,115,139,
‹ß]¼•”,‚“‡Žs,53350742,115,139,
‹ß]¼•”,‚“‡Žs,53350743,115,139,
‹ß]¼•”,‚“‡Žs,53350744,115,139,
‹ß]¼•”,‚“‡Žs,53350745,107,129,
‹ß]¼•”,‚“‡Žs,53350746,107,129,
‹ß]¼•”,‚“‡Žs,53350747,107,129,
‹ß]¼•”,‚“‡Žs,53350748,107,129,
‹ß]¼•”,‚“‡Žs,53350749,107,129,
‹ß]¼•”,‚“‡Žs,53350750,115,139,
‹ß]¼•”,‚“‡Žs,53350751,115,139,
‹ß]¼•”,‚“‡Žs,53350752,115,139,
‹ß]¼•”,‚“‡Žs,53350753,115,139,
‹ß]¼•”,‚“‡Žs,53350754,115,139,
‹ß]¼•”,‚“‡Žs,53350755,107,129,
‹ß]¼•”,‚“‡Žs,53350756,107,129,
‹ß]¼•”,‚“‡Žs,53350757,107,129,
‹ß]¼•”,‚“‡Žs,53350758,107,129,
‹ß]¼•”,‚“‡Žs,53350759,107,129,
‹ß]¼•”,‚“‡Žs,53350760,115,139,
‹ß]¼•”,‚“‡Žs,53350761,115,139,
‹ß]¼•”,‚“‡Žs,53350762,115,139,
‹ß]¼•”,‚“‡Žs,53350763,115,139,
‹ß]¼•”,‚“‡Žs,53350764,115,139,
‹ß]¼•”,‚“‡Žs,53350765,107,129,
‹ß]¼•”,‚“‡Žs,53350766,107,129,
‹ß]¼•”,‚“‡Žs,53350767,107,129,
‹ß]¼•”,‚“‡Žs,53350768,107,129,
‹ß]¼•”,‚“‡Žs,53350769,107,129,
‹ß]¼•”,‚“‡Žs,53350770,115,139,
‹ß]¼•”,‚“‡Žs,53350771,115,139,
‹ß]¼•”,‚“‡Žs,53350772,115,139,
‹ß]¼•”,‚“‡Žs,53350773,115,139,
‹ß]¼•”,‚“‡Žs,53350774,115,139,
‹ß]¼•”,‚“‡Žs,53350775,107,129,
‹ß]¼•”,‚“‡Žs,53350776,107,129,
‹ß]¼•”,‚“‡Žs,53350777,107,129,
‹ß]¼•”,‚“‡Žs,53350778,107,129,
‹ß]¼•”,‚“‡Žs,53350779,107,129,
‹ß]¼•”,‚“‡Žs,53350781,109,132,
‹ß]¼•”,‚“‡Žs,53350782,109,132,
‹ß]¼•”,‚“‡Žs,53350783,109,132,
‹ß]¼•”,‚“‡Žs,53350784,109,132,
‹ß]¼•”,‚“‡Žs,53350785,104,126,
‹ß]¼•”,‚“‡Žs,53350786,104,126,
‹ß]¼•”,‚“‡Žs,53350787,104,126,
‹ß]¼•”,‚“‡Žs,53350788,104,126,
‹ß]¼•”,‚“‡Žs,53350789,104,126,
‹ß]¼•”,‚“‡Žs,53350791,109,132,
‹ß]¼•”,‚“‡Žs,53350792,109,132,
‹ß]¼•”,‚“‡Žs,53350793,109,132,
‹ß]¼•”,‚“‡Žs,53350794,109,132,
‹ß]¼•”,‚“‡Žs,53350795,104,126,
‹ß]¼•”,‚“‡Žs,53350796,104,126,
‹ß]¼•”,‚“‡Žs,53350797,104,126,
‹ß]¼•”,‚“‡Žs,53350798,104,126,
‹ß]¼•”,‚“‡Žs,53350799,104,126,
‹ß]¼•”,‚“‡Žs,53351702,109,132,
‹ß]¼•”,‚“‡Žs,53351703,109,132,
‹ß]¼•”,‚“‡Žs,53351704,109,132,
‹ß]¼•”,‚“‡Žs,53351705,104,126,
‹ß]¼•”,‚“‡Žs,53351706,104,126,
‹ß]¼•”,‚“‡Žs,53351707,104,126,
‹ß]¼•”,‚“‡Žs,53351708,104,126,
‹ß]¼•”,‚“‡Žs,53351709,104,126,
‹ß]¼•”,‚“‡Žs,53351712,109,132,
‹ß]¼•”,‚“‡Žs,53351713,109,132,
‹ß]¼•”,‚“‡Žs,53351714,109,132,
‹ß]¼•”,‚“‡Žs,53351715,104,126,
‹ß]¼•”,‚“‡Žs,53351716,104,126,
‹ß]¼•”,‚“‡Žs,53351717,104,126,
‹ß]¼•”,‚“‡Žs,53351718,104,126,
‹ß]¼•”,‚“‡Žs,53351719,104,126,
‹ß]¼•”,‚“‡Žs,53351723,109,132,
‹ß]¼•”,‚“‡Žs,53351724,109,132,
‹ß]¼•”,‚“‡Žs,53351725,104,126,
‹ß]¼•”,‚“‡Žs,53351726,104,126,
‹ß]¼•”,‚“‡Žs,53351727,104,126,
‹ß]¼•”,‚“‡Žs,53351728,104,126,
‹ß]¼•”,‚“‡Žs,53351729,104,126,
‹ß]¼•”,‚“‡Žs,53351733,109,132,
‹ß]¼•”,‚“‡Žs,53351734,109,132,
‹ß]¼•”,‚“‡Žs,53351735,104,126,
‹ß]¼•”,‚“‡Žs,53351736,104,126,
‹ß]¼•”,‚“‡Žs,53351737,104,126,
‹ß]¼•”,‚“‡Žs,53351738,104,126,
‹ß]¼•”,‚“‡Žs,53351739,104,126,
‹ß]¼•”,‚“‡Žs,53351743,108,131,
‹ß]¼•”,‚“‡Žs,53351744,108,131,
‹ß]¼•”,‚“‡Žs,53351745,108,131,
‹ß]¼•”,‚“‡Žs,53351746,108,131,
‹ß]¼•”,‚“‡Žs,53351747,108,131,
‹ß]¼•”,‚“‡Žs,53351748,108,131,
‹ß]¼•”,‚“‡Žs,53351749,108,131,
‹ß]¼•”,‚“‡Žs,53351753,108,131,
‹ß]¼•”,‚“‡Žs,53351754,108,131,
‹ß]¼•”,‚“‡Žs,53351755,108,|,
‹ß]¼•”,‚“‡Žs,53351756,108,|,
‹ß]¼•”,‚“‡Žs,53351757,108,|,
‹ß]¼•”,‚“‡Žs,53351758,108,131,
‹ß]¼•”,‚“‡Žs,53351759,108,131,
‹ß]¼•”,‚“‡Žs,53351763,108,|,
‹ß]¼•”,‚“‡Žs,53351764,108,|,
‹ß]¼•”,‚“‡Žs,53351765,108,|,
‹ß]¼•”,‚“‡Žs,53351766,108,|,
‹ß]¼•”,‚“‡Žs,53351767,108,|,
‹ß]¼•”,‚“‡Žs,53351768,108,131,
‹ß]¼•”,‚“‡Žs,53351769,108,131,
‹ß]¼•”,‚“‡Žs,53351774,108,|,
‹ß]¼•”,‚“‡Žs,53351775,108,|,
‹ß]¼•”,‚“‡Žs,53351776,108,|,
‹ß]¼•”,‚“‡Žs,53351777,108,|,
‹ß]¼•”,‚“‡Žs,53351778,108,|,
‹ß]¼•”,‚“‡Žs,53351779,108,|,
‹ß]¼•”,‚“‡Žs,53351784,108,|,
‹ß]¼•”,‚“‡Žs,53351785,108,|,
‹ß]¼•”,‚“‡Žs,53351786,108,|,
‹ß]¼•”,‚“‡Žs,53351787,108,|,
‹ß]¼•”,‚“‡Žs,53351788,108,|,
‹ß]¼•”,‚“‡Žs,53351789,108,|,
‹ß]¼•”,‚“‡Žs,53351794,108,|,
‹ß]¼•”,‚“‡Žs,53351795,108,|,
‹ß]¼•”,‚“‡Žs,53351796,108,|,
‹ß]¼•”,‚“‡Žs,53351797,108,|,
‹ß]¼•”,‚“‡Žs,53352705,108,|,
‹ß]¼•”,‚“‡Žs,53352706,108,|,
‹ß]¼•”,‚“‡Žs,53352715,108,|,
‹ß]¼•”,‚“‡Žs,53360000,101,122,
‹ß]¼•”,‚“‡Žs,53360001,101,122,
‹ß]¼•”,‚“‡Žs,53360002,101,|,
‹ß]¼•”,‚“‡Žs,53360003,101,|,
‹ß]¼•”,‚“‡Žs,53360004,101,|,
‹ß]¼•”,‚“‡Žs,53360005,101,|,
‹ß]¼•”,‚“‡Žs,53360010,101,122,
‹ß]¼•”,‚“‡Žs,53360011,101,122,
‹ß]¼•”,‚“‡Žs,53360012,101,122,
‹ß]¼•”,‚“‡Žs,53360013,101,122,
‹ß]¼•”,‚“‡Žs,53360014,101,|,
‹ß]¼•”,‚“‡Žs,53360015,101,|,
‹ß]¼•”,‚“‡Žs,53360020,100,121,
‹ß]¼•”,‚“‡Žs,53360021,100,121,
‹ß]¼•”,‚“‡Žs,53360022,100,121,
‹ß]¼•”,‚“‡Žs,53360023,100,121,
‹ß]¼•”,‚“‡Žs,53360024,101,|,
‹ß]¼•”,‚“‡Žs,53360025,101,|,
‹ß]¼•”,‚“‡Žs,53360030,100,121,
‹ß]¼•”,‚“‡Žs,53360031,100,121,
‹ß]¼•”,‚“‡Žs,53360032,100,121,
‹ß]¼•”,‚“‡Žs,53360033,100,121,
‹ß]¼•”,‚“‡Žs,53360034,101,|,
‹ß]¼•”,‚“‡Žs,53360035,101,|,
‹ß]¼•”,‚“‡Žs,53360040,100,121,
‹ß]¼•”,‚“‡Žs,53360041,100,121,
‹ß]¼•”,‚“‡Žs,53360042,100,121,
‹ß]¼•”,‚“‡Žs,53360043,100,121,
‹ß]¼•”,‚“‡Žs,53360044,101,|,
‹ß]¼•”,‚“‡Žs,53360050,100,121,
‹ß]¼•”,‚“‡Žs,53360051,100,121,
‹ß]¼•”,‚“‡Žs,53360052,100,121,
‹ß]¼•”,‚“‡Žs,53360053,100,121,
‹ß]¼•”,‚“‡Žs,53360060,100,121,
‹ß]¼•”,‚“‡Žs,53360061,100,121,
‹ß]¼•”,‚“‡Žs,53360062,100,121,
‹ß]¼•”,‚“‡Žs,53360070,100,121,
‹ß]¼•”,‚“‡Žs,53360071,100,121,
‹ß]¼•”,‚“‡Žs,53360072,100,121,
‹ß]¼•”,‚“‡Žs,53360080,102,123,
‹ß]¼•”,‚“‡Žs,53360081,102,123,
‹ß]¼•”,‚“‡Žs,53360082,102,123,
‹ß]¼•”,‚“‡Žs,53360083,102,123,
‹ß]¼•”,‚“‡Žs,53360090,102,123,
‹ß]¼•”,‚“‡Žs,53360091,102,123,
‹ß]¼•”,‚“‡Žs,53360092,102,123,
‹ß]¼•”,‚“‡Žs,53360093,102,123,
‹ß]¼•”,‚“‡Žs,53361000,102,123,
‹ß]¼•”,‚“‡Žs,53361001,102,123,
‹ß]¼•”,‚“‡Žs,53361002,102,123,
‹ß]¼•”,‚“‡Žs,53361003,102,|,
‹ß]¼•”,‚“‡Žs,53361010,102,123,
‹ß]¼•”,‚“‡Žs,53361011,102,123,
‹ß]¼•”,‚“‡Žs,53361012,102,123,
‹ß]¼•”,‚“‡Žs,53361013,102,|,
‹ß]¼•”,‚“‡Žs,53361020,102,123,
‹ß]¼•”,‚“‡Žs,53361021,102,123,
‹ß]¼•”,‚“‡Žs,53361022,102,123,
‹ß]¼•”,‚“‡Žs,53361023,102,|,
‹ß]¼•”,‚“‡Žs,53361030,102,123,
‹ß]¼•”,‚“‡Žs,53361031,102,123,
‹ß]¼•”,‚“‡Žs,53361032,102,123,
‹ß]¼•”,‚“‡Žs,53361033,102,123,
‹ß]¼•”,‚“‡Žs,53361034,102,|,
‹ß]¼•”,‚“‡Žs,53361036,94,114,
‹ß]¼•”,‚“‡Žs,53361037,94,114,
‹ß]¼•”,‚“‡Žs,53361040,102,123,
‹ß]¼•”,‚“‡Žs,53361041,102,123,
‹ß]¼•”,‚“‡Žs,53361042,102,123,
‹ß]¼•”,‚“‡Žs,53361043,102,123,
‹ß]¼•”,‚“‡Žs,53361044,102,123,
‹ß]¼•”,‚“‡Žs,53361045,97,117,
‹ß]¼•”,‚“‡Žs,53361046,97,117,
‹ß]¼•”,‚“‡Žs,53361047,97,117,
‹ß]¼•”,‚“‡Žs,53361048,97,117,
‹ß]¼•”,‚“‡Žs,53361050,102,123,
‹ß]¼•”,‚“‡Žs,53361051,102,123,
‹ß]¼•”,‚“‡Žs,53361052,102,123,
‹ß]¼•”,‚“‡Žs,53361053,102,123,
‹ß]¼•”,‚“‡Žs,53361054,102,123,
‹ß]¼•”,‚“‡Žs,53361055,97,117,
‹ß]¼•”,‚“‡Žs,53361056,97,117,
‹ß]¼•”,‚“‡Žs,53361057,97,117,
‹ß]¼•”,‚“‡Žs,53361060,102,123,
‹ß]¼•”,‚“‡Žs,53361061,102,123,
‹ß]¼•”,‚“‡Žs,53361062,102,123,
‹ß]¼•”,‚“‡Žs,53361063,102,123,
‹ß]¼•”,‚“‡Žs,53361064,102,123,
‹ß]¼•”,‚“‡Žs,53361065,97,117,
‹ß]¼•”,‚“‡Žs,53361066,97,117,
‹ß]¼•”,‚“‡Žs,53361067,97,117,
‹ß]¼•”,‚“‡Žs,53361070,102,123,
‹ß]¼•”,‚“‡Žs,53361071,102,123,
‹ß]¼•”,‚“‡Žs,53361072,102,123,
‹ß]¼•”,‚“‡Žs,53361073,102,123,
‹ß]¼•”,‚“‡Žs,53361074,102,123,
‹ß]¼•”,‚“‡Žs,53361075,97,117,
‹ß]¼•”,‚“‡Žs,53361076,97,117,
‹ß]¼•”,‚“‡Žs,53361077,97,117,
‹ß]¼•”,‚“‡Žs,53361080,102,123,
‹ß]¼•”,‚“‡Žs,53361081,102,123,
‹ß]¼•”,‚“‡Žs,53361082,102,123,
‹ß]¼•”,‚“‡Žs,53361083,102,123,
‹ß]¼•”,‚“‡Žs,53361084,102,123,
‹ß]¼•”,‚“‡Žs,53361085,97,117,
‹ß]¼•”,‚“‡Žs,53361086,97,117,
‹ß]¼•”,‚“‡Žs,53361087,97,117,
‹ß]¼•”,‚“‡Žs,53361091,102,123,
‹ß]¼•”,‚“‡Žs,53361092,102,123,
‹ß]¼•”,‚“‡Žs,53361093,102,123,
‹ß]¼•”,‚“‡Žs,53361094,102,123,
‹ß]¼•”,‚“‡Žs,53361095,97,117,
‹ß]¼•”,‚“‡Žs,53361096,97,117,
‹ß]¼•”,‚“‡Žs,53361097,97,117,
‹ß]¼•”,‚“‡Žs,53362001,106,128,
‹ß]¼•”,‚“‡Žs,53362002,106,128,
‹ß]¼•”,‚“‡Žs,53362003,106,128,
‹ß]¼•”,‚“‡Žs,53362004,106,128,
‹ß]¼•”,‚“‡Žs,53362005,101,122,
‹ß]¼•”,‚“‡Žs,53362006,101,122,
‹ß]¼•”,‚“‡Žs,53362007,101,122,
‹ß]¼•”,‚“‡Žs,53362011,106,128,
‹ß]¼•”,‚“‡Žs,53362012,106,128,
‹ß]¼•”,‚“‡Žs,53362013,106,128,
‹ß]¼•”,‚“‡Žs,53362014,106,128,
‹ß]¼•”,‚“‡Žs,53362015,101,122,
‹ß]¼•”,‚“‡Žs,53362016,101,122,
‹ß]¼•”,‚“‡Žs,53362017,101,122,
‹ß]¼•”,‚“‡Žs,53362022,106,128,
‹ß]¼•”,‚“‡Žs,53362023,106,128,
‹ß]¼•”,‚“‡Žs,53362024,106,128,
‹ß]¼•”,‚“‡Žs,53362025,101,122,
‹ß]¼•”,‚“‡Žs,53362026,101,122,
‹ß]¼•”,‚“‡Žs,53362027,101,122,
‹ß]¼•”,‚“‡Žs,53362032,106,|,
‹ß]¼•”,‚“‡Žs,53362033,106,|,
‹ß]¼•”,‚“‡Žs,53362034,106,128,
‹ß]¼•”,‚“‡Žs,53362036,101,122,
‹ß]¼•”,‚“‡Žs,53362037,101,122,
‹ß]¼•”,‚“‡Žs,53362046,101,122,
ŒÎ–k,’·•lŽs,53360167,110,|,
ŒÎ–k,’·•lŽs,53360168,110,|,
ŒÎ–k,’·•lŽs,53360169,110,|,
ŒÎ–k,’·•lŽs,53360177,110,|,
ŒÎ–k,’·•lŽs,53360178,110,|,
ŒÎ–k,’·•lŽs,53360179,110,|,
ŒÎ–k,’·•lŽs,53360186,110,|,
ŒÎ–k,’·•lŽs,53360187,110,|,
ŒÎ–k,’·•lŽs,53360188,110,|,
ŒÎ–k,’·•lŽs,53360189,110,|,
ŒÎ–k,’·•lŽs,53360196,110,|,
ŒÎ–k,’·•lŽs,53360197,110,|,
ŒÎ–k,’·•lŽs,53360198,110,|,
ŒÎ–k,’·•lŽs,53360199,110,|,
ŒÎ–k,’·•lŽs,53360215,106,132,
ŒÎ–k,’·•lŽs,53360222,98,122,
ŒÎ–k,’·•lŽs,53360223,98,122,
ŒÎ–k,’·•lŽs,53360224,98,122,
ŒÎ–k,’·•lŽs,53360225,103,128,
ŒÎ–k,’·•lŽs,53360231,98,122,
ŒÎ–k,’·•lŽs,53360232,98,122,
ŒÎ–k,’·•lŽs,53360233,98,122,
ŒÎ–k,’·•lŽs,53360234,98,122,
ŒÎ–k,’·•lŽs,53360235,103,128,
ŒÎ–k,’·•lŽs,53360240,110,|,
ŒÎ–k,’·•lŽs,53360241,98,122,
ŒÎ–k,’·•lŽs,53360242,98,122,
ŒÎ–k,’·•lŽs,53360243,98,122,
ŒÎ–k,’·•lŽs,53360244,98,122,
ŒÎ–k,’·•lŽs,53360245,103,128,
ŒÎ–k,’·•lŽs,53360246,103,128,
ŒÎ–k,’·•lŽs,53360250,110,|,
ŒÎ–k,’·•lŽs,53360251,110,|,
ŒÎ–k,’·•lŽs,53360252,110,|,
ŒÎ–k,’·•lŽs,53360253,98,122,
ŒÎ–k,’·•lŽs,53360254,98,122,
ŒÎ–k,’·•lŽs,53360255,103,128,
ŒÎ–k,’·•lŽs,53360256,103,128,
ŒÎ–k,’·•lŽs,53360260,110,|,
ŒÎ–k,’·•lŽs,53360261,110,|,
ŒÎ–k,’·•lŽs,53360262,110,|,
ŒÎ–k,’·•lŽs,53360263,98,122,
ŒÎ–k,’·•lŽs,53360264,98,122,
ŒÎ–k,’·•lŽs,53360265,103,128,
ŒÎ–k,’·•lŽs,53360266,103,128,
ŒÎ–k,’·•lŽs,53360270,110,|,
ŒÎ–k,’·•lŽs,53360271,110,|,
ŒÎ–k,’·•lŽs,53360272,110,|,
ŒÎ–k,’·•lŽs,53360273,110,|,
ŒÎ–k,’·•lŽs,53360274,98,122,
ŒÎ–k,’·•lŽs,53360275,103,128,
ŒÎ–k,’·•lŽs,53360276,103,128,
ŒÎ–k,’·•lŽs,53360280,110,|,
ŒÎ–k,’·•lŽs,53360281,110,|,
ŒÎ–k,’·•lŽs,53360282,110,|,
ŒÎ–k,’·•lŽs,53360283,110,|,
ŒÎ–k,’·•lŽs,53360284,110,|,
ŒÎ–k,’·•lŽs,53360285,110,136,
ŒÎ–k,’·•lŽs,53360286,110,136,
ŒÎ–k,’·•lŽs,53360287,110,136,
ŒÎ–k,’·•lŽs,53360288,110,136,
ŒÎ–k,’·•lŽs,53360290,110,|,
ŒÎ–k,’·•lŽs,53360291,110,|,
ŒÎ–k,’·•lŽs,53360292,110,|,
ŒÎ–k,’·•lŽs,53360293,110,|,
ŒÎ–k,’·•lŽs,53360294,110,|,
ŒÎ–k,’·•lŽs,53360295,110,136,
ŒÎ–k,’·•lŽs,53360296,110,136,
ŒÎ–k,’·•lŽs,53360297,110,136,
ŒÎ–k,’·•lŽs,53360298,110,136,
ŒÎ–k,’·•lŽs,53361058,98,122,
ŒÎ–k,’·•lŽs,53361059,98,122,
ŒÎ–k,’·•lŽs,53361068,98,122,
ŒÎ–k,’·•lŽs,53361069,98,122,
ŒÎ–k,’·•lŽs,53361078,98,122,
ŒÎ–k,’·•lŽs,53361079,98,122,
ŒÎ–k,’·•lŽs,53361088,98,122,
ŒÎ–k,’·•lŽs,53361089,98,122,
ŒÎ–k,’·•lŽs,53361098,98,122,
ŒÎ–k,’·•lŽs,53361099,98,122,
ŒÎ–k,’·•lŽs,53361101,96,119,
ŒÎ–k,’·•lŽs,53361105,110,|,
ŒÎ–k,’·•lŽs,53361106,110,|,
ŒÎ–k,’·•lŽs,53361107,110,|,
ŒÎ–k,’·•lŽs,53361108,110,|,
ŒÎ–k,’·•lŽs,53361109,96,119,
ŒÎ–k,’·•lŽs,53361111,96,119,
ŒÎ–k,’·•lŽs,53361115,110,|,
ŒÎ–k,’·•lŽs,53361116,110,|,
ŒÎ–k,’·•lŽs,53361117,110,|,
ŒÎ–k,’·•lŽs,53361118,96,119,
ŒÎ–k,’·•lŽs,53361119,96,119,
ŒÎ–k,’·•lŽs,53361125,96,119,
ŒÎ–k,’·•lŽs,53361126,96,119,
ŒÎ–k,’·•lŽs,53361127,96,119,
ŒÎ–k,’·•lŽs,53361128,96,119,
ŒÎ–k,’·•lŽs,53361129,96,119,
ŒÎ–k,’·•lŽs,53361131,96,119,
ŒÎ–k,’·•lŽs,53361132,96,119,
ŒÎ–k,’·•lŽs,53361134,96,119,
ŒÎ–k,’·•lŽs,53361135,96,119,
ŒÎ–k,’·•lŽs,53361136,96,119,
ŒÎ–k,’·•lŽs,53361137,96,119,
ŒÎ–k,’·•lŽs,53361138,96,119,
ŒÎ–k,’·•lŽs,53361139,96,119,
ŒÎ–k,’·•lŽs,53361140,97,120,
ŒÎ–k,’·•lŽs,53361141,97,120,
ŒÎ–k,’·•lŽs,53361142,97,120,
ŒÎ–k,’·•lŽs,53361145,98,121,
ŒÎ–k,’·•lŽs,53361146,98,121,
ŒÎ–k,’·•lŽs,53361147,98,121,
ŒÎ–k,’·•lŽs,53361148,98,121,
ŒÎ–k,’·•lŽs,53361149,98,121,
ŒÎ–k,’·•lŽs,53361150,97,120,
ŒÎ–k,’·•lŽs,53361151,97,120,
ŒÎ–k,’·•lŽs,53361152,97,120,
ŒÎ–k,’·•lŽs,53361155,98,121,
ŒÎ–k,’·•lŽs,53361156,98,121,
ŒÎ–k,’·•lŽs,53361157,98,121,
ŒÎ–k,’·•lŽs,53361158,98,121,
ŒÎ–k,’·•lŽs,53361159,98,121,
ŒÎ–k,’·•lŽs,53361160,97,120,
ŒÎ–k,’·•lŽs,53361161,97,120,
ŒÎ–k,’·•lŽs,53361165,98,121,
ŒÎ–k,’·•lŽs,53361166,98,121,
ŒÎ–k,’·•lŽs,53361167,98,121,
ŒÎ–k,’·•lŽs,53361168,98,121,
ŒÎ–k,’·•lŽs,53361169,98,121,
ŒÎ–k,’·•lŽs,53361170,97,120,
ŒÎ–k,’·•lŽs,53361171,97,120,
ŒÎ–k,’·•lŽs,53361172,97,120,
ŒÎ–k,’·•lŽs,53361175,98,121,
ŒÎ–k,’·•lŽs,53361176,98,121,
ŒÎ–k,’·•lŽs,53361177,98,121,
ŒÎ–k,’·•lŽs,53361178,98,121,
ŒÎ–k,’·•lŽs,53361179,98,121,
ŒÎ–k,’·•lŽs,53361180,97,120,
ŒÎ–k,’·•lŽs,53361181,97,120,
ŒÎ–k,’·•lŽs,53361182,97,120,
ŒÎ–k,’·•lŽs,53361185,98,121,
ŒÎ–k,’·•lŽs,53361186,98,121,
ŒÎ–k,’·•lŽs,53361187,98,121,
ŒÎ–k,’·•lŽs,53361188,98,121,
ŒÎ–k,’·•lŽs,53361189,98,121,
ŒÎ–k,’·•lŽs,53361190,97,120,
ŒÎ–k,’·•lŽs,53361191,97,120,
ŒÎ–k,’·•lŽs,53361192,97,120,
ŒÎ–k,’·•lŽs,53361193,97,120,
ŒÎ–k,’·•lŽs,53361194,97,120,
ŒÎ–k,’·•lŽs,53361195,98,121,
ŒÎ–k,’·•lŽs,53361196,98,121,
ŒÎ–k,’·•lŽs,53361197,98,121,
ŒÎ–k,’·•lŽs,53361198,98,121,
ŒÎ–k,’·•lŽs,53361199,98,121,
ŒÎ–k,’·•lŽs,53361200,98,122,
ŒÎ–k,’·•lŽs,53361201,98,122,
ŒÎ–k,’·•lŽs,53361202,110,|,
ŒÎ–k,’·•lŽs,53361203,110,|,
ŒÎ–k,’·•lŽs,53361204,98,122,
ŒÎ–k,’·•lŽs,53361205,110,136,
ŒÎ–k,’·•lŽs,53361206,110,136,
ŒÎ–k,’·•lŽs,53361207,110,136,
ŒÎ–k,’·•lŽs,53361208,110,136,
ŒÎ–k,’·•lŽs,53361210,98,122,
ŒÎ–k,’·•lŽs,53361211,98,122,
ŒÎ–k,’·•lŽs,53361212,98,122,
ŒÎ–k,’·•lŽs,53361213,98,122,
ŒÎ–k,’·•lŽs,53361214,98,122,
ŒÎ–k,’·•lŽs,53361215,110,136,
ŒÎ–k,’·•lŽs,53361216,110,136,
ŒÎ–k,’·•lŽs,53361217,110,136,
ŒÎ–k,’·•lŽs,53361218,110,136,
ŒÎ–k,’·•lŽs,53361220,98,122,
ŒÎ–k,’·•lŽs,53361221,98,122,
ŒÎ–k,’·•lŽs,53361222,98,122,
ŒÎ–k,’·•lŽs,53361223,98,122,
ŒÎ–k,’·•lŽs,53361224,98,122,
ŒÎ–k,’·•lŽs,53361225,110,136,
ŒÎ–k,’·•lŽs,53361226,110,136,
ŒÎ–k,’·•lŽs,53361227,110,136,
ŒÎ–k,’·•lŽs,53361228,110,136,
ŒÎ–k,’·•lŽs,53361230,98,122,
ŒÎ–k,’·•lŽs,53361231,98,122,
ŒÎ–k,’·•lŽs,53361232,98,122,
ŒÎ–k,’·•lŽs,53361233,98,122,
ŒÎ–k,’·•lŽs,53361234,98,122,
ŒÎ–k,’·•lŽs,53361235,110,136,
ŒÎ–k,’·•lŽs,53361236,110,136,
ŒÎ–k,’·•lŽs,53361237,110,136,
ŒÎ–k,’·•lŽs,53361240,100,124,
ŒÎ–k,’·•lŽs,53361241,100,124,
ŒÎ–k,’·•lŽs,53361242,100,124,
ŒÎ–k,’·•lŽs,53361243,100,124,
ŒÎ–k,’·•lŽs,53361244,100,124,
ŒÎ–k,’·•lŽs,53361245,115,142,
ŒÎ–k,’·•lŽs,53361246,115,142,
ŒÎ–k,’·•lŽs,53361247,115,142,
ŒÎ–k,’·•lŽs,53361250,100,124,
ŒÎ–k,’·•lŽs,53361251,100,124,
ŒÎ–k,’·•lŽs,53361252,100,124,
ŒÎ–k,’·•lŽs,53361253,100,124,
ŒÎ–k,’·•lŽs,53361254,100,124,
ŒÎ–k,’·•lŽs,53361255,115,142,
ŒÎ–k,’·•lŽs,53361256,115,142,
ŒÎ–k,’·•lŽs,53361260,100,124,
ŒÎ–k,’·•lŽs,53361261,100,124,
ŒÎ–k,’·•lŽs,53361262,100,124,
ŒÎ–k,’·•lŽs,53361263,100,124,
ŒÎ–k,’·•lŽs,53361264,100,124,
ŒÎ–k,’·•lŽs,53361265,115,142,
ŒÎ–k,’·•lŽs,53361266,115,142,
ŒÎ–k,’·•lŽs,53361270,100,124,
ŒÎ–k,’·•lŽs,53361271,100,124,
ŒÎ–k,’·•lŽs,53361272,100,124,
ŒÎ–k,’·•lŽs,53361273,100,124,
ŒÎ–k,’·•lŽs,53361274,100,124,
ŒÎ–k,’·•lŽs,53361275,115,142,
ŒÎ–k,’·•lŽs,53361276,115,142,
ŒÎ–k,’·•lŽs,53361280,100,124,
ŒÎ–k,’·•lŽs,53361281,100,124,
ŒÎ–k,’·•lŽs,53361282,100,124,
ŒÎ–k,’·•lŽs,53361283,100,124,
ŒÎ–k,’·•lŽs,53361284,100,124,
ŒÎ–k,’·•lŽs,53361285,115,142,
ŒÎ–k,’·•lŽs,53361286,115,142,
ŒÎ–k,’·•lŽs,53361290,100,124,
ŒÎ–k,’·•lŽs,53361291,100,124,
ŒÎ–k,’·•lŽs,53361292,100,124,
ŒÎ–k,’·•lŽs,53361293,100,124,
ŒÎ–k,’·•lŽs,53361294,100,124,
ŒÎ–k,’·•lŽs,53361295,115,142,
ŒÎ–k,’·•lŽs,53361296,115,142,
ŒÎ–k,’·•lŽs,53362008,103,128,
ŒÎ–k,’·•lŽs,53362009,103,128,
ŒÎ–k,’·•lŽs,53362018,103,128,
ŒÎ–k,’·•lŽs,53362019,103,128,
ŒÎ–k,’·•lŽs,53362028,103,128,
ŒÎ–k,’·•lŽs,53362029,103,128,
ŒÎ–k,’·•lŽs,53362038,103,128,
ŒÎ–k,’·•lŽs,53362039,103,128,
ŒÎ–k,’·•lŽs,53362049,103,128,
ŒÎ–k,’·•lŽs,53362059,103,128,
ŒÎ–k,’·•lŽs,53362069,104,129,
ŒÎ–k,’·•lŽs,53362079,104,129,
ŒÎ–k,’·•lŽs,53362089,104,129,
ŒÎ–k,’·•lŽs,53362100,100,124,
ŒÎ–k,’·•lŽs,53362101,100,124,
ŒÎ–k,’·•lŽs,53362102,100,124,
ŒÎ–k,’·•lŽs,53362103,100,124,
ŒÎ–k,’·•lŽs,53362104,100,124,
ŒÎ–k,’·•lŽs,53362105,100,124,
ŒÎ–k,’·•lŽs,53362106,100,124,
ŒÎ–k,’·•lŽs,53362107,100,124,
ŒÎ–k,’·•lŽs,53362108,100,124,
ŒÎ–k,’·•lŽs,53362109,100,124,
ŒÎ–k,’·•lŽs,53362110,100,124,
ŒÎ–k,’·•lŽs,53362111,100,124,
ŒÎ–k,’·•lŽs,53362112,100,124,
ŒÎ–k,’·•lŽs,53362113,100,124,
ŒÎ–k,’·•lŽs,53362114,100,124,
ŒÎ–k,’·•lŽs,53362115,100,124,
ŒÎ–k,’·•lŽs,53362116,100,124,
ŒÎ–k,’·•lŽs,53362117,100,124,
ŒÎ–k,’·•lŽs,53362118,100,124,
ŒÎ–k,’·•lŽs,53362119,100,124,
ŒÎ–k,’·•lŽs,53362120,100,124,
ŒÎ–k,’·•lŽs,53362121,100,124,
ŒÎ–k,’·•lŽs,53362122,100,124,
ŒÎ–k,’·•lŽs,53362123,100,124,
ŒÎ–k,’·•lŽs,53362124,100,124,
ŒÎ–k,’·•lŽs,53362125,100,124,
ŒÎ–k,’·•lŽs,53362126,100,124,
ŒÎ–k,’·•lŽs,53362127,100,124,
ŒÎ–k,’·•lŽs,53362128,100,124,
ŒÎ–k,’·•lŽs,53362129,100,124,
ŒÎ–k,’·•lŽs,53362130,100,124,
ŒÎ–k,’·•lŽs,53362131,100,124,
ŒÎ–k,’·•lŽs,53362132,100,124,
ŒÎ–k,’·•lŽs,53362133,100,124,
ŒÎ–k,’·•lŽs,53362134,100,124,
ŒÎ–k,’·•lŽs,53362135,100,124,
ŒÎ–k,’·•lŽs,53362136,100,124,
ŒÎ–k,’·•lŽs,53362137,100,124,
ŒÎ–k,’·•lŽs,53362138,100,124,
ŒÎ–k,’·•lŽs,53362139,100,124,
ŒÎ–k,’·•lŽs,53362140,100,124,
ŒÎ–k,’·•lŽs,53362141,100,124,
ŒÎ–k,’·•lŽs,53362142,100,124,
ŒÎ–k,’·•lŽs,53362143,100,124,
ŒÎ–k,’·•lŽs,53362144,100,124,
ŒÎ–k,’·•lŽs,53362145,100,124,
ŒÎ–k,’·•lŽs,53362146,100,124,
ŒÎ–k,’·•lŽs,53362147,100,124,
ŒÎ–k,’·•lŽs,53362148,100,124,
ŒÎ–k,’·•lŽs,53362149,100,124,
ŒÎ–k,’·•lŽs,53362150,100,124,
ŒÎ–k,’·•lŽs,53362151,100,124,
ŒÎ–k,’·•lŽs,53362152,100,124,
ŒÎ–k,’·•lŽs,53362153,100,124,
ŒÎ–k,’·•lŽs,53362154,100,124,
ŒÎ–k,’·•lŽs,53362155,100,124,
ŒÎ–k,’·•lŽs,53362156,100,124,
ŒÎ–k,’·•lŽs,53362157,100,124,
ŒÎ–k,’·•lŽs,53362158,100,124,
ŒÎ–k,’·•lŽs,53362159,100,124,
ŒÎ–k,’·•lŽs,53362160,103,128,
ŒÎ–k,’·•lŽs,53362161,103,128,
ŒÎ–k,’·•lŽs,53362162,103,128,
ŒÎ–k,’·•lŽs,53362163,103,128,
ŒÎ–k,’·•lŽs,53362164,103,128,
ŒÎ–k,’·•lŽs,53362165,103,128,
ŒÎ–k,’·•lŽs,53362166,103,128,
ŒÎ–k,’·•lŽs,53362167,103,128,
ŒÎ–k,’·•lŽs,53362168,103,128,
ŒÎ–k,’·•lŽs,53362169,103,128,
ŒÎ–k,’·•lŽs,53362170,103,128,
ŒÎ–k,’·•lŽs,53362171,103,128,
ŒÎ–k,’·•lŽs,53362172,103,128,
ŒÎ–k,’·•lŽs,53362173,103,128,
ŒÎ–k,’·•lŽs,53362174,103,128,
ŒÎ–k,’·•lŽs,53362175,103,128,
ŒÎ–k,’·•lŽs,53362176,103,128,
ŒÎ–k,’·•lŽs,53362177,103,128,
ŒÎ–k,’·•lŽs,53362178,103,128,
ŒÎ–k,’·•lŽs,53362179,103,128,
ŒÎ–k,’·•lŽs,53362180,103,128,
ŒÎ–k,’·•lŽs,53362181,103,128,
ŒÎ–k,’·•lŽs,53362182,103,128,
ŒÎ–k,’·•lŽs,53362183,103,128,
ŒÎ–k,’·•lŽs,53362184,103,128,
ŒÎ–k,’·•lŽs,53362185,103,128,
ŒÎ–k,’·•lŽs,53362186,103,128,
ŒÎ–k,’·•lŽs,53362187,103,128,
ŒÎ–k,’·•lŽs,53362188,103,128,
ŒÎ–k,’·•lŽs,53362189,103,128,
ŒÎ–k,’·•lŽs,53362193,103,128,
ŒÎ–k,’·•lŽs,53362194,103,128,
ŒÎ–k,’·•lŽs,53362195,103,128,
ŒÎ–k,’·•lŽs,53362196,103,128,
ŒÎ–k,’·•lŽs,53362197,103,128,
ŒÎ–k,’·•lŽs,53362198,103,128,
ŒÎ–k,’·•lŽs,53362199,103,128,
ŒÎ–k,’·•lŽs,53362200,108,134,
ŒÎ–k,’·•lŽs,53362201,108,134,
ŒÎ–k,’·•lŽs,53362202,108,134,
ŒÎ–k,’·•lŽs,53362203,108,134,
ŒÎ–k,’·•lŽs,53362204,108,134,
ŒÎ–k,’·•lŽs,53362205,120,149,
ŒÎ–k,’·•lŽs,53362206,120,149,
ŒÎ–k,’·•lŽs,53362210,108,134,
ŒÎ–k,’·•lŽs,53362211,108,134,
ŒÎ–k,’·•lŽs,53362212,108,134,
ŒÎ–k,’·•lŽs,53362213,124,|,
ŒÎ–k,’·•lŽs,53362214,124,|,
ŒÎ–k,’·•lŽs,53362215,120,149,
ŒÎ–k,’·•lŽs,53362216,120,149,
ŒÎ–k,’·•lŽs,53362220,108,134,
ŒÎ–k,’·•lŽs,53362221,108,134,
ŒÎ–k,’·•lŽs,53362222,108,134,
ŒÎ–k,’·•lŽs,53362223,124,|,
ŒÎ–k,’·•lŽs,53362224,124,|,
ŒÎ–k,’·•lŽs,53362225,120,149,
ŒÎ–k,’·•lŽs,53362226,120,149,
ŒÎ–k,’·•lŽs,53362227,120,149,
ŒÎ–k,’·•lŽs,53362230,108,134,
ŒÎ–k,’·•lŽs,53362231,108,134,
ŒÎ–k,’·•lŽs,53362232,108,134,
ŒÎ–k,’·•lŽs,53362233,124,|,
ŒÎ–k,’·•lŽs,53362234,124,|,
ŒÎ–k,’·•lŽs,53362235,120,149,
ŒÎ–k,’·•lŽs,53362236,120,149,
ŒÎ–k,’·•lŽs,53362237,120,149,
ŒÎ–k,’·•lŽs,53362240,108,134,
ŒÎ–k,’·•lŽs,53362241,108,134,
ŒÎ–k,’·•lŽs,53362242,124,|,
ŒÎ–k,’·•lŽs,53362243,124,|,
ŒÎ–k,’·•lŽs,53362244,124,|,
ŒÎ–k,’·•lŽs,53362245,124,|,
ŒÎ–k,’·•lŽs,53362246,124,|,
ŒÎ–k,’·•lŽs,53362247,124,|,
ŒÎ–k,’·•lŽs,53362250,108,134,
ŒÎ–k,’·•lŽs,53362251,108,134,
ŒÎ–k,’·•lŽs,53362252,124,|,
ŒÎ–k,’·•lŽs,53362253,124,|,
ŒÎ–k,’·•lŽs,53362254,124,|,
ŒÎ–k,’·•lŽs,53362255,124,|,
ŒÎ–k,’·•lŽs,53362256,124,|,
ŒÎ–k,’·•lŽs,53362260,102,127,
ŒÎ–k,’·•lŽs,53362261,102,127,
ŒÎ–k,’·•lŽs,53362262,102,127,
ŒÎ–k,’·•lŽs,53362263,102,127,
ŒÎ–k,’·•lŽs,53362264,102,127,
ŒÎ–k,’·•lŽs,53362270,102,127,
ŒÎ–k,’·•lŽs,53362271,102,127,
ŒÎ–k,’·•lŽs,53362272,102,127,
ŒÎ–k,’·•lŽs,53362273,102,127,
ŒÎ–k,’·•lŽs,53362274,102,127,
ŒÎ–k,’·•lŽs,53362280,102,127,
ŒÎ–k,’·•lŽs,53362281,102,127,
ŒÎ–k,’·•lŽs,53362282,102,127,
ŒÎ–k,’·•lŽs,53362283,102,127,
ŒÎ–k,’·•lŽs,53362284,102,127,
ŒÎ–k,’·•lŽs,53362285,110,136,
ŒÎ–k,’·•lŽs,53362290,102,127,
ŒÎ–k,’·•lŽs,53362291,102,127,
ŒÎ–k,’·•lŽs,53362292,102,127,
ŒÎ–k,’·•lŽs,53362293,102,127,
ŒÎ–k,’·•lŽs,53362294,102,127,
ŒÎ–k,’·•lŽs,53362295,110,136,
ŒÎ–k,’·•lŽs,53363104,103,128,
ŒÎ–k,’·•lŽs,53363105,103,128,
ŒÎ–k,’·•lŽs,53363106,103,128,
ŒÎ–k,’·•lŽs,53363107,103,128,
ŒÎ–k,’·•lŽs,53363108,103,128,
ŒÎ–k,’·•lŽs,53363109,103,128,
ŒÎ–k,’·•lŽs,53363114,103,128,
ŒÎ–k,’·•lŽs,53363115,103,128,
ŒÎ–k,’·•lŽs,53363116,103,128,
ŒÎ–k,’·•lŽs,53363117,103,128,
ŒÎ–k,’·•lŽs,53363118,103,128,
ŒÎ–k,’·•lŽs,53363119,103,128,
ŒÎ–k,’·•lŽs,53363124,106,131,
ŒÎ–k,’·•lŽs,53363125,103,128,
ŒÎ–k,’·•lŽs,53363126,103,128,
ŒÎ–k,’·•lŽs,53363127,103,128,
ŒÎ–k,’·•lŽs,53363128,103,128,
ŒÎ–k,’·•lŽs,53363129,103,128,
ŒÎ–k,’·•lŽs,53363134,106,131,
ŒÎ–k,’·•lŽs,53363135,103,128,
ŒÎ–k,’·•lŽs,53363136,103,128,
ŒÎ–k,’·•lŽs,53363137,103,128,
ŒÎ–k,’·•lŽs,53363138,103,128,
ŒÎ–k,’·•lŽs,53363139,103,128,
ŒÎ–k,’·•lŽs,53363143,106,131,
ŒÎ–k,’·•lŽs,53363144,106,131,
ŒÎ–k,’·•lŽs,53363145,103,128,
ŒÎ–k,’·•lŽs,53363146,103,128,
ŒÎ–k,’·•lŽs,53363147,103,128,
ŒÎ–k,’·•lŽs,53363148,103,128,
ŒÎ–k,’·•lŽs,53363149,103,128,
ŒÎ–k,’·•lŽs,53363153,106,131,
ŒÎ–k,’·•lŽs,53363154,106,131,
ŒÎ–k,’·•lŽs,53363155,103,128,
ŒÎ–k,’·•lŽs,53363156,103,128,
ŒÎ–k,’·•lŽs,53363157,103,128,
ŒÎ–k,’·•lŽs,53363158,103,128,
ŒÎ–k,’·•lŽs,53363159,103,128,
ŒÎ–k,’·•lŽs,53363163,106,131,
ŒÎ–k,’·•lŽs,53363164,106,131,
ŒÎ–k,’·•lŽs,53363165,103,128,
ŒÎ–k,’·•lŽs,53363166,103,128,
ŒÎ–k,’·•lŽs,53363167,103,128,
ŒÎ–k,’·•lŽs,53363168,103,128,
ŒÎ–k,’·•lŽs,53363169,110,|,
ŒÎ–k,’·•lŽs,53363172,106,131,
ŒÎ–k,’·•lŽs,53363173,106,131,
ŒÎ–k,’·•lŽs,53363174,106,131,
ŒÎ–k,’·•lŽs,53363175,103,128,
ŒÎ–k,’·•lŽs,53363176,103,128,
ŒÎ–k,’·•lŽs,53363177,103,128,
ŒÎ–k,’·•lŽs,53363178,110,|,
ŒÎ–k,’·•lŽs,53363179,110,|,
ŒÎ–k,’·•lŽs,53363182,104,129,
ŒÎ–k,’·•lŽs,53363183,104,129,
ŒÎ–k,’·•lŽs,53363184,104,129,
ŒÎ–k,’·•lŽs,53363185,103,128,
ŒÎ–k,’·•lŽs,53363186,103,128,
ŒÎ–k,’·•lŽs,53363187,103,128,
ŒÎ–k,’·•lŽs,53363188,110,|,
ŒÎ–k,’·•lŽs,53363189,110,|,
ŒÎ–k,’·•lŽs,53363192,104,129,
ŒÎ–k,’·•lŽs,53363193,104,129,
ŒÎ–k,’·•lŽs,53363194,104,129,
ŒÎ–k,’·•lŽs,53363195,103,128,
ŒÎ–k,’·•lŽs,53363196,103,128,
ŒÎ–k,’·•lŽs,53363197,103,128,
ŒÎ–k,’·•lŽs,53363198,110,|,
ŒÎ–k,’·•lŽs,53363199,110,|,
ŒÎ–k,’·•lŽs,53363200,102,127,
ŒÎ–k,’·•lŽs,53363201,102,127,
ŒÎ–k,’·•lŽs,53363202,102,127,
ŒÎ–k,’·•lŽs,53363203,102,127,
ŒÎ–k,’·•lŽs,53363204,102,127,
ŒÎ–k,’·•lŽs,53363205,110,|,
ŒÎ–k,’·•lŽs,53363210,102,127,
ŒÎ–k,’·•lŽs,53363211,102,127,
ŒÎ–k,’·•lŽs,53363212,102,127,
ŒÎ–k,’·•lŽs,53363213,102,127,
ŒÎ–k,’·•lŽs,53363214,102,127,
ŒÎ–k,’·•lŽs,53363215,110,|,
ŒÎ–k,’·•lŽs,53363220,106,131,
ŒÎ–k,’·•lŽs,53363221,110,|,
ŒÎ–k,’·•lŽs,53363222,110,|,
ŒÎ–k,’·•lŽs,53363223,110,|,
ŒÎ–k,’·•lŽs,53363224,110,|,
ŒÎ–k,’·•lŽs,53363230,110,|,
ŒÎ–k,’·•lŽs,53363231,110,|,
ŒÎ–k,’·•lŽs,53363232,110,|,
ŒÎ–k,’·•lŽs,53363233,110,|,
ŒÎ–k,’·•lŽs,53363234,110,|,
ŒÎ–k,’·•lŽs,53363235,110,|,
ŒÎ–k,’·•lŽs,53363240,110,|,
ŒÎ–k,’·•lŽs,53363241,110,|,
ŒÎ–k,’·•lŽs,53363242,110,|,
ŒÎ–k,’·•lŽs,53363244,110,|,
ŒÎ–k,’·•lŽs,53363250,110,|,
ŒÎ–k,’·•lŽs,53363251,110,|,
ŒÎ–k,’·•lŽs,53363252,110,|,
ŒÎ–k,’·•lŽs,53363260,110,|,
ŒÎ–k,’·•lŽs,53363261,110,|,
ŒÎ–k,’·•lŽs,53363270,110,|,
ŒÎ–k,’·•lŽs,53363271,110,|,
ŒÎ–k,’·•lŽs,53363272,110,|,
ŒÎ–k,’·•lŽs,53363280,110,|,
ŒÎ–k,’·•lŽs,53363281,110,|,
ŒÎ–k,’·•lŽs,53363290,110,|,
ŒÎ–k,’·•lŽs,53363291,110,|,
ŒÎ–k,’·•lŽs,53364101,104,129,
ŒÎ–k,’·•lŽs,53364102,104,129,
ŒÎ–k,’·•lŽs,53364103,104,129,
ŒÎ–k,’·•lŽs,53364104,104,129,
ŒÎ–k,’·•lŽs,53364105,103,128,
ŒÎ–k,’·•lŽs,53364106,110,|,
ŒÎ–k,’·•lŽs,53364107,110,|,
ŒÎ–k,’·•lŽs,53364108,110,|,
ŒÎ–k,’·•lŽs,53364109,110,|,
ŒÎ–k,’·•lŽs,53364111,104,129,
ŒÎ–k,’·•lŽs,53364112,104,129,
ŒÎ–k,’·•lŽs,53364113,104,129,
ŒÎ–k,’·•lŽs,53364114,104,129,
ŒÎ–k,’·•lŽs,53364115,110,|,
ŒÎ–k,’·•lŽs,53364116,110,|,
ŒÎ–k,’·•lŽs,53364117,110,|,
ŒÎ–k,’·•lŽs,53364118,110,|,
ŒÎ–k,’·•lŽs,53364122,104,129,
ŒÎ–k,’·•lŽs,53364123,104,129,
ŒÎ–k,’·•lŽs,53364124,110,|,
ŒÎ–k,’·•lŽs,53364125,110,|,
ŒÎ–k,’·•lŽs,53364132,104,129,
ŒÎ–k,’·•lŽs,53364133,104,129,
ŒÎ–k,’·•lŽs,53364134,110,|,
ŒÎ–k,’·•lŽs,53364135,110,|,
ŒÎ–k,’·•lŽs,53364200,110,|,
ŒÎ–k,•ÄŒ´Žs,52367238,106,132,
ŒÎ–k,•ÄŒ´Žs,52367245,106,132,
ŒÎ–k,•ÄŒ´Žs,52367247,106,132,
ŒÎ–k,•ÄŒ´Žs,52367248,106,132,
ŒÎ–k,•ÄŒ´Žs,52367249,106,132,
ŒÎ–k,•ÄŒ´Žs,52367251,96,119,
ŒÎ–k,•ÄŒ´Žs,52367254,96,119,
ŒÎ–k,•ÄŒ´Žs,52367255,106,132,
ŒÎ–k,•ÄŒ´Žs,52367256,106,132,
ŒÎ–k,•ÄŒ´Žs,52367257,106,132,
ŒÎ–k,•ÄŒ´Žs,52367258,106,132,
ŒÎ–k,•ÄŒ´Žs,52367259,106,132,
ŒÎ–k,•ÄŒ´Žs,52367260,100,124,
ŒÎ–k,•ÄŒ´Žs,52367261,100,124,
ŒÎ–k,•ÄŒ´Žs,52367262,100,124,
ŒÎ–k,•ÄŒ´Žs,52367263,100,124,
ŒÎ–k,•ÄŒ´Žs,52367264,100,124,
ŒÎ–k,•ÄŒ´Žs,52367265,106,132,
ŒÎ–k,•ÄŒ´Žs,52367266,106,132,
ŒÎ–k,•ÄŒ´Žs,52367267,106,132,
ŒÎ–k,•ÄŒ´Žs,52367268,106,132,
ŒÎ–k,•ÄŒ´Žs,52367269,106,132,
ŒÎ–k,•ÄŒ´Žs,52367270,100,124,
ŒÎ–k,•ÄŒ´Žs,52367271,100,124,
ŒÎ–k,•ÄŒ´Žs,52367272,100,124,
ŒÎ–k,•ÄŒ´Žs,52367273,100,124,
ŒÎ–k,•ÄŒ´Žs,52367274,100,124,
ŒÎ–k,•ÄŒ´Žs,52367275,106,132,
ŒÎ–k,•ÄŒ´Žs,52367276,106,132,
ŒÎ–k,•ÄŒ´Žs,52367277,106,132,
ŒÎ–k,•ÄŒ´Žs,52367278,106,132,
ŒÎ–k,•ÄŒ´Žs,52367279,106,132,
ŒÎ–k,•ÄŒ´Žs,52367281,100,|,
ŒÎ–k,•ÄŒ´Žs,52367282,100,124,
ŒÎ–k,•ÄŒ´Žs,52367283,100,124,
ŒÎ–k,•ÄŒ´Žs,52367284,100,124,
ŒÎ–k,•ÄŒ´Žs,52367285,106,132,
ŒÎ–k,•ÄŒ´Žs,52367286,106,132,
ŒÎ–k,•ÄŒ´Žs,52367287,106,132,
ŒÎ–k,•ÄŒ´Žs,52367288,106,132,
ŒÎ–k,•ÄŒ´Žs,52367289,106,132,
ŒÎ–k,•ÄŒ´Žs,52367291,100,|,
ŒÎ–k,•ÄŒ´Žs,52367292,100,124,
ŒÎ–k,•ÄŒ´Žs,52367293,100,124,
ŒÎ–k,•ÄŒ´Žs,52367294,100,124,
ŒÎ–k,•ÄŒ´Žs,52367295,106,132,
ŒÎ–k,•ÄŒ´Žs,52367296,106,132,
ŒÎ–k,•ÄŒ´Žs,52367297,106,132,
ŒÎ–k,•ÄŒ´Žs,52367298,106,132,
ŒÎ–k,•ÄŒ´Žs,52367299,106,132,
ŒÎ–k,•ÄŒ´Žs,52367340,118,|,
ŒÎ–k,•ÄŒ´Žs,52367350,118,|,
ŒÎ–k,•ÄŒ´Žs,52367351,118,|,
ŒÎ–k,•ÄŒ´Žs,52367360,116,144,
ŒÎ–k,•ÄŒ´Žs,52367361,116,144,
ŒÎ–k,•ÄŒ´Žs,52367370,116,144,
ŒÎ–k,•ÄŒ´Žs,52367371,116,144,
ŒÎ–k,•ÄŒ´Žs,52367372,116,|,
ŒÎ–k,•ÄŒ´Žs,52367380,116,144,
ŒÎ–k,•ÄŒ´Žs,52367381,116,144,
ŒÎ–k,•ÄŒ´Žs,52367382,116,144,
ŒÎ–k,•ÄŒ´Žs,52367390,116,144,
ŒÎ–k,•ÄŒ´Žs,52367391,116,144,
ŒÎ–k,•ÄŒ´Žs,52367392,116,144,
ŒÎ–k,•ÄŒ´Žs,53360201,100,|,
ŒÎ–k,•ÄŒ´Žs,53360202,100,124,
ŒÎ–k,•ÄŒ´Žs,53360203,100,124,
ŒÎ–k,•ÄŒ´Žs,53360204,100,124,
ŒÎ–k,•ÄŒ´Žs,53360205,106,132,
ŒÎ–k,•ÄŒ´Žs,53360206,106,132,
ŒÎ–k,•ÄŒ´Žs,53360207,106,132,
ŒÎ–k,•ÄŒ´Žs,53360208,106,132,
ŒÎ–k,•ÄŒ´Žs,53360209,106,132,
ŒÎ–k,•ÄŒ´Žs,53360212,100,|,
ŒÎ–k,•ÄŒ´Žs,53360213,100,124,
ŒÎ–k,•ÄŒ´Žs,53360214,100,124,
ŒÎ–k,•ÄŒ´Žs,53360216,106,132,
ŒÎ–k,•ÄŒ´Žs,53360217,106,132,
ŒÎ–k,•ÄŒ´Žs,53360218,106,132,
ŒÎ–k,•ÄŒ´Žs,53360219,106,132,
ŒÎ–k,•ÄŒ´Žs,53360226,103,128,
ŒÎ–k,•ÄŒ´Žs,53360227,103,128,
ŒÎ–k,•ÄŒ´Žs,53360228,103,128,
ŒÎ–k,•ÄŒ´Žs,53360229,103,128,
ŒÎ–k,•ÄŒ´Žs,53360236,103,128,
ŒÎ–k,•ÄŒ´Žs,53360237,103,128,
ŒÎ–k,•ÄŒ´Žs,53360238,103,128,
ŒÎ–k,•ÄŒ´Žs,53360239,103,128,
ŒÎ–k,•ÄŒ´Žs,53360247,103,128,
ŒÎ–k,•ÄŒ´Žs,53360248,103,128,
ŒÎ–k,•ÄŒ´Žs,53360249,103,128,
ŒÎ–k,•ÄŒ´Žs,53360257,103,128,
ŒÎ–k,•ÄŒ´Žs,53360258,103,128,
ŒÎ–k,•ÄŒ´Žs,53360259,103,128,
ŒÎ–k,•ÄŒ´Žs,53360267,103,128,
ŒÎ–k,•ÄŒ´Žs,53360268,103,128,
ŒÎ–k,•ÄŒ´Žs,53360269,103,128,
ŒÎ–k,•ÄŒ´Žs,53360277,103,128,
ŒÎ–k,•ÄŒ´Žs,53360278,103,128,
ŒÎ–k,•ÄŒ´Žs,53360279,103,128,
ŒÎ–k,•ÄŒ´Žs,53360289,110,136,
ŒÎ–k,•ÄŒ´Žs,53360299,110,136,
ŒÎ–k,•ÄŒ´Žs,53360300,116,144,
ŒÎ–k,•ÄŒ´Žs,53360301,116,144,
ŒÎ–k,•ÄŒ´Žs,53360302,116,144,
ŒÎ–k,•ÄŒ´Žs,53360310,116,144,
ŒÎ–k,•ÄŒ´Žs,53360311,116,144,
ŒÎ–k,•ÄŒ´Žs,53360312,116,144,
ŒÎ–k,•ÄŒ´Žs,53360313,116,144,
ŒÎ–k,•ÄŒ´Žs,53360320,120,149,
ŒÎ–k,•ÄŒ´Žs,53360321,120,149,
ŒÎ–k,•ÄŒ´Žs,53360322,120,149,
ŒÎ–k,•ÄŒ´Žs,53360330,120,149,
ŒÎ–k,•ÄŒ´Žs,53360331,120,149,
ŒÎ–k,•ÄŒ´Žs,53360332,120,149,
ŒÎ–k,•ÄŒ´Žs,53360340,120,149,
ŒÎ–k,•ÄŒ´Žs,53360341,120,149,
ŒÎ–k,•ÄŒ´Žs,53360342,120,149,
ŒÎ–k,•ÄŒ´Žs,53360350,120,149,
ŒÎ–k,•ÄŒ´Žs,53360351,120,149,
ŒÎ–k,•ÄŒ´Žs,53360352,120,149,
ŒÎ–k,•ÄŒ´Žs,53360353,120,149,
ŒÎ–k,•ÄŒ´Žs,53360354,120,149,
ŒÎ–k,•ÄŒ´Žs,53360360,120,149,
ŒÎ–k,•ÄŒ´Žs,53360361,120,149,
ŒÎ–k,•ÄŒ´Žs,53360362,120,149,
ŒÎ–k,•ÄŒ´Žs,53360363,120,149,
ŒÎ–k,•ÄŒ´Žs,53360364,120,149,
ŒÎ–k,•ÄŒ´Žs,53360370,120,149,
ŒÎ–k,•ÄŒ´Žs,53360371,120,149,
ŒÎ–k,•ÄŒ´Žs,53360372,120,149,
ŒÎ–k,•ÄŒ´Žs,53360373,120,149,
ŒÎ–k,•ÄŒ´Žs,53360374,120,149,
ŒÎ–k,•ÄŒ´Žs,53360380,132,163,
ŒÎ–k,•ÄŒ´Žs,53360381,132,163,
ŒÎ–k,•ÄŒ´Žs,53360382,132,163,
ŒÎ–k,•ÄŒ´Žs,53360383,132,163,
ŒÎ–k,•ÄŒ´Žs,53360390,132,163,
ŒÎ–k,•ÄŒ´Žs,53360391,132,163,
ŒÎ–k,•ÄŒ´Žs,53360392,132,163,
ŒÎ–k,•ÄŒ´Žs,53360393,132,163,
ŒÎ–k,•ÄŒ´Žs,53361209,110,136,
ŒÎ–k,•ÄŒ´Žs,53361219,110,136,
ŒÎ–k,•ÄŒ´Žs,53361229,110,136,
ŒÎ–k,•ÄŒ´Žs,53361238,110,136,
ŒÎ–k,•ÄŒ´Žs,53361239,110,136,
ŒÎ–k,•ÄŒ´Žs,53361248,115,142,
ŒÎ–k,•ÄŒ´Žs,53361249,115,142,
ŒÎ–k,•ÄŒ´Žs,53361257,115,142,
ŒÎ–k,•ÄŒ´Žs,53361258,115,142,
ŒÎ–k,•ÄŒ´Žs,53361259,115,142,
ŒÎ–k,•ÄŒ´Žs,53361267,115,142,
ŒÎ–k,•ÄŒ´Žs,53361268,115,142,
ŒÎ–k,•ÄŒ´Žs,53361269,115,142,
ŒÎ–k,•ÄŒ´Žs,53361277,115,142,
ŒÎ–k,•ÄŒ´Žs,53361278,115,142,
ŒÎ–k,•ÄŒ´Žs,53361279,115,142,
ŒÎ–k,•ÄŒ´Žs,53361287,115,142,
ŒÎ–k,•ÄŒ´Žs,53361288,115,142,
ŒÎ–k,•ÄŒ´Žs,53361289,115,142,
ŒÎ–k,•ÄŒ´Žs,53361297,115,142,
ŒÎ–k,•ÄŒ´Žs,53361298,115,142,
ŒÎ–k,•ÄŒ´Žs,53361299,115,142,
ŒÎ–k,•ÄŒ´Žs,53361300,132,163,
ŒÎ–k,•ÄŒ´Žs,53361301,132,163,
ŒÎ–k,•ÄŒ´Žs,53361302,132,163,
ŒÎ–k,•ÄŒ´Žs,53361310,132,163,
ŒÎ–k,•ÄŒ´Žs,53361311,132,163,
ŒÎ–k,•ÄŒ´Žs,53361312,132,163,
ŒÎ–k,•ÄŒ´Žs,53361320,132,163,
ŒÎ–k,•ÄŒ´Žs,53361321,132,163,
ŒÎ–k,•ÄŒ´Žs,53361322,132,|,
ŒÎ–k,•ÄŒ´Žs,53361323,132,|,
ŒÎ–k,•ÄŒ´Žs,53361330,132,163,
ŒÎ–k,•ÄŒ´Žs,53361331,132,|,
ŒÎ–k,•ÄŒ´Žs,53361332,132,|,
ŒÎ–k,•ÄŒ´Žs,53361333,132,|,
ŒÎ–k,•ÄŒ´Žs,53361340,129,160,
ŒÎ–k,•ÄŒ´Žs,53361341,132,|,
ŒÎ–k,•ÄŒ´Žs,53361342,132,|,
ŒÎ–k,•ÄŒ´Žs,53361343,132,|,
ŒÎ–k,•ÄŒ´Žs,53361350,132,|,
ŒÎ–k,•ÄŒ´Žs,53361351,132,|,
ŒÎ–k,•ÄŒ´Žs,53361352,132,|,
ŒÎ–k,•ÄŒ´Žs,53361353,132,|,
ŒÎ–k,•ÄŒ´Žs,53361360,132,|,
ŒÎ–k,•ÄŒ´Žs,53361361,132,|,
ŒÎ–k,•ÄŒ´Žs,53361370,132,|,
ŒÎ–k,•ÄŒ´Žs,53361371,132,|,
ŒÎ–k,•ÄŒ´Žs,53361380,132,|,
ŒÎ–k,•ÄŒ´Žs,53361390,129,160,
ŒÎ–k,•ÄŒ´Žs,53362207,120,149,
ŒÎ–k,•ÄŒ´Žs,53362208,120,149,
ŒÎ–k,•ÄŒ´Žs,53362209,120,149,
ŒÎ–k,•ÄŒ´Žs,53362217,120,149,
ŒÎ–k,•ÄŒ´Žs,53362218,120,149,
ŒÎ–k,•ÄŒ´Žs,53362219,120,149,
ŒÎ–k,•ÄŒ´Žs,53362228,120,149,
ŒÎ–k,•ÄŒ´Žs,53362229,120,149,
ŒÎ–k,•ÄŒ´Žs,53362238,124,|,
ŒÎ–k,•ÄŒ´Žs,53362239,120,149,
ŒÎ–k,•ÄŒ´Žs,53362248,124,|,
ŒÎ–k,•ÄŒ´Žs,53362249,124,|,
ŒÎ–k,•ÄŒ´Žs,53362259,124,|,
ŒÎ–k,•ÄŒ´Žs,53362269,124,|,
ŒÎ–k,•ÄŒ´Žs,53362300,124,154,
ŒÎ–k,•ÄŒ´Žs,53362310,124,154,
ŒÎ–k,•ÄŒ´Žs,53362311,124,154,
ŒÎ–k,•ÄŒ´Žs,53362320,124,154,
ŒÎ–k,•ÄŒ´Žs,53362321,124,154,
ŒÎ–k,•ÄŒ´Žs,53362330,124,154,
ŒÎ–k,•ÄŒ´Žs,53362331,124,154,
ŒÎ–k,•ÄŒ´Žs,53362340,124,|,
ŒÎ“Œ,•FªŽs,52366069,100,|,
ŒÎ“Œ,•FªŽs,52366134,100,|,
ŒÎ“Œ,•FªŽs,52366135,100,|,
ŒÎ“Œ,•FªŽs,52366143,100,|,
ŒÎ“Œ,•FªŽs,52366144,100,|,
ŒÎ“Œ,•FªŽs,52366145,100,|,
ŒÎ“Œ,•FªŽs,52366146,100,|,
ŒÎ“Œ,•FªŽs,52366147,100,|,
ŒÎ“Œ,•FªŽs,52366151,100,|,
ŒÎ“Œ,•FªŽs,52366152,100,|,
ŒÎ“Œ,•FªŽs,52366153,100,|,
ŒÎ“Œ,•FªŽs,52366154,100,|,
ŒÎ“Œ,•FªŽs,52366155,85,113,
ŒÎ“Œ,•FªŽs,52366156,85,113,
ŒÎ“Œ,•FªŽs,52366157,85,113,
ŒÎ“Œ,•FªŽs,52366160,100,|,
ŒÎ“Œ,•FªŽs,52366161,100,|,
ŒÎ“Œ,•FªŽs,52366162,100,|,
ŒÎ“Œ,•FªŽs,52366163,84,111,
ŒÎ“Œ,•FªŽs,52366164,84,111,
ŒÎ“Œ,•FªŽs,52366165,85,113,
ŒÎ“Œ,•FªŽs,52366166,85,113,
ŒÎ“Œ,•FªŽs,52366167,85,113,
ŒÎ“Œ,•FªŽs,52366168,85,113,
ŒÎ“Œ,•FªŽs,52366169,100,|,
ŒÎ“Œ,•FªŽs,52366171,100,|,
ŒÎ“Œ,•FªŽs,52366172,100,|,
ŒÎ“Œ,•FªŽs,52366173,84,111,
ŒÎ“Œ,•FªŽs,52366174,84,111,
ŒÎ“Œ,•FªŽs,52366175,85,113,
ŒÎ“Œ,•FªŽs,52366176,85,113,
ŒÎ“Œ,•FªŽs,52366177,85,113,
ŒÎ“Œ,•FªŽs,52366178,85,113,
ŒÎ“Œ,•FªŽs,52366179,100,|,
ŒÎ“Œ,•FªŽs,52366182,100,|,
ŒÎ“Œ,•FªŽs,52366183,84,111,
ŒÎ“Œ,•FªŽs,52366184,84,111,
ŒÎ“Œ,•FªŽs,52366185,85,113,
ŒÎ“Œ,•FªŽs,52366186,85,113,
ŒÎ“Œ,•FªŽs,52366187,85,113,
ŒÎ“Œ,•FªŽs,52366188,100,|,
ŒÎ“Œ,•FªŽs,52366189,100,|,
ŒÎ“Œ,•FªŽs,52366194,84,111,
ŒÎ“Œ,•FªŽs,52366195,85,113,
ŒÎ“Œ,•FªŽs,52366196,85,113,
ŒÎ“Œ,•FªŽs,52366197,85,113,
ŒÎ“Œ,•FªŽs,52366198,85,113,
ŒÎ“Œ,•FªŽs,52366199,85,113,
ŒÎ“Œ,•FªŽs,52366270,88,117,
ŒÎ“Œ,•FªŽs,52366271,88,117,
ŒÎ“Œ,•FªŽs,52366280,88,117,
ŒÎ“Œ,•FªŽs,52366281,88,117,
ŒÎ“Œ,•FªŽs,52366290,88,117,
ŒÎ“Œ,•FªŽs,52366291,88,117,
ŒÎ“Œ,•FªŽs,52366292,88,117,
ŒÎ“Œ,•FªŽs,52367105,85,112,
ŒÎ“Œ,•FªŽs,52367106,85,112,
ŒÎ“Œ,•FªŽs,52367107,85,112,
ŒÎ“Œ,•FªŽs,52367108,85,112,
ŒÎ“Œ,•FªŽs,52367109,85,112,
ŒÎ“Œ,•FªŽs,52367116,85,|,
ŒÎ“Œ,•FªŽs,52367117,85,|,
ŒÎ“Œ,•FªŽs,52367118,85,112,
ŒÎ“Œ,•FªŽs,52367119,85,112,
ŒÎ“Œ,•FªŽs,52367127,85,|,
ŒÎ“Œ,•FªŽs,52367128,85,|,
ŒÎ“Œ,•FªŽs,52367129,85,112,
ŒÎ“Œ,•FªŽs,52367138,85,|,
ŒÎ“Œ,•FªŽs,52367139,85,112,
ŒÎ“Œ,•FªŽs,52367149,85,112,
ŒÎ“Œ,•FªŽs,52367200,82,109,
ŒÎ“Œ,•FªŽs,52367201,82,109,
ŒÎ“Œ,•FªŽs,52367202,82,109,
ŒÎ“Œ,•FªŽs,52367203,82,109,
ŒÎ“Œ,•FªŽs,52367210,82,109,
ŒÎ“Œ,•FªŽs,52367211,82,109,
ŒÎ“Œ,•FªŽs,52367212,82,109,
ŒÎ“Œ,•FªŽs,52367213,82,109,
ŒÎ“Œ,•FªŽs,52367214,82,109,
ŒÎ“Œ,•FªŽs,52367220,82,109,
ŒÎ“Œ,•FªŽs,52367221,82,109,
ŒÎ“Œ,•FªŽs,52367222,82,109,
ŒÎ“Œ,•FªŽs,52367223,82,109,
ŒÎ“Œ,•FªŽs,52367224,82,109,
ŒÎ“Œ,•FªŽs,52367225,92,122,
ŒÎ“Œ,•FªŽs,52367226,92,122,
ŒÎ“Œ,•FªŽs,52367227,92,122,
ŒÎ“Œ,•FªŽs,52367230,82,109,
ŒÎ“Œ,•FªŽs,52367231,82,109,
ŒÎ“Œ,•FªŽs,52367232,82,109,
ŒÎ“Œ,•FªŽs,52367233,82,109,
ŒÎ“Œ,•FªŽs,52367234,82,109,
ŒÎ“Œ,•FªŽs,52367235,92,122,
ŒÎ“Œ,•FªŽs,52367236,92,122,
ŒÎ“Œ,•FªŽs,52367237,92,122,
ŒÎ“Œ,•FªŽs,52367240,82,109,
ŒÎ“Œ,•FªŽs,52367241,82,109,
ŒÎ“Œ,•FªŽs,52367242,82,109,
ŒÎ“Œ,•FªŽs,52367243,82,109,
ŒÎ“Œ,•FªŽs,52367244,82,109,
ŒÎ“Œ,•FªŽs,52367246,92,122,
ŒÎ“Œ,•FªŽs,52367250,82,109,
ŒÎ“Œ,•FªŽs,52367252,82,109,
ŒÎ“Œ,•FªŽs,52367253,82,109,
ŒÎ“Œ,ˆ¤‘‘’¬,52365186,100,|,
ŒÎ“Œ,ˆ¤‘‘’¬,52365187,100,|,
ŒÎ“Œ,ˆ¤‘‘’¬,52365189,100,|,
ŒÎ“Œ,ˆ¤‘‘’¬,52365196,85,113,
ŒÎ“Œ,ˆ¤‘‘’¬,52365197,100,|,
ŒÎ“Œ,ˆ¤‘‘’¬,52365198,100,|,
ŒÎ“Œ,ˆ¤‘‘’¬,52365199,85,113,
ŒÎ“Œ,ˆ¤‘‘’¬,52365276,105,139,
ŒÎ“Œ,ˆ¤‘‘’¬,52365282,91,120,
ŒÎ“Œ,ˆ¤‘‘’¬,52365285,136,|,
ŒÎ“Œ,ˆ¤‘‘’¬,52365290,91,120,
ŒÎ“Œ,ˆ¤‘‘’¬,52365291,91,120,
ŒÎ“Œ,ˆ¤‘‘’¬,52365292,91,120,
ŒÎ“Œ,ˆ¤‘‘’¬,52365293,91,120,
ŒÎ“Œ,ˆ¤‘‘’¬,52366106,85,113,
ŒÎ“Œ,ˆ¤‘‘’¬,52366107,100,|,
ŒÎ“Œ,ˆ¤‘‘’¬,52366108,100,|,
ŒÎ“Œ,ˆ¤‘‘’¬,52366109,85,113,
ŒÎ“Œ,ˆ¤‘‘’¬,52366116,85,113,
ŒÎ“Œ,ˆ¤‘‘’¬,52366117,85,113,
ŒÎ“Œ,ˆ¤‘‘’¬,52366119,85,113,
ŒÎ“Œ,ˆ¤‘‘’¬,52366126,85,113,
ŒÎ“Œ,ˆ¤‘‘’¬,52366127,85,113,
ŒÎ“Œ,ˆ¤‘‘’¬,52366129,85,113,
ŒÎ“Œ,ˆ¤‘‘’¬,52366136,85,113,
ŒÎ“Œ,ˆ¤‘‘’¬,52366200,91,120,
ŒÎ“Œ,ˆ¤‘‘’¬,52366201,91,120,
ŒÎ“Œ,ˆ¤‘‘’¬,52366202,91,120,
ŒÎ“Œ,ˆ¤‘‘’¬,52366203,91,120,
ŒÎ“Œ,ˆ¤‘‘’¬,52366210,91,120,
ŒÎ“Œ,ˆ¤‘‘’¬,52366211,91,120,
ŒÎ“Œ,ˆ¤‘‘’¬,52366212,91,120,
ŒÎ“Œ,ˆ¤‘‘’¬,52366220,91,120,
ŒÎ“Œ,–L‹½’¬,52366118,100,|,
ŒÎ“Œ,–L‹½’¬,52366128,100,|,
ŒÎ“Œ,–L‹½’¬,52366137,100,|,
ŒÎ“Œ,–L‹½’¬,52366138,100,|,
ŒÎ“Œ,–L‹½’¬,52366139,100,|,
ŒÎ“Œ,–L‹½’¬,52366148,100,|,
ŒÎ“Œ,–L‹½’¬,52366158,100,|,
ŒÎ“Œ,b—Ç’¬,52366149,100,|,
ŒÎ“Œ,b—Ç’¬,52366159,100,|,
ŒÎ“Œ,b—Ç’¬,52366221,91,120,
ŒÎ“Œ,b—Ç’¬,52366222,91,120,
ŒÎ“Œ,b—Ç’¬,52366230,91,120,
ŒÎ“Œ,b—Ç’¬,52366231,91,120,
ŒÎ“Œ,b—Ç’¬,52366232,91,120,
ŒÎ“Œ,b—Ç’¬,52366240,100,|,
ŒÎ“Œ,b—Ç’¬,52366241,88,117,
ŒÎ“Œ,b—Ç’¬,52366250,100,|,
ŒÎ“Œ,b—Ç’¬,52366251,88,117,
ŒÎ“Œ,b—Ç’¬,52366260,100,|,
ŒÎ“Œ,‘½‰ê’¬,52365267,105,139,
ŒÎ“Œ,‘½‰ê’¬,52365268,105,139,
ŒÎ“Œ,‘½‰ê’¬,52365269,105,139,
ŒÎ“Œ,‘½‰ê’¬,52365277,105,139,
ŒÎ“Œ,‘½‰ê’¬,52365278,105,139,
ŒÎ“Œ,‘½‰ê’¬,52365279,105,139,
ŒÎ“Œ,‘½‰ê’¬,52365286,136,|,
ŒÎ“Œ,‘½‰ê’¬,52365287,136,|,
ŒÎ“Œ,‘½‰ê’¬,52365288,136,|,
ŒÎ“Œ,‘½‰ê’¬,52365289,136,|,
ŒÎ“Œ,‘½‰ê’¬,52365294,91,120,
ŒÎ“Œ,‘½‰ê’¬,52365295,101,133,
ŒÎ“Œ,‘½‰ê’¬,52365296,101,133,
ŒÎ“Œ,‘½‰ê’¬,52365297,101,133,
ŒÎ“Œ,‘½‰ê’¬,52365298,101,133,
ŒÎ“Œ,‘½‰ê’¬,52365299,136,|,
ŒÎ“Œ,‘½‰ê’¬,52365370,127,168,
ŒÎ“Œ,‘½‰ê’¬,52365380,136,|,
ŒÎ“Œ,‘½‰ê’¬,52365390,136,|,
ŒÎ“Œ,‘½‰ê’¬,52366204,91,120,
ŒÎ“Œ,‘½‰ê’¬,52366205,101,133,
ŒÎ“Œ,‘½‰ê’¬,52366206,101,133,
ŒÎ“Œ,‘½‰ê’¬,52366207,101,133,
ŒÎ“Œ,‘½‰ê’¬,52366208,101,133,
ŒÎ“Œ,‘½‰ê’¬,52366209,136,|,
ŒÎ“Œ,‘½‰ê’¬,52366213,91,120,
ŒÎ“Œ,‘½‰ê’¬,52366214,91,120,
ŒÎ“Œ,‘½‰ê’¬,52366215,101,133,
ŒÎ“Œ,‘½‰ê’¬,52366216,101,133,
ŒÎ“Œ,‘½‰ê’¬,52366217,101,133,
ŒÎ“Œ,‘½‰ê’¬,52366218,136,|,
ŒÎ“Œ,‘½‰ê’¬,52366219,136,|,
ŒÎ“Œ,‘½‰ê’¬,52366223,91,120,
ŒÎ“Œ,‘½‰ê’¬,52366224,91,120,
ŒÎ“Œ,‘½‰ê’¬,52366225,101,133,
ŒÎ“Œ,‘½‰ê’¬,52366226,101,133,
ŒÎ“Œ,‘½‰ê’¬,52366227,101,133,
ŒÎ“Œ,‘½‰ê’¬,52366228,101,133,
ŒÎ“Œ,‘½‰ê’¬,52366229,136,|,
ŒÎ“Œ,‘½‰ê’¬,52366233,91,120,
ŒÎ“Œ,‘½‰ê’¬,52366234,91,120,
ŒÎ“Œ,‘½‰ê’¬,52366235,101,133,
ŒÎ“Œ,‘½‰ê’¬,52366236,101,133,
ŒÎ“Œ,‘½‰ê’¬,52366237,101,133,
ŒÎ“Œ,‘½‰ê’¬,52366238,101,133,
ŒÎ“Œ,‘½‰ê’¬,52366239,101,133,
ŒÎ“Œ,‘½‰ê’¬,52366242,88,117,
ŒÎ“Œ,‘½‰ê’¬,52366243,88,117,
ŒÎ“Œ,‘½‰ê’¬,52366244,88,117,
ŒÎ“Œ,‘½‰ê’¬,52366245,101,133,
ŒÎ“Œ,‘½‰ê’¬,52366246,101,133,
ŒÎ“Œ,‘½‰ê’¬,52366247,101,133,
ŒÎ“Œ,‘½‰ê’¬,52366248,101,133,
ŒÎ“Œ,‘½‰ê’¬,52366249,101,133,
ŒÎ“Œ,‘½‰ê’¬,52366252,88,117,
ŒÎ“Œ,‘½‰ê’¬,52366253,88,117,
ŒÎ“Œ,‘½‰ê’¬,52366254,88,117,
ŒÎ“Œ,‘½‰ê’¬,52366255,101,133,
ŒÎ“Œ,‘½‰ê’¬,52366256,101,133,
ŒÎ“Œ,‘½‰ê’¬,52366257,101,133,
ŒÎ“Œ,‘½‰ê’¬,52366258,101,133,
ŒÎ“Œ,‘½‰ê’¬,52366259,101,133,
ŒÎ“Œ,‘½‰ê’¬,52366261,88,117,
ŒÎ“Œ,‘½‰ê’¬,52366262,88,117,
ŒÎ“Œ,‘½‰ê’¬,52366263,88,117,
ŒÎ“Œ,‘½‰ê’¬,52366264,88,117,
ŒÎ“Œ,‘½‰ê’¬,52366265,101,133,
ŒÎ“Œ,‘½‰ê’¬,52366266,101,133,
ŒÎ“Œ,‘½‰ê’¬,52366267,101,133,
ŒÎ“Œ,‘½‰ê’¬,52366268,101,133,
ŒÎ“Œ,‘½‰ê’¬,52366269,101,133,
ŒÎ“Œ,‘½‰ê’¬,52366272,88,117,
ŒÎ“Œ,‘½‰ê’¬,52366273,88,117,
ŒÎ“Œ,‘½‰ê’¬,52366274,88,117,
ŒÎ“Œ,‘½‰ê’¬,52366275,101,133,
ŒÎ“Œ,‘½‰ê’¬,52366276,101,133,
ŒÎ“Œ,‘½‰ê’¬,52366277,101,133,
ŒÎ“Œ,‘½‰ê’¬,52366278,101,133,
ŒÎ“Œ,‘½‰ê’¬,52366279,101,133,
ŒÎ“Œ,‘½‰ê’¬,52366282,88,117,
ŒÎ“Œ,‘½‰ê’¬,52366283,88,117,
ŒÎ“Œ,‘½‰ê’¬,52366284,88,117,
ŒÎ“Œ,‘½‰ê’¬,52366285,101,133,
ŒÎ“Œ,‘½‰ê’¬,52366286,101,133,
ŒÎ“Œ,‘½‰ê’¬,52366287,101,133,
ŒÎ“Œ,‘½‰ê’¬,52366288,101,133,
ŒÎ“Œ,‘½‰ê’¬,52366289,101,133,
ŒÎ“Œ,‘½‰ê’¬,52366293,88,117,
ŒÎ“Œ,‘½‰ê’¬,52366294,88,117,
ŒÎ“Œ,‘½‰ê’¬,52366295,101,133,
ŒÎ“Œ,‘½‰ê’¬,52366296,101,133,
ŒÎ“Œ,‘½‰ê’¬,52366297,101,133,
ŒÎ“Œ,‘½‰ê’¬,52366298,101,133,
ŒÎ“Œ,‘½‰ê’¬,52366299,118,|,
ŒÎ“Œ,‘½‰ê’¬,52366330,136,|,
ŒÎ“Œ,‘½‰ê’¬,52366331,136,|,
ŒÎ“Œ,‘½‰ê’¬,52366332,136,|,
ŒÎ“Œ,‘½‰ê’¬,52366340,118,156,
ŒÎ“Œ,‘½‰ê’¬,52366341,136,|,
ŒÎ“Œ,‘½‰ê’¬,52366342,136,|,
ŒÎ“Œ,‘½‰ê’¬,52366350,118,156,
ŒÎ“Œ,‘½‰ê’¬,52366351,136,|,
ŒÎ“Œ,‘½‰ê’¬,52366352,136,|,
ŒÎ“Œ,‘½‰ê’¬,52366360,118,156,
ŒÎ“Œ,‘½‰ê’¬,52366361,136,|,
ŒÎ“Œ,‘½‰ê’¬,52366362,136,|,
ŒÎ“Œ,‘½‰ê’¬,52366370,118,156,
ŒÎ“Œ,‘½‰ê’¬,52366371,136,|,
ŒÎ“Œ,‘½‰ê’¬,52366380,118,156,
ŒÎ“Œ,‘½‰ê’¬,52367204,82,109,
ŒÎ“Œ,‘½‰ê’¬,52367205,92,122,
ŒÎ“Œ,‘½‰ê’¬,52367206,92,122,
ŒÎ“Œ,‘½‰ê’¬,52367207,92,122,
ŒÎ“Œ,‘½‰ê’¬,52367208,92,122,
ŒÎ“Œ,‘½‰ê’¬,52367209,118,|,
ŒÎ“Œ,‘½‰ê’¬,52367215,92,122,
ŒÎ“Œ,‘½‰ê’¬,52367216,92,122,
ŒÎ“Œ,‘½‰ê’¬,52367217,92,122,
ŒÎ“Œ,‘½‰ê’¬,52367218,92,122,
ŒÎ“Œ,‘½‰ê’¬,52367219,118,|,
ŒÎ“Œ,‘½‰ê’¬,52367228,92,122,
ŒÎ“Œ,‘½‰ê’¬,52367229,118,|,
ŒÎ“Œ,‘½‰ê’¬,52367239,118,|,
ŒÎ“Œ,‘½‰ê’¬,52367300,118,|,
ŒÎ“Œ,‘½‰ê’¬,52367301,118,|,
ŒÎ“Œ,‘½‰ê’¬,52367310,118,|,
ŒÎ“Œ,‘½‰ê’¬,52367311,118,|,
ŒÎ“Œ,‘½‰ê’¬,52367320,118,|,
ŒÎ“Œ,‘½‰ê’¬,52367321,118,|,
ŒÎ“Œ,‘½‰ê’¬,52367330,118,|,
ŒÎ“Œ,‘½‰ê’¬,52367331,118,|,
